date_releve,type_financement,marque,modele,nb_total,nb_electrique,proportion_electrique
2026-07-10T15:12:58,leasing,AUDI,A3 SPORTBACK,7,0,0.0
2026-07-10T15:12:58,leasing,AUDI,Q5,2,0,0.0
2026-07-10T15:12:58,leasing,BMW,IX3,1,1,1.0
2026-07-10T15:12:58,leasing,BMW,SERIE 1,10,0,0.0
2026-07-10T15:12:58,leasing,BMW,SERIE 2,1,0,0.0
2026-07-10T15:12:58,leasing,BMW,SERIE 2 ACTIVE TOURE,1,0,0.0
2026-07-10T15:12:58,leasing,BMW,SERIE 3,1,0,0.0
2026-07-10T15:12:58,leasing,BMW,SERIE 4 GC,2,0,0.0
2026-07-10T15:12:58,leasing,BMW,X1,10,0,0.0
2026-07-10T15:12:58,leasing,BMW,X2,2,0,0.0
2026-07-10T15:12:58,leasing,BMW,X3,4,0,0.0
2026-07-10T15:12:58,leasing,CITROEN,BERLINGO,9,0,0.0
2026-07-10T15:12:58,leasing,CITROEN,C3,11,0,0.0
2026-07-10T15:12:58,leasing,CITROEN,C3 AIRCROSS,9,0,0.0
2026-07-10T15:12:58,leasing,CITROEN,C4,3,0,0.0
2026-07-10T15:12:58,leasing,CITROEN,C5 AIRCROSS,12,0,0.0
2026-07-10T15:12:58,leasing,CITROEN,C5 X,5,0,0.0
2026-07-10T15:12:58,leasing,CITROEN,GRAND C4 SPACETOURER,1,0,0.0
2026-07-10T15:12:58,leasing,CITROEN,JUMPER,1,0,0.0
2026-07-10T15:12:58,leasing,CITROEN,JUMPY,5,0,0.0
2026-07-10T15:12:58,leasing,DACIA,SANDERO,1,0,0.0
2026-07-10T15:12:58,leasing,DS,DS3,1,0,0.0
2026-07-10T15:12:58,leasing,DS,DS3 CROSSBACK,3,2,0.6667
2026-07-10T15:12:58,leasing,DS,DS4,1,0,0.0
2026-07-10T15:12:58,leasing,DS,DS7,2,0,0.0
2026-07-10T15:12:58,leasing,FIAT,500,3,0,0.0
2026-07-10T15:12:58,leasing,FORD,KUGA,8,0,0.0
2026-07-10T15:12:58,leasing,FORD,PUMA,3,0,0.0
2026-07-10T15:12:58,leasing,HYUNDAI,IONIQ,1,1,1.0
2026-07-10T15:12:58,leasing,HYUNDAI,TUCSON,13,0,0.0
2026-07-10T15:12:58,leasing,JEEP,AVENGER,2,2,1.0
2026-07-10T15:12:58,leasing,KIA,CEED,6,0,0.0
2026-07-10T15:12:58,leasing,KIA,E-NIRO,1,1,1.0
2026-07-10T15:12:58,leasing,KIA,EV6,1,1,1.0
2026-07-10T15:12:58,leasing,KIA,NIRO EV,5,5,1.0
2026-07-10T15:12:58,leasing,KIA,PICANTO,1,0,0.0
2026-07-10T15:12:58,leasing,KIA,PROCEED,1,0,0.0
2026-07-10T15:12:58,leasing,KIA,SPORTAGE,9,0,0.0
2026-07-10T15:12:58,leasing,KIA,STONIC,14,0,0.0
2026-07-10T15:12:58,leasing,KIA,XCEED,1,0,0.0
2026-07-10T15:12:58,leasing,MAZDA,CX-5,1,0,0.0
2026-07-10T15:12:58,leasing,MERCEDES-BENZ,CLA COUPE,1,0,0.0
2026-07-10T15:12:58,leasing,MERCEDES-BENZ,CLASSE A,4,0,0.0
2026-07-10T15:12:58,leasing,MERCEDES-BENZ,CLASSE CLA,3,0,0.0
2026-07-10T15:12:58,leasing,MINI,COUNTRYMAN,2,0,0.0
2026-07-10T15:12:58,leasing,NISSAN,QASHQAI,9,0,0.0
2026-07-10T15:12:58,leasing,NISSAN,X-TRAIL,2,0,0.0
2026-07-10T15:12:58,leasing,OPEL,ASTRA,1,0,0.0
2026-07-10T15:12:58,leasing,OPEL,CORSA,4,0,0.0
2026-07-10T15:12:58,leasing,OPEL,CROSSLAND,3,0,0.0
2026-07-10T15:12:58,leasing,OPEL,E-CORSA,1,1,1.0
2026-07-10T15:12:58,leasing,OPEL,GRANDLAND,2,0,0.0
2026-07-10T15:12:58,leasing,PEUGEOT,2008,30,0,0.0
2026-07-10T15:12:58,leasing,PEUGEOT,208,9,0,0.0
2026-07-10T15:12:58,leasing,PEUGEOT,3008,47,0,0.0
2026-07-10T15:12:58,leasing,PEUGEOT,308,10,0,0.0
2026-07-10T15:12:58,leasing,PEUGEOT,308 SW,5,0,0.0
2026-07-10T15:12:58,leasing,PEUGEOT,5008,22,0,0.0
2026-07-10T15:12:58,leasing,PEUGEOT,E-2008,5,5,1.0
2026-07-10T15:12:58,leasing,PEUGEOT,EXPERT,6,0,0.0
2026-07-10T15:12:58,leasing,PEUGEOT,PARTNER,7,0,0.0
2026-07-10T15:12:58,leasing,RENAULT,ARKANA,14,0,0.0
2026-07-10T15:12:58,leasing,RENAULT,AUSTRAL,4,0,0.0
2026-07-10T15:12:58,leasing,RENAULT,CAPTUR,21,0,0.0
2026-07-10T15:12:58,leasing,RENAULT,CLIO,18,0,0.0
2026-07-10T15:12:58,leasing,RENAULT,ESPACE,1,0,0.0
2026-07-10T15:12:58,leasing,RENAULT,EXPRESS,24,0,0.0
2026-07-10T15:12:58,leasing,RENAULT,KADJAR,1,0,0.0
2026-07-10T15:12:58,leasing,RENAULT,KANGOO,3,0,0.0
2026-07-10T15:12:58,leasing,RENAULT,KANGOO EXPRESS,1,0,0.0
2026-07-10T15:12:58,leasing,RENAULT,MASTER,1,0,0.0
2026-07-10T15:12:58,leasing,RENAULT,MEGANE,19,0,0.0
2026-07-10T15:12:58,leasing,RENAULT,MEGANE E-TECH,1,1,1.0
2026-07-10T15:12:58,leasing,RENAULT,SCENIC,7,0,0.0
2026-07-10T15:12:58,leasing,RENAULT,TRAFIC,10,0,0.0
2026-07-10T15:12:58,leasing,SEAT,ARONA,1,0,0.0
2026-07-10T15:12:58,leasing,SEAT,TARRACO,1,0,0.0
2026-07-10T15:12:58,leasing,SKODA,FABIA,6,0,0.0
2026-07-10T15:12:58,leasing,SKODA,KAMIQ,6,0,0.0
2026-07-10T15:12:58,leasing,SKODA,KAROQ,2,0,0.0
2026-07-10T15:12:58,leasing,SKODA,KODIAQ,4,0,0.0
2026-07-10T15:12:58,leasing,SUZUKI,VITARA,1,0,0.0
2026-07-10T15:12:58,leasing,TESLA,MODEL 3,5,5,1.0
2026-07-10T15:12:58,leasing,TESLA,MODEL Y,7,7,1.0
2026-07-10T15:12:58,leasing,TOYOTA,AYGO X,3,0,0.0
2026-07-10T15:12:58,leasing,TOYOTA,C-HR,5,0,0.0
2026-07-10T15:12:58,leasing,TOYOTA,COROLLA,3,0,0.0
2026-07-10T15:12:58,leasing,TOYOTA,COROLLA TS,7,0,0.0
2026-07-10T15:12:58,leasing,TOYOTA,PROACE CITY,1,0,0.0
2026-07-10T15:12:58,leasing,TOYOTA,RAV4 HSD,3,0,0.0
2026-07-10T15:12:58,leasing,TOYOTA,RAV4 PLUG IN,5,0,0.0
2026-07-10T15:12:58,leasing,TOYOTA,YARIS,4,0,0.0
2026-07-10T15:12:58,leasing,TOYOTA,YARIS CROSS,1,0,0.0
2026-07-10T15:12:58,leasing,TOYOTA,YARIS HYBRID,3,0,0.0
2026-07-10T15:12:58,leasing,VOLKSWAGEN,GOLF,11,0,0.0
2026-07-10T15:12:58,leasing,VOLKSWAGEN,POLO,5,0,0.0
2026-07-10T15:12:58,leasing,VOLKSWAGEN,T-ROC,4,0,0.0
2026-07-10T15:12:58,leasing,VOLKSWAGEN,TAIGO,1,0,0.0
2026-07-10T15:12:58,leasing,VOLKSWAGEN,TIGUAN,3,0,0.0
2026-07-10T15:12:58,leasing,VOLKSWAGEN,TIGUAN ALLSPACE,2,0,0.0
2026-07-10T15:12:58,leasing,VOLKSWAGEN,TOURAN,3,0,0.0
2026-07-10T15:12:58,leasing,VOLKSWAGEN,TRANSPORTER,1,0,0.0
2026-07-10T15:12:58,cash,AUDI,A3 SPORTBACK,8,0,0.0
2026-07-10T15:12:58,cash,AUDI,Q5,2,0,0.0
2026-07-10T15:12:58,cash,BMW,IX3,1,1,1.0
2026-07-10T15:12:58,cash,BMW,SERIE 1,10,0,0.0
2026-07-10T15:12:58,cash,BMW,SERIE 2,1,0,0.0
2026-07-10T15:12:58,cash,BMW,SERIE 2 ACTIVE TOURE,1,0,0.0
2026-07-10T15:12:58,cash,BMW,SERIE 3,1,0,0.0
2026-07-10T15:12:58,cash,BMW,SERIE 4 GC,2,0,0.0
2026-07-10T15:12:58,cash,BMW,X1,12,0,0.0
2026-07-10T15:12:58,cash,BMW,X2,2,0,0.0
2026-07-10T15:12:58,cash,BMW,X3,5,0,0.0
2026-07-10T15:12:58,cash,BMW,X5,1,0,0.0
2026-07-10T15:12:58,cash,CITROEN,BERLINGO,12,0,0.0
2026-07-10T15:12:58,cash,CITROEN,C3,15,0,0.0
2026-07-10T15:12:58,cash,CITROEN,C3 AIRCROSS,9,0,0.0
2026-07-10T15:12:58,cash,CITROEN,C4,3,0,0.0
2026-07-10T15:12:58,cash,CITROEN,C4 SPACETOURER,1,0,0.0
2026-07-10T15:12:58,cash,CITROEN,C5 AIRCROSS,12,0,0.0
2026-07-10T15:12:58,cash,CITROEN,C5 X,5,0,0.0
2026-07-10T15:12:58,cash,CITROEN,E-C4,1,1,1.0
2026-07-10T15:12:58,cash,CITROEN,GRAND C4 SPACETOURER,1,0,0.0
2026-07-10T15:12:58,cash,CITROEN,JUMPER,1,0,0.0
2026-07-10T15:12:58,cash,CITROEN,JUMPY,7,0,0.0
2026-07-10T15:12:58,cash,DACIA,SANDERO,1,0,0.0
2026-07-10T15:12:58,cash,DS,DS3,1,0,0.0
2026-07-10T15:12:58,cash,DS,DS3 CROSSBACK,3,2,0.6667
2026-07-10T15:12:58,cash,DS,DS4,1,0,0.0
2026-07-10T15:12:58,cash,DS,DS7,2,0,0.0
2026-07-10T15:12:58,cash,FIAT,500,3,0,0.0
2026-07-10T15:12:58,cash,FORD,KUGA,9,0,0.0
2026-07-10T15:12:58,cash,FORD,PUMA,4,0,0.0
2026-07-10T15:12:58,cash,FORD,TRANSIT CUSTOM,1,0,0.0
2026-07-10T15:12:58,cash,HYUNDAI,IONIQ,1,1,1.0
2026-07-10T15:12:58,cash,HYUNDAI,TUCSON,13,0,0.0
2026-07-10T15:12:58,cash,JEEP,AVENGER,2,2,1.0
2026-07-10T15:12:58,cash,KIA,CEED,6,0,0.0
2026-07-10T15:12:58,cash,KIA,E-NIRO,1,1,1.0
2026-07-10T15:12:58,cash,KIA,EV6,1,1,1.0
2026-07-10T15:12:58,cash,KIA,NIRO EV,5,5,1.0
2026-07-10T15:12:58,cash,KIA,PICANTO,1,0,0.0
2026-07-10T15:12:58,cash,KIA,PROCEED,1,0,0.0
2026-07-10T15:12:58,cash,KIA,SPORTAGE,12,0,0.0
2026-07-10T15:12:58,cash,KIA,STONIC,15,0,0.0
2026-07-10T15:12:58,cash,KIA,XCEED,1,0,0.0
2026-07-10T15:12:58,cash,MAZDA,CX-5,1,0,0.0
2026-07-10T15:12:58,cash,MAZDA,MAZDA3,1,0,0.0
2026-07-10T15:12:58,cash,MERCEDES-BENZ,CLA COUPE,1,0,0.0
2026-07-10T15:12:58,cash,MERCEDES-BENZ,CLASSE A,6,0,0.0
2026-07-10T15:12:58,cash,MERCEDES-BENZ,CLASSE CLA,3,0,0.0
2026-07-10T15:12:58,cash,MERCEDES-BENZ,GLB,1,0,0.0
2026-07-10T15:12:58,cash,MINI,COUNTRYMAN,2,0,0.0
2026-07-10T15:12:58,cash,MINI,MINI,2,0,0.0
2026-07-10T15:12:58,cash,NISSAN,LEAF,1,1,1.0
2026-07-10T15:12:58,cash,NISSAN,QASHQAI,10,0,0.0
2026-07-10T15:12:58,cash,NISSAN,X-TRAIL,2,0,0.0
2026-07-10T15:12:58,cash,OPEL,ASTRA,1,0,0.0
2026-07-10T15:12:58,cash,OPEL,CORSA,4,0,0.0
2026-07-10T15:12:58,cash,OPEL,CROSSLAND,3,0,0.0
2026-07-10T15:12:58,cash,OPEL,E-CORSA,1,1,1.0
2026-07-10T15:12:58,cash,OPEL,GRANDLAND,3,0,0.0
2026-07-10T15:12:58,cash,OPEL,GRANDLAND X,1,0,0.0
2026-07-10T15:12:58,cash,PEUGEOT,108,1,0,0.0
2026-07-10T15:12:58,cash,PEUGEOT,2008,34,0,0.0
2026-07-10T15:12:58,cash,PEUGEOT,208,11,0,0.0
2026-07-10T15:12:58,cash,PEUGEOT,3008,54,0,0.0
2026-07-10T15:12:58,cash,PEUGEOT,308,11,0,0.0
2026-07-10T15:12:58,cash,PEUGEOT,308 SW,5,0,0.0
2026-07-10T15:12:58,cash,PEUGEOT,5008,23,0,0.0
2026-07-10T15:12:58,cash,PEUGEOT,E-2008,5,5,1.0
2026-07-10T15:12:58,cash,PEUGEOT,E-208,3,3,1.0
2026-07-10T15:12:58,cash,PEUGEOT,E-308,1,1,1.0
2026-07-10T15:12:58,cash,PEUGEOT,EXPERT,6,0,0.0
2026-07-10T15:12:58,cash,PEUGEOT,PARTNER,9,0,0.0
2026-07-10T15:12:58,cash,RENAULT,ARKANA,15,0,0.0
2026-07-10T15:12:58,cash,RENAULT,AUSTRAL,4,0,0.0
2026-07-10T15:12:58,cash,RENAULT,CAPTUR,25,0,0.0
2026-07-10T15:12:58,cash,RENAULT,CLIO,27,0,0.0
2026-07-10T15:12:58,cash,RENAULT,ESPACE,1,0,0.0
2026-07-10T15:12:58,cash,RENAULT,EXPRESS,24,0,0.0
2026-07-10T15:12:58,cash,RENAULT,KADJAR,2,0,0.0
2026-07-10T15:12:58,cash,RENAULT,KANGOO,3,0,0.0
2026-07-10T15:12:58,cash,RENAULT,KANGOO EXPRESS,1,0,0.0
2026-07-10T15:12:58,cash,RENAULT,MASTER,1,0,0.0
2026-07-10T15:12:58,cash,RENAULT,MEGANE,25,0,0.0
2026-07-10T15:12:58,cash,RENAULT,MEGANE E-TECH,2,2,1.0
2026-07-10T15:12:58,cash,RENAULT,SCENIC,7,0,0.0
2026-07-10T15:12:58,cash,RENAULT,SYMBIOZ,1,0,0.0
2026-07-10T15:12:58,cash,RENAULT,TRAFIC,10,0,0.0
2026-07-10T15:12:58,cash,RENAULT,TWINGO,1,0,0.0
2026-07-10T15:12:58,cash,SEAT,ARONA,1,0,0.0
2026-07-10T15:12:58,cash,SEAT,TARRACO,1,0,0.0
2026-07-10T15:12:58,cash,SKODA,FABIA,7,0,0.0
2026-07-10T15:12:58,cash,SKODA,KAMIQ,6,0,0.0
2026-07-10T15:12:58,cash,SKODA,KAROQ,3,0,0.0
2026-07-10T15:12:58,cash,SKODA,KODIAQ,4,0,0.0
2026-07-10T15:12:58,cash,SMART,1,1,1,1.0
2026-07-10T15:12:58,cash,SUZUKI,VITARA,1,0,0.0
2026-07-10T15:12:58,cash,TESLA,MODEL 3,6,6,1.0
2026-07-10T15:12:58,cash,TESLA,MODEL Y,7,7,1.0
2026-07-10T15:12:58,cash,TOYOTA,AYGO X,3,0,0.0
2026-07-10T15:12:58,cash,TOYOTA,C-HR,6,0,0.0
2026-07-10T15:12:58,cash,TOYOTA,COROLLA,4,0,0.0
2026-07-10T15:12:58,cash,TOYOTA,COROLLA TS,7,0,0.0
2026-07-10T15:12:58,cash,TOYOTA,PROACE CITY,1,0,0.0
2026-07-10T15:12:58,cash,TOYOTA,RAV4 HSD,3,0,0.0
2026-07-10T15:12:58,cash,TOYOTA,RAV4 PLUG IN,5,0,0.0
2026-07-10T15:12:58,cash,TOYOTA,YARIS,4,0,0.0
2026-07-10T15:12:58,cash,TOYOTA,YARIS CROSS,1,0,0.0
2026-07-10T15:12:58,cash,TOYOTA,YARIS HYBRID,3,0,0.0
2026-07-10T15:12:58,cash,VOLKSWAGEN,GOLF,12,0,0.0
2026-07-10T15:12:58,cash,VOLKSWAGEN,POLO,5,0,0.0
2026-07-10T15:12:58,cash,VOLKSWAGEN,T-ROC,6,0,0.0
2026-07-10T15:12:58,cash,VOLKSWAGEN,TAIGO,2,0,0.0
2026-07-10T15:12:58,cash,VOLKSWAGEN,TIGUAN,4,0,0.0
2026-07-10T15:12:58,cash,VOLKSWAGEN,TIGUAN ALLSPACE,4,0,0.0
2026-07-10T15:12:58,cash,VOLKSWAGEN,TOURAN,3,0,0.0
2026-07-10T15:12:58,cash,VOLKSWAGEN,TRANSPORTER,1,0,0.0
2026-07-11T08:49:53,leasing,AUDI,A3 SPORTBACK,6,0,0.0
2026-07-11T08:49:53,leasing,AUDI,Q5,1,0,0.0
2026-07-11T08:49:53,leasing,BMW,IX3,1,1,1.0
2026-07-11T08:49:53,leasing,BMW,SERIE 1,11,0,0.0
2026-07-11T08:49:53,leasing,BMW,SERIE 2,1,0,0.0
2026-07-11T08:49:53,leasing,BMW,SERIE 2 ACTIVE TOURE,1,0,0.0
2026-07-11T08:49:53,leasing,BMW,SERIE 3,1,0,0.0
2026-07-11T08:49:53,leasing,BMW,SERIE 4 GC,2,0,0.0
2026-07-11T08:49:53,leasing,BMW,X1,10,0,0.0
2026-07-11T08:49:53,leasing,BMW,X2,2,0,0.0
2026-07-11T08:49:53,leasing,BMW,X3,6,0,0.0
2026-07-11T08:49:53,leasing,CITROEN,BERLINGO,10,0,0.0
2026-07-11T08:49:53,leasing,CITROEN,C3,11,0,0.0
2026-07-11T08:49:53,leasing,CITROEN,C3 AIRCROSS,9,0,0.0
2026-07-11T08:49:53,leasing,CITROEN,C4,3,0,0.0
2026-07-11T08:49:53,leasing,CITROEN,C5 AIRCROSS,13,0,0.0
2026-07-11T08:49:53,leasing,CITROEN,C5 X,5,0,0.0
2026-07-11T08:49:53,leasing,CITROEN,GRAND C4 SPACETOURER,1,0,0.0
2026-07-11T08:49:53,leasing,CITROEN,JUMPER,1,0,0.0
2026-07-11T08:49:53,leasing,CITROEN,JUMPY,6,0,0.0
2026-07-11T08:49:53,leasing,DACIA,SANDERO,1,0,0.0
2026-07-11T08:49:53,leasing,DS,DS3,1,0,0.0
2026-07-11T08:49:53,leasing,DS,DS3 CROSSBACK,3,2,0.6667
2026-07-11T08:49:53,leasing,DS,DS4,1,0,0.0
2026-07-11T08:49:53,leasing,DS,DS7,2,0,0.0
2026-07-11T08:49:53,leasing,FIAT,500,3,0,0.0
2026-07-11T08:49:53,leasing,FORD,KUGA,8,0,0.0
2026-07-11T08:49:53,leasing,FORD,PUMA,3,0,0.0
2026-07-11T08:49:53,leasing,HYUNDAI,IONIQ,1,1,1.0
2026-07-11T08:49:53,leasing,HYUNDAI,TUCSON,13,0,0.0
2026-07-11T08:49:53,leasing,JEEP,AVENGER,2,2,1.0
2026-07-11T08:49:53,leasing,KIA,CEED,6,0,0.0
2026-07-11T08:49:53,leasing,KIA,E-NIRO,1,1,1.0
2026-07-11T08:49:53,leasing,KIA,EV6,1,1,1.0
2026-07-11T08:49:53,leasing,KIA,NIRO,1,0,0.0
2026-07-11T08:49:53,leasing,KIA,NIRO EV,5,5,1.0
2026-07-11T08:49:53,leasing,KIA,PICANTO,1,0,0.0
2026-07-11T08:49:53,leasing,KIA,PROCEED,1,0,0.0
2026-07-11T08:49:53,leasing,KIA,SPORTAGE,10,0,0.0
2026-07-11T08:49:53,leasing,KIA,STONIC,15,0,0.0
2026-07-11T08:49:53,leasing,KIA,XCEED,1,0,0.0
2026-07-11T08:49:53,leasing,MAZDA,CX-5,1,0,0.0
2026-07-11T08:49:53,leasing,MERCEDES-BENZ,CLA COUPE,1,0,0.0
2026-07-11T08:49:53,leasing,MERCEDES-BENZ,CLASSE A,4,0,0.0
2026-07-11T08:49:53,leasing,MERCEDES-BENZ,CLASSE CLA,3,0,0.0
2026-07-11T08:49:53,leasing,MERCEDES-BENZ,CLASSE GLA,1,0,0.0
2026-07-11T08:49:53,leasing,MINI,COUNTRYMAN,2,0,0.0
2026-07-11T08:49:53,leasing,NISSAN,LEAF,1,1,1.0
2026-07-11T08:49:53,leasing,NISSAN,QASHQAI,10,0,0.0
2026-07-11T08:49:53,leasing,NISSAN,X-TRAIL,2,0,0.0
2026-07-11T08:49:53,leasing,OPEL,ASTRA,1,0,0.0
2026-07-11T08:49:53,leasing,OPEL,CORSA,4,0,0.0
2026-07-11T08:49:53,leasing,OPEL,CROSSLAND,3,0,0.0
2026-07-11T08:49:53,leasing,OPEL,E-CORSA,1,1,1.0
2026-07-11T08:49:53,leasing,OPEL,GRANDLAND,3,0,0.0
2026-07-11T08:49:53,leasing,PEUGEOT,2008,30,0,0.0
2026-07-11T08:49:53,leasing,PEUGEOT,208,9,0,0.0
2026-07-11T08:49:53,leasing,PEUGEOT,3008,47,0,0.0
2026-07-11T08:49:53,leasing,PEUGEOT,308,9,0,0.0
2026-07-11T08:49:53,leasing,PEUGEOT,308 SW,5,0,0.0
2026-07-11T08:49:53,leasing,PEUGEOT,5008,23,0,0.0
2026-07-11T08:49:53,leasing,PEUGEOT,E-2008,6,6,1.0
2026-07-11T08:49:53,leasing,PEUGEOT,E-208,1,1,1.0
2026-07-11T08:49:53,leasing,PEUGEOT,EXPERT,7,0,0.0
2026-07-11T08:49:53,leasing,PEUGEOT,PARTNER,7,0,0.0
2026-07-11T08:49:53,leasing,RENAULT,ARKANA,15,0,0.0
2026-07-11T08:49:53,leasing,RENAULT,AUSTRAL,4,0,0.0
2026-07-11T08:49:53,leasing,RENAULT,CAPTUR,21,0,0.0
2026-07-11T08:49:53,leasing,RENAULT,CLIO,20,0,0.0
2026-07-11T08:49:53,leasing,RENAULT,ESPACE,1,0,0.0
2026-07-11T08:49:53,leasing,RENAULT,EXPRESS,24,0,0.0
2026-07-11T08:49:53,leasing,RENAULT,KADJAR,1,0,0.0
2026-07-11T08:49:53,leasing,RENAULT,KANGOO,3,0,0.0
2026-07-11T08:49:53,leasing,RENAULT,KANGOO EXPRESS,1,0,0.0
2026-07-11T08:49:53,leasing,RENAULT,MASTER,1,0,0.0
2026-07-11T08:49:53,leasing,RENAULT,MEGANE,19,0,0.0
2026-07-11T08:49:53,leasing,RENAULT,MEGANE E-TECH,2,2,1.0
2026-07-11T08:49:53,leasing,RENAULT,SCENIC,8,0,0.0
2026-07-11T08:49:53,leasing,RENAULT,TRAFIC,10,0,0.0
2026-07-11T08:49:53,leasing,SEAT,ARONA,1,0,0.0
2026-07-11T08:49:53,leasing,SEAT,TARRACO,1,0,0.0
2026-07-11T08:49:53,leasing,SKODA,FABIA,7,0,0.0
2026-07-11T08:49:53,leasing,SKODA,KAMIQ,6,0,0.0
2026-07-11T08:49:53,leasing,SKODA,KAROQ,3,0,0.0
2026-07-11T08:49:53,leasing,SKODA,KODIAQ,4,0,0.0
2026-07-11T08:49:53,leasing,SUZUKI,VITARA,1,0,0.0
2026-07-11T08:49:53,leasing,TESLA,MODEL 3,5,5,1.0
2026-07-11T08:49:53,leasing,TESLA,MODEL Y,7,7,1.0
2026-07-11T08:49:53,leasing,TOYOTA,AYGO X,3,0,0.0
2026-07-11T08:49:53,leasing,TOYOTA,C-HR,6,0,0.0
2026-07-11T08:49:53,leasing,TOYOTA,COROLLA,3,0,0.0
2026-07-11T08:49:53,leasing,TOYOTA,COROLLA TS,9,0,0.0
2026-07-11T08:49:53,leasing,TOYOTA,PROACE CITY,1,0,0.0
2026-07-11T08:49:53,leasing,TOYOTA,RAV4 HSD,3,0,0.0
2026-07-11T08:49:53,leasing,TOYOTA,RAV4 PLUG IN,5,0,0.0
2026-07-11T08:49:53,leasing,TOYOTA,YARIS,4,0,0.0
2026-07-11T08:49:53,leasing,TOYOTA,YARIS CROSS,1,0,0.0
2026-07-11T08:49:53,leasing,TOYOTA,YARIS HYBRID,3,0,0.0
2026-07-11T08:49:53,leasing,VOLKSWAGEN,GOLF,11,0,0.0
2026-07-11T08:49:53,leasing,VOLKSWAGEN,POLO,5,0,0.0
2026-07-11T08:49:53,leasing,VOLKSWAGEN,T-ROC,4,0,0.0
2026-07-11T08:49:53,leasing,VOLKSWAGEN,TAIGO,1,0,0.0
2026-07-11T08:49:53,leasing,VOLKSWAGEN,TIGUAN,3,0,0.0
2026-07-11T08:49:53,leasing,VOLKSWAGEN,TIGUAN ALLSPACE,2,0,0.0
2026-07-11T08:49:53,leasing,VOLKSWAGEN,TOURAN,3,0,0.0
2026-07-11T08:49:53,leasing,VOLKSWAGEN,TRANSPORTER,1,0,0.0
2026-07-11T08:49:53,cash,AUDI,A3 SPORTBACK,7,0,0.0
2026-07-11T08:49:53,cash,AUDI,Q5,1,0,0.0
2026-07-11T08:49:53,cash,BMW,IX3,1,1,1.0
2026-07-11T08:49:53,cash,BMW,SERIE 1,11,0,0.0
2026-07-11T08:49:53,cash,BMW,SERIE 2,1,0,0.0
2026-07-11T08:49:53,cash,BMW,SERIE 2 ACTIVE TOURE,1,0,0.0
2026-07-11T08:49:53,cash,BMW,SERIE 3,1,0,0.0
2026-07-11T08:49:53,cash,BMW,SERIE 4 GC,2,0,0.0
2026-07-11T08:49:53,cash,BMW,X1,12,0,0.0
2026-07-11T08:49:53,cash,BMW,X2,2,0,0.0
2026-07-11T08:49:53,cash,BMW,X3,7,0,0.0
2026-07-11T08:49:53,cash,BMW,X5,1,0,0.0
2026-07-11T08:49:53,cash,CITROEN,BERLINGO,12,0,0.0
2026-07-11T08:49:53,cash,CITROEN,C3,15,0,0.0
2026-07-11T08:49:53,cash,CITROEN,C3 AIRCROSS,9,0,0.0
2026-07-11T08:49:53,cash,CITROEN,C4,3,0,0.0
2026-07-11T08:49:53,cash,CITROEN,C4 SPACETOURER,1,0,0.0
2026-07-11T08:49:53,cash,CITROEN,C5 AIRCROSS,13,0,0.0
2026-07-11T08:49:53,cash,CITROEN,C5 X,5,0,0.0
2026-07-11T08:49:53,cash,CITROEN,E-C4,1,1,1.0
2026-07-11T08:49:53,cash,CITROEN,GRAND C4 SPACETOURER,1,0,0.0
2026-07-11T08:49:53,cash,CITROEN,JUMPER,1,0,0.0
2026-07-11T08:49:53,cash,CITROEN,JUMPY,7,0,0.0
2026-07-11T08:49:53,cash,DACIA,SANDERO,1,0,0.0
2026-07-11T08:49:53,cash,DS,DS3,1,0,0.0
2026-07-11T08:49:53,cash,DS,DS3 CROSSBACK,3,2,0.6667
2026-07-11T08:49:53,cash,DS,DS4,1,0,0.0
2026-07-11T08:49:53,cash,DS,DS7,2,0,0.0
2026-07-11T08:49:53,cash,FIAT,500,3,0,0.0
2026-07-11T08:49:53,cash,FORD,KUGA,9,0,0.0
2026-07-11T08:49:53,cash,FORD,PUMA,4,0,0.0
2026-07-11T08:49:53,cash,FORD,TRANSIT CUSTOM,1,0,0.0
2026-07-11T08:49:53,cash,HYUNDAI,IONIQ,1,1,1.0
2026-07-11T08:49:53,cash,HYUNDAI,TUCSON,13,0,0.0
2026-07-11T08:49:53,cash,JEEP,AVENGER,2,2,1.0
2026-07-11T08:49:53,cash,KIA,CEED,6,0,0.0
2026-07-11T08:49:53,cash,KIA,E-NIRO,1,1,1.0
2026-07-11T08:49:53,cash,KIA,EV6,1,1,1.0
2026-07-11T08:49:53,cash,KIA,NIRO,1,0,0.0
2026-07-11T08:49:53,cash,KIA,NIRO EV,5,5,1.0
2026-07-11T08:49:53,cash,KIA,PICANTO,1,0,0.0
2026-07-11T08:49:53,cash,KIA,PROCEED,1,0,0.0
2026-07-11T08:49:53,cash,KIA,SPORTAGE,12,0,0.0
2026-07-11T08:49:53,cash,KIA,STONIC,15,0,0.0
2026-07-11T08:49:53,cash,KIA,XCEED,1,0,0.0
2026-07-11T08:49:53,cash,MAZDA,CX-5,1,0,0.0
2026-07-11T08:49:53,cash,MAZDA,MAZDA3,1,0,0.0
2026-07-11T08:49:53,cash,MERCEDES-BENZ,CLA COUPE,1,0,0.0
2026-07-11T08:49:53,cash,MERCEDES-BENZ,CLASSE A,6,0,0.0
2026-07-11T08:49:53,cash,MERCEDES-BENZ,CLASSE CLA,3,0,0.0
2026-07-11T08:49:53,cash,MERCEDES-BENZ,CLASSE GLA,1,0,0.0
2026-07-11T08:49:53,cash,MERCEDES-BENZ,GLB,1,0,0.0
2026-07-11T08:49:53,cash,MINI,COUNTRYMAN,2,0,0.0
2026-07-11T08:49:53,cash,MINI,MINI,2,0,0.0
2026-07-11T08:49:53,cash,NISSAN,LEAF,1,1,1.0
2026-07-11T08:49:53,cash,NISSAN,QASHQAI,11,0,0.0
2026-07-11T08:49:53,cash,NISSAN,X-TRAIL,2,0,0.0
2026-07-11T08:49:53,cash,OPEL,ASTRA,1,0,0.0
2026-07-11T08:49:53,cash,OPEL,CORSA,4,0,0.0
2026-07-11T08:49:53,cash,OPEL,CROSSLAND,3,0,0.0
2026-07-11T08:49:53,cash,OPEL,E-CORSA,1,1,1.0
2026-07-11T08:49:53,cash,OPEL,GRANDLAND,3,0,0.0
2026-07-11T08:49:53,cash,OPEL,GRANDLAND X,1,0,0.0
2026-07-11T08:49:53,cash,PEUGEOT,108,1,0,0.0
2026-07-11T08:49:53,cash,PEUGEOT,2008,34,0,0.0
2026-07-11T08:49:53,cash,PEUGEOT,208,11,0,0.0
2026-07-11T08:49:53,cash,PEUGEOT,3008,54,0,0.0
2026-07-11T08:49:53,cash,PEUGEOT,308,10,0,0.0
2026-07-11T08:49:53,cash,PEUGEOT,308 SW,5,0,0.0
2026-07-11T08:49:53,cash,PEUGEOT,5008,24,0,0.0
2026-07-11T08:49:53,cash,PEUGEOT,E-2008,6,6,1.0
2026-07-11T08:49:53,cash,PEUGEOT,E-208,3,3,1.0
2026-07-11T08:49:53,cash,PEUGEOT,E-308,1,1,1.0
2026-07-11T08:49:53,cash,PEUGEOT,EXPERT,7,0,0.0
2026-07-11T08:49:53,cash,PEUGEOT,PARTNER,9,0,0.0
2026-07-11T08:49:53,cash,RENAULT,ARKANA,15,0,0.0
2026-07-11T08:49:53,cash,RENAULT,AUSTRAL,4,0,0.0
2026-07-11T08:49:53,cash,RENAULT,CAPTUR,25,0,0.0
2026-07-11T08:49:53,cash,RENAULT,CLIO,28,0,0.0
2026-07-11T08:49:53,cash,RENAULT,ESPACE,1,0,0.0
2026-07-11T08:49:53,cash,RENAULT,EXPRESS,24,0,0.0
2026-07-11T08:49:53,cash,RENAULT,KADJAR,2,0,0.0
2026-07-11T08:49:53,cash,RENAULT,KANGOO,3,0,0.0
2026-07-11T08:49:53,cash,RENAULT,KANGOO EXPRESS,1,0,0.0
2026-07-11T08:49:53,cash,RENAULT,MASTER,1,0,0.0
2026-07-11T08:49:53,cash,RENAULT,MEGANE,25,0,0.0
2026-07-11T08:49:53,cash,RENAULT,MEGANE E-TECH,2,2,1.0
2026-07-11T08:49:53,cash,RENAULT,SCENIC,8,0,0.0
2026-07-11T08:49:53,cash,RENAULT,SYMBIOZ,1,0,0.0
2026-07-11T08:49:53,cash,RENAULT,TRAFIC,10,0,0.0
2026-07-11T08:49:53,cash,RENAULT,TWINGO,1,0,0.0
2026-07-11T08:49:53,cash,SEAT,ARONA,1,0,0.0
2026-07-11T08:49:53,cash,SEAT,TARRACO,1,0,0.0
2026-07-11T08:49:53,cash,SKODA,FABIA,7,0,0.0
2026-07-11T08:49:53,cash,SKODA,KAMIQ,6,0,0.0
2026-07-11T08:49:53,cash,SKODA,KAROQ,3,0,0.0
2026-07-11T08:49:53,cash,SKODA,KODIAQ,4,0,0.0
2026-07-11T08:49:53,cash,SMART,1,1,1,1.0
2026-07-11T08:49:53,cash,SUZUKI,VITARA,1,0,0.0
2026-07-11T08:49:53,cash,TESLA,MODEL 3,6,6,1.0
2026-07-11T08:49:53,cash,TESLA,MODEL Y,7,7,1.0
2026-07-11T08:49:53,cash,TOYOTA,AYGO X,3,0,0.0
2026-07-11T08:49:53,cash,TOYOTA,C-HR,7,0,0.0
2026-07-11T08:49:53,cash,TOYOTA,COROLLA,4,0,0.0
2026-07-11T08:49:53,cash,TOYOTA,COROLLA TS,9,0,0.0
2026-07-11T08:49:53,cash,TOYOTA,PROACE CITY,1,0,0.0
2026-07-11T08:49:53,cash,TOYOTA,RAV4 HSD,3,0,0.0
2026-07-11T08:49:53,cash,TOYOTA,RAV4 PLUG IN,5,0,0.0
2026-07-11T08:49:53,cash,TOYOTA,YARIS,4,0,0.0
2026-07-11T08:49:53,cash,TOYOTA,YARIS CROSS,1,0,0.0
2026-07-11T08:49:53,cash,TOYOTA,YARIS HYBRID,3,0,0.0
2026-07-11T08:49:53,cash,VOLKSWAGEN,GOLF,12,0,0.0
2026-07-11T08:49:53,cash,VOLKSWAGEN,POLO,5,0,0.0
2026-07-11T08:49:53,cash,VOLKSWAGEN,T-ROC,6,0,0.0
2026-07-11T08:49:53,cash,VOLKSWAGEN,TAIGO,2,0,0.0
2026-07-11T08:49:53,cash,VOLKSWAGEN,TIGUAN,4,0,0.0
2026-07-11T08:49:53,cash,VOLKSWAGEN,TIGUAN ALLSPACE,4,0,0.0
2026-07-11T08:49:53,cash,VOLKSWAGEN,TOURAN,3,0,0.0
2026-07-11T08:49:53,cash,VOLKSWAGEN,TRANSPORTER,1,0,0.0
2026-07-13T10:30:30,leasing,AUDI,A3 SPORTBACK,6,0,0.0
2026-07-13T10:30:30,leasing,AUDI,Q5,1,0,0.0
2026-07-13T10:30:30,leasing,BMW,IX1,1,1,1.0
2026-07-13T10:30:30,leasing,BMW,IX3,1,1,1.0
2026-07-13T10:30:30,leasing,BMW,SERIE 1,11,0,0.0
2026-07-13T10:30:30,leasing,BMW,SERIE 2 ACTIVE TOURE,1,0,0.0
2026-07-13T10:30:30,leasing,BMW,SERIE 3,1,0,0.0
2026-07-13T10:30:30,leasing,BMW,SERIE 4 GC,2,0,0.0
2026-07-13T10:30:30,leasing,BMW,X1,9,0,0.0
2026-07-13T10:30:30,leasing,BMW,X2,2,0,0.0
2026-07-13T10:30:30,leasing,BMW,X3,5,0,0.0
2026-07-13T10:30:30,leasing,CITROEN,BERLINGO,9,0,0.0
2026-07-13T10:30:30,leasing,CITROEN,C3,11,0,0.0
2026-07-13T10:30:30,leasing,CITROEN,C3 AIRCROSS,9,0,0.0
2026-07-13T10:30:30,leasing,CITROEN,C4,3,0,0.0
2026-07-13T10:30:30,leasing,CITROEN,C5 AIRCROSS,13,0,0.0
2026-07-13T10:30:30,leasing,CITROEN,C5 X,5,0,0.0
2026-07-13T10:30:30,leasing,CITROEN,GRAND C4 SPACETOURER,1,0,0.0
2026-07-13T10:30:30,leasing,CITROEN,JUMPER,1,0,0.0
2026-07-13T10:30:30,leasing,CITROEN,JUMPY,5,0,0.0
2026-07-13T10:30:30,leasing,DACIA,SANDERO,1,0,0.0
2026-07-13T10:30:30,leasing,DS,DS3,1,0,0.0
2026-07-13T10:30:30,leasing,DS,DS3 CROSSBACK,2,1,0.5
2026-07-13T10:30:30,leasing,DS,DS4,1,0,0.0
2026-07-13T10:30:30,leasing,DS,DS7,2,0,0.0
2026-07-13T10:30:30,leasing,FIAT,500,3,0,0.0
2026-07-13T10:30:30,leasing,FORD,KUGA,8,0,0.0
2026-07-13T10:30:30,leasing,FORD,PUMA,3,0,0.0
2026-07-13T10:30:30,leasing,HYUNDAI,IONIQ,1,1,1.0
2026-07-13T10:30:30,leasing,HYUNDAI,SANTA FE,1,0,0.0
2026-07-13T10:30:30,leasing,HYUNDAI,TUCSON,12,0,0.0
2026-07-13T10:30:30,leasing,JEEP,AVENGER,2,2,1.0
2026-07-13T10:30:30,leasing,KIA,CEED,6,0,0.0
2026-07-13T10:30:30,leasing,KIA,E-NIRO,1,1,1.0
2026-07-13T10:30:30,leasing,KIA,NIRO,1,0,0.0
2026-07-13T10:30:30,leasing,KIA,NIRO EV,5,5,1.0
2026-07-13T10:30:30,leasing,KIA,PICANTO,1,0,0.0
2026-07-13T10:30:30,leasing,KIA,PROCEED,1,0,0.0
2026-07-13T10:30:30,leasing,KIA,SORENTO,1,0,0.0
2026-07-13T10:30:30,leasing,KIA,SPORTAGE,9,0,0.0
2026-07-13T10:30:30,leasing,KIA,STONIC,14,0,0.0
2026-07-13T10:30:30,leasing,MAZDA,CX-5,1,0,0.0
2026-07-13T10:30:30,leasing,MERCEDES-BENZ,CLA COUPE,1,0,0.0
2026-07-13T10:30:30,leasing,MERCEDES-BENZ,CLASSE A,5,0,0.0
2026-07-13T10:30:30,leasing,MERCEDES-BENZ,CLASSE CLA,3,0,0.0
2026-07-13T10:30:30,leasing,MERCEDES-BENZ,CLASSE GLA,1,0,0.0
2026-07-13T10:30:30,leasing,MINI,COUNTRYMAN,2,0,0.0
2026-07-13T10:30:30,leasing,NISSAN,LEAF,1,1,1.0
2026-07-13T10:30:30,leasing,NISSAN,QASHQAI,9,0,0.0
2026-07-13T10:30:30,leasing,NISSAN,X-TRAIL,3,0,0.0
2026-07-13T10:30:30,leasing,OPEL,ASTRA,1,0,0.0
2026-07-13T10:30:30,leasing,OPEL,CORSA,4,0,0.0
2026-07-13T10:30:30,leasing,OPEL,CROSSLAND,3,0,0.0
2026-07-13T10:30:30,leasing,OPEL,E-CORSA,1,1,1.0
2026-07-13T10:30:30,leasing,OPEL,GRANDLAND,2,0,0.0
2026-07-13T10:30:30,leasing,PEUGEOT,2008,29,0,0.0
2026-07-13T10:30:30,leasing,PEUGEOT,208,9,0,0.0
2026-07-13T10:30:30,leasing,PEUGEOT,3008,48,0,0.0
2026-07-13T10:30:30,leasing,PEUGEOT,308,9,0,0.0
2026-07-13T10:30:30,leasing,PEUGEOT,308 SW,5,0,0.0
2026-07-13T10:30:30,leasing,PEUGEOT,5008,21,0,0.0
2026-07-13T10:30:30,leasing,PEUGEOT,E-2008,6,6,1.0
2026-07-13T10:30:30,leasing,PEUGEOT,E-208,2,2,1.0
2026-07-13T10:30:30,leasing,PEUGEOT,EXPERT,6,0,0.0
2026-07-13T10:30:30,leasing,PEUGEOT,PARTNER,8,0,0.0
2026-07-13T10:30:30,leasing,RENAULT,ARKANA,15,0,0.0
2026-07-13T10:30:30,leasing,RENAULT,AUSTRAL,5,0,0.0
2026-07-13T10:30:30,leasing,RENAULT,CAPTUR,20,0,0.0
2026-07-13T10:30:30,leasing,RENAULT,CLIO,23,0,0.0
2026-07-13T10:30:30,leasing,RENAULT,ESPACE,1,0,0.0
2026-07-13T10:30:30,leasing,RENAULT,EXPRESS,24,0,0.0
2026-07-13T10:30:30,leasing,RENAULT,KADJAR,1,0,0.0
2026-07-13T10:30:30,leasing,RENAULT,KANGOO,3,0,0.0
2026-07-13T10:30:30,leasing,RENAULT,KANGOO EXPRESS,1,0,0.0
2026-07-13T10:30:30,leasing,RENAULT,MASTER,1,0,0.0
2026-07-13T10:30:30,leasing,RENAULT,MEGANE,20,0,0.0
2026-07-13T10:30:30,leasing,RENAULT,MEGANE E-TECH,1,1,1.0
2026-07-13T10:30:30,leasing,RENAULT,SCENIC,8,0,0.0
2026-07-13T10:30:30,leasing,RENAULT,TRAFIC,10,0,0.0
2026-07-13T10:30:30,leasing,SEAT,TARRACO,1,0,0.0
2026-07-13T10:30:30,leasing,SKODA,FABIA,7,0,0.0
2026-07-13T10:30:30,leasing,SKODA,KAMIQ,6,0,0.0
2026-07-13T10:30:30,leasing,SKODA,KAROQ,3,0,0.0
2026-07-13T10:30:30,leasing,SKODA,KODIAQ,4,0,0.0
2026-07-13T10:30:30,leasing,SUZUKI,VITARA,1,0,0.0
2026-07-13T10:30:30,leasing,TESLA,MODEL 3,5,5,1.0
2026-07-13T10:30:30,leasing,TESLA,MODEL Y,7,7,1.0
2026-07-13T10:30:30,leasing,TOYOTA,AYGO X,3,0,0.0
2026-07-13T10:30:30,leasing,TOYOTA,C-HR,6,0,0.0
2026-07-13T10:30:30,leasing,TOYOTA,COROLLA,3,0,0.0
2026-07-13T10:30:30,leasing,TOYOTA,COROLLA TS,10,0,0.0
2026-07-13T10:30:30,leasing,TOYOTA,PROACE CITY,1,0,0.0
2026-07-13T10:30:30,leasing,TOYOTA,RAV4 HSD,3,0,0.0
2026-07-13T10:30:30,leasing,TOYOTA,RAV4 PLUG IN,5,0,0.0
2026-07-13T10:30:30,leasing,TOYOTA,YARIS,4,0,0.0
2026-07-13T10:30:30,leasing,TOYOTA,YARIS CROSS,2,0,0.0
2026-07-13T10:30:30,leasing,TOYOTA,YARIS HYBRID,2,0,0.0
2026-07-13T10:30:30,leasing,VOLKSWAGEN,GOLF,11,0,0.0
2026-07-13T10:30:30,leasing,VOLKSWAGEN,POLO,5,0,0.0
2026-07-13T10:30:30,leasing,VOLKSWAGEN,T-ROC,4,0,0.0
2026-07-13T10:30:30,leasing,VOLKSWAGEN,TAIGO,1,0,0.0
2026-07-13T10:30:30,leasing,VOLKSWAGEN,TIGUAN,3,0,0.0
2026-07-13T10:30:30,leasing,VOLKSWAGEN,TIGUAN ALLSPACE,2,0,0.0
2026-07-13T10:30:30,leasing,VOLKSWAGEN,TOURAN,4,0,0.0
2026-07-13T10:30:30,leasing,VOLKSWAGEN,TRANSPORTER,1,0,0.0
2026-07-13T10:30:30,cash,AUDI,A3 SPORTBACK,7,0,0.0
2026-07-13T10:30:30,cash,AUDI,Q5,1,0,0.0
2026-07-13T10:30:30,cash,BMW,IX1,1,1,1.0
2026-07-13T10:30:30,cash,BMW,IX3,1,1,1.0
2026-07-13T10:30:30,cash,BMW,SERIE 1,11,0,0.0
2026-07-13T10:30:30,cash,BMW,SERIE 2 ACTIVE TOURE,1,0,0.0
2026-07-13T10:30:30,cash,BMW,SERIE 3,1,0,0.0
2026-07-13T10:30:30,cash,BMW,SERIE 4 GC,2,0,0.0
2026-07-13T10:30:30,cash,BMW,X1,11,0,0.0
2026-07-13T10:30:30,cash,BMW,X2,2,0,0.0
2026-07-13T10:30:30,cash,BMW,X3,6,0,0.0
2026-07-13T10:30:30,cash,BMW,X5,1,0,0.0
2026-07-13T10:30:30,cash,CITROEN,BERLINGO,11,0,0.0
2026-07-13T10:30:30,cash,CITROEN,C3,15,0,0.0
2026-07-13T10:30:30,cash,CITROEN,C3 AIRCROSS,9,0,0.0
2026-07-13T10:30:30,cash,CITROEN,C4,3,0,0.0
2026-07-13T10:30:30,cash,CITROEN,C4 SPACETOURER,1,0,0.0
2026-07-13T10:30:30,cash,CITROEN,C5 AIRCROSS,13,0,0.0
2026-07-13T10:30:30,cash,CITROEN,C5 X,5,0,0.0
2026-07-13T10:30:30,cash,CITROEN,E-C4,1,1,1.0
2026-07-13T10:30:30,cash,CITROEN,GRAND C4 SPACETOURER,1,0,0.0
2026-07-13T10:30:30,cash,CITROEN,JUMPER,1,0,0.0
2026-07-13T10:30:30,cash,CITROEN,JUMPY,6,0,0.0
2026-07-13T10:30:30,cash,DACIA,SANDERO,1,0,0.0
2026-07-13T10:30:30,cash,DS,DS3,1,0,0.0
2026-07-13T10:30:30,cash,DS,DS3 CROSSBACK,2,1,0.5
2026-07-13T10:30:30,cash,DS,DS4,1,0,0.0
2026-07-13T10:30:30,cash,DS,DS7,2,0,0.0
2026-07-13T10:30:30,cash,FIAT,500,3,0,0.0
2026-07-13T10:30:30,cash,FORD,KUGA,9,0,0.0
2026-07-13T10:30:30,cash,FORD,PUMA,4,0,0.0
2026-07-13T10:30:30,cash,FORD,TRANSIT CUSTOM,1,0,0.0
2026-07-13T10:30:30,cash,HYUNDAI,IONIQ,1,1,1.0
2026-07-13T10:30:30,cash,HYUNDAI,SANTA FE,1,0,0.0
2026-07-13T10:30:30,cash,HYUNDAI,TUCSON,12,0,0.0
2026-07-13T10:30:30,cash,JEEP,AVENGER,2,2,1.0
2026-07-13T10:30:30,cash,KIA,CEED,6,0,0.0
2026-07-13T10:30:30,cash,KIA,E-NIRO,1,1,1.0
2026-07-13T10:30:30,cash,KIA,NIRO,1,0,0.0
2026-07-13T10:30:30,cash,KIA,NIRO EV,5,5,1.0
2026-07-13T10:30:30,cash,KIA,PICANTO,1,0,0.0
2026-07-13T10:30:30,cash,KIA,PROCEED,1,0,0.0
2026-07-13T10:30:30,cash,KIA,SORENTO,1,0,0.0
2026-07-13T10:30:30,cash,KIA,SPORTAGE,11,0,0.0
2026-07-13T10:30:30,cash,KIA,STONIC,14,0,0.0
2026-07-13T10:30:30,cash,MAZDA,CX-5,1,0,0.0
2026-07-13T10:30:30,cash,MAZDA,MAZDA3,1,0,0.0
2026-07-13T10:30:30,cash,MERCEDES-BENZ,CLA COUPE,1,0,0.0
2026-07-13T10:30:30,cash,MERCEDES-BENZ,CLASSE A,7,0,0.0
2026-07-13T10:30:30,cash,MERCEDES-BENZ,CLASSE CLA,3,0,0.0
2026-07-13T10:30:30,cash,MERCEDES-BENZ,CLASSE GLA,1,0,0.0
2026-07-13T10:30:30,cash,MERCEDES-BENZ,GLB,1,0,0.0
2026-07-13T10:30:30,cash,MINI,COUNTRYMAN,2,0,0.0
2026-07-13T10:30:30,cash,MINI,MINI,2,0,0.0
2026-07-13T10:30:30,cash,NISSAN,LEAF,1,1,1.0
2026-07-13T10:30:30,cash,NISSAN,QASHQAI,10,0,0.0
2026-07-13T10:30:30,cash,NISSAN,X-TRAIL,3,0,0.0
2026-07-13T10:30:30,cash,OPEL,ASTRA,1,0,0.0
2026-07-13T10:30:30,cash,OPEL,CORSA,4,0,0.0
2026-07-13T10:30:30,cash,OPEL,CROSSLAND,3,0,0.0
2026-07-13T10:30:30,cash,OPEL,E-CORSA,1,1,1.0
2026-07-13T10:30:30,cash,OPEL,GRANDLAND,2,0,0.0
2026-07-13T10:30:30,cash,OPEL,GRANDLAND X,1,0,0.0
2026-07-13T10:30:30,cash,PEUGEOT,108,1,0,0.0
2026-07-13T10:30:30,cash,PEUGEOT,2008,33,0,0.0
2026-07-13T10:30:30,cash,PEUGEOT,208,11,0,0.0
2026-07-13T10:30:30,cash,PEUGEOT,3008,55,0,0.0
2026-07-13T10:30:30,cash,PEUGEOT,308,10,0,0.0
2026-07-13T10:30:30,cash,PEUGEOT,308 SW,5,0,0.0
2026-07-13T10:30:30,cash,PEUGEOT,5008,22,0,0.0
2026-07-13T10:30:30,cash,PEUGEOT,E-2008,6,6,1.0
2026-07-13T10:30:30,cash,PEUGEOT,E-208,4,4,1.0
2026-07-13T10:30:30,cash,PEUGEOT,E-308,1,1,1.0
2026-07-13T10:30:30,cash,PEUGEOT,EXPERT,6,0,0.0
2026-07-13T10:30:30,cash,PEUGEOT,PARTNER,10,0,0.0
2026-07-13T10:30:30,cash,RENAULT,ARKANA,15,0,0.0
2026-07-13T10:30:30,cash,RENAULT,AUSTRAL,5,0,0.0
2026-07-13T10:30:30,cash,RENAULT,CAPTUR,24,0,0.0
2026-07-13T10:30:30,cash,RENAULT,CLIO,31,0,0.0
2026-07-13T10:30:30,cash,RENAULT,ESPACE,1,0,0.0
2026-07-13T10:30:30,cash,RENAULT,EXPRESS,24,0,0.0
2026-07-13T10:30:30,cash,RENAULT,KADJAR,2,0,0.0
2026-07-13T10:30:30,cash,RENAULT,KANGOO,3,0,0.0
2026-07-13T10:30:30,cash,RENAULT,KANGOO EXPRESS,1,0,0.0
2026-07-13T10:30:30,cash,RENAULT,MASTER,1,0,0.0
2026-07-13T10:30:30,cash,RENAULT,MEGANE,26,0,0.0
2026-07-13T10:30:30,cash,RENAULT,MEGANE E-TECH,2,2,1.0
2026-07-13T10:30:30,cash,RENAULT,SCENIC,8,0,0.0
2026-07-13T10:30:30,cash,RENAULT,SYMBIOZ,1,0,0.0
2026-07-13T10:30:30,cash,RENAULT,TRAFIC,10,0,0.0
2026-07-13T10:30:30,cash,RENAULT,TWINGO,1,0,0.0
2026-07-13T10:30:30,cash,SEAT,TARRACO,1,0,0.0
2026-07-13T10:30:30,cash,SKODA,FABIA,7,0,0.0
2026-07-13T10:30:30,cash,SKODA,KAMIQ,6,0,0.0
2026-07-13T10:30:30,cash,SKODA,KAROQ,3,0,0.0
2026-07-13T10:30:30,cash,SKODA,KODIAQ,4,0,0.0
2026-07-13T10:30:30,cash,SMART,1,1,1,1.0
2026-07-13T10:30:30,cash,SUZUKI,VITARA,1,0,0.0
2026-07-13T10:30:30,cash,TESLA,MODEL 3,6,6,1.0
2026-07-13T10:30:30,cash,TESLA,MODEL Y,7,7,1.0
2026-07-13T10:30:30,cash,TOYOTA,AYGO X,3,0,0.0
2026-07-13T10:30:30,cash,TOYOTA,C-HR,7,0,0.0
2026-07-13T10:30:30,cash,TOYOTA,COROLLA,4,0,0.0
2026-07-13T10:30:30,cash,TOYOTA,COROLLA TS,10,0,0.0
2026-07-13T10:30:30,cash,TOYOTA,PROACE CITY,1,0,0.0
2026-07-13T10:30:30,cash,TOYOTA,RAV4 HSD,4,0,0.0
2026-07-13T10:30:30,cash,TOYOTA,RAV4 PLUG IN,5,0,0.0
2026-07-13T10:30:30,cash,TOYOTA,YARIS,4,0,0.0
2026-07-13T10:30:30,cash,TOYOTA,YARIS CROSS,2,0,0.0
2026-07-13T10:30:30,cash,TOYOTA,YARIS HYBRID,2,0,0.0
2026-07-13T10:30:30,cash,VOLKSWAGEN,GOLF,12,0,0.0
2026-07-13T10:30:30,cash,VOLKSWAGEN,POLO,5,0,0.0
2026-07-13T10:30:30,cash,VOLKSWAGEN,T-ROC,6,0,0.0
2026-07-13T10:30:30,cash,VOLKSWAGEN,TAIGO,2,0,0.0
2026-07-13T10:30:30,cash,VOLKSWAGEN,TIGUAN,4,0,0.0
2026-07-13T10:30:30,cash,VOLKSWAGEN,TIGUAN ALLSPACE,4,0,0.0
2026-07-13T10:30:30,cash,VOLKSWAGEN,TOURAN,4,0,0.0
2026-07-13T10:30:30,cash,VOLKSWAGEN,TRANSPORTER,1,0,0.0
2026-07-14T09:06:54,leasing,AUDI,A3 SPORTBACK,8,0,0.0
2026-07-14T09:06:54,leasing,AUDI,Q2,1,0,0.0
2026-07-14T09:06:54,leasing,AUDI,Q5,1,0,0.0
2026-07-14T09:06:54,leasing,BMW,IX1,1,1,1.0
2026-07-14T09:06:54,leasing,BMW,IX3,1,1,1.0
2026-07-14T09:06:54,leasing,BMW,SERIE 1,10,0,0.0
2026-07-14T09:06:54,leasing,BMW,SERIE 2 ACTIVE TOURE,1,0,0.0
2026-07-14T09:06:54,leasing,BMW,SERIE 3,1,0,0.0
2026-07-14T09:06:54,leasing,BMW,SERIE 4 GC,2,0,0.0
2026-07-14T09:06:54,leasing,BMW,X1,10,0,0.0
2026-07-14T09:06:54,leasing,BMW,X2,2,0,0.0
2026-07-14T09:06:54,leasing,BMW,X3,5,0,0.0
2026-07-14T09:06:54,leasing,CITROEN,BERLINGO,10,0,0.0
2026-07-14T09:06:54,leasing,CITROEN,C3,10,0,0.0
2026-07-14T09:06:54,leasing,CITROEN,C3 AIRCROSS,9,0,0.0
2026-07-14T09:06:54,leasing,CITROEN,C4,3,0,0.0
2026-07-14T09:06:54,leasing,CITROEN,C5 AIRCROSS,14,0,0.0
2026-07-14T09:06:54,leasing,CITROEN,C5 X,5,0,0.0
2026-07-14T09:06:54,leasing,CITROEN,GRAND C4 SPACETOURER,1,0,0.0
2026-07-14T09:06:54,leasing,CITROEN,JUMPER,1,0,0.0
2026-07-14T09:06:54,leasing,CITROEN,JUMPY,5,0,0.0
2026-07-14T09:06:54,leasing,DACIA,SANDERO,1,0,0.0
2026-07-14T09:06:54,leasing,DS,DS3,1,0,0.0
2026-07-14T09:06:54,leasing,DS,DS3 CROSSBACK,2,1,0.5
2026-07-14T09:06:54,leasing,DS,DS4,1,0,0.0
2026-07-14T09:06:54,leasing,DS,DS7,3,0,0.0
2026-07-14T09:06:54,leasing,FIAT,500,3,0,0.0
2026-07-14T09:06:54,leasing,FORD,KUGA,8,0,0.0
2026-07-14T09:06:54,leasing,FORD,PUMA,3,0,0.0
2026-07-14T09:06:54,leasing,HYUNDAI,IONIQ,1,1,1.0
2026-07-14T09:06:54,leasing,HYUNDAI,SANTA FE,1,0,0.0
2026-07-14T09:06:54,leasing,HYUNDAI,TUCSON,12,0,0.0
2026-07-14T09:06:54,leasing,JEEP,AVENGER,2,2,1.0
2026-07-14T09:06:54,leasing,KIA,CEED,6,0,0.0
2026-07-14T09:06:54,leasing,KIA,E-NIRO,1,1,1.0
2026-07-14T09:06:54,leasing,KIA,NIRO,1,0,0.0
2026-07-14T09:06:54,leasing,KIA,NIRO EV,4,4,1.0
2026-07-14T09:06:54,leasing,KIA,PICANTO,1,0,0.0
2026-07-14T09:06:54,leasing,KIA,PROCEED,1,0,0.0
2026-07-14T09:06:54,leasing,KIA,SORENTO,1,0,0.0
2026-07-14T09:06:54,leasing,KIA,SPORTAGE,9,0,0.0
2026-07-14T09:06:54,leasing,KIA,STONIC,15,0,0.0
2026-07-14T09:06:54,leasing,MAZDA,CX-5,1,0,0.0
2026-07-14T09:06:54,leasing,MERCEDES-BENZ,CLA COUPE,1,0,0.0
2026-07-14T09:06:54,leasing,MERCEDES-BENZ,CLASSE A,5,0,0.0
2026-07-14T09:06:54,leasing,MERCEDES-BENZ,CLASSE CLA,3,0,0.0
2026-07-14T09:06:54,leasing,MERCEDES-BENZ,CLASSE GLA,1,0,0.0
2026-07-14T09:06:54,leasing,MINI,COUNTRYMAN,2,0,0.0
2026-07-14T09:06:54,leasing,NISSAN,LEAF,1,1,1.0
2026-07-14T09:06:54,leasing,NISSAN,QASHQAI,9,0,0.0
2026-07-14T09:06:54,leasing,NISSAN,X-TRAIL,3,0,0.0
2026-07-14T09:06:54,leasing,OPEL,ASTRA,1,0,0.0
2026-07-14T09:06:54,leasing,OPEL,CORSA,4,0,0.0
2026-07-14T09:06:54,leasing,OPEL,CROSSLAND,3,0,0.0
2026-07-14T09:06:54,leasing,OPEL,E-CORSA,1,1,1.0
2026-07-14T09:06:54,leasing,OPEL,GRANDLAND,2,0,0.0
2026-07-14T09:06:54,leasing,PEUGEOT,2008,29,0,0.0
2026-07-14T09:06:54,leasing,PEUGEOT,208,9,0,0.0
2026-07-14T09:06:54,leasing,PEUGEOT,3008,48,0,0.0
2026-07-14T09:06:54,leasing,PEUGEOT,308,9,0,0.0
2026-07-14T09:06:54,leasing,PEUGEOT,308 SW,5,0,0.0
2026-07-14T09:06:54,leasing,PEUGEOT,5008,23,0,0.0
2026-07-14T09:06:54,leasing,PEUGEOT,E-2008,6,6,1.0
2026-07-14T09:06:54,leasing,PEUGEOT,E-208,2,2,1.0
2026-07-14T09:06:54,leasing,PEUGEOT,EXPERT,6,0,0.0
2026-07-14T09:06:54,leasing,PEUGEOT,PARTNER,8,0,0.0
2026-07-14T09:06:54,leasing,RENAULT,ARKANA,15,0,0.0
2026-07-14T09:06:54,leasing,RENAULT,AUSTRAL,4,0,0.0
2026-07-14T09:06:54,leasing,RENAULT,CAPTUR,20,0,0.0
2026-07-14T09:06:54,leasing,RENAULT,CLIO,23,0,0.0
2026-07-14T09:06:54,leasing,RENAULT,ESPACE,2,0,0.0
2026-07-14T09:06:54,leasing,RENAULT,EXPRESS,24,0,0.0
2026-07-14T09:06:54,leasing,RENAULT,KADJAR,1,0,0.0
2026-07-14T09:06:54,leasing,RENAULT,KANGOO,3,0,0.0
2026-07-14T09:06:54,leasing,RENAULT,KANGOO EXPRESS,1,0,0.0
2026-07-14T09:06:54,leasing,RENAULT,MASTER,1,0,0.0
2026-07-14T09:06:54,leasing,RENAULT,MEGANE,20,0,0.0
2026-07-14T09:06:54,leasing,RENAULT,MEGANE E-TECH,2,2,1.0
2026-07-14T09:06:54,leasing,RENAULT,SCENIC,8,0,0.0
2026-07-14T09:06:54,leasing,RENAULT,TRAFIC,10,0,0.0
2026-07-14T09:06:54,leasing,SEAT,TARRACO,1,0,0.0
2026-07-14T09:06:54,leasing,SKODA,FABIA,6,0,0.0
2026-07-14T09:06:54,leasing,SKODA,KAMIQ,6,0,0.0
2026-07-14T09:06:54,leasing,SKODA,KAROQ,3,0,0.0
2026-07-14T09:06:54,leasing,SKODA,KODIAQ,4,0,0.0
2026-07-14T09:06:54,leasing,SUZUKI,VITARA,1,0,0.0
2026-07-14T09:06:54,leasing,TESLA,MODEL 3,5,5,1.0
2026-07-14T09:06:54,leasing,TESLA,MODEL Y,6,6,1.0
2026-07-14T09:06:54,leasing,TOYOTA,AYGO X,3,0,0.0
2026-07-14T09:06:54,leasing,TOYOTA,C-HR,5,0,0.0
2026-07-14T09:06:54,leasing,TOYOTA,COROLLA,3,0,0.0
2026-07-14T09:06:54,leasing,TOYOTA,COROLLA TS,10,0,0.0
2026-07-14T09:06:54,leasing,TOYOTA,PROACE CITY,1,0,0.0
2026-07-14T09:06:54,leasing,TOYOTA,RAV4 HSD,3,0,0.0
2026-07-14T09:06:54,leasing,TOYOTA,RAV4 PLUG IN,5,0,0.0
2026-07-14T09:06:54,leasing,TOYOTA,YARIS,4,0,0.0
2026-07-14T09:06:54,leasing,TOYOTA,YARIS CROSS,2,0,0.0
2026-07-14T09:06:54,leasing,TOYOTA,YARIS HYBRID,2,0,0.0
2026-07-14T09:06:54,leasing,VOLKSWAGEN,GOLF,11,0,0.0
2026-07-14T09:06:54,leasing,VOLKSWAGEN,POLO,7,0,0.0
2026-07-14T09:06:54,leasing,VOLKSWAGEN,T-ROC,5,0,0.0
2026-07-14T09:06:54,leasing,VOLKSWAGEN,TAIGO,1,0,0.0
2026-07-14T09:06:54,leasing,VOLKSWAGEN,TIGUAN,4,0,0.0
2026-07-14T09:06:54,leasing,VOLKSWAGEN,TIGUAN ALLSPACE,2,0,0.0
2026-07-14T09:06:54,leasing,VOLKSWAGEN,TOURAN,4,0,0.0
2026-07-14T09:06:54,leasing,VOLKSWAGEN,TRANSPORTER,1,0,0.0
2026-07-14T09:06:54,cash,AUDI,A3 SPORTBACK,9,0,0.0
2026-07-14T09:06:54,cash,AUDI,Q2,1,0,0.0
2026-07-14T09:06:54,cash,AUDI,Q5,1,0,0.0
2026-07-14T09:06:54,cash,BMW,IX1,1,1,1.0
2026-07-14T09:06:54,cash,BMW,IX3,1,1,1.0
2026-07-14T09:06:54,cash,BMW,SERIE 1,10,0,0.0
2026-07-14T09:06:54,cash,BMW,SERIE 2 ACTIVE TOURE,1,0,0.0
2026-07-14T09:06:54,cash,BMW,SERIE 3,1,0,0.0
2026-07-14T09:06:54,cash,BMW,SERIE 4 GC,2,0,0.0
2026-07-14T09:06:54,cash,BMW,X1,12,0,0.0
2026-07-14T09:06:54,cash,BMW,X2,2,0,0.0
2026-07-14T09:06:54,cash,BMW,X3,6,0,0.0
2026-07-14T09:06:54,cash,BMW,X5,1,0,0.0
2026-07-14T09:06:54,cash,CITROEN,BERLINGO,12,0,0.0
2026-07-14T09:06:54,cash,CITROEN,C3,14,0,0.0
2026-07-14T09:06:54,cash,CITROEN,C3 AIRCROSS,9,0,0.0
2026-07-14T09:06:54,cash,CITROEN,C4,3,0,0.0
2026-07-14T09:06:54,cash,CITROEN,C4 SPACETOURER,1,0,0.0
2026-07-14T09:06:54,cash,CITROEN,C5 AIRCROSS,14,0,0.0
2026-07-14T09:06:54,cash,CITROEN,C5 X,5,0,0.0
2026-07-14T09:06:54,cash,CITROEN,E-C4,1,1,1.0
2026-07-14T09:06:54,cash,CITROEN,GRAND C4 SPACETOURER,1,0,0.0
2026-07-14T09:06:54,cash,CITROEN,JUMPER,1,0,0.0
2026-07-14T09:06:54,cash,CITROEN,JUMPY,6,0,0.0
2026-07-14T09:06:54,cash,DACIA,SANDERO,1,0,0.0
2026-07-14T09:06:54,cash,DS,DS3,1,0,0.0
2026-07-14T09:06:54,cash,DS,DS3 CROSSBACK,2,1,0.5
2026-07-14T09:06:54,cash,DS,DS4,1,0,0.0
2026-07-14T09:06:54,cash,DS,DS7,3,0,0.0
2026-07-14T09:06:54,cash,FIAT,500,3,0,0.0
2026-07-14T09:06:54,cash,FORD,KUGA,9,0,0.0
2026-07-14T09:06:54,cash,FORD,PUMA,4,0,0.0
2026-07-14T09:06:54,cash,FORD,TRANSIT CUSTOM,1,0,0.0
2026-07-14T09:06:54,cash,HYUNDAI,IONIQ,1,1,1.0
2026-07-14T09:06:54,cash,HYUNDAI,SANTA FE,1,0,0.0
2026-07-14T09:06:54,cash,HYUNDAI,TUCSON,12,0,0.0
2026-07-14T09:06:54,cash,JEEP,AVENGER,2,2,1.0
2026-07-14T09:06:54,cash,KIA,CEED,6,0,0.0
2026-07-14T09:06:54,cash,KIA,E-NIRO,1,1,1.0
2026-07-14T09:06:54,cash,KIA,NIRO,1,0,0.0
2026-07-14T09:06:54,cash,KIA,NIRO EV,4,4,1.0
2026-07-14T09:06:54,cash,KIA,PICANTO,1,0,0.0
2026-07-14T09:06:54,cash,KIA,PROCEED,1,0,0.0
2026-07-14T09:06:54,cash,KIA,SORENTO,1,0,0.0
2026-07-14T09:06:54,cash,KIA,SPORTAGE,11,0,0.0
2026-07-14T09:06:54,cash,KIA,STONIC,15,0,0.0
2026-07-14T09:06:54,cash,MAZDA,CX-5,1,0,0.0
2026-07-14T09:06:54,cash,MAZDA,MAZDA3,1,0,0.0
2026-07-14T09:06:54,cash,MERCEDES-BENZ,CLA COUPE,1,0,0.0
2026-07-14T09:06:54,cash,MERCEDES-BENZ,CLASSE A,7,0,0.0
2026-07-14T09:06:54,cash,MERCEDES-BENZ,CLASSE CLA,3,0,0.0
2026-07-14T09:06:54,cash,MERCEDES-BENZ,CLASSE GLA,1,0,0.0
2026-07-14T09:06:54,cash,MERCEDES-BENZ,GLB,1,0,0.0
2026-07-14T09:06:54,cash,MINI,COUNTRYMAN,2,0,0.0
2026-07-14T09:06:54,cash,MINI,MINI,2,0,0.0
2026-07-14T09:06:54,cash,NISSAN,LEAF,1,1,1.0
2026-07-14T09:06:54,cash,NISSAN,QASHQAI,10,0,0.0
2026-07-14T09:06:54,cash,NISSAN,X-TRAIL,3,0,0.0
2026-07-14T09:06:54,cash,OPEL,ASTRA,1,0,0.0
2026-07-14T09:06:54,cash,OPEL,CORSA,4,0,0.0
2026-07-14T09:06:54,cash,OPEL,CROSSLAND,3,0,0.0
2026-07-14T09:06:54,cash,OPEL,E-CORSA,1,1,1.0
2026-07-14T09:06:54,cash,OPEL,GRANDLAND,2,0,0.0
2026-07-14T09:06:54,cash,OPEL,GRANDLAND X,1,0,0.0
2026-07-14T09:06:54,cash,PEUGEOT,108,1,0,0.0
2026-07-14T09:06:54,cash,PEUGEOT,2008,33,0,0.0
2026-07-14T09:06:54,cash,PEUGEOT,208,11,0,0.0
2026-07-14T09:06:54,cash,PEUGEOT,3008,55,0,0.0
2026-07-14T09:06:54,cash,PEUGEOT,308,10,0,0.0
2026-07-14T09:06:54,cash,PEUGEOT,308 SW,5,0,0.0
2026-07-14T09:06:54,cash,PEUGEOT,5008,24,0,0.0
2026-07-14T09:06:54,cash,PEUGEOT,E-2008,6,6,1.0
2026-07-14T09:06:54,cash,PEUGEOT,E-208,4,4,1.0
2026-07-14T09:06:54,cash,PEUGEOT,E-308,1,1,1.0
2026-07-14T09:06:54,cash,PEUGEOT,EXPERT,6,0,0.0
2026-07-14T09:06:54,cash,PEUGEOT,PARTNER,10,0,0.0
2026-07-14T09:06:54,cash,RENAULT,ARKANA,15,0,0.0
2026-07-14T09:06:54,cash,RENAULT,AUSTRAL,4,0,0.0
2026-07-14T09:06:54,cash,RENAULT,CAPTUR,24,0,0.0
2026-07-14T09:06:54,cash,RENAULT,CLIO,32,0,0.0
2026-07-14T09:06:54,cash,RENAULT,ESPACE,2,0,0.0
2026-07-14T09:06:54,cash,RENAULT,EXPRESS,24,0,0.0
2026-07-14T09:06:54,cash,RENAULT,KADJAR,2,0,0.0
2026-07-14T09:06:54,cash,RENAULT,KANGOO,3,0,0.0
2026-07-14T09:06:54,cash,RENAULT,KANGOO EXPRESS,1,0,0.0
2026-07-14T09:06:54,cash,RENAULT,MASTER,1,0,0.0
2026-07-14T09:06:54,cash,RENAULT,MEGANE,26,0,0.0
2026-07-14T09:06:54,cash,RENAULT,MEGANE E-TECH,2,2,1.0
2026-07-14T09:06:54,cash,RENAULT,SCENIC,8,0,0.0
2026-07-14T09:06:54,cash,RENAULT,SYMBIOZ,1,0,0.0
2026-07-14T09:06:54,cash,RENAULT,TRAFIC,10,0,0.0
2026-07-14T09:06:54,cash,RENAULT,TWINGO,1,0,0.0
2026-07-14T09:06:54,cash,SEAT,TARRACO,1,0,0.0
2026-07-14T09:06:54,cash,SKODA,FABIA,6,0,0.0
2026-07-14T09:06:54,cash,SKODA,KAMIQ,6,0,0.0
2026-07-14T09:06:54,cash,SKODA,KAROQ,3,0,0.0
2026-07-14T09:06:54,cash,SKODA,KODIAQ,4,0,0.0
2026-07-14T09:06:54,cash,SMART,1,1,1,1.0
2026-07-14T09:06:54,cash,SUZUKI,VITARA,1,0,0.0
2026-07-14T09:06:54,cash,TESLA,MODEL 3,6,6,1.0
2026-07-14T09:06:54,cash,TESLA,MODEL Y,6,6,1.0
2026-07-14T09:06:54,cash,TOYOTA,AYGO X,3,0,0.0
2026-07-14T09:06:54,cash,TOYOTA,C-HR,6,0,0.0
2026-07-14T09:06:54,cash,TOYOTA,COROLLA,4,0,0.0
2026-07-14T09:06:54,cash,TOYOTA,COROLLA TS,10,0,0.0
2026-07-14T09:06:54,cash,TOYOTA,PROACE CITY,1,0,0.0
2026-07-14T09:06:54,cash,TOYOTA,RAV4 HSD,4,0,0.0
2026-07-14T09:06:54,cash,TOYOTA,RAV4 PLUG IN,5,0,0.0
2026-07-14T09:06:54,cash,TOYOTA,YARIS,4,0,0.0
2026-07-14T09:06:54,cash,TOYOTA,YARIS CROSS,2,0,0.0
2026-07-14T09:06:54,cash,TOYOTA,YARIS HYBRID,2,0,0.0
2026-07-14T09:06:54,cash,VOLKSWAGEN,GOLF,12,0,0.0
2026-07-14T09:06:54,cash,VOLKSWAGEN,POLO,7,0,0.0
2026-07-14T09:06:54,cash,VOLKSWAGEN,T-ROC,7,0,0.0
2026-07-14T09:06:54,cash,VOLKSWAGEN,TAIGO,2,0,0.0
2026-07-14T09:06:54,cash,VOLKSWAGEN,TIGUAN,5,0,0.0
2026-07-14T09:06:54,cash,VOLKSWAGEN,TIGUAN ALLSPACE,4,0,0.0
2026-07-14T09:06:54,cash,VOLKSWAGEN,TOURAN,4,0,0.0
2026-07-14T09:06:54,cash,VOLKSWAGEN,TRANSPORTER,1,0,0.0
2026-07-15T07:36:18,leasing,AUDI,A3 SPORTBACK,8,0,0.0
2026-07-15T07:36:18,leasing,AUDI,Q2,1,0,0.0
2026-07-15T07:36:18,leasing,AUDI,Q5,2,0,0.0
2026-07-15T07:36:18,leasing,BMW,IX1,1,1,1.0
2026-07-15T07:36:18,leasing,BMW,IX3,1,1,1.0
2026-07-15T07:36:18,leasing,BMW,SERIE 1,11,0,0.0
2026-07-15T07:36:18,leasing,BMW,SERIE 2 ACTIVE TOURE,1,0,0.0
2026-07-15T07:36:18,leasing,BMW,SERIE 3,1,0,0.0
2026-07-15T07:36:18,leasing,BMW,SERIE 4 GC,2,0,0.0
2026-07-15T07:36:18,leasing,BMW,X1,12,0,0.0
2026-07-15T07:36:18,leasing,BMW,X2,2,0,0.0
2026-07-15T07:36:18,leasing,BMW,X3,5,0,0.0
2026-07-15T07:36:18,leasing,CITROEN,BERLINGO,10,0,0.0
2026-07-15T07:36:18,leasing,CITROEN,C3,11,0,0.0
2026-07-15T07:36:18,leasing,CITROEN,C3 AIRCROSS,9,0,0.0
2026-07-15T07:36:18,leasing,CITROEN,C4,3,0,0.0
2026-07-15T07:36:18,leasing,CITROEN,C5 AIRCROSS,14,0,0.0
2026-07-15T07:36:18,leasing,CITROEN,C5 X,5,0,0.0
2026-07-15T07:36:18,leasing,CITROEN,GRAND C4 SPACETOURER,1,0,0.0
2026-07-15T07:36:18,leasing,CITROEN,JUMPER,1,0,0.0
2026-07-15T07:36:18,leasing,CITROEN,JUMPY,5,0,0.0
2026-07-15T07:36:18,leasing,DACIA,SANDERO,1,0,0.0
2026-07-15T07:36:18,leasing,DS,DS3,1,0,0.0
2026-07-15T07:36:18,leasing,DS,DS3 CROSSBACK,2,1,0.5
2026-07-15T07:36:18,leasing,DS,DS4,1,0,0.0
2026-07-15T07:36:18,leasing,DS,DS7,3,0,0.0
2026-07-15T07:36:18,leasing,FIAT,500,3,0,0.0
2026-07-15T07:36:18,leasing,FORD,KUGA,8,0,0.0
2026-07-15T07:36:18,leasing,FORD,PUMA,3,0,0.0
2026-07-15T07:36:18,leasing,HYUNDAI,IONIQ,1,1,1.0
2026-07-15T07:36:18,leasing,HYUNDAI,SANTA FE,1,0,0.0
2026-07-15T07:36:18,leasing,HYUNDAI,TUCSON,12,0,0.0
2026-07-15T07:36:18,leasing,JEEP,AVENGER,2,2,1.0
2026-07-15T07:36:18,leasing,KIA,CEED,6,0,0.0
2026-07-15T07:36:18,leasing,KIA,E-NIRO,1,1,1.0
2026-07-15T07:36:18,leasing,KIA,NIRO,1,0,0.0
2026-07-15T07:36:18,leasing,KIA,NIRO EV,4,4,1.0
2026-07-15T07:36:18,leasing,KIA,PICANTO,1,0,0.0
2026-07-15T07:36:18,leasing,KIA,PROCEED,1,0,0.0
2026-07-15T07:36:18,leasing,KIA,SORENTO,1,0,0.0
2026-07-15T07:36:18,leasing,KIA,SPORTAGE,10,0,0.0
2026-07-15T07:36:18,leasing,KIA,STONIC,15,0,0.0
2026-07-15T07:36:18,leasing,MAZDA,CX-5,1,0,0.0
2026-07-15T07:36:18,leasing,MERCEDES-BENZ,CLA COUPE,1,0,0.0
2026-07-15T07:36:18,leasing,MERCEDES-BENZ,CLASSE A,5,0,0.0
2026-07-15T07:36:18,leasing,MERCEDES-BENZ,CLASSE CLA,4,0,0.0
2026-07-15T07:36:18,leasing,MERCEDES-BENZ,CLASSE GLA,1,0,0.0
2026-07-15T07:36:18,leasing,MINI,COUNTRYMAN,2,0,0.0
2026-07-15T07:36:18,leasing,NISSAN,LEAF,1,1,1.0
2026-07-15T07:36:18,leasing,NISSAN,QASHQAI,9,0,0.0
2026-07-15T07:36:18,leasing,NISSAN,X-TRAIL,3,0,0.0
2026-07-15T07:36:18,leasing,OPEL,ASTRA,1,0,0.0
2026-07-15T07:36:18,leasing,OPEL,CORSA,4,0,0.0
2026-07-15T07:36:18,leasing,OPEL,CROSSLAND,3,0,0.0
2026-07-15T07:36:18,leasing,OPEL,E-CORSA,1,1,1.0
2026-07-15T07:36:18,leasing,OPEL,GRANDLAND,2,0,0.0
2026-07-15T07:36:18,leasing,PEUGEOT,2008,29,0,0.0
2026-07-15T07:36:18,leasing,PEUGEOT,208,9,0,0.0
2026-07-15T07:36:18,leasing,PEUGEOT,3008,48,0,0.0
2026-07-15T07:36:18,leasing,PEUGEOT,308,10,0,0.0
2026-07-15T07:36:18,leasing,PEUGEOT,308 SW,5,0,0.0
2026-07-15T07:36:18,leasing,PEUGEOT,5008,23,0,0.0
2026-07-15T07:36:18,leasing,PEUGEOT,E-2008,6,6,1.0
2026-07-15T07:36:18,leasing,PEUGEOT,E-208,2,2,1.0
2026-07-15T07:36:18,leasing,PEUGEOT,EXPERT,6,0,0.0
2026-07-15T07:36:18,leasing,PEUGEOT,PARTNER,9,0,0.0
2026-07-15T07:36:18,leasing,RENAULT,ARKANA,15,0,0.0
2026-07-15T07:36:18,leasing,RENAULT,AUSTRAL,5,0,0.0
2026-07-15T07:36:18,leasing,RENAULT,CAPTUR,20,0,0.0
2026-07-15T07:36:18,leasing,RENAULT,CLIO,22,0,0.0
2026-07-15T07:36:18,leasing,RENAULT,ESPACE,3,0,0.0
2026-07-15T07:36:18,leasing,RENAULT,EXPRESS,24,0,0.0
2026-07-15T07:36:18,leasing,RENAULT,KADJAR,1,0,0.0
2026-07-15T07:36:18,leasing,RENAULT,KANGOO,4,0,0.0
2026-07-15T07:36:18,leasing,RENAULT,KANGOO EXPRESS,1,0,0.0
2026-07-15T07:36:18,leasing,RENAULT,MASTER,1,0,0.0
2026-07-15T07:36:18,leasing,RENAULT,MEGANE,20,0,0.0
2026-07-15T07:36:18,leasing,RENAULT,MEGANE E-TECH,5,5,1.0
2026-07-15T07:36:18,leasing,RENAULT,SCENIC,8,0,0.0
2026-07-15T07:36:18,leasing,RENAULT,TRAFIC,10,0,0.0
2026-07-15T07:36:18,leasing,SEAT,TARRACO,1,0,0.0
2026-07-15T07:36:18,leasing,SKODA,FABIA,6,0,0.0
2026-07-15T07:36:18,leasing,SKODA,KAMIQ,6,0,0.0
2026-07-15T07:36:18,leasing,SKODA,KAROQ,3,0,0.0
2026-07-15T07:36:18,leasing,SKODA,KODIAQ,4,0,0.0
2026-07-15T07:36:18,leasing,SUZUKI,VITARA,1,0,0.0
2026-07-15T07:36:18,leasing,TESLA,MODEL 3,5,5,1.0
2026-07-15T07:36:18,leasing,TESLA,MODEL Y,6,6,1.0
2026-07-15T07:36:18,leasing,TOYOTA,AYGO X,3,0,0.0
2026-07-15T07:36:18,leasing,TOYOTA,C-HR,5,0,0.0
2026-07-15T07:36:18,leasing,TOYOTA,COROLLA,3,0,0.0
2026-07-15T07:36:18,leasing,TOYOTA,COROLLA TS,10,0,0.0
2026-07-15T07:36:18,leasing,TOYOTA,PROACE CITY,1,0,0.0
2026-07-15T07:36:18,leasing,TOYOTA,RAV4 HSD,3,0,0.0
2026-07-15T07:36:18,leasing,TOYOTA,RAV4 PLUG IN,5,0,0.0
2026-07-15T07:36:18,leasing,TOYOTA,YARIS,4,0,0.0
2026-07-15T07:36:18,leasing,TOYOTA,YARIS CROSS,2,0,0.0
2026-07-15T07:36:18,leasing,TOYOTA,YARIS HYBRID,2,0,0.0
2026-07-15T07:36:18,leasing,VOLKSWAGEN,GOLF,11,0,0.0
2026-07-15T07:36:18,leasing,VOLKSWAGEN,POLO,7,0,0.0
2026-07-15T07:36:18,leasing,VOLKSWAGEN,T-ROC,5,0,0.0
2026-07-15T07:36:18,leasing,VOLKSWAGEN,TAIGO,1,0,0.0
2026-07-15T07:36:18,leasing,VOLKSWAGEN,TIGUAN,4,0,0.0
2026-07-15T07:36:18,leasing,VOLKSWAGEN,TIGUAN ALLSPACE,2,0,0.0
2026-07-15T07:36:18,leasing,VOLKSWAGEN,TOURAN,3,0,0.0
2026-07-15T07:36:18,leasing,VOLKSWAGEN,TRANSPORTER,1,0,0.0
2026-07-15T07:36:18,cash,AUDI,A3 SPORTBACK,9,0,0.0
2026-07-15T07:36:18,cash,AUDI,Q2,1,0,0.0
2026-07-15T07:36:18,cash,AUDI,Q5,2,0,0.0
2026-07-15T07:36:18,cash,BMW,IX1,1,1,1.0
2026-07-15T07:36:18,cash,BMW,IX3,1,1,1.0
2026-07-15T07:36:18,cash,BMW,SERIE 1,11,0,0.0
2026-07-15T07:36:18,cash,BMW,SERIE 2 ACTIVE TOURE,1,0,0.0
2026-07-15T07:36:18,cash,BMW,SERIE 3,1,0,0.0
2026-07-15T07:36:18,cash,BMW,SERIE 4 GC,2,0,0.0
2026-07-15T07:36:18,cash,BMW,X1,14,0,0.0
2026-07-15T07:36:18,cash,BMW,X2,2,0,0.0
2026-07-15T07:36:18,cash,BMW,X3,6,0,0.0
2026-07-15T07:36:18,cash,BMW,X5,1,0,0.0
2026-07-15T07:36:18,cash,CITROEN,BERLINGO,12,0,0.0
2026-07-15T07:36:18,cash,CITROEN,C3,15,0,0.0
2026-07-15T07:36:18,cash,CITROEN,C3 AIRCROSS,9,0,0.0
2026-07-15T07:36:18,cash,CITROEN,C4,3,0,0.0
2026-07-15T07:36:18,cash,CITROEN,C4 SPACETOURER,1,0,0.0
2026-07-15T07:36:18,cash,CITROEN,C5 AIRCROSS,14,0,0.0
2026-07-15T07:36:18,cash,CITROEN,C5 X,5,0,0.0
2026-07-15T07:36:18,cash,CITROEN,E-C4,1,1,1.0
2026-07-15T07:36:18,cash,CITROEN,GRAND C4 SPACETOURER,1,0,0.0
2026-07-15T07:36:18,cash,CITROEN,JUMPER,1,0,0.0
2026-07-15T07:36:18,cash,CITROEN,JUMPY,6,0,0.0
2026-07-15T07:36:18,cash,DACIA,SANDERO,1,0,0.0
2026-07-15T07:36:18,cash,DS,DS3,1,0,0.0
2026-07-15T07:36:18,cash,DS,DS3 CROSSBACK,2,1,0.5
2026-07-15T07:36:18,cash,DS,DS4,1,0,0.0
2026-07-15T07:36:18,cash,DS,DS7,3,0,0.0
2026-07-15T07:36:18,cash,FIAT,500,3,0,0.0
2026-07-15T07:36:18,cash,FORD,KUGA,9,0,0.0
2026-07-15T07:36:18,cash,FORD,PUMA,4,0,0.0
2026-07-15T07:36:18,cash,FORD,TRANSIT CUSTOM,1,0,0.0
2026-07-15T07:36:18,cash,HYUNDAI,IONIQ,1,1,1.0
2026-07-15T07:36:18,cash,HYUNDAI,SANTA FE,1,0,0.0
2026-07-15T07:36:18,cash,HYUNDAI,TUCSON,12,0,0.0
2026-07-15T07:36:18,cash,JEEP,AVENGER,2,2,1.0
2026-07-15T07:36:18,cash,KIA,CEED,6,0,0.0
2026-07-15T07:36:18,cash,KIA,E-NIRO,1,1,1.0
2026-07-15T07:36:18,cash,KIA,NIRO,1,0,0.0
2026-07-15T07:36:18,cash,KIA,NIRO EV,4,4,1.0
2026-07-15T07:36:18,cash,KIA,PICANTO,1,0,0.0
2026-07-15T07:36:18,cash,KIA,PROCEED,1,0,0.0
2026-07-15T07:36:18,cash,KIA,SORENTO,1,0,0.0
2026-07-15T07:36:18,cash,KIA,SPORTAGE,12,0,0.0
2026-07-15T07:36:18,cash,KIA,STONIC,15,0,0.0
2026-07-15T07:36:18,cash,MAZDA,CX-5,1,0,0.0
2026-07-15T07:36:18,cash,MAZDA,MAZDA3,1,0,0.0
2026-07-15T07:36:18,cash,MERCEDES-BENZ,CLA COUPE,1,0,0.0
2026-07-15T07:36:18,cash,MERCEDES-BENZ,CLASSE A,7,0,0.0
2026-07-15T07:36:18,cash,MERCEDES-BENZ,CLASSE CLA,4,0,0.0
2026-07-15T07:36:18,cash,MERCEDES-BENZ,CLASSE GLA,1,0,0.0
2026-07-15T07:36:18,cash,MERCEDES-BENZ,GLB,1,0,0.0
2026-07-15T07:36:18,cash,MINI,COUNTRYMAN,2,0,0.0
2026-07-15T07:36:18,cash,MINI,MINI,2,0,0.0
2026-07-15T07:36:18,cash,NISSAN,LEAF,1,1,1.0
2026-07-15T07:36:18,cash,NISSAN,QASHQAI,10,0,0.0
2026-07-15T07:36:18,cash,NISSAN,X-TRAIL,3,0,0.0
2026-07-15T07:36:18,cash,OPEL,ASTRA,1,0,0.0
2026-07-15T07:36:18,cash,OPEL,CORSA,4,0,0.0
2026-07-15T07:36:18,cash,OPEL,CROSSLAND,3,0,0.0
2026-07-15T07:36:18,cash,OPEL,E-CORSA,1,1,1.0
2026-07-15T07:36:18,cash,OPEL,GRANDLAND,2,0,0.0
2026-07-15T07:36:18,cash,OPEL,GRANDLAND X,1,0,0.0
2026-07-15T07:36:18,cash,PEUGEOT,108,1,0,0.0
2026-07-15T07:36:18,cash,PEUGEOT,2008,33,0,0.0
2026-07-15T07:36:18,cash,PEUGEOT,208,11,0,0.0
2026-07-15T07:36:18,cash,PEUGEOT,3008,55,0,0.0
2026-07-15T07:36:18,cash,PEUGEOT,308,11,0,0.0
2026-07-15T07:36:18,cash,PEUGEOT,308 SW,5,0,0.0
2026-07-15T07:36:18,cash,PEUGEOT,5008,24,0,0.0
2026-07-15T07:36:18,cash,PEUGEOT,E-2008,6,6,1.0
2026-07-15T07:36:18,cash,PEUGEOT,E-208,4,4,1.0
2026-07-15T07:36:18,cash,PEUGEOT,E-308,1,1,1.0
2026-07-15T07:36:18,cash,PEUGEOT,EXPERT,6,0,0.0
2026-07-15T07:36:18,cash,PEUGEOT,PARTNER,11,0,0.0
2026-07-15T07:36:18,cash,RENAULT,ARKANA,15,0,0.0
2026-07-15T07:36:18,cash,RENAULT,AUSTRAL,5,0,0.0
2026-07-15T07:36:18,cash,RENAULT,CAPTUR,24,0,0.0
2026-07-15T07:36:18,cash,RENAULT,CLIO,31,0,0.0
2026-07-15T07:36:18,cash,RENAULT,ESPACE,3,0,0.0
2026-07-15T07:36:18,cash,RENAULT,EXPRESS,24,0,0.0
2026-07-15T07:36:18,cash,RENAULT,KADJAR,2,0,0.0
2026-07-15T07:36:18,cash,RENAULT,KANGOO,4,0,0.0
2026-07-15T07:36:18,cash,RENAULT,KANGOO EXPRESS,1,0,0.0
2026-07-15T07:36:18,cash,RENAULT,MASTER,1,0,0.0
2026-07-15T07:36:18,cash,RENAULT,MEGANE,26,0,0.0
2026-07-15T07:36:18,cash,RENAULT,MEGANE E-TECH,5,5,1.0
2026-07-15T07:36:18,cash,RENAULT,SCENIC,8,0,0.0
2026-07-15T07:36:18,cash,RENAULT,SYMBIOZ,1,0,0.0
2026-07-15T07:36:18,cash,RENAULT,TRAFIC,10,0,0.0
2026-07-15T07:36:18,cash,RENAULT,TWINGO,1,0,0.0
2026-07-15T07:36:18,cash,SEAT,TARRACO,1,0,0.0
2026-07-15T07:36:18,cash,SKODA,FABIA,6,0,0.0
2026-07-15T07:36:18,cash,SKODA,KAMIQ,6,0,0.0
2026-07-15T07:36:18,cash,SKODA,KAROQ,3,0,0.0
2026-07-15T07:36:18,cash,SKODA,KODIAQ,4,0,0.0
2026-07-15T07:36:18,cash,SMART,1,1,1,1.0
2026-07-15T07:36:18,cash,SUZUKI,VITARA,1,0,0.0
2026-07-15T07:36:18,cash,TESLA,MODEL 3,6,6,1.0
2026-07-15T07:36:18,cash,TESLA,MODEL Y,6,6,1.0
2026-07-15T07:36:18,cash,TOYOTA,AYGO X,3,0,0.0
2026-07-15T07:36:18,cash,TOYOTA,C-HR,6,0,0.0
2026-07-15T07:36:18,cash,TOYOTA,COROLLA,4,0,0.0
2026-07-15T07:36:18,cash,TOYOTA,COROLLA TS,10,0,0.0
2026-07-15T07:36:18,cash,TOYOTA,PROACE CITY,1,0,0.0
2026-07-15T07:36:18,cash,TOYOTA,RAV4 HSD,4,0,0.0
2026-07-15T07:36:18,cash,TOYOTA,RAV4 PLUG IN,5,0,0.0
2026-07-15T07:36:18,cash,TOYOTA,YARIS,4,0,0.0
2026-07-15T07:36:18,cash,TOYOTA,YARIS CROSS,2,0,0.0
2026-07-15T07:36:18,cash,TOYOTA,YARIS HYBRID,2,0,0.0
2026-07-15T07:36:18,cash,VOLKSWAGEN,GOLF,12,0,0.0
2026-07-15T07:36:18,cash,VOLKSWAGEN,POLO,7,0,0.0
2026-07-15T07:36:18,cash,VOLKSWAGEN,T-ROC,7,0,0.0
2026-07-15T07:36:18,cash,VOLKSWAGEN,TAIGO,2,0,0.0
2026-07-15T07:36:18,cash,VOLKSWAGEN,TIGUAN,5,0,0.0
2026-07-15T07:36:18,cash,VOLKSWAGEN,TIGUAN ALLSPACE,4,0,0.0
2026-07-15T07:36:18,cash,VOLKSWAGEN,TOURAN,3,0,0.0
2026-07-15T07:36:18,cash,VOLKSWAGEN,TRANSPORTER,1,0,0.0
2026-07-15T09:11:05,leasing,AUDI,A3 SPORTBACK,8,0,0.0
2026-07-15T09:11:05,leasing,AUDI,Q5,2,0,0.0
2026-07-15T09:11:05,leasing,BMW,IX1,1,1,1.0
2026-07-15T09:11:05,leasing,BMW,IX3,1,1,1.0
2026-07-15T09:11:05,leasing,BMW,SERIE 1,11,0,0.0
2026-07-15T09:11:05,leasing,BMW,SERIE 2 ACTIVE TOURE,1,0,0.0
2026-07-15T09:11:05,leasing,BMW,SERIE 3,1,0,0.0
2026-07-15T09:11:05,leasing,BMW,SERIE 4 GC,2,0,0.0
2026-07-15T09:11:05,leasing,BMW,X1,10,0,0.0
2026-07-15T09:11:05,leasing,BMW,X2,2,0,0.0
2026-07-15T09:11:05,leasing,BMW,X3,5,0,0.0
2026-07-15T09:11:05,leasing,CITROEN,BERLINGO,10,0,0.0
2026-07-15T09:11:05,leasing,CITROEN,C3,10,0,0.0
2026-07-15T09:11:05,leasing,CITROEN,C3 AIRCROSS,9,0,0.0
2026-07-15T09:11:05,leasing,CITROEN,C4,3,0,0.0
2026-07-15T09:11:05,leasing,CITROEN,C5 AIRCROSS,14,0,0.0
2026-07-15T09:11:05,leasing,CITROEN,C5 X,5,0,0.0
2026-07-15T09:11:05,leasing,CITROEN,GRAND C4 SPACETOURER,1,0,0.0
2026-07-15T09:11:05,leasing,CITROEN,JUMPER,1,0,0.0
2026-07-15T09:11:05,leasing,CITROEN,JUMPY,5,0,0.0
2026-07-15T09:11:05,leasing,DACIA,SANDERO,1,0,0.0
2026-07-15T09:11:05,leasing,DS,DS3,1,0,0.0
2026-07-15T09:11:05,leasing,DS,DS3 CROSSBACK,2,1,0.5
2026-07-15T09:11:05,leasing,DS,DS4,1,0,0.0
2026-07-15T09:11:05,leasing,DS,DS7,3,0,0.0
2026-07-15T09:11:05,leasing,FIAT,500,3,0,0.0
2026-07-15T09:11:05,leasing,FORD,KUGA,8,0,0.0
2026-07-15T09:11:05,leasing,FORD,PUMA,3,0,0.0
2026-07-15T09:11:05,leasing,HYUNDAI,IONIQ,1,1,1.0
2026-07-15T09:11:05,leasing,HYUNDAI,SANTA FE,1,0,0.0
2026-07-15T09:11:05,leasing,HYUNDAI,TUCSON,12,0,0.0
2026-07-15T09:11:05,leasing,JEEP,AVENGER,2,2,1.0
2026-07-15T09:11:05,leasing,KIA,CEED,6,0,0.0
2026-07-15T09:11:05,leasing,KIA,E-NIRO,1,1,1.0
2026-07-15T09:11:05,leasing,KIA,NIRO,1,0,0.0
2026-07-15T09:11:05,leasing,KIA,NIRO EV,4,4,1.0
2026-07-15T09:11:05,leasing,KIA,PICANTO,1,0,0.0
2026-07-15T09:11:05,leasing,KIA,PROCEED,1,0,0.0
2026-07-15T09:11:05,leasing,KIA,SORENTO,1,0,0.0
2026-07-15T09:11:05,leasing,KIA,SPORTAGE,9,0,0.0
2026-07-15T09:11:05,leasing,KIA,STONIC,14,0,0.0
2026-07-15T09:11:05,leasing,KIA,XCEED,1,0,0.0
2026-07-15T09:11:05,leasing,MAZDA,CX-5,1,0,0.0
2026-07-15T09:11:05,leasing,MERCEDES-BENZ,CLA COUPE,1,0,0.0
2026-07-15T09:11:05,leasing,MERCEDES-BENZ,CLASSE A,5,0,0.0
2026-07-15T09:11:05,leasing,MERCEDES-BENZ,CLASSE CLA,3,0,0.0
2026-07-15T09:11:05,leasing,MINI,COUNTRYMAN,2,0,0.0
2026-07-15T09:11:05,leasing,NISSAN,LEAF,1,1,1.0
2026-07-15T09:11:05,leasing,NISSAN,QASHQAI,9,0,0.0
2026-07-15T09:11:05,leasing,NISSAN,X-TRAIL,3,0,0.0
2026-07-15T09:11:05,leasing,OPEL,ASTRA,1,0,0.0
2026-07-15T09:11:05,leasing,OPEL,CORSA,4,0,0.0
2026-07-15T09:11:05,leasing,OPEL,CROSSLAND,3,0,0.0
2026-07-15T09:11:05,leasing,OPEL,E-CORSA,1,1,1.0
2026-07-15T09:11:05,leasing,OPEL,GRANDLAND,2,0,0.0
2026-07-15T09:11:05,leasing,PEUGEOT,2008,29,0,0.0
2026-07-15T09:11:05,leasing,PEUGEOT,208,9,0,0.0
2026-07-15T09:11:05,leasing,PEUGEOT,3008,48,0,0.0
2026-07-15T09:11:05,leasing,PEUGEOT,308,9,0,0.0
2026-07-15T09:11:05,leasing,PEUGEOT,308 SW,5,0,0.0
2026-07-15T09:11:05,leasing,PEUGEOT,5008,23,0,0.0
2026-07-15T09:11:05,leasing,PEUGEOT,E-2008,6,6,1.0
2026-07-15T09:11:05,leasing,PEUGEOT,E-208,2,2,1.0
2026-07-15T09:11:05,leasing,PEUGEOT,EXPERT,6,0,0.0
2026-07-15T09:11:05,leasing,PEUGEOT,PARTNER,9,0,0.0
2026-07-15T09:11:05,leasing,RENAULT,ARKANA,14,0,0.0
2026-07-15T09:11:05,leasing,RENAULT,AUSTRAL,5,0,0.0
2026-07-15T09:11:05,leasing,RENAULT,CAPTUR,20,0,0.0
2026-07-15T09:11:05,leasing,RENAULT,CLIO,22,0,0.0
2026-07-15T09:11:05,leasing,RENAULT,ESPACE,3,0,0.0
2026-07-15T09:11:05,leasing,RENAULT,EXPRESS,24,0,0.0
2026-07-15T09:11:05,leasing,RENAULT,KADJAR,1,0,0.0
2026-07-15T09:11:05,leasing,RENAULT,KANGOO,4,0,0.0
2026-07-15T09:11:05,leasing,RENAULT,KANGOO EXPRESS,1,0,0.0
2026-07-15T09:11:05,leasing,RENAULT,MASTER,1,0,0.0
2026-07-15T09:11:05,leasing,RENAULT,MEGANE,20,0,0.0
2026-07-15T09:11:05,leasing,RENAULT,MEGANE E-TECH,2,2,1.0
2026-07-15T09:11:05,leasing,RENAULT,SCENIC,8,0,0.0
2026-07-15T09:11:05,leasing,RENAULT,TRAFIC,10,0,0.0
2026-07-15T09:11:05,leasing,SEAT,TARRACO,1,0,0.0
2026-07-15T09:11:05,leasing,SKODA,FABIA,6,0,0.0
2026-07-15T09:11:05,leasing,SKODA,KAMIQ,6,0,0.0
2026-07-15T09:11:05,leasing,SKODA,KAROQ,3,0,0.0
2026-07-15T09:11:05,leasing,SKODA,KODIAQ,4,0,0.0
2026-07-15T09:11:05,leasing,SUZUKI,VITARA,1,0,0.0
2026-07-15T09:11:05,leasing,TESLA,MODEL 3,5,5,1.0
2026-07-15T09:11:05,leasing,TESLA,MODEL Y,6,6,1.0
2026-07-15T09:11:05,leasing,TOYOTA,AYGO X,3,0,0.0
2026-07-15T09:11:05,leasing,TOYOTA,C-HR,5,0,0.0
2026-07-15T09:11:05,leasing,TOYOTA,COROLLA,3,0,0.0
2026-07-15T09:11:05,leasing,TOYOTA,COROLLA TS,10,0,0.0
2026-07-15T09:11:05,leasing,TOYOTA,PROACE CITY,1,0,0.0
2026-07-15T09:11:05,leasing,TOYOTA,RAV4 HSD,3,0,0.0
2026-07-15T09:11:05,leasing,TOYOTA,RAV4 PLUG IN,5,0,0.0
2026-07-15T09:11:05,leasing,TOYOTA,YARIS,4,0,0.0
2026-07-15T09:11:05,leasing,TOYOTA,YARIS CROSS,2,0,0.0
2026-07-15T09:11:05,leasing,TOYOTA,YARIS HYBRID,2,0,0.0
2026-07-15T09:11:05,leasing,VOLKSWAGEN,GOLF,10,0,0.0
2026-07-15T09:11:05,leasing,VOLKSWAGEN,POLO,7,0,0.0
2026-07-15T09:11:05,leasing,VOLKSWAGEN,T-ROC,5,0,0.0
2026-07-15T09:11:05,leasing,VOLKSWAGEN,TAIGO,1,0,0.0
2026-07-15T09:11:05,leasing,VOLKSWAGEN,TIGUAN,4,0,0.0
2026-07-15T09:11:05,leasing,VOLKSWAGEN,TIGUAN ALLSPACE,2,0,0.0
2026-07-15T09:11:05,leasing,VOLKSWAGEN,TOURAN,3,0,0.0
2026-07-15T09:11:05,leasing,VOLKSWAGEN,TRANSPORTER,1,0,0.0
2026-07-15T09:11:05,cash,AUDI,A3 SPORTBACK,9,0,0.0
2026-07-15T09:11:05,cash,AUDI,Q5,2,0,0.0
2026-07-15T09:11:05,cash,BMW,IX1,1,1,1.0
2026-07-15T09:11:05,cash,BMW,IX3,1,1,1.0
2026-07-15T09:11:05,cash,BMW,SERIE 1,11,0,0.0
2026-07-15T09:11:05,cash,BMW,SERIE 2 ACTIVE TOURE,1,0,0.0
2026-07-15T09:11:05,cash,BMW,SERIE 3,1,0,0.0
2026-07-15T09:11:05,cash,BMW,SERIE 4 GC,2,0,0.0
2026-07-15T09:11:05,cash,BMW,X1,12,0,0.0
2026-07-15T09:11:05,cash,BMW,X2,2,0,0.0
2026-07-15T09:11:05,cash,BMW,X3,6,0,0.0
2026-07-15T09:11:05,cash,BMW,X5,1,0,0.0
2026-07-15T09:11:05,cash,CITROEN,BERLINGO,13,0,0.0
2026-07-15T09:11:05,cash,CITROEN,C3,14,0,0.0
2026-07-15T09:11:05,cash,CITROEN,C3 AIRCROSS,9,0,0.0
2026-07-15T09:11:05,cash,CITROEN,C4,3,0,0.0
2026-07-15T09:11:05,cash,CITROEN,C4 SPACETOURER,1,0,0.0
2026-07-15T09:11:05,cash,CITROEN,C5 AIRCROSS,14,0,0.0
2026-07-15T09:11:05,cash,CITROEN,C5 X,5,0,0.0
2026-07-15T09:11:05,cash,CITROEN,E-C4,1,1,1.0
2026-07-15T09:11:05,cash,CITROEN,GRAND C4 SPACETOURER,1,0,0.0
2026-07-15T09:11:05,cash,CITROEN,JUMPER,1,0,0.0
2026-07-15T09:11:05,cash,CITROEN,JUMPY,6,0,0.0
2026-07-15T09:11:05,cash,DACIA,SANDERO,1,0,0.0
2026-07-15T09:11:05,cash,DS,DS3,1,0,0.0
2026-07-15T09:11:05,cash,DS,DS3 CROSSBACK,2,1,0.5
2026-07-15T09:11:05,cash,DS,DS4,1,0,0.0
2026-07-15T09:11:05,cash,DS,DS7,3,0,0.0
2026-07-15T09:11:05,cash,FIAT,500,3,0,0.0
2026-07-15T09:11:05,cash,FORD,KUGA,9,0,0.0
2026-07-15T09:11:05,cash,FORD,PUMA,4,0,0.0
2026-07-15T09:11:05,cash,FORD,TRANSIT CUSTOM,1,0,0.0
2026-07-15T09:11:05,cash,HYUNDAI,IONIQ,1,1,1.0
2026-07-15T09:11:05,cash,HYUNDAI,SANTA FE,1,0,0.0
2026-07-15T09:11:05,cash,HYUNDAI,TUCSON,12,0,0.0
2026-07-15T09:11:05,cash,JEEP,AVENGER,2,2,1.0
2026-07-15T09:11:05,cash,KIA,CEED,6,0,0.0
2026-07-15T09:11:05,cash,KIA,E-NIRO,1,1,1.0
2026-07-15T09:11:05,cash,KIA,NIRO,1,0,0.0
2026-07-15T09:11:05,cash,KIA,NIRO EV,4,4,1.0
2026-07-15T09:11:05,cash,KIA,PICANTO,1,0,0.0
2026-07-15T09:11:05,cash,KIA,PROCEED,1,0,0.0
2026-07-15T09:11:05,cash,KIA,SORENTO,1,0,0.0
2026-07-15T09:11:05,cash,KIA,SPORTAGE,11,0,0.0
2026-07-15T09:11:05,cash,KIA,STONIC,14,0,0.0
2026-07-15T09:11:05,cash,KIA,XCEED,1,0,0.0
2026-07-15T09:11:05,cash,MAZDA,CX-5,1,0,0.0
2026-07-15T09:11:05,cash,MAZDA,MAZDA3,1,0,0.0
2026-07-15T09:11:05,cash,MERCEDES-BENZ,CLA COUPE,1,0,0.0
2026-07-15T09:11:05,cash,MERCEDES-BENZ,CLASSE A,7,0,0.0
2026-07-15T09:11:05,cash,MERCEDES-BENZ,CLASSE CLA,3,0,0.0
2026-07-15T09:11:05,cash,MERCEDES-BENZ,GLB,1,0,0.0
2026-07-15T09:11:05,cash,MINI,COUNTRYMAN,2,0,0.0
2026-07-15T09:11:05,cash,MINI,MINI,2,0,0.0
2026-07-15T09:11:05,cash,NISSAN,LEAF,1,1,1.0
2026-07-15T09:11:05,cash,NISSAN,QASHQAI,10,0,0.0
2026-07-15T09:11:05,cash,NISSAN,X-TRAIL,3,0,0.0
2026-07-15T09:11:05,cash,OPEL,ASTRA,1,0,0.0
2026-07-15T09:11:05,cash,OPEL,CORSA,4,0,0.0
2026-07-15T09:11:05,cash,OPEL,CROSSLAND,3,0,0.0
2026-07-15T09:11:05,cash,OPEL,E-CORSA,1,1,1.0
2026-07-15T09:11:05,cash,OPEL,GRANDLAND,2,0,0.0
2026-07-15T09:11:05,cash,OPEL,GRANDLAND X,1,0,0.0
2026-07-15T09:11:05,cash,PEUGEOT,108,1,0,0.0
2026-07-15T09:11:05,cash,PEUGEOT,2008,33,0,0.0
2026-07-15T09:11:05,cash,PEUGEOT,208,11,0,0.0
2026-07-15T09:11:05,cash,PEUGEOT,3008,55,0,0.0
2026-07-15T09:11:05,cash,PEUGEOT,308,10,0,0.0
2026-07-15T09:11:05,cash,PEUGEOT,308 SW,5,0,0.0
2026-07-15T09:11:05,cash,PEUGEOT,5008,24,0,0.0
2026-07-15T09:11:05,cash,PEUGEOT,E-2008,6,6,1.0
2026-07-15T09:11:05,cash,PEUGEOT,E-208,4,4,1.0
2026-07-15T09:11:05,cash,PEUGEOT,E-308,1,1,1.0
2026-07-15T09:11:05,cash,PEUGEOT,EXPERT,6,0,0.0
2026-07-15T09:11:05,cash,PEUGEOT,PARTNER,11,0,0.0
2026-07-15T09:11:05,cash,RENAULT,ARKANA,14,0,0.0
2026-07-15T09:11:05,cash,RENAULT,AUSTRAL,5,0,0.0
2026-07-15T09:11:05,cash,RENAULT,CAPTUR,24,0,0.0
2026-07-15T09:11:05,cash,RENAULT,CLIO,31,0,0.0
2026-07-15T09:11:05,cash,RENAULT,ESPACE,3,0,0.0
2026-07-15T09:11:05,cash,RENAULT,EXPRESS,24,0,0.0
2026-07-15T09:11:05,cash,RENAULT,KADJAR,2,0,0.0
2026-07-15T09:11:05,cash,RENAULT,KANGOO,4,0,0.0
2026-07-15T09:11:05,cash,RENAULT,KANGOO EXPRESS,1,0,0.0
2026-07-15T09:11:05,cash,RENAULT,MASTER,1,0,0.0
2026-07-15T09:11:05,cash,RENAULT,MEGANE,26,0,0.0
2026-07-15T09:11:05,cash,RENAULT,MEGANE E-TECH,2,2,1.0
2026-07-15T09:11:05,cash,RENAULT,SCENIC,8,0,0.0
2026-07-15T09:11:05,cash,RENAULT,SYMBIOZ,1,0,0.0
2026-07-15T09:11:05,cash,RENAULT,TRAFIC,10,0,0.0
2026-07-15T09:11:05,cash,RENAULT,TWINGO,1,0,0.0
2026-07-15T09:11:05,cash,SEAT,TARRACO,1,0,0.0
2026-07-15T09:11:05,cash,SKODA,FABIA,6,0,0.0
2026-07-15T09:11:05,cash,SKODA,KAMIQ,6,0,0.0
2026-07-15T09:11:05,cash,SKODA,KAROQ,3,0,0.0
2026-07-15T09:11:05,cash,SKODA,KODIAQ,4,0,0.0
2026-07-15T09:11:05,cash,SMART,1,1,1,1.0
2026-07-15T09:11:05,cash,SUZUKI,VITARA,1,0,0.0
2026-07-15T09:11:05,cash,TESLA,MODEL 3,6,6,1.0
2026-07-15T09:11:05,cash,TESLA,MODEL Y,6,6,1.0
2026-07-15T09:11:05,cash,TOYOTA,AYGO X,3,0,0.0
2026-07-15T09:11:05,cash,TOYOTA,C-HR,6,0,0.0
2026-07-15T09:11:05,cash,TOYOTA,COROLLA,4,0,0.0
2026-07-15T09:11:05,cash,TOYOTA,COROLLA TS,10,0,0.0
2026-07-15T09:11:05,cash,TOYOTA,PROACE CITY,1,0,0.0
2026-07-15T09:11:05,cash,TOYOTA,RAV4 HSD,4,0,0.0
2026-07-15T09:11:05,cash,TOYOTA,RAV4 PLUG IN,5,0,0.0
2026-07-15T09:11:05,cash,TOYOTA,YARIS,4,0,0.0
2026-07-15T09:11:05,cash,TOYOTA,YARIS CROSS,2,0,0.0
2026-07-15T09:11:05,cash,TOYOTA,YARIS HYBRID,2,0,0.0
2026-07-15T09:11:05,cash,VOLKSWAGEN,GOLF,11,0,0.0
2026-07-15T09:11:05,cash,VOLKSWAGEN,POLO,7,0,0.0
2026-07-15T09:11:05,cash,VOLKSWAGEN,T-ROC,7,0,0.0
2026-07-15T09:11:05,cash,VOLKSWAGEN,TAIGO,2,0,0.0
2026-07-15T09:11:05,cash,VOLKSWAGEN,TIGUAN,5,0,0.0
2026-07-15T09:11:05,cash,VOLKSWAGEN,TIGUAN ALLSPACE,4,0,0.0
2026-07-15T09:11:05,cash,VOLKSWAGEN,TOURAN,3,0,0.0
2026-07-15T09:11:05,cash,VOLKSWAGEN,TRANSPORTER,1,0,0.0
2026-07-16T07:33:29,leasing,AUDI,A3 SPORTBACK,6,0,0.0
2026-07-16T07:33:29,leasing,BMW,IX1,1,1,1.0
2026-07-16T07:33:29,leasing,BMW,IX3,1,1,1.0
2026-07-16T07:33:29,leasing,BMW,SERIE 1,5,0,0.0
2026-07-16T07:33:29,leasing,BMW,SERIE 3,2,0,0.0
2026-07-16T07:33:29,leasing,BMW,X1,5,0,0.0
2026-07-16T07:33:29,leasing,BMW,X3,3,0,0.0
2026-07-16T07:33:29,leasing,CITROEN,BERLINGO,7,0,0.0
2026-07-16T07:33:29,leasing,CITROEN,C3,7,0,0.0
2026-07-16T07:33:29,leasing,CITROEN,C3 AIRCROSS,6,0,0.0
2026-07-16T07:33:29,leasing,CITROEN,C4,4,0,0.0
2026-07-16T07:33:29,leasing,CITROEN,C5 AIRCROSS,11,0,0.0
2026-07-16T07:33:29,leasing,CITROEN,C5 X,4,0,0.0
2026-07-16T07:33:29,leasing,CITROEN,GRAND C4 SPACETOURER,1,0,0.0
2026-07-16T07:33:29,leasing,CITROEN,JUMPY,4,0,0.0
2026-07-16T07:33:29,leasing,DACIA,SANDERO,1,0,0.0
2026-07-16T07:33:29,leasing,DS,DS3,1,0,0.0
2026-07-16T07:33:29,leasing,DS,DS3 CROSSBACK,2,1,0.5
2026-07-16T07:33:29,leasing,DS,DS7,2,0,0.0
2026-07-16T07:33:29,leasing,FIAT,500,1,0,0.0
2026-07-16T07:33:29,leasing,FORD,KUGA,5,0,0.0
2026-07-16T07:33:29,leasing,FORD,PUMA,1,0,0.0
2026-07-16T07:33:29,leasing,HYUNDAI,IONIQ,1,1,1.0
2026-07-16T07:33:29,leasing,HYUNDAI,KONA,1,1,1.0
2026-07-16T07:33:29,leasing,HYUNDAI,SANTA FE,1,0,0.0
2026-07-16T07:33:29,leasing,HYUNDAI,TUCSON,8,0,0.0
2026-07-16T07:33:29,leasing,JEEP,AVENGER,2,2,1.0
2026-07-16T07:33:29,leasing,KIA,CEED,4,0,0.0
2026-07-16T07:33:29,leasing,KIA,E-NIRO,1,1,1.0
2026-07-16T07:33:29,leasing,KIA,NIRO,1,0,0.0
2026-07-16T07:33:29,leasing,KIA,NIRO EV,4,4,1.0
2026-07-16T07:33:29,leasing,KIA,PICANTO,1,0,0.0
2026-07-16T07:33:29,leasing,KIA,PROCEED,1,0,0.0
2026-07-16T07:33:29,leasing,KIA,RIO,1,0,0.0
2026-07-16T07:33:29,leasing,KIA,SPORTAGE,7,0,0.0
2026-07-16T07:33:29,leasing,KIA,STONIC,12,0,0.0
2026-07-16T07:33:29,leasing,KIA,XCEED,1,0,0.0
2026-07-16T07:33:29,leasing,MERCEDES-BENZ,CLASSE A,4,0,0.0
2026-07-16T07:33:29,leasing,MERCEDES-BENZ,CLASSE CLA,1,0,0.0
2026-07-16T07:33:29,leasing,MINI,COUNTRYMAN,1,0,0.0
2026-07-16T07:33:29,leasing,NISSAN,LEAF,1,1,1.0
2026-07-16T07:33:29,leasing,NISSAN,QASHQAI,6,0,0.0
2026-07-16T07:33:29,leasing,NISSAN,X-TRAIL,1,0,0.0
2026-07-16T07:33:29,leasing,OPEL,ASTRA,1,0,0.0
2026-07-16T07:33:29,leasing,OPEL,CORSA,4,0,0.0
2026-07-16T07:33:29,leasing,OPEL,CROSSLAND,3,0,0.0
2026-07-16T07:33:29,leasing,OPEL,E-CORSA,1,1,1.0
2026-07-16T07:33:29,leasing,OPEL,GRANDLAND,1,0,0.0
2026-07-16T07:33:29,leasing,PEUGEOT,2008,19,0,0.0
2026-07-16T07:33:29,leasing,PEUGEOT,208,5,0,0.0
2026-07-16T07:33:29,leasing,PEUGEOT,3008,32,0,0.0
2026-07-16T07:33:29,leasing,PEUGEOT,308,5,0,0.0
2026-07-16T07:33:29,leasing,PEUGEOT,308 SW,2,0,0.0
2026-07-16T07:33:29,leasing,PEUGEOT,5008,14,0,0.0
2026-07-16T07:33:29,leasing,PEUGEOT,E-2008,6,6,1.0
2026-07-16T07:33:29,leasing,PEUGEOT,E-208,3,3,1.0
2026-07-16T07:33:29,leasing,PEUGEOT,EXPERT,5,0,0.0
2026-07-16T07:33:29,leasing,PEUGEOT,PARTNER,8,0,0.0
2026-07-16T07:33:29,leasing,RENAULT,ARKANA,13,0,0.0
2026-07-16T07:33:29,leasing,RENAULT,AUSTRAL,4,0,0.0
2026-07-16T07:33:29,leasing,RENAULT,CAPTUR,14,0,0.0
2026-07-16T07:33:29,leasing,RENAULT,CLIO,21,0,0.0
2026-07-16T07:33:29,leasing,RENAULT,ESPACE,1,0,0.0
2026-07-16T07:33:29,leasing,RENAULT,EXPRESS,20,0,0.0
2026-07-16T07:33:29,leasing,RENAULT,KADJAR,1,0,0.0
2026-07-16T07:33:29,leasing,RENAULT,KANGOO,4,0,0.0
2026-07-16T07:33:29,leasing,RENAULT,MASTER,1,0,0.0
2026-07-16T07:33:29,leasing,RENAULT,MEGANE,13,0,0.0
2026-07-16T07:33:29,leasing,RENAULT,MEGANE E-TECH,2,2,1.0
2026-07-16T07:33:29,leasing,RENAULT,SCENIC,7,0,0.0
2026-07-16T07:33:29,leasing,RENAULT,TRAFIC,6,0,0.0
2026-07-16T07:33:29,leasing,RENAULT,ZOE,1,1,1.0
2026-07-16T07:33:29,leasing,SEAT,TARRACO,1,0,0.0
2026-07-16T07:33:29,leasing,SKODA,FABIA,6,0,0.0
2026-07-16T07:33:29,leasing,SKODA,KAMIQ,5,0,0.0
2026-07-16T07:33:29,leasing,SKODA,KAROQ,1,0,0.0
2026-07-16T07:33:29,leasing,SKODA,KODIAQ,2,0,0.0
2026-07-16T07:33:29,leasing,TESLA,MODEL 3,5,5,1.0
2026-07-16T07:33:29,leasing,TESLA,MODEL Y,6,6,1.0
2026-07-16T07:33:29,leasing,TOYOTA,AYGO X,3,0,0.0
2026-07-16T07:33:29,leasing,TOYOTA,C-HR,3,0,0.0
2026-07-16T07:33:29,leasing,TOYOTA,COROLLA,3,0,0.0
2026-07-16T07:33:29,leasing,TOYOTA,COROLLA TS,9,0,0.0
2026-07-16T07:33:29,leasing,TOYOTA,PROACE CITY,1,0,0.0
2026-07-16T07:33:29,leasing,TOYOTA,RAV4 HSD,1,0,0.0
2026-07-16T07:33:29,leasing,TOYOTA,RAV4 PLUG IN,5,0,0.0
2026-07-16T07:33:29,leasing,TOYOTA,YARIS,2,0,0.0
2026-07-16T07:33:29,leasing,TOYOTA,YARIS CROSS,2,0,0.0
2026-07-16T07:33:29,leasing,TOYOTA,YARIS HYBRID,2,0,0.0
2026-07-16T07:33:29,leasing,VOLKSWAGEN,GOLF,6,0,0.0
2026-07-16T07:33:29,leasing,VOLKSWAGEN,POLO,6,0,0.0
2026-07-16T07:33:29,leasing,VOLKSWAGEN,T-ROC,4,0,0.0
2026-07-16T07:33:29,leasing,VOLKSWAGEN,TIGUAN,3,0,0.0
2026-07-16T07:33:29,leasing,VOLKSWAGEN,TIGUAN ALLSPACE,2,0,0.0
2026-07-16T07:33:29,leasing,VOLKSWAGEN,TOURAN,1,0,0.0
2026-07-16T07:33:29,leasing,VOLKSWAGEN,TRANSPORTER,1,0,0.0
2026-07-16T07:33:29,cash,AUDI,A3 SPORTBACK,6,0,0.0
2026-07-16T07:33:29,cash,BMW,IX1,1,1,1.0
2026-07-16T07:33:29,cash,BMW,IX3,1,1,1.0
2026-07-16T07:33:29,cash,BMW,SERIE 1,5,0,0.0
2026-07-16T07:33:29,cash,BMW,SERIE 3,2,0,0.0
2026-07-16T07:33:29,cash,BMW,X1,6,0,0.0
2026-07-16T07:33:29,cash,BMW,X3,3,0,0.0
2026-07-16T07:33:29,cash,BMW,X5,1,0,0.0
2026-07-16T07:33:29,cash,CITROEN,BERLINGO,8,0,0.0
2026-07-16T07:33:29,cash,CITROEN,C3,8,0,0.0
2026-07-16T07:33:29,cash,CITROEN,C3 AIRCROSS,6,0,0.0
2026-07-16T07:33:29,cash,CITROEN,C4,4,0,0.0
2026-07-16T07:33:29,cash,CITROEN,C5 AIRCROSS,11,0,0.0
2026-07-16T07:33:29,cash,CITROEN,C5 X,4,0,0.0
2026-07-16T07:33:29,cash,CITROEN,E-C4,1,1,1.0
2026-07-16T07:33:29,cash,CITROEN,GRAND C4 SPACETOURER,1,0,0.0
2026-07-16T07:33:29,cash,CITROEN,JUMPY,5,0,0.0
2026-07-16T07:33:29,cash,DACIA,SANDERO,1,0,0.0
2026-07-16T07:33:29,cash,DS,DS3,1,0,0.0
2026-07-16T07:33:29,cash,DS,DS3 CROSSBACK,2,1,0.5
2026-07-16T07:33:29,cash,DS,DS7,2,0,0.0
2026-07-16T07:33:29,cash,FIAT,500,1,0,0.0
2026-07-16T07:33:29,cash,FORD,KUGA,6,0,0.0
2026-07-16T07:33:29,cash,FORD,PUMA,1,0,0.0
2026-07-16T07:33:29,cash,FORD,TRANSIT CUSTOM,1,0,0.0
2026-07-16T07:33:29,cash,HYUNDAI,IONIQ,1,1,1.0
2026-07-16T07:33:29,cash,HYUNDAI,KONA,1,1,1.0
2026-07-16T07:33:29,cash,HYUNDAI,SANTA FE,1,0,0.0
2026-07-16T07:33:29,cash,HYUNDAI,TUCSON,8,0,0.0
2026-07-16T07:33:29,cash,JEEP,AVENGER,2,2,1.0
2026-07-16T07:33:29,cash,KIA,CEED,4,0,0.0
2026-07-16T07:33:29,cash,KIA,E-NIRO,1,1,1.0
2026-07-16T07:33:29,cash,KIA,NIRO,1,0,0.0
2026-07-16T07:33:29,cash,KIA,NIRO EV,4,4,1.0
2026-07-16T07:33:29,cash,KIA,PICANTO,1,0,0.0
2026-07-16T07:33:29,cash,KIA,PROCEED,1,0,0.0
2026-07-16T07:33:29,cash,KIA,RIO,1,0,0.0
2026-07-16T07:33:29,cash,KIA,SPORTAGE,8,0,0.0
2026-07-16T07:33:29,cash,KIA,STONIC,12,0,0.0
2026-07-16T07:33:29,cash,KIA,XCEED,1,0,0.0
2026-07-16T07:33:29,cash,MERCEDES-BENZ,CLASSE A,6,0,0.0
2026-07-16T07:33:29,cash,MERCEDES-BENZ,CLASSE CLA,1,0,0.0
2026-07-16T07:33:29,cash,MERCEDES-BENZ,GLB,1,0,0.0
2026-07-16T07:33:29,cash,MINI,COUNTRYMAN,1,0,0.0
2026-07-16T07:33:29,cash,NISSAN,LEAF,1,1,1.0
2026-07-16T07:33:29,cash,NISSAN,QASHQAI,7,0,0.0
2026-07-16T07:33:29,cash,NISSAN,X-TRAIL,1,0,0.0
2026-07-16T07:33:29,cash,OPEL,ASTRA,1,0,0.0
2026-07-16T07:33:29,cash,OPEL,CORSA,4,0,0.0
2026-07-16T07:33:29,cash,OPEL,CROSSLAND,3,0,0.0
2026-07-16T07:33:29,cash,OPEL,E-CORSA,1,1,1.0
2026-07-16T07:33:29,cash,OPEL,GRANDLAND,1,0,0.0
2026-07-16T07:33:29,cash,OPEL,GRANDLAND X,1,0,0.0
2026-07-16T07:33:29,cash,PEUGEOT,108,1,0,0.0
2026-07-16T07:33:29,cash,PEUGEOT,2008,21,0,0.0
2026-07-16T07:33:29,cash,PEUGEOT,208,7,0,0.0
2026-07-16T07:33:29,cash,PEUGEOT,3008,39,0,0.0
2026-07-16T07:33:29,cash,PEUGEOT,308,5,0,0.0
2026-07-16T07:33:29,cash,PEUGEOT,308 SW,2,0,0.0
2026-07-16T07:33:29,cash,PEUGEOT,5008,15,0,0.0
2026-07-16T07:33:29,cash,PEUGEOT,E-2008,6,6,1.0
2026-07-16T07:33:29,cash,PEUGEOT,E-208,5,5,1.0
2026-07-16T07:33:29,cash,PEUGEOT,E-308,1,1,1.0
2026-07-16T07:33:29,cash,PEUGEOT,EXPERT,5,0,0.0
2026-07-16T07:33:29,cash,PEUGEOT,PARTNER,9,0,0.0
2026-07-16T07:33:29,cash,RENAULT,ARKANA,13,0,0.0
2026-07-16T07:33:29,cash,RENAULT,AUSTRAL,4,0,0.0
2026-07-16T07:33:29,cash,RENAULT,CAPTUR,15,0,0.0
2026-07-16T07:33:29,cash,RENAULT,CLIO,28,0,0.0
2026-07-16T07:33:29,cash,RENAULT,ESPACE,1,0,0.0
2026-07-16T07:33:29,cash,RENAULT,EXPRESS,20,0,0.0
2026-07-16T07:33:29,cash,RENAULT,KADJAR,2,0,0.0
2026-07-16T07:33:29,cash,RENAULT,KANGOO,4,0,0.0
2026-07-16T07:33:29,cash,RENAULT,MASTER,1,0,0.0
2026-07-16T07:33:29,cash,RENAULT,MEGANE,16,0,0.0
2026-07-16T07:33:29,cash,RENAULT,MEGANE E-TECH,2,2,1.0
2026-07-16T07:33:29,cash,RENAULT,SCENIC,7,0,0.0
2026-07-16T07:33:29,cash,RENAULT,SYMBIOZ,1,0,0.0
2026-07-16T07:33:29,cash,RENAULT,TRAFIC,6,0,0.0
2026-07-16T07:33:29,cash,RENAULT,TWINGO,1,0,0.0
2026-07-16T07:33:29,cash,RENAULT,ZOE,1,1,1.0
2026-07-16T07:33:29,cash,SEAT,TARRACO,1,0,0.0
2026-07-16T07:33:29,cash,SKODA,FABIA,6,0,0.0
2026-07-16T07:33:29,cash,SKODA,KAMIQ,5,0,0.0
2026-07-16T07:33:29,cash,SKODA,KAROQ,1,0,0.0
2026-07-16T07:33:29,cash,SKODA,KODIAQ,2,0,0.0
2026-07-16T07:33:29,cash,SMART,1,1,1,1.0
2026-07-16T07:33:29,cash,TESLA,MODEL 3,7,7,1.0
2026-07-16T07:33:29,cash,TESLA,MODEL Y,6,6,1.0
2026-07-16T07:33:29,cash,TOYOTA,AYGO X,3,0,0.0
2026-07-16T07:33:29,cash,TOYOTA,C-HR,4,0,0.0
2026-07-16T07:33:29,cash,TOYOTA,COROLLA,3,0,0.0
2026-07-16T07:33:29,cash,TOYOTA,COROLLA TS,9,0,0.0
2026-07-16T07:33:29,cash,TOYOTA,PROACE CITY,1,0,0.0
2026-07-16T07:33:29,cash,TOYOTA,RAV4 HSD,2,0,0.0
2026-07-16T07:33:29,cash,TOYOTA,RAV4 PLUG IN,5,0,0.0
2026-07-16T07:33:29,cash,TOYOTA,YARIS,2,0,0.0
2026-07-16T07:33:29,cash,TOYOTA,YARIS CROSS,2,0,0.0
2026-07-16T07:33:29,cash,TOYOTA,YARIS HYBRID,2,0,0.0
2026-07-16T07:33:29,cash,VOLKSWAGEN,GOLF,7,0,0.0
2026-07-16T07:33:29,cash,VOLKSWAGEN,POLO,6,0,0.0
2026-07-16T07:33:29,cash,VOLKSWAGEN,T-ROC,5,0,0.0
2026-07-16T07:33:29,cash,VOLKSWAGEN,TIGUAN,3,0,0.0
2026-07-16T07:33:29,cash,VOLKSWAGEN,TIGUAN ALLSPACE,4,0,0.0
2026-07-16T07:33:29,cash,VOLKSWAGEN,TOURAN,1,0,0.0
2026-07-16T07:33:29,cash,VOLKSWAGEN,TRANSPORTER,1,0,0.0
2026-07-16T09:17:43,leasing,AUDI,A3 SPORTBACK,6,0,0.0
2026-07-16T09:17:43,leasing,BMW,IX1,1,1,1.0
2026-07-16T09:17:43,leasing,BMW,IX3,1,1,1.0
2026-07-16T09:17:43,leasing,BMW,SERIE 1,5,0,0.0
2026-07-16T09:17:43,leasing,BMW,SERIE 3,2,0,0.0
2026-07-16T09:17:43,leasing,BMW,X1,5,0,0.0
2026-07-16T09:17:43,leasing,BMW,X3,3,0,0.0
2026-07-16T09:17:43,leasing,CITROEN,BERLINGO,7,0,0.0
2026-07-16T09:17:43,leasing,CITROEN,C3,7,0,0.0
2026-07-16T09:17:43,leasing,CITROEN,C3 AIRCROSS,6,0,0.0
2026-07-16T09:17:43,leasing,CITROEN,C4,4,0,0.0
2026-07-16T09:17:43,leasing,CITROEN,C5 AIRCROSS,11,0,0.0
2026-07-16T09:17:43,leasing,CITROEN,C5 X,4,0,0.0
2026-07-16T09:17:43,leasing,CITROEN,GRAND C4 SPACETOURER,1,0,0.0
2026-07-16T09:17:43,leasing,CITROEN,JUMPY,4,0,0.0
2026-07-16T09:17:43,leasing,DACIA,SANDERO,1,0,0.0
2026-07-16T09:17:43,leasing,DS,DS3,1,0,0.0
2026-07-16T09:17:43,leasing,DS,DS3 CROSSBACK,2,1,0.5
2026-07-16T09:17:43,leasing,DS,DS7,2,0,0.0
2026-07-16T09:17:43,leasing,FIAT,500,1,0,0.0
2026-07-16T09:17:43,leasing,FORD,KUGA,5,0,0.0
2026-07-16T09:17:43,leasing,FORD,PUMA,1,0,0.0
2026-07-16T09:17:43,leasing,HYUNDAI,IONIQ,1,1,1.0
2026-07-16T09:17:43,leasing,HYUNDAI,KONA,1,1,1.0
2026-07-16T09:17:43,leasing,HYUNDAI,SANTA FE,1,0,0.0
2026-07-16T09:17:43,leasing,HYUNDAI,TUCSON,8,0,0.0
2026-07-16T09:17:43,leasing,JEEP,AVENGER,2,2,1.0
2026-07-16T09:17:43,leasing,KIA,CEED,4,0,0.0
2026-07-16T09:17:43,leasing,KIA,E-NIRO,1,1,1.0
2026-07-16T09:17:43,leasing,KIA,NIRO,1,0,0.0
2026-07-16T09:17:43,leasing,KIA,NIRO EV,4,4,1.0
2026-07-16T09:17:43,leasing,KIA,PICANTO,1,0,0.0
2026-07-16T09:17:43,leasing,KIA,PROCEED,1,0,0.0
2026-07-16T09:17:43,leasing,KIA,RIO,1,0,0.0
2026-07-16T09:17:43,leasing,KIA,SPORTAGE,6,0,0.0
2026-07-16T09:17:43,leasing,KIA,STONIC,12,0,0.0
2026-07-16T09:17:43,leasing,KIA,XCEED,1,0,0.0
2026-07-16T09:17:43,leasing,MERCEDES-BENZ,CLASSE A,4,0,0.0
2026-07-16T09:17:43,leasing,MERCEDES-BENZ,CLASSE CLA,1,0,0.0
2026-07-16T09:17:43,leasing,MINI,COUNTRYMAN,1,0,0.0
2026-07-16T09:17:43,leasing,NISSAN,LEAF,1,1,1.0
2026-07-16T09:17:43,leasing,NISSAN,QASHQAI,6,0,0.0
2026-07-16T09:17:43,leasing,NISSAN,X-TRAIL,1,0,0.0
2026-07-16T09:17:43,leasing,OPEL,ASTRA,1,0,0.0
2026-07-16T09:17:43,leasing,OPEL,CORSA,4,0,0.0
2026-07-16T09:17:43,leasing,OPEL,CROSSLAND,3,0,0.0
2026-07-16T09:17:43,leasing,OPEL,E-CORSA,1,1,1.0
2026-07-16T09:17:43,leasing,OPEL,GRANDLAND,1,0,0.0
2026-07-16T09:17:43,leasing,PEUGEOT,2008,19,0,0.0
2026-07-16T09:17:43,leasing,PEUGEOT,208,5,0,0.0
2026-07-16T09:17:43,leasing,PEUGEOT,3008,32,0,0.0
2026-07-16T09:17:43,leasing,PEUGEOT,308,5,0,0.0
2026-07-16T09:17:43,leasing,PEUGEOT,308 SW,2,0,0.0
2026-07-16T09:17:43,leasing,PEUGEOT,5008,13,0,0.0
2026-07-16T09:17:43,leasing,PEUGEOT,E-2008,6,6,1.0
2026-07-16T09:17:43,leasing,PEUGEOT,E-208,3,3,1.0
2026-07-16T09:17:43,leasing,PEUGEOT,EXPERT,5,0,0.0
2026-07-16T09:17:43,leasing,PEUGEOT,PARTNER,8,0,0.0
2026-07-16T09:17:43,leasing,RENAULT,ARKANA,13,0,0.0
2026-07-16T09:17:43,leasing,RENAULT,AUSTRAL,4,0,0.0
2026-07-16T09:17:43,leasing,RENAULT,CAPTUR,14,0,0.0
2026-07-16T09:17:43,leasing,RENAULT,CLIO,21,0,0.0
2026-07-16T09:17:43,leasing,RENAULT,ESPACE,1,0,0.0
2026-07-16T09:17:43,leasing,RENAULT,EXPRESS,20,0,0.0
2026-07-16T09:17:43,leasing,RENAULT,KADJAR,1,0,0.0
2026-07-16T09:17:43,leasing,RENAULT,KANGOO,4,0,0.0
2026-07-16T09:17:43,leasing,RENAULT,MASTER,1,0,0.0
2026-07-16T09:17:43,leasing,RENAULT,MEGANE,13,0,0.0
2026-07-16T09:17:43,leasing,RENAULT,MEGANE E-TECH,2,2,1.0
2026-07-16T09:17:43,leasing,RENAULT,SCENIC,6,0,0.0
2026-07-16T09:17:43,leasing,RENAULT,TRAFIC,5,0,0.0
2026-07-16T09:17:43,leasing,RENAULT,ZOE,1,1,1.0
2026-07-16T09:17:43,leasing,SEAT,TARRACO,1,0,0.0
2026-07-16T09:17:43,leasing,SKODA,FABIA,6,0,0.0
2026-07-16T09:17:43,leasing,SKODA,KAMIQ,5,0,0.0
2026-07-16T09:17:43,leasing,SKODA,KAROQ,1,0,0.0
2026-07-16T09:17:43,leasing,SKODA,KODIAQ,2,0,0.0
2026-07-16T09:17:43,leasing,SUZUKI,SWIFT,1,0,0.0
2026-07-16T09:17:43,leasing,TESLA,MODEL 3,5,5,1.0
2026-07-16T09:17:43,leasing,TESLA,MODEL Y,5,5,1.0
2026-07-16T09:17:43,leasing,TOYOTA,AYGO X,3,0,0.0
2026-07-16T09:17:43,leasing,TOYOTA,C-HR,3,0,0.0
2026-07-16T09:17:43,leasing,TOYOTA,COROLLA,3,0,0.0
2026-07-16T09:17:43,leasing,TOYOTA,COROLLA TS,9,0,0.0
2026-07-16T09:17:43,leasing,TOYOTA,PROACE CITY,1,0,0.0
2026-07-16T09:17:43,leasing,TOYOTA,RAV4 HSD,1,0,0.0
2026-07-16T09:17:43,leasing,TOYOTA,RAV4 PLUG IN,5,0,0.0
2026-07-16T09:17:43,leasing,TOYOTA,YARIS,2,0,0.0
2026-07-16T09:17:43,leasing,TOYOTA,YARIS HYBRID,2,0,0.0
2026-07-16T09:17:43,leasing,VOLKSWAGEN,GOLF,6,0,0.0
2026-07-16T09:17:43,leasing,VOLKSWAGEN,POLO,6,0,0.0
2026-07-16T09:17:43,leasing,VOLKSWAGEN,T-ROC,4,0,0.0
2026-07-16T09:17:43,leasing,VOLKSWAGEN,TIGUAN,3,0,0.0
2026-07-16T09:17:43,leasing,VOLKSWAGEN,TIGUAN ALLSPACE,2,0,0.0
2026-07-16T09:17:43,leasing,VOLKSWAGEN,TOURAN,1,0,0.0
2026-07-16T09:17:43,leasing,VOLKSWAGEN,TRANSPORTER,1,0,0.0
2026-07-16T09:17:43,cash,AUDI,A3 SPORTBACK,6,0,0.0
2026-07-16T09:17:43,cash,BMW,IX1,1,1,1.0
2026-07-16T09:17:43,cash,BMW,IX3,1,1,1.0
2026-07-16T09:17:43,cash,BMW,SERIE 1,5,0,0.0
2026-07-16T09:17:43,cash,BMW,SERIE 3,2,0,0.0
2026-07-16T09:17:43,cash,BMW,X1,6,0,0.0
2026-07-16T09:17:43,cash,BMW,X3,3,0,0.0
2026-07-16T09:17:43,cash,BMW,X5,1,0,0.0
2026-07-16T09:17:43,cash,CITROEN,BERLINGO,8,0,0.0
2026-07-16T09:17:43,cash,CITROEN,C3,8,0,0.0
2026-07-16T09:17:43,cash,CITROEN,C3 AIRCROSS,6,0,0.0
2026-07-16T09:17:43,cash,CITROEN,C4,4,0,0.0
2026-07-16T09:17:43,cash,CITROEN,C5 AIRCROSS,11,0,0.0
2026-07-16T09:17:43,cash,CITROEN,C5 X,4,0,0.0
2026-07-16T09:17:43,cash,CITROEN,E-C4,1,1,1.0
2026-07-16T09:17:43,cash,CITROEN,GRAND C4 SPACETOURER,1,0,0.0
2026-07-16T09:17:43,cash,CITROEN,JUMPY,5,0,0.0
2026-07-16T09:17:43,cash,DACIA,SANDERO,1,0,0.0
2026-07-16T09:17:43,cash,DS,DS3,1,0,0.0
2026-07-16T09:17:43,cash,DS,DS3 CROSSBACK,2,1,0.5
2026-07-16T09:17:43,cash,DS,DS7,2,0,0.0
2026-07-16T09:17:43,cash,FIAT,500,1,0,0.0
2026-07-16T09:17:43,cash,FORD,KUGA,6,0,0.0
2026-07-16T09:17:43,cash,FORD,PUMA,1,0,0.0
2026-07-16T09:17:43,cash,FORD,TRANSIT CUSTOM,1,0,0.0
2026-07-16T09:17:43,cash,HYUNDAI,IONIQ,1,1,1.0
2026-07-16T09:17:43,cash,HYUNDAI,KONA,1,1,1.0
2026-07-16T09:17:43,cash,HYUNDAI,SANTA FE,1,0,0.0
2026-07-16T09:17:43,cash,HYUNDAI,TUCSON,8,0,0.0
2026-07-16T09:17:43,cash,JEEP,AVENGER,2,2,1.0
2026-07-16T09:17:43,cash,KIA,CEED,4,0,0.0
2026-07-16T09:17:43,cash,KIA,E-NIRO,1,1,1.0
2026-07-16T09:17:43,cash,KIA,NIRO,1,0,0.0
2026-07-16T09:17:43,cash,KIA,NIRO EV,4,4,1.0
2026-07-16T09:17:43,cash,KIA,PICANTO,1,0,0.0
2026-07-16T09:17:43,cash,KIA,PROCEED,1,0,0.0
2026-07-16T09:17:43,cash,KIA,RIO,1,0,0.0
2026-07-16T09:17:43,cash,KIA,SPORTAGE,7,0,0.0
2026-07-16T09:17:43,cash,KIA,STONIC,12,0,0.0
2026-07-16T09:17:43,cash,KIA,XCEED,1,0,0.0
2026-07-16T09:17:43,cash,MERCEDES-BENZ,CLASSE A,6,0,0.0
2026-07-16T09:17:43,cash,MERCEDES-BENZ,CLASSE CLA,1,0,0.0
2026-07-16T09:17:43,cash,MERCEDES-BENZ,GLB,1,0,0.0
2026-07-16T09:17:43,cash,MINI,COUNTRYMAN,1,0,0.0
2026-07-16T09:17:43,cash,NISSAN,LEAF,1,1,1.0
2026-07-16T09:17:43,cash,NISSAN,QASHQAI,7,0,0.0
2026-07-16T09:17:43,cash,NISSAN,X-TRAIL,1,0,0.0
2026-07-16T09:17:43,cash,OPEL,ASTRA,1,0,0.0
2026-07-16T09:17:43,cash,OPEL,CORSA,4,0,0.0
2026-07-16T09:17:43,cash,OPEL,CROSSLAND,3,0,0.0
2026-07-16T09:17:43,cash,OPEL,E-CORSA,1,1,1.0
2026-07-16T09:17:43,cash,OPEL,GRANDLAND,1,0,0.0
2026-07-16T09:17:43,cash,OPEL,GRANDLAND X,1,0,0.0
2026-07-16T09:17:43,cash,PEUGEOT,108,1,0,0.0
2026-07-16T09:17:43,cash,PEUGEOT,2008,21,0,0.0
2026-07-16T09:17:43,cash,PEUGEOT,208,8,0,0.0
2026-07-16T09:17:43,cash,PEUGEOT,3008,39,0,0.0
2026-07-16T09:17:43,cash,PEUGEOT,308,5,0,0.0
2026-07-16T09:17:43,cash,PEUGEOT,308 SW,2,0,0.0
2026-07-16T09:17:43,cash,PEUGEOT,5008,14,0,0.0
2026-07-16T09:17:43,cash,PEUGEOT,E-2008,6,6,1.0
2026-07-16T09:17:43,cash,PEUGEOT,E-208,5,5,1.0
2026-07-16T09:17:43,cash,PEUGEOT,E-308,1,1,1.0
2026-07-16T09:17:43,cash,PEUGEOT,EXPERT,5,0,0.0
2026-07-16T09:17:43,cash,PEUGEOT,PARTNER,9,0,0.0
2026-07-16T09:17:43,cash,RENAULT,ARKANA,13,0,0.0
2026-07-16T09:17:43,cash,RENAULT,AUSTRAL,4,0,0.0
2026-07-16T09:17:43,cash,RENAULT,CAPTUR,15,0,0.0
2026-07-16T09:17:43,cash,RENAULT,CLIO,28,0,0.0
2026-07-16T09:17:43,cash,RENAULT,ESPACE,1,0,0.0
2026-07-16T09:17:43,cash,RENAULT,EXPRESS,20,0,0.0
2026-07-16T09:17:43,cash,RENAULT,KADJAR,2,0,0.0
2026-07-16T09:17:43,cash,RENAULT,KANGOO,4,0,0.0
2026-07-16T09:17:43,cash,RENAULT,MASTER,1,0,0.0
2026-07-16T09:17:43,cash,RENAULT,MEGANE,16,0,0.0
2026-07-16T09:17:43,cash,RENAULT,MEGANE E-TECH,2,2,1.0
2026-07-16T09:17:43,cash,RENAULT,SCENIC,6,0,0.0
2026-07-16T09:17:43,cash,RENAULT,SYMBIOZ,1,0,0.0
2026-07-16T09:17:43,cash,RENAULT,TRAFIC,5,0,0.0
2026-07-16T09:17:43,cash,RENAULT,TWINGO,1,0,0.0
2026-07-16T09:17:43,cash,RENAULT,ZOE,1,1,1.0
2026-07-16T09:17:43,cash,SEAT,TARRACO,1,0,0.0
2026-07-16T09:17:43,cash,SKODA,FABIA,6,0,0.0
2026-07-16T09:17:43,cash,SKODA,KAMIQ,5,0,0.0
2026-07-16T09:17:43,cash,SKODA,KAROQ,1,0,0.0
2026-07-16T09:17:43,cash,SKODA,KODIAQ,2,0,0.0
2026-07-16T09:17:43,cash,SMART,1,1,1,1.0
2026-07-16T09:17:43,cash,SUZUKI,SWIFT,1,0,0.0
2026-07-16T09:17:43,cash,TESLA,MODEL 3,7,7,1.0
2026-07-16T09:17:43,cash,TESLA,MODEL Y,5,5,1.0
2026-07-16T09:17:43,cash,TOYOTA,AYGO X,3,0,0.0
2026-07-16T09:17:43,cash,TOYOTA,C-HR,4,0,0.0
2026-07-16T09:17:43,cash,TOYOTA,COROLLA,3,0,0.0
2026-07-16T09:17:43,cash,TOYOTA,COROLLA TS,9,0,0.0
2026-07-16T09:17:43,cash,TOYOTA,PROACE CITY,1,0,0.0
2026-07-16T09:17:43,cash,TOYOTA,RAV4 HSD,2,0,0.0
2026-07-16T09:17:43,cash,TOYOTA,RAV4 PLUG IN,5,0,0.0
2026-07-16T09:17:43,cash,TOYOTA,YARIS,2,0,0.0
2026-07-16T09:17:43,cash,TOYOTA,YARIS HYBRID,2,0,0.0
2026-07-16T09:17:43,cash,VOLKSWAGEN,GOLF,7,0,0.0
2026-07-16T09:17:43,cash,VOLKSWAGEN,POLO,6,0,0.0
2026-07-16T09:17:43,cash,VOLKSWAGEN,T-ROC,5,0,0.0
2026-07-16T09:17:43,cash,VOLKSWAGEN,TIGUAN,3,0,0.0
2026-07-16T09:17:43,cash,VOLKSWAGEN,TIGUAN ALLSPACE,4,0,0.0
2026-07-16T09:17:43,cash,VOLKSWAGEN,TOURAN,1,0,0.0
2026-07-16T09:17:43,cash,VOLKSWAGEN,TRANSPORTER,1,0,0.0
2026-07-17T09:11:56,leasing,AUDI,A3 SPORTBACK,6,0,0.0
2026-07-17T09:11:56,leasing,BMW,IX1,1,1,1.0
2026-07-17T09:11:56,leasing,BMW,IX3,1,1,1.0
2026-07-17T09:11:56,leasing,BMW,SERIE 1,5,0,0.0
2026-07-17T09:11:56,leasing,BMW,SERIE 3,2,0,0.0
2026-07-17T09:11:56,leasing,BMW,X1,5,0,0.0
2026-07-17T09:11:56,leasing,BMW,X3,2,0,0.0
2026-07-17T09:11:56,leasing,CITROEN,BERLINGO,9,0,0.0
2026-07-17T09:11:56,leasing,CITROEN,C3,7,0,0.0
2026-07-17T09:11:56,leasing,CITROEN,C3 AIRCROSS,6,0,0.0
2026-07-17T09:11:56,leasing,CITROEN,C4,4,0,0.0
2026-07-17T09:11:56,leasing,CITROEN,C5 AIRCROSS,11,0,0.0
2026-07-17T09:11:56,leasing,CITROEN,C5 X,4,0,0.0
2026-07-17T09:11:56,leasing,CITROEN,GRAND C4 SPACETOURER,1,0,0.0
2026-07-17T09:11:56,leasing,CITROEN,JUMPY,4,0,0.0
2026-07-17T09:11:56,leasing,DACIA,SANDERO,1,0,0.0
2026-07-17T09:11:56,leasing,DS,DS3,1,0,0.0
2026-07-17T09:11:56,leasing,DS,DS3 CROSSBACK,2,1,0.5
2026-07-17T09:11:56,leasing,DS,DS7,2,0,0.0
2026-07-17T09:11:56,leasing,FIAT,500,1,0,0.0
2026-07-17T09:11:56,leasing,FORD,KUGA,5,0,0.0
2026-07-17T09:11:56,leasing,FORD,PUMA,1,0,0.0
2026-07-17T09:11:56,leasing,HYUNDAI,IONIQ,1,1,1.0
2026-07-17T09:11:56,leasing,HYUNDAI,KONA,1,1,1.0
2026-07-17T09:11:56,leasing,HYUNDAI,SANTA FE,1,0,0.0
2026-07-17T09:11:56,leasing,HYUNDAI,TUCSON,10,0,0.0
2026-07-17T09:11:56,leasing,JEEP,AVENGER,2,2,1.0
2026-07-17T09:11:56,leasing,KIA,CEED,4,0,0.0
2026-07-17T09:11:56,leasing,KIA,E-NIRO,1,1,1.0
2026-07-17T09:11:56,leasing,KIA,NIRO,1,0,0.0
2026-07-17T09:11:56,leasing,KIA,NIRO EV,6,6,1.0
2026-07-17T09:11:56,leasing,KIA,PICANTO,1,0,0.0
2026-07-17T09:11:56,leasing,KIA,PROCEED,1,0,0.0
2026-07-17T09:11:56,leasing,KIA,RIO,1,0,0.0
2026-07-17T09:11:56,leasing,KIA,SPORTAGE,7,0,0.0
2026-07-17T09:11:56,leasing,KIA,STONIC,12,0,0.0
2026-07-17T09:11:56,leasing,KIA,XCEED,1,0,0.0
2026-07-17T09:11:56,leasing,MERCEDES-BENZ,CLASSE A,3,0,0.0
2026-07-17T09:11:56,leasing,MERCEDES-BENZ,CLASSE CLA,2,0,0.0
2026-07-17T09:11:56,leasing,MINI,COUNTRYMAN,1,0,0.0
2026-07-17T09:11:56,leasing,NISSAN,LEAF,1,1,1.0
2026-07-17T09:11:56,leasing,NISSAN,QASHQAI,6,0,0.0
2026-07-17T09:11:56,leasing,NISSAN,X-TRAIL,1,0,0.0
2026-07-17T09:11:56,leasing,OPEL,ASTRA,1,0,0.0
2026-07-17T09:11:56,leasing,OPEL,CORSA,4,0,0.0
2026-07-17T09:11:56,leasing,OPEL,CROSSLAND,3,0,0.0
2026-07-17T09:11:56,leasing,OPEL,GRANDLAND,1,0,0.0
2026-07-17T09:11:56,leasing,PEUGEOT,2008,19,0,0.0
2026-07-17T09:11:56,leasing,PEUGEOT,208,5,0,0.0
2026-07-17T09:11:56,leasing,PEUGEOT,3008,32,0,0.0
2026-07-17T09:11:56,leasing,PEUGEOT,308,6,0,0.0
2026-07-17T09:11:56,leasing,PEUGEOT,308 SW,2,0,0.0
2026-07-17T09:11:56,leasing,PEUGEOT,5008,13,0,0.0
2026-07-17T09:11:56,leasing,PEUGEOT,E-2008,12,12,1.0
2026-07-17T09:11:56,leasing,PEUGEOT,E-208,5,5,1.0
2026-07-17T09:11:56,leasing,PEUGEOT,EXPERT,5,0,0.0
2026-07-17T09:11:56,leasing,PEUGEOT,PARTNER,8,0,0.0
2026-07-17T09:11:56,leasing,RENAULT,ARKANA,13,0,0.0
2026-07-17T09:11:56,leasing,RENAULT,AUSTRAL,5,0,0.0
2026-07-17T09:11:56,leasing,RENAULT,CAPTUR,17,0,0.0
2026-07-17T09:11:56,leasing,RENAULT,CLIO,21,0,0.0
2026-07-17T09:11:56,leasing,RENAULT,ESPACE,1,0,0.0
2026-07-17T09:11:56,leasing,RENAULT,EXPRESS,19,0,0.0
2026-07-17T09:11:56,leasing,RENAULT,KADJAR,1,0,0.0
2026-07-17T09:11:56,leasing,RENAULT,KANGOO,3,0,0.0
2026-07-17T09:11:56,leasing,RENAULT,MASTER,1,0,0.0
2026-07-17T09:11:56,leasing,RENAULT,MEGANE,12,0,0.0
2026-07-17T09:11:56,leasing,RENAULT,MEGANE E-TECH,2,2,1.0
2026-07-17T09:11:56,leasing,RENAULT,SCENIC,6,0,0.0
2026-07-17T09:11:56,leasing,RENAULT,TRAFIC,5,0,0.0
2026-07-17T09:11:56,leasing,RENAULT,ZOE,1,1,1.0
2026-07-17T09:11:56,leasing,SKODA,FABIA,6,0,0.0
2026-07-17T09:11:56,leasing,SKODA,KAMIQ,5,0,0.0
2026-07-17T09:11:56,leasing,SKODA,KAROQ,1,0,0.0
2026-07-17T09:11:56,leasing,SKODA,KODIAQ,2,0,0.0
2026-07-17T09:11:56,leasing,SUZUKI,SWIFT,2,0,0.0
2026-07-17T09:11:56,leasing,TESLA,MODEL 3,4,4,1.0
2026-07-17T09:11:56,leasing,TESLA,MODEL Y,5,5,1.0
2026-07-17T09:11:56,leasing,TOYOTA,AYGO X,3,0,0.0
2026-07-17T09:11:56,leasing,TOYOTA,C-HR,3,0,0.0
2026-07-17T09:11:56,leasing,TOYOTA,COROLLA,2,0,0.0
2026-07-17T09:11:56,leasing,TOYOTA,COROLLA TS,8,0,0.0
2026-07-17T09:11:56,leasing,TOYOTA,PROACE CITY,1,0,0.0
2026-07-17T09:11:56,leasing,TOYOTA,RAV4 HSD,2,0,0.0
2026-07-17T09:11:56,leasing,TOYOTA,RAV4 PLUG IN,4,0,0.0
2026-07-17T09:11:56,leasing,TOYOTA,YARIS,1,0,0.0
2026-07-17T09:11:56,leasing,TOYOTA,YARIS CROSS,1,0,0.0
2026-07-17T09:11:56,leasing,TOYOTA,YARIS HYBRID,3,0,0.0
2026-07-17T09:11:56,leasing,VOLKSWAGEN,GOLF,6,0,0.0
2026-07-17T09:11:56,leasing,VOLKSWAGEN,POLO,4,0,0.0
2026-07-17T09:11:56,leasing,VOLKSWAGEN,T-ROC,8,0,0.0
2026-07-17T09:11:56,leasing,VOLKSWAGEN,TIGUAN,2,0,0.0
2026-07-17T09:11:56,leasing,VOLKSWAGEN,TIGUAN ALLSPACE,1,0,0.0
2026-07-17T09:11:56,leasing,VOLKSWAGEN,TOURAN,1,0,0.0
2026-07-17T09:11:56,leasing,VOLKSWAGEN,TRANSPORTER,1,0,0.0
2026-07-17T09:11:56,cash,AUDI,A3 SPORTBACK,6,0,0.0
2026-07-17T09:11:56,cash,BMW,IX1,1,1,1.0
2026-07-17T09:11:56,cash,BMW,IX3,1,1,1.0
2026-07-17T09:11:56,cash,BMW,SERIE 1,6,0,0.0
2026-07-17T09:11:56,cash,BMW,SERIE 2 ACTIVE TOURE,1,0,0.0
2026-07-17T09:11:56,cash,BMW,SERIE 3,2,0,0.0
2026-07-17T09:11:56,cash,BMW,X1,6,0,0.0
2026-07-17T09:11:56,cash,BMW,X3,2,0,0.0
2026-07-17T09:11:56,cash,BMW,X5,2,0,0.0
2026-07-17T09:11:56,cash,CITROEN,BERLINGO,10,0,0.0
2026-07-17T09:11:56,cash,CITROEN,C3,8,0,0.0
2026-07-17T09:11:56,cash,CITROEN,C3 AIRCROSS,6,0,0.0
2026-07-17T09:11:56,cash,CITROEN,C4,5,0,0.0
2026-07-17T09:11:56,cash,CITROEN,C5 AIRCROSS,12,0,0.0
2026-07-17T09:11:56,cash,CITROEN,C5 X,4,0,0.0
2026-07-17T09:11:56,cash,CITROEN,E-C4,1,1,1.0
2026-07-17T09:11:56,cash,CITROEN,GRAND C4 SPACETOURER,1,0,0.0
2026-07-17T09:11:56,cash,CITROEN,JUMPY,5,0,0.0
2026-07-17T09:11:56,cash,DACIA,SANDERO,1,0,0.0
2026-07-17T09:11:56,cash,DS,DS3,1,0,0.0
2026-07-17T09:11:56,cash,DS,DS3 CROSSBACK,2,1,0.5
2026-07-17T09:11:56,cash,DS,DS7,2,0,0.0
2026-07-17T09:11:56,cash,FIAT,500,1,0,0.0
2026-07-17T09:11:56,cash,FORD,KUGA,6,0,0.0
2026-07-17T09:11:56,cash,FORD,PUMA,1,0,0.0
2026-07-17T09:11:56,cash,FORD,TRANSIT CUSTOM,1,0,0.0
2026-07-17T09:11:56,cash,HYUNDAI,IONIQ,1,1,1.0
2026-07-17T09:11:56,cash,HYUNDAI,KONA,1,1,1.0
2026-07-17T09:11:56,cash,HYUNDAI,SANTA FE,1,0,0.0
2026-07-17T09:11:56,cash,HYUNDAI,TUCSON,10,0,0.0
2026-07-17T09:11:56,cash,JEEP,AVENGER,2,2,1.0
2026-07-17T09:11:56,cash,KIA,CEED,4,0,0.0
2026-07-17T09:11:56,cash,KIA,E-NIRO,1,1,1.0
2026-07-17T09:11:56,cash,KIA,NIRO,1,0,0.0
2026-07-17T09:11:56,cash,KIA,NIRO EV,6,6,1.0
2026-07-17T09:11:56,cash,KIA,PICANTO,1,0,0.0
2026-07-17T09:11:56,cash,KIA,PROCEED,1,0,0.0
2026-07-17T09:11:56,cash,KIA,RIO,1,0,0.0
2026-07-17T09:11:56,cash,KIA,SPORTAGE,8,0,0.0
2026-07-17T09:11:56,cash,KIA,STONIC,12,0,0.0
2026-07-17T09:11:56,cash,KIA,XCEED,1,0,0.0
2026-07-17T09:11:56,cash,MERCEDES-BENZ,CLASSE A,5,0,0.0
2026-07-17T09:11:56,cash,MERCEDES-BENZ,CLASSE CLA,2,0,0.0
2026-07-17T09:11:56,cash,MERCEDES-BENZ,GLB,1,0,0.0
2026-07-17T09:11:56,cash,MINI,COUNTRYMAN,1,0,0.0
2026-07-17T09:11:56,cash,NISSAN,LEAF,1,1,1.0
2026-07-17T09:11:56,cash,NISSAN,QASHQAI,7,0,0.0
2026-07-17T09:11:56,cash,NISSAN,X-TRAIL,1,0,0.0
2026-07-17T09:11:56,cash,OPEL,ASTRA,1,0,0.0
2026-07-17T09:11:56,cash,OPEL,CORSA,4,0,0.0
2026-07-17T09:11:56,cash,OPEL,CROSSLAND,3,0,0.0
2026-07-17T09:11:56,cash,OPEL,GRANDLAND,1,0,0.0
2026-07-17T09:11:56,cash,OPEL,GRANDLAND X,1,0,0.0
2026-07-17T09:11:56,cash,PEUGEOT,108,1,0,0.0
2026-07-17T09:11:56,cash,PEUGEOT,2008,21,0,0.0
2026-07-17T09:11:56,cash,PEUGEOT,208,8,0,0.0
2026-07-17T09:11:56,cash,PEUGEOT,3008,40,0,0.0
2026-07-17T09:11:56,cash,PEUGEOT,308,6,0,0.0
2026-07-17T09:11:56,cash,PEUGEOT,308 SW,2,0,0.0
2026-07-17T09:11:56,cash,PEUGEOT,5008,14,0,0.0
2026-07-17T09:11:56,cash,PEUGEOT,E-2008,12,12,1.0
2026-07-17T09:11:56,cash,PEUGEOT,E-208,7,7,1.0
2026-07-17T09:11:56,cash,PEUGEOT,E-308,1,1,1.0
2026-07-17T09:11:56,cash,PEUGEOT,EXPERT,5,0,0.0
2026-07-17T09:11:56,cash,PEUGEOT,PARTNER,9,0,0.0
2026-07-17T09:11:56,cash,RENAULT,ARKANA,13,0,0.0
2026-07-17T09:11:56,cash,RENAULT,AUSTRAL,5,0,0.0
2026-07-17T09:11:56,cash,RENAULT,CAPTUR,17,0,0.0
2026-07-17T09:11:56,cash,RENAULT,CLIO,29,0,0.0
2026-07-17T09:11:56,cash,RENAULT,ESPACE,1,0,0.0
2026-07-17T09:11:56,cash,RENAULT,EXPRESS,19,0,0.0
2026-07-17T09:11:56,cash,RENAULT,KADJAR,2,0,0.0
2026-07-17T09:11:56,cash,RENAULT,KANGOO,3,0,0.0
2026-07-17T09:11:56,cash,RENAULT,MASTER,1,0,0.0
2026-07-17T09:11:56,cash,RENAULT,MEGANE,15,0,0.0
2026-07-17T09:11:56,cash,RENAULT,MEGANE E-TECH,3,3,1.0
2026-07-17T09:11:56,cash,RENAULT,SCENIC,6,0,0.0
2026-07-17T09:11:56,cash,RENAULT,SYMBIOZ,1,0,0.0
2026-07-17T09:11:56,cash,RENAULT,TRAFIC,5,0,0.0
2026-07-17T09:11:56,cash,RENAULT,TWINGO,1,0,0.0
2026-07-17T09:11:56,cash,RENAULT,ZOE,1,1,1.0
2026-07-17T09:11:56,cash,SKODA,ENYAQ,1,1,1.0
2026-07-17T09:11:56,cash,SKODA,FABIA,6,0,0.0
2026-07-17T09:11:56,cash,SKODA,KAMIQ,5,0,0.0
2026-07-17T09:11:56,cash,SKODA,KAROQ,1,0,0.0
2026-07-17T09:11:56,cash,SKODA,KODIAQ,2,0,0.0
2026-07-17T09:11:56,cash,SMART,1,1,1,1.0
2026-07-17T09:11:56,cash,SUZUKI,SWIFT,2,0,0.0
2026-07-17T09:11:56,cash,TESLA,MODEL 3,6,6,1.0
2026-07-17T09:11:56,cash,TESLA,MODEL Y,6,6,1.0
2026-07-17T09:11:56,cash,TOYOTA,AYGO X,3,0,0.0
2026-07-17T09:11:56,cash,TOYOTA,C-HR,4,0,0.0
2026-07-17T09:11:56,cash,TOYOTA,COROLLA,2,0,0.0
2026-07-17T09:11:56,cash,TOYOTA,COROLLA TS,8,0,0.0
2026-07-17T09:11:56,cash,TOYOTA,PROACE CITY,1,0,0.0
2026-07-17T09:11:56,cash,TOYOTA,RAV4 HSD,3,0,0.0
2026-07-17T09:11:56,cash,TOYOTA,RAV4 PLUG IN,4,0,0.0
2026-07-17T09:11:56,cash,TOYOTA,YARIS,1,0,0.0
2026-07-17T09:11:56,cash,TOYOTA,YARIS CROSS,1,0,0.0
2026-07-17T09:11:56,cash,TOYOTA,YARIS HYBRID,3,0,0.0
2026-07-17T09:11:56,cash,VOLKSWAGEN,GOLF,7,0,0.0
2026-07-17T09:11:56,cash,VOLKSWAGEN,POLO,4,0,0.0
2026-07-17T09:11:56,cash,VOLKSWAGEN,T-ROC,9,0,0.0
2026-07-17T09:11:56,cash,VOLKSWAGEN,TIGUAN,2,0,0.0
2026-07-17T09:11:56,cash,VOLKSWAGEN,TIGUAN ALLSPACE,3,0,0.0
2026-07-17T09:11:56,cash,VOLKSWAGEN,TOURAN,1,0,0.0
2026-07-17T09:11:56,cash,VOLKSWAGEN,TRANSPORTER,1,0,0.0
2026-07-18T08:50:36,leasing,AUDI,A3 SPORTBACK,5,0,0.0
2026-07-18T08:50:36,leasing,BMW,IX1,1,1,1.0
2026-07-18T08:50:36,leasing,BMW,IX3,1,1,1.0
2026-07-18T08:50:36,leasing,BMW,SERIE 1,6,0,0.0
2026-07-18T08:50:36,leasing,BMW,SERIE 3,2,0,0.0
2026-07-18T08:50:36,leasing,BMW,X1,6,0,0.0
2026-07-18T08:50:36,leasing,BMW,X3,2,0,0.0
2026-07-18T08:50:36,leasing,CITROEN,BERLINGO,9,0,0.0
2026-07-18T08:50:36,leasing,CITROEN,C3,7,0,0.0
2026-07-18T08:50:36,leasing,CITROEN,C3 AIRCROSS,6,0,0.0
2026-07-18T08:50:36,leasing,CITROEN,C4,4,0,0.0
2026-07-18T08:50:36,leasing,CITROEN,C5 AIRCROSS,12,0,0.0
2026-07-18T08:50:36,leasing,CITROEN,C5 X,4,0,0.0
2026-07-18T08:50:36,leasing,CITROEN,GRAND C4 SPACETOURER,1,0,0.0
2026-07-18T08:50:36,leasing,CITROEN,JUMPY,4,0,0.0
2026-07-18T08:50:36,leasing,DACIA,SANDERO,1,0,0.0
2026-07-18T08:50:36,leasing,DS,DS3,1,0,0.0
2026-07-18T08:50:36,leasing,DS,DS3 CROSSBACK,2,1,0.5
2026-07-18T08:50:36,leasing,DS,DS7,2,0,0.0
2026-07-18T08:50:36,leasing,FIAT,500,1,0,0.0
2026-07-18T08:50:36,leasing,FORD,KUGA,5,0,0.0
2026-07-18T08:50:36,leasing,FORD,PUMA,1,0,0.0
2026-07-18T08:50:36,leasing,HYUNDAI,IONIQ,1,1,1.0
2026-07-18T08:50:36,leasing,HYUNDAI,SANTA FE,1,0,0.0
2026-07-18T08:50:36,leasing,HYUNDAI,TUCSON,10,0,0.0
2026-07-18T08:50:36,leasing,JEEP,AVENGER,2,2,1.0
2026-07-18T08:50:36,leasing,KIA,CEED,4,0,0.0
2026-07-18T08:50:36,leasing,KIA,E-NIRO,1,1,1.0
2026-07-18T08:50:36,leasing,KIA,NIRO,1,0,0.0
2026-07-18T08:50:36,leasing,KIA,NIRO EV,6,6,1.0
2026-07-18T08:50:36,leasing,KIA,PICANTO,1,0,0.0
2026-07-18T08:50:36,leasing,KIA,PROCEED,1,0,0.0
2026-07-18T08:50:36,leasing,KIA,RIO,1,0,0.0
2026-07-18T08:50:36,leasing,KIA,SPORTAGE,6,0,0.0
2026-07-18T08:50:36,leasing,KIA,STONIC,12,0,0.0
2026-07-18T08:50:36,leasing,KIA,XCEED,1,0,0.0
2026-07-18T08:50:36,leasing,MERCEDES-BENZ,CLASSE A,3,0,0.0
2026-07-18T08:50:36,leasing,MERCEDES-BENZ,CLASSE CLA,2,0,0.0
2026-07-18T08:50:36,leasing,MINI,COUNTRYMAN,1,0,0.0
2026-07-18T08:50:36,leasing,NISSAN,LEAF,1,1,1.0
2026-07-18T08:50:36,leasing,NISSAN,QASHQAI,8,0,0.0
2026-07-18T08:50:36,leasing,NISSAN,X-TRAIL,1,0,0.0
2026-07-18T08:50:36,leasing,OPEL,ASTRA,1,0,0.0
2026-07-18T08:50:36,leasing,OPEL,CORSA,4,0,0.0
2026-07-18T08:50:36,leasing,OPEL,CROSSLAND,3,0,0.0
2026-07-18T08:50:36,leasing,OPEL,GRANDLAND,1,0,0.0
2026-07-18T08:50:36,leasing,PEUGEOT,2008,19,0,0.0
2026-07-18T08:50:36,leasing,PEUGEOT,208,6,0,0.0
2026-07-18T08:50:36,leasing,PEUGEOT,3008,33,0,0.0
2026-07-18T08:50:36,leasing,PEUGEOT,308,6,0,0.0
2026-07-18T08:50:36,leasing,PEUGEOT,308 SW,2,0,0.0
2026-07-18T08:50:36,leasing,PEUGEOT,5008,13,0,0.0
2026-07-18T08:50:36,leasing,PEUGEOT,E-2008,12,12,1.0
2026-07-18T08:50:36,leasing,PEUGEOT,E-208,5,5,1.0
2026-07-18T08:50:36,leasing,PEUGEOT,EXPERT,5,0,0.0
2026-07-18T08:50:36,leasing,PEUGEOT,PARTNER,8,0,0.0
2026-07-18T08:50:36,leasing,RENAULT,ARKANA,13,0,0.0
2026-07-18T08:50:36,leasing,RENAULT,AUSTRAL,4,0,0.0
2026-07-18T08:50:36,leasing,RENAULT,CAPTUR,16,0,0.0
2026-07-18T08:50:36,leasing,RENAULT,CLIO,24,0,0.0
2026-07-18T08:50:36,leasing,RENAULT,ESPACE,1,0,0.0
2026-07-18T08:50:36,leasing,RENAULT,EXPRESS,19,0,0.0
2026-07-18T08:50:36,leasing,RENAULT,KADJAR,1,0,0.0
2026-07-18T08:50:36,leasing,RENAULT,KANGOO,3,0,0.0
2026-07-18T08:50:36,leasing,RENAULT,MASTER,1,0,0.0
2026-07-18T08:50:36,leasing,RENAULT,MEGANE,12,0,0.0
2026-07-18T08:50:36,leasing,RENAULT,MEGANE E-TECH,2,2,1.0
2026-07-18T08:50:36,leasing,RENAULT,SCENIC,6,0,0.0
2026-07-18T08:50:36,leasing,RENAULT,TRAFIC,5,0,0.0
2026-07-18T08:50:36,leasing,RENAULT,ZOE,1,1,1.0
2026-07-18T08:50:36,leasing,SKODA,ENYAQ,1,1,1.0
2026-07-18T08:50:36,leasing,SKODA,FABIA,6,0,0.0
2026-07-18T08:50:36,leasing,SKODA,KAMIQ,5,0,0.0
2026-07-18T08:50:36,leasing,SKODA,KAROQ,1,0,0.0
2026-07-18T08:50:36,leasing,SKODA,KODIAQ,2,0,0.0
2026-07-18T08:50:36,leasing,SUZUKI,SWIFT,2,0,0.0
2026-07-18T08:50:36,leasing,TESLA,MODEL 3,4,4,1.0
2026-07-18T08:50:36,leasing,TESLA,MODEL Y,5,5,1.0
2026-07-18T08:50:36,leasing,TOYOTA,AYGO X,3,0,0.0
2026-07-18T08:50:36,leasing,TOYOTA,C-HR,2,0,0.0
2026-07-18T08:50:36,leasing,TOYOTA,COROLLA,2,0,0.0
2026-07-18T08:50:36,leasing,TOYOTA,COROLLA TS,8,0,0.0
2026-07-18T08:50:36,leasing,TOYOTA,PROACE CITY,1,0,0.0
2026-07-18T08:50:36,leasing,TOYOTA,RAV4 HSD,3,0,0.0
2026-07-18T08:50:36,leasing,TOYOTA,RAV4 PLUG IN,3,0,0.0
2026-07-18T08:50:36,leasing,TOYOTA,YARIS,1,0,0.0
2026-07-18T08:50:36,leasing,TOYOTA,YARIS HYBRID,3,0,0.0
2026-07-18T08:50:36,leasing,VOLKSWAGEN,GOLF,6,0,0.0
2026-07-18T08:50:36,leasing,VOLKSWAGEN,ID.3,1,1,1.0
2026-07-18T08:50:36,leasing,VOLKSWAGEN,POLO,4,0,0.0
2026-07-18T08:50:36,leasing,VOLKSWAGEN,T-ROC,8,0,0.0
2026-07-18T08:50:36,leasing,VOLKSWAGEN,TIGUAN,2,0,0.0
2026-07-18T08:50:36,leasing,VOLKSWAGEN,TIGUAN ALLSPACE,1,0,0.0
2026-07-18T08:50:36,leasing,VOLKSWAGEN,TOURAN,1,0,0.0
2026-07-18T08:50:36,leasing,VOLKSWAGEN,TRANSPORTER,1,0,0.0
2026-07-18T08:50:36,cash,AUDI,A3 SPORTBACK,5,0,0.0
2026-07-18T08:50:36,cash,BMW,IX1,1,1,1.0
2026-07-18T08:50:36,cash,BMW,IX3,1,1,1.0
2026-07-18T08:50:36,cash,BMW,SERIE 1,6,0,0.0
2026-07-18T08:50:36,cash,BMW,SERIE 2 ACTIVE TOURE,1,0,0.0
2026-07-18T08:50:36,cash,BMW,SERIE 3,2,0,0.0
2026-07-18T08:50:36,cash,BMW,X1,8,0,0.0
2026-07-18T08:50:36,cash,BMW,X3,2,0,0.0
2026-07-18T08:50:36,cash,BMW,X5,1,0,0.0
2026-07-18T08:50:36,cash,CITROEN,BERLINGO,10,0,0.0
2026-07-18T08:50:36,cash,CITROEN,C3,8,0,0.0
2026-07-18T08:50:36,cash,CITROEN,C3 AIRCROSS,6,0,0.0
2026-07-18T08:50:36,cash,CITROEN,C4,5,0,0.0
2026-07-18T08:50:36,cash,CITROEN,C5 AIRCROSS,12,0,0.0
2026-07-18T08:50:36,cash,CITROEN,C5 X,4,0,0.0
2026-07-18T08:50:36,cash,CITROEN,E-C4,1,1,1.0
2026-07-18T08:50:36,cash,CITROEN,GRAND C4 SPACETOURER,1,0,0.0
2026-07-18T08:50:36,cash,CITROEN,JUMPY,4,0,0.0
2026-07-18T08:50:36,cash,DACIA,SANDERO,1,0,0.0
2026-07-18T08:50:36,cash,DS,DS3,1,0,0.0
2026-07-18T08:50:36,cash,DS,DS3 CROSSBACK,2,1,0.5
2026-07-18T08:50:36,cash,DS,DS7,2,0,0.0
2026-07-18T08:50:36,cash,FIAT,500,1,0,0.0
2026-07-18T08:50:36,cash,FORD,KUGA,6,0,0.0
2026-07-18T08:50:36,cash,FORD,PUMA,1,0,0.0
2026-07-18T08:50:36,cash,FORD,TRANSIT CUSTOM,1,0,0.0
2026-07-18T08:50:36,cash,HYUNDAI,IONIQ,1,1,1.0
2026-07-18T08:50:36,cash,HYUNDAI,SANTA FE,1,0,0.0
2026-07-18T08:50:36,cash,HYUNDAI,TUCSON,10,0,0.0
2026-07-18T08:50:36,cash,JEEP,AVENGER,2,2,1.0
2026-07-18T08:50:36,cash,KIA,CEED,4,0,0.0
2026-07-18T08:50:36,cash,KIA,E-NIRO,1,1,1.0
2026-07-18T08:50:36,cash,KIA,NIRO,1,0,0.0
2026-07-18T08:50:36,cash,KIA,NIRO EV,6,6,1.0
2026-07-18T08:50:36,cash,KIA,PICANTO,1,0,0.0
2026-07-18T08:50:36,cash,KIA,PROCEED,1,0,0.0
2026-07-18T08:50:36,cash,KIA,RIO,1,0,0.0
2026-07-18T08:50:36,cash,KIA,SPORTAGE,7,0,0.0
2026-07-18T08:50:36,cash,KIA,STONIC,12,0,0.0
2026-07-18T08:50:36,cash,KIA,XCEED,1,0,0.0
2026-07-18T08:50:36,cash,MERCEDES-BENZ,CLASSE A,5,0,0.0
2026-07-18T08:50:36,cash,MERCEDES-BENZ,CLASSE CLA,2,0,0.0
2026-07-18T08:50:36,cash,MERCEDES-BENZ,GLB,1,0,0.0
2026-07-18T08:50:36,cash,MINI,COUNTRYMAN,1,0,0.0
2026-07-18T08:50:36,cash,NISSAN,LEAF,1,1,1.0
2026-07-18T08:50:36,cash,NISSAN,QASHQAI,9,0,0.0
2026-07-18T08:50:36,cash,NISSAN,X-TRAIL,1,0,0.0
2026-07-18T08:50:36,cash,OPEL,ASTRA,1,0,0.0
2026-07-18T08:50:36,cash,OPEL,CORSA,4,0,0.0
2026-07-18T08:50:36,cash,OPEL,CROSSLAND,3,0,0.0
2026-07-18T08:50:36,cash,OPEL,GRANDLAND,1,0,0.0
2026-07-18T08:50:36,cash,OPEL,GRANDLAND X,1,0,0.0
2026-07-18T08:50:36,cash,PEUGEOT,108,1,0,0.0
2026-07-18T08:50:36,cash,PEUGEOT,2008,21,0,0.0
2026-07-18T08:50:36,cash,PEUGEOT,208,8,0,0.0
2026-07-18T08:50:36,cash,PEUGEOT,3008,41,0,0.0
2026-07-18T08:50:36,cash,PEUGEOT,308,6,0,0.0
2026-07-18T08:50:36,cash,PEUGEOT,308 SW,2,0,0.0
2026-07-18T08:50:36,cash,PEUGEOT,5008,14,0,0.0
2026-07-18T08:50:36,cash,PEUGEOT,E-2008,12,12,1.0
2026-07-18T08:50:36,cash,PEUGEOT,E-208,7,7,1.0
2026-07-18T08:50:36,cash,PEUGEOT,E-308,1,1,1.0
2026-07-18T08:50:36,cash,PEUGEOT,EXPERT,5,0,0.0
2026-07-18T08:50:36,cash,PEUGEOT,PARTNER,9,0,0.0
2026-07-18T08:50:36,cash,RENAULT,ARKANA,13,0,0.0
2026-07-18T08:50:36,cash,RENAULT,AUSTRAL,4,0,0.0
2026-07-18T08:50:36,cash,RENAULT,CAPTUR,16,0,0.0
2026-07-18T08:50:36,cash,RENAULT,CLIO,30,0,0.0
2026-07-18T08:50:36,cash,RENAULT,ESPACE,1,0,0.0
2026-07-18T08:50:36,cash,RENAULT,EXPRESS,19,0,0.0
2026-07-18T08:50:36,cash,RENAULT,KADJAR,2,0,0.0
2026-07-18T08:50:36,cash,RENAULT,KANGOO,3,0,0.0
2026-07-18T08:50:36,cash,RENAULT,MASTER,1,0,0.0
2026-07-18T08:50:36,cash,RENAULT,MEGANE,15,0,0.0
2026-07-18T08:50:36,cash,RENAULT,MEGANE E-TECH,2,2,1.0
2026-07-18T08:50:36,cash,RENAULT,SCENIC,6,0,0.0
2026-07-18T08:50:36,cash,RENAULT,SYMBIOZ,1,0,0.0
2026-07-18T08:50:36,cash,RENAULT,TRAFIC,5,0,0.0
2026-07-18T08:50:36,cash,RENAULT,TWINGO,1,0,0.0
2026-07-18T08:50:36,cash,RENAULT,ZOE,1,1,1.0
2026-07-18T08:50:36,cash,SKODA,ENYAQ,1,1,1.0
2026-07-18T08:50:36,cash,SKODA,FABIA,6,0,0.0
2026-07-18T08:50:36,cash,SKODA,KAMIQ,5,0,0.0
2026-07-18T08:50:36,cash,SKODA,KAROQ,1,0,0.0
2026-07-18T08:50:36,cash,SKODA,KODIAQ,2,0,0.0
2026-07-18T08:50:36,cash,SMART,1,1,1,1.0
2026-07-18T08:50:36,cash,SUZUKI,SWIFT,2,0,0.0
2026-07-18T08:50:36,cash,TESLA,MODEL 3,6,6,1.0
2026-07-18T08:50:36,cash,TESLA,MODEL Y,5,5,1.0
2026-07-18T08:50:36,cash,TOYOTA,AYGO X,3,0,0.0
2026-07-18T08:50:36,cash,TOYOTA,C-HR,3,0,0.0
2026-07-18T08:50:36,cash,TOYOTA,COROLLA,2,0,0.0
2026-07-18T08:50:36,cash,TOYOTA,COROLLA TS,8,0,0.0
2026-07-18T08:50:36,cash,TOYOTA,PROACE CITY,1,0,0.0
2026-07-18T08:50:36,cash,TOYOTA,RAV4 HSD,4,0,0.0
2026-07-18T08:50:36,cash,TOYOTA,RAV4 PLUG IN,3,0,0.0
2026-07-18T08:50:36,cash,TOYOTA,YARIS,1,0,0.0
2026-07-18T08:50:36,cash,TOYOTA,YARIS HYBRID,3,0,0.0
2026-07-18T08:50:36,cash,VOLKSWAGEN,GOLF,8,0,0.0
2026-07-18T08:50:36,cash,VOLKSWAGEN,ID.3,1,1,1.0
2026-07-18T08:50:36,cash,VOLKSWAGEN,POLO,4,0,0.0
2026-07-18T08:50:36,cash,VOLKSWAGEN,T-ROC,9,0,0.0
2026-07-18T08:50:36,cash,VOLKSWAGEN,TIGUAN,2,0,0.0
2026-07-18T08:50:36,cash,VOLKSWAGEN,TIGUAN ALLSPACE,3,0,0.0
2026-07-18T08:50:36,cash,VOLKSWAGEN,TOURAN,1,0,0.0
2026-07-18T08:50:36,cash,VOLKSWAGEN,TRANSPORTER,1,0,0.0
2026-07-19T09:06:13,leasing,AUDI,A3 SPORTBACK,5,0,0.0
2026-07-19T09:06:13,leasing,AUDI,Q2,1,0,0.0
2026-07-19T09:06:13,leasing,BMW,IX1,1,1,1.0
2026-07-19T09:06:13,leasing,BMW,IX3,1,1,1.0
2026-07-19T09:06:13,leasing,BMW,SERIE 1,6,0,0.0
2026-07-19T09:06:13,leasing,BMW,SERIE 3,2,0,0.0
2026-07-19T09:06:13,leasing,BMW,X1,10,0,0.0
2026-07-19T09:06:13,leasing,BMW,X2,1,0,0.0
2026-07-19T09:06:13,leasing,BMW,X3,3,0,0.0
2026-07-19T09:06:13,leasing,CITROEN,BERLINGO,9,0,0.0
2026-07-19T09:06:13,leasing,CITROEN,C3,7,0,0.0
2026-07-19T09:06:13,leasing,CITROEN,C3 AIRCROSS,6,0,0.0
2026-07-19T09:06:13,leasing,CITROEN,C4,4,0,0.0
2026-07-19T09:06:13,leasing,CITROEN,C5 AIRCROSS,12,0,0.0
2026-07-19T09:06:13,leasing,CITROEN,C5 X,4,0,0.0
2026-07-19T09:06:13,leasing,CITROEN,GRAND C4 SPACETOURER,1,0,0.0
2026-07-19T09:06:13,leasing,CITROEN,JUMPY,5,0,0.0
2026-07-19T09:06:13,leasing,DACIA,SANDERO,1,0,0.0
2026-07-19T09:06:13,leasing,DS,DS3,1,0,0.0
2026-07-19T09:06:13,leasing,DS,DS3 CROSSBACK,2,1,0.5
2026-07-19T09:06:13,leasing,DS,DS7,2,0,0.0
2026-07-19T09:06:13,leasing,FIAT,500,2,0,0.0
2026-07-19T09:06:13,leasing,FORD,KUGA,5,0,0.0
2026-07-19T09:06:13,leasing,FORD,PUMA,1,0,0.0
2026-07-19T09:06:13,leasing,HYUNDAI,IONIQ,1,1,1.0
2026-07-19T09:06:13,leasing,HYUNDAI,SANTA FE,1,0,0.0
2026-07-19T09:06:13,leasing,HYUNDAI,TUCSON,10,0,0.0
2026-07-19T09:06:13,leasing,JEEP,AVENGER,2,2,1.0
2026-07-19T09:06:13,leasing,KIA,CEED,4,0,0.0
2026-07-19T09:06:13,leasing,KIA,NIRO,1,0,0.0
2026-07-19T09:06:13,leasing,KIA,NIRO EV,6,6,1.0
2026-07-19T09:06:13,leasing,KIA,PICANTO,1,0,0.0
2026-07-19T09:06:13,leasing,KIA,PROCEED,1,0,0.0
2026-07-19T09:06:13,leasing,KIA,RIO,1,0,0.0
2026-07-19T09:06:13,leasing,KIA,SPORTAGE,6,0,0.0
2026-07-19T09:06:13,leasing,KIA,STONIC,12,0,0.0
2026-07-19T09:06:13,leasing,KIA,XCEED,1,0,0.0
2026-07-19T09:06:13,leasing,MERCEDES-BENZ,CLASSE A,3,0,0.0
2026-07-19T09:06:13,leasing,MERCEDES-BENZ,CLASSE CLA,3,0,0.0
2026-07-19T09:06:13,leasing,MERCEDES-BENZ,CLASSE GLA,1,0,0.0
2026-07-19T09:06:13,leasing,MINI,COUNTRYMAN,1,0,0.0
2026-07-19T09:06:13,leasing,NISSAN,LEAF,1,1,1.0
2026-07-19T09:06:13,leasing,NISSAN,QASHQAI,8,0,0.0
2026-07-19T09:06:13,leasing,NISSAN,X-TRAIL,1,0,0.0
2026-07-19T09:06:13,leasing,OPEL,ASTRA,1,0,0.0
2026-07-19T09:06:13,leasing,OPEL,CORSA,4,0,0.0
2026-07-19T09:06:13,leasing,OPEL,CROSSLAND,3,0,0.0
2026-07-19T09:06:13,leasing,OPEL,GRANDLAND,1,0,0.0
2026-07-19T09:06:13,leasing,PEUGEOT,2008,18,0,0.0
2026-07-19T09:06:13,leasing,PEUGEOT,208,8,0,0.0
2026-07-19T09:06:13,leasing,PEUGEOT,3008,32,0,0.0
2026-07-19T09:06:13,leasing,PEUGEOT,308,6,0,0.0
2026-07-19T09:06:13,leasing,PEUGEOT,308 SW,2,0,0.0
2026-07-19T09:06:13,leasing,PEUGEOT,5008,13,0,0.0
2026-07-19T09:06:13,leasing,PEUGEOT,E-2008,12,12,1.0
2026-07-19T09:06:13,leasing,PEUGEOT,E-208,5,5,1.0
2026-07-19T09:06:13,leasing,PEUGEOT,EXPERT,5,0,0.0
2026-07-19T09:06:13,leasing,PEUGEOT,PARTNER,8,0,0.0
2026-07-19T09:06:13,leasing,RENAULT,ARKANA,13,0,0.0
2026-07-19T09:06:13,leasing,RENAULT,AUSTRAL,5,0,0.0
2026-07-19T09:06:13,leasing,RENAULT,CAPTUR,15,0,0.0
2026-07-19T09:06:13,leasing,RENAULT,CLIO,25,0,0.0
2026-07-19T09:06:13,leasing,RENAULT,ESPACE,2,0,0.0
2026-07-19T09:06:13,leasing,RENAULT,EXPRESS,19,0,0.0
2026-07-19T09:06:13,leasing,RENAULT,KADJAR,1,0,0.0
2026-07-19T09:06:13,leasing,RENAULT,KANGOO,3,0,0.0
2026-07-19T09:06:13,leasing,RENAULT,MASTER,1,0,0.0
2026-07-19T09:06:13,leasing,RENAULT,MEGANE,12,0,0.0
2026-07-19T09:06:13,leasing,RENAULT,MEGANE E-TECH,6,6,1.0
2026-07-19T09:06:13,leasing,RENAULT,SCENIC,6,0,0.0
2026-07-19T09:06:13,leasing,RENAULT,TRAFIC,5,0,0.0
2026-07-19T09:06:13,leasing,RENAULT,ZOE,1,1,1.0
2026-07-19T09:06:13,leasing,SKODA,ENYAQ,1,1,1.0
2026-07-19T09:06:13,leasing,SKODA,FABIA,6,0,0.0
2026-07-19T09:06:13,leasing,SKODA,KAMIQ,5,0,0.0
2026-07-19T09:06:13,leasing,SKODA,KODIAQ,2,0,0.0
2026-07-19T09:06:13,leasing,SUZUKI,SWIFT,1,0,0.0
2026-07-19T09:06:13,leasing,TESLA,MODEL 3,4,4,1.0
2026-07-19T09:06:13,leasing,TESLA,MODEL Y,5,5,1.0
2026-07-19T09:06:13,leasing,TOYOTA,AYGO X,3,0,0.0
2026-07-19T09:06:13,leasing,TOYOTA,C-HR,2,0,0.0
2026-07-19T09:06:13,leasing,TOYOTA,COROLLA,2,0,0.0
2026-07-19T09:06:13,leasing,TOYOTA,COROLLA TS,7,0,0.0
2026-07-19T09:06:13,leasing,TOYOTA,PROACE CITY,1,0,0.0
2026-07-19T09:06:13,leasing,TOYOTA,RAV4 HSD,3,0,0.0
2026-07-19T09:06:13,leasing,TOYOTA,RAV4 PLUG IN,3,0,0.0
2026-07-19T09:06:13,leasing,TOYOTA,YARIS HYBRID,4,0,0.0
2026-07-19T09:06:13,leasing,VOLKSWAGEN,GOLF,6,0,0.0
2026-07-19T09:06:13,leasing,VOLKSWAGEN,ID.3,1,1,1.0
2026-07-19T09:06:13,leasing,VOLKSWAGEN,POLO,5,0,0.0
2026-07-19T09:06:13,leasing,VOLKSWAGEN,T-ROC,7,0,0.0
2026-07-19T09:06:13,leasing,VOLKSWAGEN,TIGUAN,2,0,0.0
2026-07-19T09:06:13,leasing,VOLKSWAGEN,TIGUAN ALLSPACE,1,0,0.0
2026-07-19T09:06:13,leasing,VOLKSWAGEN,TOURAN,1,0,0.0
2026-07-19T09:06:13,leasing,VOLKSWAGEN,TRANSPORTER,1,0,0.0
2026-07-19T09:06:13,cash,AUDI,A3 SPORTBACK,5,0,0.0
2026-07-19T09:06:13,cash,AUDI,Q2,1,0,0.0
2026-07-19T09:06:13,cash,BMW,IX1,1,1,1.0
2026-07-19T09:06:13,cash,BMW,IX3,1,1,1.0
2026-07-19T09:06:13,cash,BMW,SERIE 1,6,0,0.0
2026-07-19T09:06:13,cash,BMW,SERIE 2 ACTIVE TOURE,1,0,0.0
2026-07-19T09:06:13,cash,BMW,SERIE 3,2,0,0.0
2026-07-19T09:06:13,cash,BMW,X1,12,0,0.0
2026-07-19T09:06:13,cash,BMW,X2,1,0,0.0
2026-07-19T09:06:13,cash,BMW,X3,3,0,0.0
2026-07-19T09:06:13,cash,BMW,X5,1,0,0.0
2026-07-19T09:06:13,cash,CITROEN,BERLINGO,10,0,0.0
2026-07-19T09:06:13,cash,CITROEN,C3,8,0,0.0
2026-07-19T09:06:13,cash,CITROEN,C3 AIRCROSS,6,0,0.0
2026-07-19T09:06:13,cash,CITROEN,C4,5,0,0.0
2026-07-19T09:06:13,cash,CITROEN,C5 AIRCROSS,12,0,0.0
2026-07-19T09:06:13,cash,CITROEN,C5 X,4,0,0.0
2026-07-19T09:06:13,cash,CITROEN,E-C4,1,1,1.0
2026-07-19T09:06:13,cash,CITROEN,GRAND C4 SPACETOURER,1,0,0.0
2026-07-19T09:06:13,cash,CITROEN,JUMPY,5,0,0.0
2026-07-19T09:06:13,cash,DACIA,SANDERO,1,0,0.0
2026-07-19T09:06:13,cash,DS,DS3,1,0,0.0
2026-07-19T09:06:13,cash,DS,DS3 CROSSBACK,2,1,0.5
2026-07-19T09:06:13,cash,DS,DS7,2,0,0.0
2026-07-19T09:06:13,cash,FIAT,500,2,0,0.0
2026-07-19T09:06:13,cash,FORD,KUGA,6,0,0.0
2026-07-19T09:06:13,cash,FORD,PUMA,1,0,0.0
2026-07-19T09:06:13,cash,FORD,TRANSIT CUSTOM,1,0,0.0
2026-07-19T09:06:13,cash,HYUNDAI,IONIQ,1,1,1.0
2026-07-19T09:06:13,cash,HYUNDAI,SANTA FE,1,0,0.0
2026-07-19T09:06:13,cash,HYUNDAI,TUCSON,10,0,0.0
2026-07-19T09:06:13,cash,JEEP,AVENGER,2,2,1.0
2026-07-19T09:06:13,cash,KIA,CEED,4,0,0.0
2026-07-19T09:06:13,cash,KIA,NIRO,1,0,0.0
2026-07-19T09:06:13,cash,KIA,NIRO EV,6,6,1.0
2026-07-19T09:06:13,cash,KIA,PICANTO,1,0,0.0
2026-07-19T09:06:13,cash,KIA,PROCEED,1,0,0.0
2026-07-19T09:06:13,cash,KIA,RIO,1,0,0.0
2026-07-19T09:06:13,cash,KIA,SPORTAGE,7,0,0.0
2026-07-19T09:06:13,cash,KIA,STONIC,12,0,0.0
2026-07-19T09:06:13,cash,KIA,XCEED,1,0,0.0
2026-07-19T09:06:13,cash,MERCEDES-BENZ,CLASSE A,5,0,0.0
2026-07-19T09:06:13,cash,MERCEDES-BENZ,CLASSE CLA,3,0,0.0
2026-07-19T09:06:13,cash,MERCEDES-BENZ,CLASSE GLA,1,0,0.0
2026-07-19T09:06:13,cash,MERCEDES-BENZ,GLB,1,0,0.0
2026-07-19T09:06:13,cash,MINI,COUNTRYMAN,1,0,0.0
2026-07-19T09:06:13,cash,NISSAN,LEAF,1,1,1.0
2026-07-19T09:06:13,cash,NISSAN,QASHQAI,9,0,0.0
2026-07-19T09:06:13,cash,NISSAN,X-TRAIL,1,0,0.0
2026-07-19T09:06:13,cash,OPEL,ASTRA,1,0,0.0
2026-07-19T09:06:13,cash,OPEL,CORSA,4,0,0.0
2026-07-19T09:06:13,cash,OPEL,CROSSLAND,3,0,0.0
2026-07-19T09:06:13,cash,OPEL,GRANDLAND,1,0,0.0
2026-07-19T09:06:13,cash,OPEL,GRANDLAND X,1,0,0.0
2026-07-19T09:06:13,cash,PEUGEOT,108,1,0,0.0
2026-07-19T09:06:13,cash,PEUGEOT,2008,20,0,0.0
2026-07-19T09:06:13,cash,PEUGEOT,208,10,0,0.0
2026-07-19T09:06:13,cash,PEUGEOT,3008,40,0,0.0
2026-07-19T09:06:13,cash,PEUGEOT,308,6,0,0.0
2026-07-19T09:06:13,cash,PEUGEOT,308 SW,2,0,0.0
2026-07-19T09:06:13,cash,PEUGEOT,5008,14,0,0.0
2026-07-19T09:06:13,cash,PEUGEOT,E-2008,12,12,1.0
2026-07-19T09:06:13,cash,PEUGEOT,E-208,7,7,1.0
2026-07-19T09:06:13,cash,PEUGEOT,E-308,1,1,1.0
2026-07-19T09:06:13,cash,PEUGEOT,EXPERT,5,0,0.0
2026-07-19T09:06:13,cash,PEUGEOT,PARTNER,8,0,0.0
2026-07-19T09:06:13,cash,RENAULT,ARKANA,13,0,0.0
2026-07-19T09:06:13,cash,RENAULT,AUSTRAL,5,0,0.0
2026-07-19T09:06:13,cash,RENAULT,CAPTUR,15,0,0.0
2026-07-19T09:06:13,cash,RENAULT,CLIO,32,0,0.0
2026-07-19T09:06:13,cash,RENAULT,ESPACE,2,0,0.0
2026-07-19T09:06:13,cash,RENAULT,EXPRESS,19,0,0.0
2026-07-19T09:06:13,cash,RENAULT,KADJAR,2,0,0.0
2026-07-19T09:06:13,cash,RENAULT,KANGOO,3,0,0.0
2026-07-19T09:06:13,cash,RENAULT,MASTER,1,0,0.0
2026-07-19T09:06:13,cash,RENAULT,MEGANE,15,0,0.0
2026-07-19T09:06:13,cash,RENAULT,MEGANE E-TECH,6,6,1.0
2026-07-19T09:06:13,cash,RENAULT,SCENIC,6,0,0.0
2026-07-19T09:06:13,cash,RENAULT,SYMBIOZ,1,0,0.0
2026-07-19T09:06:13,cash,RENAULT,TRAFIC,5,0,0.0
2026-07-19T09:06:13,cash,RENAULT,TWINGO,1,0,0.0
2026-07-19T09:06:13,cash,RENAULT,ZOE,1,1,1.0
2026-07-19T09:06:13,cash,SKODA,ENYAQ,1,1,1.0
2026-07-19T09:06:13,cash,SKODA,FABIA,6,0,0.0
2026-07-19T09:06:13,cash,SKODA,KAMIQ,5,0,0.0
2026-07-19T09:06:13,cash,SKODA,KODIAQ,2,0,0.0
2026-07-19T09:06:13,cash,SMART,1,1,1,1.0
2026-07-19T09:06:13,cash,SUZUKI,SWIFT,1,0,0.0
2026-07-19T09:06:13,cash,TESLA,MODEL 3,6,6,1.0
2026-07-19T09:06:13,cash,TESLA,MODEL Y,5,5,1.0
2026-07-19T09:06:13,cash,TOYOTA,AYGO X,3,0,0.0
2026-07-19T09:06:13,cash,TOYOTA,C-HR,3,0,0.0
2026-07-19T09:06:13,cash,TOYOTA,COROLLA,2,0,0.0
2026-07-19T09:06:13,cash,TOYOTA,COROLLA TS,7,0,0.0
2026-07-19T09:06:13,cash,TOYOTA,PROACE CITY,1,0,0.0
2026-07-19T09:06:13,cash,TOYOTA,RAV4 HSD,4,0,0.0
2026-07-19T09:06:13,cash,TOYOTA,RAV4 PLUG IN,3,0,0.0
2026-07-19T09:06:13,cash,TOYOTA,YARIS HYBRID,4,0,0.0
2026-07-19T09:06:13,cash,VOLKSWAGEN,GOLF,8,0,0.0
2026-07-19T09:06:13,cash,VOLKSWAGEN,ID.3,1,1,1.0
2026-07-19T09:06:13,cash,VOLKSWAGEN,POLO,5,0,0.0
2026-07-19T09:06:13,cash,VOLKSWAGEN,T-ROC,8,0,0.0
2026-07-19T09:06:13,cash,VOLKSWAGEN,TIGUAN,2,0,0.0
2026-07-19T09:06:13,cash,VOLKSWAGEN,TIGUAN ALLSPACE,3,0,0.0
2026-07-19T09:06:13,cash,VOLKSWAGEN,TOURAN,1,0,0.0
2026-07-19T09:06:13,cash,VOLKSWAGEN,TRANSPORTER,1,0,0.0
2026-07-20T10:15:23,leasing,AUDI,A3 SPORTBACK,4,0,0.0
2026-07-20T10:15:23,leasing,AUDI,Q2,1,0,0.0
2026-07-20T10:15:23,leasing,BMW,IX1,1,1,1.0
2026-07-20T10:15:23,leasing,BMW,IX3,1,1,1.0
2026-07-20T10:15:23,leasing,BMW,SERIE 1,6,0,0.0
2026-07-20T10:15:23,leasing,BMW,SERIE 3,2,0,0.0
2026-07-20T10:15:23,leasing,BMW,X1,9,0,0.0
2026-07-20T10:15:23,leasing,BMW,X2,1,0,0.0
2026-07-20T10:15:23,leasing,BMW,X3,4,0,0.0
2026-07-20T10:15:23,leasing,CITROEN,BERLINGO,9,0,0.0
2026-07-20T10:15:23,leasing,CITROEN,C3,7,0,0.0
2026-07-20T10:15:23,leasing,CITROEN,C3 AIRCROSS,6,0,0.0
2026-07-20T10:15:23,leasing,CITROEN,C4,5,0,0.0
2026-07-20T10:15:23,leasing,CITROEN,C5 AIRCROSS,12,0,0.0
2026-07-20T10:15:23,leasing,CITROEN,C5 X,4,0,0.0
2026-07-20T10:15:23,leasing,CITROEN,GRAND C4 SPACETOURER,1,0,0.0
2026-07-20T10:15:23,leasing,CITROEN,JUMPY,5,0,0.0
2026-07-20T10:15:23,leasing,DACIA,SANDERO,1,0,0.0
2026-07-20T10:15:23,leasing,DS,DS3,1,0,0.0
2026-07-20T10:15:23,leasing,DS,DS3 CROSSBACK,2,1,0.5
2026-07-20T10:15:23,leasing,DS,DS7,2,0,0.0
2026-07-20T10:15:23,leasing,FIAT,500,2,0,0.0
2026-07-20T10:15:23,leasing,FORD,KUGA,5,0,0.0
2026-07-20T10:15:23,leasing,FORD,PUMA,1,0,0.0
2026-07-20T10:15:23,leasing,HYUNDAI,IONIQ,1,1,1.0
2026-07-20T10:15:23,leasing,HYUNDAI,SANTA FE,1,0,0.0
2026-07-20T10:15:23,leasing,HYUNDAI,TUCSON,10,0,0.0
2026-07-20T10:15:23,leasing,JEEP,AVENGER,2,2,1.0
2026-07-20T10:15:23,leasing,KIA,CEED,4,0,0.0
2026-07-20T10:15:23,leasing,KIA,NIRO,1,0,0.0
2026-07-20T10:15:23,leasing,KIA,NIRO EV,6,6,1.0
2026-07-20T10:15:23,leasing,KIA,PICANTO,1,0,0.0
2026-07-20T10:15:23,leasing,KIA,PROCEED,1,0,0.0
2026-07-20T10:15:23,leasing,KIA,RIO,1,0,0.0
2026-07-20T10:15:23,leasing,KIA,SPORTAGE,6,0,0.0
2026-07-20T10:15:23,leasing,KIA,STONIC,12,0,0.0
2026-07-20T10:15:23,leasing,KIA,XCEED,1,0,0.0
2026-07-20T10:15:23,leasing,MERCEDES-BENZ,CLASSE A,4,0,0.0
2026-07-20T10:15:23,leasing,MERCEDES-BENZ,CLASSE CLA,2,0,0.0
2026-07-20T10:15:23,leasing,MERCEDES-BENZ,CLASSE GLA,1,0,0.0
2026-07-20T10:15:23,leasing,NISSAN,LEAF,1,1,1.0
2026-07-20T10:15:23,leasing,NISSAN,QASHQAI,8,0,0.0
2026-07-20T10:15:23,leasing,NISSAN,X-TRAIL,1,0,0.0
2026-07-20T10:15:23,leasing,OPEL,ASTRA,1,0,0.0
2026-07-20T10:15:23,leasing,OPEL,CORSA,4,0,0.0
2026-07-20T10:15:23,leasing,OPEL,CROSSLAND,3,0,0.0
2026-07-20T10:15:23,leasing,OPEL,GRANDLAND,1,0,0.0
2026-07-20T10:15:23,leasing,PEUGEOT,2008,19,0,0.0
2026-07-20T10:15:23,leasing,PEUGEOT,208,8,0,0.0
2026-07-20T10:15:23,leasing,PEUGEOT,3008,31,0,0.0
2026-07-20T10:15:23,leasing,PEUGEOT,308,6,0,0.0
2026-07-20T10:15:23,leasing,PEUGEOT,308 SW,2,0,0.0
2026-07-20T10:15:23,leasing,PEUGEOT,5008,15,0,0.0
2026-07-20T10:15:23,leasing,PEUGEOT,E-2008,12,12,1.0
2026-07-20T10:15:23,leasing,PEUGEOT,E-208,6,6,1.0
2026-07-20T10:15:23,leasing,PEUGEOT,EXPERT,5,0,0.0
2026-07-20T10:15:23,leasing,PEUGEOT,PARTNER,8,0,0.0
2026-07-20T10:15:23,leasing,RENAULT,ARKANA,14,0,0.0
2026-07-20T10:15:23,leasing,RENAULT,AUSTRAL,5,0,0.0
2026-07-20T10:15:23,leasing,RENAULT,CAPTUR,17,0,0.0
2026-07-20T10:15:23,leasing,RENAULT,CLIO,24,0,0.0
2026-07-20T10:15:23,leasing,RENAULT,ESPACE,1,0,0.0
2026-07-20T10:15:23,leasing,RENAULT,EXPRESS,19,0,0.0
2026-07-20T10:15:23,leasing,RENAULT,KADJAR,1,0,0.0
2026-07-20T10:15:23,leasing,RENAULT,KANGOO,3,0,0.0
2026-07-20T10:15:23,leasing,RENAULT,MASTER,1,0,0.0
2026-07-20T10:15:23,leasing,RENAULT,MEGANE,10,0,0.0
2026-07-20T10:15:23,leasing,RENAULT,MEGANE E-TECH,1,1,1.0
2026-07-20T10:15:23,leasing,RENAULT,SCENIC,7,0,0.0
2026-07-20T10:15:23,leasing,RENAULT,TRAFIC,6,0,0.0
2026-07-20T10:15:23,leasing,RENAULT,ZOE,1,1,1.0
2026-07-20T10:15:23,leasing,SKODA,ENYAQ,1,1,1.0
2026-07-20T10:15:23,leasing,SKODA,FABIA,6,0,0.0
2026-07-20T10:15:23,leasing,SKODA,KAMIQ,5,0,0.0
2026-07-20T10:15:23,leasing,SKODA,KODIAQ,2,0,0.0
2026-07-20T10:15:23,leasing,SUZUKI,SWIFT,1,0,0.0
2026-07-20T10:15:23,leasing,TESLA,MODEL 3,5,5,1.0
2026-07-20T10:15:23,leasing,TESLA,MODEL Y,5,5,1.0
2026-07-20T10:15:23,leasing,TOYOTA,AYGO X,3,0,0.0
2026-07-20T10:15:23,leasing,TOYOTA,C-HR,2,0,0.0
2026-07-20T10:15:23,leasing,TOYOTA,COROLLA,3,0,0.0
2026-07-20T10:15:23,leasing,TOYOTA,COROLLA TS,7,0,0.0
2026-07-20T10:15:23,leasing,TOYOTA,PROACE CITY,1,0,0.0
2026-07-20T10:15:23,leasing,TOYOTA,RAV4 HSD,3,0,0.0
2026-07-20T10:15:23,leasing,TOYOTA,RAV4 PLUG IN,3,0,0.0
2026-07-20T10:15:23,leasing,TOYOTA,YARIS HYBRID,3,0,0.0
2026-07-20T10:15:23,leasing,VOLKSWAGEN,GOLF,6,0,0.0
2026-07-20T10:15:23,leasing,VOLKSWAGEN,ID.3,1,1,1.0
2026-07-20T10:15:23,leasing,VOLKSWAGEN,POLO,5,0,0.0
2026-07-20T10:15:23,leasing,VOLKSWAGEN,T-ROC,7,0,0.0
2026-07-20T10:15:23,leasing,VOLKSWAGEN,TIGUAN,3,0,0.0
2026-07-20T10:15:23,leasing,VOLKSWAGEN,TIGUAN ALLSPACE,1,0,0.0
2026-07-20T10:15:23,leasing,VOLKSWAGEN,TOURAN,1,0,0.0
2026-07-20T10:15:23,leasing,VOLKSWAGEN,TRANSPORTER,1,0,0.0
2026-07-20T10:15:23,cash,AUDI,A3 SPORTBACK,4,0,0.0
2026-07-20T10:15:23,cash,AUDI,Q2,1,0,0.0
2026-07-20T10:15:23,cash,BMW,IX1,1,1,1.0
2026-07-20T10:15:23,cash,BMW,IX3,1,1,1.0
2026-07-20T10:15:23,cash,BMW,SERIE 1,6,0,0.0
2026-07-20T10:15:23,cash,BMW,SERIE 2 ACTIVE TOURE,1,0,0.0
2026-07-20T10:15:23,cash,BMW,SERIE 3,2,0,0.0
2026-07-20T10:15:23,cash,BMW,X1,10,0,0.0
2026-07-20T10:15:23,cash,BMW,X2,1,0,0.0
2026-07-20T10:15:23,cash,BMW,X3,5,0,0.0
2026-07-20T10:15:23,cash,BMW,X5,1,0,0.0
2026-07-20T10:15:23,cash,CITROEN,BERLINGO,11,0,0.0
2026-07-20T10:15:23,cash,CITROEN,C3,8,0,0.0
2026-07-20T10:15:23,cash,CITROEN,C3 AIRCROSS,6,0,0.0
2026-07-20T10:15:23,cash,CITROEN,C4,5,0,0.0
2026-07-20T10:15:23,cash,CITROEN,C5 AIRCROSS,12,0,0.0
2026-07-20T10:15:23,cash,CITROEN,C5 X,4,0,0.0
2026-07-20T10:15:23,cash,CITROEN,E-C4,1,1,1.0
2026-07-20T10:15:23,cash,CITROEN,GRAND C4 SPACETOURER,1,0,0.0
2026-07-20T10:15:23,cash,CITROEN,JUMPY,5,0,0.0
2026-07-20T10:15:23,cash,CUPRA,FORMENTOR,1,0,0.0
2026-07-20T10:15:23,cash,DACIA,SANDERO,1,0,0.0
2026-07-20T10:15:23,cash,DS,DS3,1,0,0.0
2026-07-20T10:15:23,cash,DS,DS3 CROSSBACK,2,1,0.5
2026-07-20T10:15:23,cash,DS,DS7,2,0,0.0
2026-07-20T10:15:23,cash,FIAT,500,2,0,0.0
2026-07-20T10:15:23,cash,FORD,KUGA,6,0,0.0
2026-07-20T10:15:23,cash,FORD,PUMA,1,0,0.0
2026-07-20T10:15:23,cash,FORD,TRANSIT CUSTOM,1,0,0.0
2026-07-20T10:15:23,cash,HYUNDAI,IONIQ,1,1,1.0
2026-07-20T10:15:23,cash,HYUNDAI,SANTA FE,1,0,0.0
2026-07-20T10:15:23,cash,HYUNDAI,TUCSON,10,0,0.0
2026-07-20T10:15:23,cash,JEEP,AVENGER,2,2,1.0
2026-07-20T10:15:23,cash,KIA,CEED,4,0,0.0
2026-07-20T10:15:23,cash,KIA,NIRO,1,0,0.0
2026-07-20T10:15:23,cash,KIA,NIRO EV,8,8,1.0
2026-07-20T10:15:23,cash,KIA,PICANTO,1,0,0.0
2026-07-20T10:15:23,cash,KIA,PROCEED,1,0,0.0
2026-07-20T10:15:23,cash,KIA,RIO,1,0,0.0
2026-07-20T10:15:23,cash,KIA,SPORTAGE,7,0,0.0
2026-07-20T10:15:23,cash,KIA,STONIC,12,0,0.0
2026-07-20T10:15:23,cash,KIA,XCEED,1,0,0.0
2026-07-20T10:15:23,cash,MERCEDES-BENZ,CLASSE A,6,0,0.0
2026-07-20T10:15:23,cash,MERCEDES-BENZ,CLASSE CLA,2,0,0.0
2026-07-20T10:15:23,cash,MERCEDES-BENZ,CLASSE GLA,1,0,0.0
2026-07-20T10:15:23,cash,MERCEDES-BENZ,GLB,1,0,0.0
2026-07-20T10:15:23,cash,MG,MG5,1,1,1.0
2026-07-20T10:15:23,cash,NISSAN,LEAF,1,1,1.0
2026-07-20T10:15:23,cash,NISSAN,QASHQAI,9,0,0.0
2026-07-20T10:15:23,cash,NISSAN,X-TRAIL,1,0,0.0
2026-07-20T10:15:23,cash,OPEL,ASTRA,1,0,0.0
2026-07-20T10:15:23,cash,OPEL,CORSA,4,0,0.0
2026-07-20T10:15:23,cash,OPEL,CROSSLAND,3,0,0.0
2026-07-20T10:15:23,cash,OPEL,GRANDLAND,1,0,0.0
2026-07-20T10:15:23,cash,OPEL,GRANDLAND X,1,0,0.0
2026-07-20T10:15:23,cash,PEUGEOT,108,1,0,0.0
2026-07-20T10:15:23,cash,PEUGEOT,2008,23,0,0.0
2026-07-20T10:15:23,cash,PEUGEOT,208,10,0,0.0
2026-07-20T10:15:23,cash,PEUGEOT,3008,39,0,0.0
2026-07-20T10:15:23,cash,PEUGEOT,308,6,0,0.0
2026-07-20T10:15:23,cash,PEUGEOT,308 SW,2,0,0.0
2026-07-20T10:15:23,cash,PEUGEOT,5008,16,0,0.0
2026-07-20T10:15:23,cash,PEUGEOT,E-2008,12,12,1.0
2026-07-20T10:15:23,cash,PEUGEOT,E-208,8,8,1.0
2026-07-20T10:15:23,cash,PEUGEOT,E-308,1,1,1.0
2026-07-20T10:15:23,cash,PEUGEOT,EXPERT,5,0,0.0
2026-07-20T10:15:23,cash,PEUGEOT,PARTNER,8,0,0.0
2026-07-20T10:15:23,cash,RENAULT,ARKANA,14,0,0.0
2026-07-20T10:15:23,cash,RENAULT,AUSTRAL,5,0,0.0
2026-07-20T10:15:23,cash,RENAULT,CAPTUR,17,0,0.0
2026-07-20T10:15:23,cash,RENAULT,CLIO,32,0,0.0
2026-07-20T10:15:23,cash,RENAULT,ESPACE,2,0,0.0
2026-07-20T10:15:23,cash,RENAULT,EXPRESS,19,0,0.0
2026-07-20T10:15:23,cash,RENAULT,KADJAR,2,0,0.0
2026-07-20T10:15:23,cash,RENAULT,KANGOO,3,0,0.0
2026-07-20T10:15:23,cash,RENAULT,MASTER,1,0,0.0
2026-07-20T10:15:23,cash,RENAULT,MEGANE,13,0,0.0
2026-07-20T10:15:23,cash,RENAULT,MEGANE E-TECH,1,1,1.0
2026-07-20T10:15:23,cash,RENAULT,SCENIC,7,0,0.0
2026-07-20T10:15:23,cash,RENAULT,SYMBIOZ,1,0,0.0
2026-07-20T10:15:23,cash,RENAULT,TRAFIC,6,0,0.0
2026-07-20T10:15:23,cash,RENAULT,TWINGO,1,0,0.0
2026-07-20T10:15:23,cash,RENAULT,ZOE,1,1,1.0
2026-07-20T10:15:23,cash,SKODA,ENYAQ,1,1,1.0
2026-07-20T10:15:23,cash,SKODA,FABIA,6,0,0.0
2026-07-20T10:15:23,cash,SKODA,KAMIQ,5,0,0.0
2026-07-20T10:15:23,cash,SKODA,KODIAQ,2,0,0.0
2026-07-20T10:15:23,cash,SMART,1,1,1,1.0
2026-07-20T10:15:23,cash,SUZUKI,SWIFT,1,0,0.0
2026-07-20T10:15:23,cash,TESLA,MODEL 3,7,7,1.0
2026-07-20T10:15:23,cash,TESLA,MODEL Y,5,5,1.0
2026-07-20T10:15:23,cash,TOYOTA,AYGO X,3,0,0.0
2026-07-20T10:15:23,cash,TOYOTA,C-HR,3,0,0.0
2026-07-20T10:15:23,cash,TOYOTA,COROLLA,3,0,0.0
2026-07-20T10:15:23,cash,TOYOTA,COROLLA TS,7,0,0.0
2026-07-20T10:15:23,cash,TOYOTA,PROACE CITY,1,0,0.0
2026-07-20T10:15:23,cash,TOYOTA,RAV4 HSD,4,0,0.0
2026-07-20T10:15:23,cash,TOYOTA,RAV4 PLUG IN,3,0,0.0
2026-07-20T10:15:23,cash,TOYOTA,YARIS HYBRID,3,0,0.0
2026-07-20T10:15:23,cash,VOLKSWAGEN,GOLF,8,0,0.0
2026-07-20T10:15:23,cash,VOLKSWAGEN,ID.3,1,1,1.0
2026-07-20T10:15:23,cash,VOLKSWAGEN,POLO,5,0,0.0
2026-07-20T10:15:23,cash,VOLKSWAGEN,T-ROC,8,0,0.0
2026-07-20T10:15:23,cash,VOLKSWAGEN,TAIGO,1,0,0.0
2026-07-20T10:15:23,cash,VOLKSWAGEN,TIGUAN,4,0,0.0
2026-07-20T10:15:23,cash,VOLKSWAGEN,TIGUAN ALLSPACE,3,0,0.0
2026-07-20T10:15:23,cash,VOLKSWAGEN,TOURAN,1,0,0.0
2026-07-20T10:15:23,cash,VOLKSWAGEN,TRANSPORTER,1,0,0.0
2026-07-21T09:29:24,leasing,AUDI,A3 SPORTBACK,5,0,0.0
2026-07-21T09:29:24,leasing,AUDI,Q2,1,0,0.0
2026-07-21T09:29:24,leasing,AUDI,Q3,1,0,0.0
2026-07-21T09:29:24,leasing,AUDI,Q5,1,0,0.0
2026-07-21T09:29:24,leasing,BMW,IX1,1,1,1.0
2026-07-21T09:29:24,leasing,BMW,IX3,1,1,1.0
2026-07-21T09:29:24,leasing,BMW,SERIE 1,7,0,0.0
2026-07-21T09:29:24,leasing,BMW,SERIE 3,2,0,0.0
2026-07-21T09:29:24,leasing,BMW,X1,10,0,0.0
2026-07-21T09:29:24,leasing,BMW,X2,1,0,0.0
2026-07-21T09:29:24,leasing,BMW,X3,5,0,0.0
2026-07-21T09:29:24,leasing,CITROEN,BERLINGO,10,0,0.0
2026-07-21T09:29:24,leasing,CITROEN,C3,7,0,0.0
2026-07-21T09:29:24,leasing,CITROEN,C3 AIRCROSS,6,0,0.0
2026-07-21T09:29:24,leasing,CITROEN,C4,5,0,0.0
2026-07-21T09:29:24,leasing,CITROEN,C5 AIRCROSS,12,0,0.0
2026-07-21T09:29:24,leasing,CITROEN,C5 X,4,0,0.0
2026-07-21T09:29:24,leasing,CITROEN,GRAND C4 SPACETOURER,1,0,0.0
2026-07-21T09:29:24,leasing,CITROEN,JUMPY,5,0,0.0
2026-07-21T09:29:24,leasing,CUPRA,FORMENTOR,1,0,0.0
2026-07-21T09:29:24,leasing,DACIA,SANDERO,1,0,0.0
2026-07-21T09:29:24,leasing,DS,DS3,1,0,0.0
2026-07-21T09:29:24,leasing,DS,DS3 CROSSBACK,2,1,0.5
2026-07-21T09:29:24,leasing,DS,DS4,1,0,0.0
2026-07-21T09:29:24,leasing,DS,DS7,2,0,0.0
2026-07-21T09:29:24,leasing,FIAT,500,2,0,0.0
2026-07-21T09:29:24,leasing,FORD,KUGA,5,0,0.0
2026-07-21T09:29:24,leasing,FORD,PUMA,1,0,0.0
2026-07-21T09:29:24,leasing,HYUNDAI,I30,1,0,0.0
2026-07-21T09:29:24,leasing,HYUNDAI,IONIQ,1,1,1.0
2026-07-21T09:29:24,leasing,HYUNDAI,SANTA FE,1,0,0.0
2026-07-21T09:29:24,leasing,HYUNDAI,TUCSON,8,0,0.0
2026-07-21T09:29:24,leasing,JEEP,AVENGER,2,2,1.0
2026-07-21T09:29:24,leasing,KIA,CEED,4,0,0.0
2026-07-21T09:29:24,leasing,KIA,E-NIRO,1,1,1.0
2026-07-21T09:29:24,leasing,KIA,NIRO,1,0,0.0
2026-07-21T09:29:24,leasing,KIA,NIRO EV,8,8,1.0
2026-07-21T09:29:24,leasing,KIA,PICANTO,1,0,0.0
2026-07-21T09:29:24,leasing,KIA,PROCEED,1,0,0.0
2026-07-21T09:29:24,leasing,KIA,RIO,1,0,0.0
2026-07-21T09:29:24,leasing,KIA,SORENTO,1,0,0.0
2026-07-21T09:29:24,leasing,KIA,SPORTAGE,7,0,0.0
2026-07-21T09:29:24,leasing,KIA,STONIC,11,0,0.0
2026-07-21T09:29:24,leasing,KIA,XCEED,1,0,0.0
2026-07-21T09:29:24,leasing,MERCEDES-BENZ,CLASSE A,4,0,0.0
2026-07-21T09:29:24,leasing,MERCEDES-BENZ,CLASSE CLA,3,0,0.0
2026-07-21T09:29:24,leasing,MERCEDES-BENZ,CLASSE GLA,1,0,0.0
2026-07-21T09:29:24,leasing,MG,MG5,1,1,1.0
2026-07-21T09:29:24,leasing,MINI,MINI,1,0,0.0
2026-07-21T09:29:24,leasing,NISSAN,LEAF,1,1,1.0
2026-07-21T09:29:24,leasing,NISSAN,QASHQAI,8,0,0.0
2026-07-21T09:29:24,leasing,NISSAN,X-TRAIL,1,0,0.0
2026-07-21T09:29:24,leasing,OPEL,ASTRA,1,0,0.0
2026-07-21T09:29:24,leasing,OPEL,CORSA,4,0,0.0
2026-07-21T09:29:24,leasing,OPEL,CROSSLAND,3,0,0.0
2026-07-21T09:29:24,leasing,OPEL,E-CORSA,1,1,1.0
2026-07-21T09:29:24,leasing,OPEL,GRANDLAND,1,0,0.0
2026-07-21T09:29:24,leasing,PEUGEOT,2008,24,0,0.0
2026-07-21T09:29:24,leasing,PEUGEOT,208,8,0,0.0
2026-07-21T09:29:24,leasing,PEUGEOT,3008,32,0,0.0
2026-07-21T09:29:24,leasing,PEUGEOT,308,7,0,0.0
2026-07-21T09:29:24,leasing,PEUGEOT,308 SW,2,0,0.0
2026-07-21T09:29:24,leasing,PEUGEOT,408,1,0,0.0
2026-07-21T09:29:24,leasing,PEUGEOT,5008,14,0,0.0
2026-07-21T09:29:24,leasing,PEUGEOT,E-2008,12,12,1.0
2026-07-21T09:29:24,leasing,PEUGEOT,E-208,6,6,1.0
2026-07-21T09:29:24,leasing,PEUGEOT,EXPERT,5,0,0.0
2026-07-21T09:29:24,leasing,PEUGEOT,PARTNER,8,0,0.0
2026-07-21T09:29:24,leasing,RENAULT,ARKANA,14,0,0.0
2026-07-21T09:29:24,leasing,RENAULT,AUSTRAL,5,0,0.0
2026-07-21T09:29:24,leasing,RENAULT,CAPTUR,18,0,0.0
2026-07-21T09:29:24,leasing,RENAULT,CLIO,27,0,0.0
2026-07-21T09:29:24,leasing,RENAULT,ESPACE,1,0,0.0
2026-07-21T09:29:24,leasing,RENAULT,EXPRESS,18,0,0.0
2026-07-21T09:29:24,leasing,RENAULT,KADJAR,1,0,0.0
2026-07-21T09:29:24,leasing,RENAULT,KANGOO,3,0,0.0
2026-07-21T09:29:24,leasing,RENAULT,MASTER,1,0,0.0
2026-07-21T09:29:24,leasing,RENAULT,MEGANE,11,0,0.0
2026-07-21T09:29:24,leasing,RENAULT,MEGANE E-TECH,1,1,1.0
2026-07-21T09:29:24,leasing,RENAULT,SCENIC,7,0,0.0
2026-07-21T09:29:24,leasing,RENAULT,TRAFIC,6,0,0.0
2026-07-21T09:29:24,leasing,RENAULT,ZOE,1,1,1.0
2026-07-21T09:29:24,leasing,SKODA,ENYAQ,1,1,1.0
2026-07-21T09:29:24,leasing,SKODA,FABIA,6,0,0.0
2026-07-21T09:29:24,leasing,SKODA,KAMIQ,5,0,0.0
2026-07-21T09:29:24,leasing,SKODA,KODIAQ,2,0,0.0
2026-07-21T09:29:24,leasing,SUZUKI,SWIFT,1,0,0.0
2026-07-21T09:29:24,leasing,TESLA,MODEL 3,4,4,1.0
2026-07-21T09:29:24,leasing,TESLA,MODEL Y,5,5,1.0
2026-07-21T09:29:24,leasing,TOYOTA,AYGO X,3,0,0.0
2026-07-21T09:29:24,leasing,TOYOTA,C-HR,2,0,0.0
2026-07-21T09:29:24,leasing,TOYOTA,COROLLA,3,0,0.0
2026-07-21T09:29:24,leasing,TOYOTA,COROLLA TS,8,0,0.0
2026-07-21T09:29:24,leasing,TOYOTA,PROACE CITY,1,0,0.0
2026-07-21T09:29:24,leasing,TOYOTA,RAV4 HSD,3,0,0.0
2026-07-21T09:29:24,leasing,TOYOTA,RAV4 PLUG IN,3,0,0.0
2026-07-21T09:29:24,leasing,TOYOTA,YARIS HYBRID,3,0,0.0
2026-07-21T09:29:24,leasing,VOLKSWAGEN,GOLF,9,0,0.0
2026-07-21T09:29:24,leasing,VOLKSWAGEN,ID.3,1,1,1.0
2026-07-21T09:29:24,leasing,VOLKSWAGEN,POLO,5,0,0.0
2026-07-21T09:29:24,leasing,VOLKSWAGEN,T-ROC,6,0,0.0
2026-07-21T09:29:24,leasing,VOLKSWAGEN,TAIGO,1,0,0.0
2026-07-21T09:29:24,leasing,VOLKSWAGEN,TIGUAN,3,0,0.0
2026-07-21T09:29:24,leasing,VOLKSWAGEN,TIGUAN ALLSPACE,1,0,0.0
2026-07-21T09:29:24,leasing,VOLKSWAGEN,TOURAN,2,0,0.0
2026-07-21T09:29:24,leasing,VOLKSWAGEN,TRANSPORTER,1,0,0.0
2026-07-21T09:29:24,cash,AUDI,A3 SPORTBACK,5,0,0.0
2026-07-21T09:29:24,cash,AUDI,Q2,1,0,0.0
2026-07-21T09:29:24,cash,AUDI,Q3,1,0,0.0
2026-07-21T09:29:24,cash,AUDI,Q5,1,0,0.0
2026-07-21T09:29:24,cash,BMW,IX1,1,1,1.0
2026-07-21T09:29:24,cash,BMW,IX3,1,1,1.0
2026-07-21T09:29:24,cash,BMW,SERIE 1,7,0,0.0
2026-07-21T09:29:24,cash,BMW,SERIE 2 ACTIVE TOURE,1,0,0.0
2026-07-21T09:29:24,cash,BMW,SERIE 3,2,0,0.0
2026-07-21T09:29:24,cash,BMW,X1,11,0,0.0
2026-07-21T09:29:24,cash,BMW,X2,1,0,0.0
2026-07-21T09:29:24,cash,BMW,X3,6,0,0.0
2026-07-21T09:29:24,cash,BMW,X5,1,0,0.0
2026-07-21T09:29:24,cash,CITROEN,BERLINGO,11,0,0.0
2026-07-21T09:29:24,cash,CITROEN,C3,8,0,0.0
2026-07-21T09:29:24,cash,CITROEN,C3 AIRCROSS,6,0,0.0
2026-07-21T09:29:24,cash,CITROEN,C4,5,0,0.0
2026-07-21T09:29:24,cash,CITROEN,C5 AIRCROSS,12,0,0.0
2026-07-21T09:29:24,cash,CITROEN,C5 X,4,0,0.0
2026-07-21T09:29:24,cash,CITROEN,E-C4,1,1,1.0
2026-07-21T09:29:24,cash,CITROEN,GRAND C4 SPACETOURER,1,0,0.0
2026-07-21T09:29:24,cash,CITROEN,JUMPY,5,0,0.0
2026-07-21T09:29:24,cash,CUPRA,FORMENTOR,1,0,0.0
2026-07-21T09:29:24,cash,DACIA,SANDERO,1,0,0.0
2026-07-21T09:29:24,cash,DS,DS3,1,0,0.0
2026-07-21T09:29:24,cash,DS,DS3 CROSSBACK,2,1,0.5
2026-07-21T09:29:24,cash,DS,DS4,1,0,0.0
2026-07-21T09:29:24,cash,DS,DS7,2,0,0.0
2026-07-21T09:29:24,cash,FIAT,500,2,0,0.0
2026-07-21T09:29:24,cash,FORD,KUGA,6,0,0.0
2026-07-21T09:29:24,cash,FORD,PUMA,1,0,0.0
2026-07-21T09:29:24,cash,FORD,TRANSIT CUSTOM,1,0,0.0
2026-07-21T09:29:24,cash,HYUNDAI,I30,1,0,0.0
2026-07-21T09:29:24,cash,HYUNDAI,IONIQ,1,1,1.0
2026-07-21T09:29:24,cash,HYUNDAI,SANTA FE,1,0,0.0
2026-07-21T09:29:24,cash,HYUNDAI,TUCSON,8,0,0.0
2026-07-21T09:29:24,cash,JEEP,AVENGER,2,2,1.0
2026-07-21T09:29:24,cash,KIA,CEED,4,0,0.0
2026-07-21T09:29:24,cash,KIA,E-NIRO,1,1,1.0
2026-07-21T09:29:24,cash,KIA,NIRO,1,0,0.0
2026-07-21T09:29:24,cash,KIA,NIRO EV,8,8,1.0
2026-07-21T09:29:24,cash,KIA,PICANTO,1,0,0.0
2026-07-21T09:29:24,cash,KIA,PROCEED,1,0,0.0
2026-07-21T09:29:24,cash,KIA,RIO,1,0,0.0
2026-07-21T09:29:24,cash,KIA,SORENTO,1,0,0.0
2026-07-21T09:29:24,cash,KIA,SPORTAGE,8,0,0.0
2026-07-21T09:29:24,cash,KIA,STONIC,11,0,0.0
2026-07-21T09:29:24,cash,KIA,XCEED,1,0,0.0
2026-07-21T09:29:24,cash,MERCEDES-BENZ,CLASSE A,6,0,0.0
2026-07-21T09:29:24,cash,MERCEDES-BENZ,CLASSE CLA,3,0,0.0
2026-07-21T09:29:24,cash,MERCEDES-BENZ,CLASSE GLA,1,0,0.0
2026-07-21T09:29:24,cash,MERCEDES-BENZ,GLB,1,0,0.0
2026-07-21T09:29:24,cash,MG,MG5,1,1,1.0
2026-07-21T09:29:24,cash,MINI,MINI,1,0,0.0
2026-07-21T09:29:24,cash,NISSAN,LEAF,1,1,1.0
2026-07-21T09:29:24,cash,NISSAN,QASHQAI,9,0,0.0
2026-07-21T09:29:24,cash,NISSAN,X-TRAIL,1,0,0.0
2026-07-21T09:29:24,cash,OPEL,ASTRA,1,0,0.0
2026-07-21T09:29:24,cash,OPEL,CORSA,4,0,0.0
2026-07-21T09:29:24,cash,OPEL,CROSSLAND,3,0,0.0
2026-07-21T09:29:24,cash,OPEL,E-CORSA,1,1,1.0
2026-07-21T09:29:24,cash,OPEL,GRANDLAND,1,0,0.0
2026-07-21T09:29:24,cash,OPEL,GRANDLAND X,1,0,0.0
2026-07-21T09:29:24,cash,PEUGEOT,108,1,0,0.0
2026-07-21T09:29:24,cash,PEUGEOT,2008,26,0,0.0
2026-07-21T09:29:24,cash,PEUGEOT,208,10,0,0.0
2026-07-21T09:29:24,cash,PEUGEOT,3008,40,0,0.0
2026-07-21T09:29:24,cash,PEUGEOT,308,7,0,0.0
2026-07-21T09:29:24,cash,PEUGEOT,308 SW,2,0,0.0
2026-07-21T09:29:24,cash,PEUGEOT,408,1,0,0.0
2026-07-21T09:29:24,cash,PEUGEOT,5008,15,0,0.0
2026-07-21T09:29:24,cash,PEUGEOT,E-2008,12,12,1.0
2026-07-21T09:29:24,cash,PEUGEOT,E-208,8,8,1.0
2026-07-21T09:29:24,cash,PEUGEOT,E-308,1,1,1.0
2026-07-21T09:29:24,cash,PEUGEOT,EXPERT,5,0,0.0
2026-07-21T09:29:24,cash,PEUGEOT,PARTNER,8,0,0.0
2026-07-21T09:29:24,cash,RENAULT,ARKANA,14,0,0.0
2026-07-21T09:29:24,cash,RENAULT,AUSTRAL,5,0,0.0
2026-07-21T09:29:24,cash,RENAULT,CAPTUR,18,0,0.0
2026-07-21T09:29:24,cash,RENAULT,CLIO,35,0,0.0
2026-07-21T09:29:24,cash,RENAULT,ESPACE,1,0,0.0
2026-07-21T09:29:24,cash,RENAULT,EXPRESS,18,0,0.0
2026-07-21T09:29:24,cash,RENAULT,KADJAR,2,0,0.0
2026-07-21T09:29:24,cash,RENAULT,KANGOO,3,0,0.0
2026-07-21T09:29:24,cash,RENAULT,MASTER,1,0,0.0
2026-07-21T09:29:24,cash,RENAULT,MEGANE,14,0,0.0
2026-07-21T09:29:24,cash,RENAULT,MEGANE E-TECH,2,2,1.0
2026-07-21T09:29:24,cash,RENAULT,SCENIC,7,0,0.0
2026-07-21T09:29:24,cash,RENAULT,SYMBIOZ,1,0,0.0
2026-07-21T09:29:24,cash,RENAULT,TRAFIC,6,0,0.0
2026-07-21T09:29:24,cash,RENAULT,TWINGO,1,0,0.0
2026-07-21T09:29:24,cash,RENAULT,ZOE,1,1,1.0
2026-07-21T09:29:24,cash,SKODA,ENYAQ,1,1,1.0
2026-07-21T09:29:24,cash,SKODA,FABIA,6,0,0.0
2026-07-21T09:29:24,cash,SKODA,KAMIQ,5,0,0.0
2026-07-21T09:29:24,cash,SKODA,KODIAQ,2,0,0.0
2026-07-21T09:29:24,cash,SMART,1,1,1,1.0
2026-07-21T09:29:24,cash,SUZUKI,SWIFT,1,0,0.0
2026-07-21T09:29:24,cash,TESLA,MODEL 3,6,6,1.0
2026-07-21T09:29:24,cash,TESLA,MODEL Y,5,5,1.0
2026-07-21T09:29:24,cash,TOYOTA,AYGO X,3,0,0.0
2026-07-21T09:29:24,cash,TOYOTA,C-HR,3,0,0.0
2026-07-21T09:29:24,cash,TOYOTA,COROLLA,3,0,0.0
2026-07-21T09:29:24,cash,TOYOTA,COROLLA TS,8,0,0.0
2026-07-21T09:29:24,cash,TOYOTA,PROACE CITY,1,0,0.0
2026-07-21T09:29:24,cash,TOYOTA,RAV4 HSD,4,0,0.0
2026-07-21T09:29:24,cash,TOYOTA,RAV4 PLUG IN,3,0,0.0
2026-07-21T09:29:24,cash,TOYOTA,YARIS HYBRID,3,0,0.0
2026-07-21T09:29:24,cash,VOLKSWAGEN,GOLF,11,0,0.0
2026-07-21T09:29:24,cash,VOLKSWAGEN,ID.3,1,1,1.0
2026-07-21T09:29:24,cash,VOLKSWAGEN,POLO,5,0,0.0
2026-07-21T09:29:24,cash,VOLKSWAGEN,T-ROC,7,0,0.0
2026-07-21T09:29:24,cash,VOLKSWAGEN,TAIGO,1,0,0.0
2026-07-21T09:29:24,cash,VOLKSWAGEN,TIGUAN,3,0,0.0
2026-07-21T09:29:24,cash,VOLKSWAGEN,TIGUAN ALLSPACE,3,0,0.0
2026-07-21T09:29:24,cash,VOLKSWAGEN,TOURAN,2,0,0.0
2026-07-21T09:29:24,cash,VOLKSWAGEN,TRANSPORTER,1,0,0.0
2026-07-22T09:28:57,leasing,AUDI,A3 SPORTBACK,5,0,0.0
2026-07-22T09:28:57,leasing,AUDI,Q2,1,0,0.0
2026-07-22T09:28:57,leasing,AUDI,Q3,1,0,0.0
2026-07-22T09:28:57,leasing,BMW,IX1,1,1,1.0
2026-07-22T09:28:57,leasing,BMW,IX3,1,1,1.0
2026-07-22T09:28:57,leasing,BMW,SERIE 1,7,0,0.0
2026-07-22T09:28:57,leasing,BMW,SERIE 3,2,0,0.0
2026-07-22T09:28:57,leasing,BMW,X1,13,0,0.0
2026-07-22T09:28:57,leasing,BMW,X2,1,0,0.0
2026-07-22T09:28:57,leasing,BMW,X3,5,0,0.0
2026-07-22T09:28:57,leasing,CITROEN,BERLINGO,10,0,0.0
2026-07-22T09:28:57,leasing,CITROEN,C3,8,0,0.0
2026-07-22T09:28:57,leasing,CITROEN,C3 AIRCROSS,6,0,0.0
2026-07-22T09:28:57,leasing,CITROEN,C4,5,0,0.0
2026-07-22T09:28:57,leasing,CITROEN,C5 AIRCROSS,12,0,0.0
2026-07-22T09:28:57,leasing,CITROEN,C5 X,4,0,0.0
2026-07-22T09:28:57,leasing,CITROEN,GRAND C4 SPACETOURER,1,0,0.0
2026-07-22T09:28:57,leasing,CITROEN,JUMPY,5,0,0.0
2026-07-22T09:28:57,leasing,CUPRA,FORMENTOR,1,0,0.0
2026-07-22T09:28:57,leasing,DACIA,JOGGER,1,0,0.0
2026-07-22T09:28:57,leasing,DACIA,SANDERO,1,0,0.0
2026-07-22T09:28:57,leasing,DS,DS3,1,0,0.0
2026-07-22T09:28:57,leasing,DS,DS3 CROSSBACK,2,1,0.5
2026-07-22T09:28:57,leasing,DS,DS4,1,0,0.0
2026-07-22T09:28:57,leasing,DS,DS7,2,0,0.0
2026-07-22T09:28:57,leasing,FIAT,500,1,0,0.0
2026-07-22T09:28:57,leasing,FORD,KUGA,4,0,0.0
2026-07-22T09:28:57,leasing,FORD,PUMA,1,0,0.0
2026-07-22T09:28:57,leasing,HYUNDAI,I30,1,0,0.0
2026-07-22T09:28:57,leasing,HYUNDAI,IONIQ,1,1,1.0
2026-07-22T09:28:57,leasing,HYUNDAI,SANTA FE,1,0,0.0
2026-07-22T09:28:57,leasing,HYUNDAI,TUCSON,9,0,0.0
2026-07-22T09:28:57,leasing,JEEP,AVENGER,2,2,1.0
2026-07-22T09:28:57,leasing,KIA,CEED,4,0,0.0
2026-07-22T09:28:57,leasing,KIA,E-NIRO,1,1,1.0
2026-07-22T09:28:57,leasing,KIA,NIRO,1,0,0.0
2026-07-22T09:28:57,leasing,KIA,NIRO EV,10,10,1.0
2026-07-22T09:28:57,leasing,KIA,PICANTO,1,0,0.0
2026-07-22T09:28:57,leasing,KIA,PROCEED,1,0,0.0
2026-07-22T09:28:57,leasing,KIA,RIO,1,0,0.0
2026-07-22T09:28:57,leasing,KIA,SORENTO,1,0,0.0
2026-07-22T09:28:57,leasing,KIA,SPORTAGE,8,0,0.0
2026-07-22T09:28:57,leasing,KIA,STONIC,10,0,0.0
2026-07-22T09:28:57,leasing,KIA,XCEED,1,0,0.0
2026-07-22T09:28:57,leasing,MERCEDES-BENZ,CLASSE A,4,0,0.0
2026-07-22T09:28:57,leasing,MERCEDES-BENZ,CLASSE CLA,3,0,0.0
2026-07-22T09:28:57,leasing,MG,MG5,1,1,1.0
2026-07-22T09:28:57,leasing,MINI,MINI,2,1,0.5
2026-07-22T09:28:57,leasing,NISSAN,LEAF,1,1,1.0
2026-07-22T09:28:57,leasing,NISSAN,QASHQAI,7,0,0.0
2026-07-22T09:28:57,leasing,NISSAN,X-TRAIL,1,0,0.0
2026-07-22T09:28:57,leasing,OPEL,ASTRA,1,0,0.0
2026-07-22T09:28:57,leasing,OPEL,CORSA,4,0,0.0
2026-07-22T09:28:57,leasing,OPEL,CROSSLAND,3,0,0.0
2026-07-22T09:28:57,leasing,OPEL,GRANDLAND,1,0,0.0
2026-07-22T09:28:57,leasing,PEUGEOT,2008,25,0,0.0
2026-07-22T09:28:57,leasing,PEUGEOT,208,7,0,0.0
2026-07-22T09:28:57,leasing,PEUGEOT,3008,33,0,0.0
2026-07-22T09:28:57,leasing,PEUGEOT,308,8,0,0.0
2026-07-22T09:28:57,leasing,PEUGEOT,308 SW,2,0,0.0
2026-07-22T09:28:57,leasing,PEUGEOT,408,1,0,0.0
2026-07-22T09:28:57,leasing,PEUGEOT,5008,16,0,0.0
2026-07-22T09:28:57,leasing,PEUGEOT,E-2008,12,12,1.0
2026-07-22T09:28:57,leasing,PEUGEOT,E-208,5,5,1.0
2026-07-22T09:28:57,leasing,PEUGEOT,EXPERT,5,0,0.0
2026-07-22T09:28:57,leasing,PEUGEOT,PARTNER,8,0,0.0
2026-07-22T09:28:57,leasing,RENAULT,ARKANA,13,0,0.0
2026-07-22T09:28:57,leasing,RENAULT,AUSTRAL,5,0,0.0
2026-07-22T09:28:57,leasing,RENAULT,CAPTUR,17,0,0.0
2026-07-22T09:28:57,leasing,RENAULT,CLIO,30,0,0.0
2026-07-22T09:28:57,leasing,RENAULT,ESPACE,2,0,0.0
2026-07-22T09:28:57,leasing,RENAULT,EXPRESS,18,0,0.0
2026-07-22T09:28:57,leasing,RENAULT,KADJAR,1,0,0.0
2026-07-22T09:28:57,leasing,RENAULT,KANGOO,3,0,0.0
2026-07-22T09:28:57,leasing,RENAULT,MASTER,1,0,0.0
2026-07-22T09:28:57,leasing,RENAULT,MEGANE,11,0,0.0
2026-07-22T09:28:57,leasing,RENAULT,MEGANE E-TECH,2,2,1.0
2026-07-22T09:28:57,leasing,RENAULT,SCENIC,7,0,0.0
2026-07-22T09:28:57,leasing,RENAULT,TRAFIC,5,0,0.0
2026-07-22T09:28:57,leasing,RENAULT,ZOE,1,1,1.0
2026-07-22T09:28:57,leasing,SKODA,ENYAQ,1,1,1.0
2026-07-22T09:28:57,leasing,SKODA,FABIA,6,0,0.0
2026-07-22T09:28:57,leasing,SKODA,KAMIQ,5,0,0.0
2026-07-22T09:28:57,leasing,SKODA,KODIAQ,2,0,0.0
2026-07-22T09:28:57,leasing,SUZUKI,SWIFT,1,0,0.0
2026-07-22T09:28:57,leasing,TESLA,MODEL 3,4,4,1.0
2026-07-22T09:28:57,leasing,TESLA,MODEL Y,5,5,1.0
2026-07-22T09:28:57,leasing,TOYOTA,AYGO X,3,0,0.0
2026-07-22T09:28:57,leasing,TOYOTA,C-HR,2,0,0.0
2026-07-22T09:28:57,leasing,TOYOTA,COROLLA,3,0,0.0
2026-07-22T09:28:57,leasing,TOYOTA,COROLLA TS,8,0,0.0
2026-07-22T09:28:57,leasing,TOYOTA,PROACE CITY,1,0,0.0
2026-07-22T09:28:57,leasing,TOYOTA,RAV4 HSD,5,0,0.0
2026-07-22T09:28:57,leasing,TOYOTA,RAV4 PLUG IN,3,0,0.0
2026-07-22T09:28:57,leasing,TOYOTA,YARIS HYBRID,3,0,0.0
2026-07-22T09:28:57,leasing,VOLKSWAGEN,GOLF,9,0,0.0
2026-07-22T09:28:57,leasing,VOLKSWAGEN,ID.3,1,1,1.0
2026-07-22T09:28:57,leasing,VOLKSWAGEN,POLO,5,0,0.0
2026-07-22T09:28:57,leasing,VOLKSWAGEN,T-ROC,5,0,0.0
2026-07-22T09:28:57,leasing,VOLKSWAGEN,TAIGO,1,0,0.0
2026-07-22T09:28:57,leasing,VOLKSWAGEN,TIGUAN,4,0,0.0
2026-07-22T09:28:57,leasing,VOLKSWAGEN,TIGUAN ALLSPACE,2,0,0.0
2026-07-22T09:28:57,leasing,VOLKSWAGEN,TOURAN,1,0,0.0
2026-07-22T09:28:57,leasing,VOLKSWAGEN,TRANSPORTER,1,0,0.0
2026-07-22T09:28:57,cash,AUDI,A3 SPORTBACK,5,0,0.0
2026-07-22T09:28:57,cash,AUDI,Q2,1,0,0.0
2026-07-22T09:28:57,cash,AUDI,Q3,1,0,0.0
2026-07-22T09:28:57,cash,BMW,IX1,1,1,1.0
2026-07-22T09:28:57,cash,BMW,IX3,1,1,1.0
2026-07-22T09:28:57,cash,BMW,SERIE 1,7,0,0.0
2026-07-22T09:28:57,cash,BMW,SERIE 2 ACTIVE TOURE,1,0,0.0
2026-07-22T09:28:57,cash,BMW,SERIE 3,2,0,0.0
2026-07-22T09:28:57,cash,BMW,X1,14,0,0.0
2026-07-22T09:28:57,cash,BMW,X2,1,0,0.0
2026-07-22T09:28:57,cash,BMW,X3,5,0,0.0
2026-07-22T09:28:57,cash,BMW,X5,1,0,0.0
2026-07-22T09:28:57,cash,CITROEN,BERLINGO,11,0,0.0
2026-07-22T09:28:57,cash,CITROEN,C3,9,0,0.0
2026-07-22T09:28:57,cash,CITROEN,C3 AIRCROSS,6,0,0.0
2026-07-22T09:28:57,cash,CITROEN,C4,5,0,0.0
2026-07-22T09:28:57,cash,CITROEN,C5 AIRCROSS,13,0,0.0
2026-07-22T09:28:57,cash,CITROEN,C5 X,4,0,0.0
2026-07-22T09:28:57,cash,CITROEN,E-C4,1,1,1.0
2026-07-22T09:28:57,cash,CITROEN,GRAND C4 SPACETOURER,1,0,0.0
2026-07-22T09:28:57,cash,CITROEN,JUMPY,5,0,0.0
2026-07-22T09:28:57,cash,CUPRA,FORMENTOR,1,0,0.0
2026-07-22T09:28:57,cash,DACIA,JOGGER,1,0,0.0
2026-07-22T09:28:57,cash,DACIA,SANDERO,1,0,0.0
2026-07-22T09:28:57,cash,DS,DS3,1,0,0.0
2026-07-22T09:28:57,cash,DS,DS3 CROSSBACK,2,1,0.5
2026-07-22T09:28:57,cash,DS,DS4,1,0,0.0
2026-07-22T09:28:57,cash,DS,DS7,2,0,0.0
2026-07-22T09:28:57,cash,FIAT,500,1,0,0.0
2026-07-22T09:28:57,cash,FORD,KUGA,5,0,0.0
2026-07-22T09:28:57,cash,FORD,PUMA,1,0,0.0
2026-07-22T09:28:57,cash,FORD,TRANSIT CUSTOM,1,0,0.0
2026-07-22T09:28:57,cash,HYUNDAI,I30,1,0,0.0
2026-07-22T09:28:57,cash,HYUNDAI,IONIQ,1,1,1.0
2026-07-22T09:28:57,cash,HYUNDAI,SANTA FE,1,0,0.0
2026-07-22T09:28:57,cash,HYUNDAI,TUCSON,9,0,0.0
2026-07-22T09:28:57,cash,JEEP,AVENGER,2,2,1.0
2026-07-22T09:28:57,cash,KIA,CEED,4,0,0.0
2026-07-22T09:28:57,cash,KIA,E-NIRO,1,1,1.0
2026-07-22T09:28:57,cash,KIA,NIRO,1,0,0.0
2026-07-22T09:28:57,cash,KIA,NIRO EV,11,11,1.0
2026-07-22T09:28:57,cash,KIA,PICANTO,1,0,0.0
2026-07-22T09:28:57,cash,KIA,PROCEED,1,0,0.0
2026-07-22T09:28:57,cash,KIA,RIO,1,0,0.0
2026-07-22T09:28:57,cash,KIA,SORENTO,1,0,0.0
2026-07-22T09:28:57,cash,KIA,SPORTAGE,8,0,0.0
2026-07-22T09:28:57,cash,KIA,STONIC,10,0,0.0
2026-07-22T09:28:57,cash,KIA,XCEED,1,0,0.0
2026-07-22T09:28:57,cash,MERCEDES-BENZ,CLASSE A,6,0,0.0
2026-07-22T09:28:57,cash,MERCEDES-BENZ,CLASSE CLA,3,0,0.0
2026-07-22T09:28:57,cash,MERCEDES-BENZ,EQA,1,1,1.0
2026-07-22T09:28:57,cash,MERCEDES-BENZ,GLB,1,0,0.0
2026-07-22T09:28:57,cash,MG,MG5,1,1,1.0
2026-07-22T09:28:57,cash,MINI,MINI,2,1,0.5
2026-07-22T09:28:57,cash,NISSAN,LEAF,1,1,1.0
2026-07-22T09:28:57,cash,NISSAN,QASHQAI,8,0,0.0
2026-07-22T09:28:57,cash,NISSAN,X-TRAIL,1,0,0.0
2026-07-22T09:28:57,cash,OPEL,ASTRA,1,0,0.0
2026-07-22T09:28:57,cash,OPEL,CORSA,4,0,0.0
2026-07-22T09:28:57,cash,OPEL,CROSSLAND,3,0,0.0
2026-07-22T09:28:57,cash,OPEL,GRANDLAND,1,0,0.0
2026-07-22T09:28:57,cash,OPEL,GRANDLAND X,1,0,0.0
2026-07-22T09:28:57,cash,PEUGEOT,108,1,0,0.0
2026-07-22T09:28:57,cash,PEUGEOT,2008,26,0,0.0
2026-07-22T09:28:57,cash,PEUGEOT,208,8,0,0.0
2026-07-22T09:28:57,cash,PEUGEOT,3008,39,0,0.0
2026-07-22T09:28:57,cash,PEUGEOT,308,8,0,0.0
2026-07-22T09:28:57,cash,PEUGEOT,308 SW,2,0,0.0
2026-07-22T09:28:57,cash,PEUGEOT,408,1,0,0.0
2026-07-22T09:28:57,cash,PEUGEOT,5008,17,0,0.0
2026-07-22T09:28:57,cash,PEUGEOT,E-2008,12,12,1.0
2026-07-22T09:28:57,cash,PEUGEOT,E-208,6,6,1.0
2026-07-22T09:28:57,cash,PEUGEOT,E-308,1,1,1.0
2026-07-22T09:28:57,cash,PEUGEOT,EXPERT,5,0,0.0
2026-07-22T09:28:57,cash,PEUGEOT,PARTNER,8,0,0.0
2026-07-22T09:28:57,cash,RENAULT,ARKANA,13,0,0.0
2026-07-22T09:28:57,cash,RENAULT,AUSTRAL,5,0,0.0
2026-07-22T09:28:57,cash,RENAULT,CAPTUR,17,0,0.0
2026-07-22T09:28:57,cash,RENAULT,CLIO,38,0,0.0
2026-07-22T09:28:57,cash,RENAULT,ESPACE,2,0,0.0
2026-07-22T09:28:57,cash,RENAULT,EXPRESS,18,0,0.0
2026-07-22T09:28:57,cash,RENAULT,KADJAR,2,0,0.0
2026-07-22T09:28:57,cash,RENAULT,KANGOO,3,0,0.0
2026-07-22T09:28:57,cash,RENAULT,MASTER,1,0,0.0
2026-07-22T09:28:57,cash,RENAULT,MEGANE,14,0,0.0
2026-07-22T09:28:57,cash,RENAULT,MEGANE E-TECH,2,2,1.0
2026-07-22T09:28:57,cash,RENAULT,SCENIC,7,0,0.0
2026-07-22T09:28:57,cash,RENAULT,SYMBIOZ,1,0,0.0
2026-07-22T09:28:57,cash,RENAULT,TRAFIC,5,0,0.0
2026-07-22T09:28:57,cash,RENAULT,TWINGO,1,0,0.0
2026-07-22T09:28:57,cash,RENAULT,ZOE,1,1,1.0
2026-07-22T09:28:57,cash,SKODA,ENYAQ,1,1,1.0
2026-07-22T09:28:57,cash,SKODA,FABIA,6,0,0.0
2026-07-22T09:28:57,cash,SKODA,KAMIQ,5,0,0.0
2026-07-22T09:28:57,cash,SKODA,KODIAQ,2,0,0.0
2026-07-22T09:28:57,cash,SMART,1,1,1,1.0
2026-07-22T09:28:57,cash,SUZUKI,SWIFT,1,0,0.0
2026-07-22T09:28:57,cash,TESLA,MODEL 3,6,6,1.0
2026-07-22T09:28:57,cash,TESLA,MODEL Y,5,5,1.0
2026-07-22T09:28:57,cash,TOYOTA,AYGO X,3,0,0.0
2026-07-22T09:28:57,cash,TOYOTA,C-HR,3,0,0.0
2026-07-22T09:28:57,cash,TOYOTA,COROLLA,3,0,0.0
2026-07-22T09:28:57,cash,TOYOTA,COROLLA TS,8,0,0.0
2026-07-22T09:28:57,cash,TOYOTA,PROACE CITY,1,0,0.0
2026-07-22T09:28:57,cash,TOYOTA,RAV4 HSD,6,0,0.0
2026-07-22T09:28:57,cash,TOYOTA,RAV4 PLUG IN,4,0,0.0
2026-07-22T09:28:57,cash,TOYOTA,YARIS HYBRID,3,0,0.0
2026-07-22T09:28:57,cash,VOLKSWAGEN,GOLF,11,0,0.0
2026-07-22T09:28:57,cash,VOLKSWAGEN,ID.3,1,1,1.0
2026-07-22T09:28:57,cash,VOLKSWAGEN,POLO,5,0,0.0
2026-07-22T09:28:57,cash,VOLKSWAGEN,T-ROC,6,0,0.0
2026-07-22T09:28:57,cash,VOLKSWAGEN,TAIGO,1,0,0.0
2026-07-22T09:28:57,cash,VOLKSWAGEN,TIGUAN,4,0,0.0
2026-07-22T09:28:57,cash,VOLKSWAGEN,TIGUAN ALLSPACE,4,0,0.0
2026-07-22T09:28:57,cash,VOLKSWAGEN,TOURAN,1,0,0.0
2026-07-22T09:28:57,cash,VOLKSWAGEN,TRANSPORTER,1,0,0.0
2026-07-23T09:26:05,leasing,AUDI,A3 SPORTBACK,4,0,0.0
2026-07-23T09:26:05,leasing,BMW,IX1,1,1,1.0
2026-07-23T09:26:05,leasing,BMW,IX3,1,1,1.0
2026-07-23T09:26:05,leasing,BMW,SERIE 1,9,0,0.0
2026-07-23T09:26:05,leasing,BMW,SERIE 2 GRAN TOURER,1,0,0.0
2026-07-23T09:26:05,leasing,BMW,SERIE 3,2,0,0.0
2026-07-23T09:26:05,leasing,BMW,X1,12,0,0.0
2026-07-23T09:26:05,leasing,BMW,X2,1,0,0.0
2026-07-23T09:26:05,leasing,BMW,X3,4,0,0.0
2026-07-23T09:26:05,leasing,CITROEN,BERLINGO,8,0,0.0
2026-07-23T09:26:05,leasing,CITROEN,C3,8,0,0.0
2026-07-23T09:26:05,leasing,CITROEN,C3 AIRCROSS,6,0,0.0
2026-07-23T09:26:05,leasing,CITROEN,C4,5,0,0.0
2026-07-23T09:26:05,leasing,CITROEN,C5 AIRCROSS,13,0,0.0
2026-07-23T09:26:05,leasing,CITROEN,C5 X,4,0,0.0
2026-07-23T09:26:05,leasing,CITROEN,GRAND C4 SPACETOURER,1,0,0.0
2026-07-23T09:26:05,leasing,CITROEN,JUMPY,5,0,0.0
2026-07-23T09:26:05,leasing,CUPRA,FORMENTOR,1,0,0.0
2026-07-23T09:26:05,leasing,DACIA,JOGGER,1,0,0.0
2026-07-23T09:26:05,leasing,DACIA,SANDERO,1,0,0.0
2026-07-23T09:26:05,leasing,DS,DS3,1,0,0.0
2026-07-23T09:26:05,leasing,DS,DS3 CROSSBACK,2,1,0.5
2026-07-23T09:26:05,leasing,DS,DS4,1,0,0.0
2026-07-23T09:26:05,leasing,DS,DS7,2,0,0.0
2026-07-23T09:26:05,leasing,FIAT,500,1,0,0.0
2026-07-23T09:26:05,leasing,FORD,KUGA,5,0,0.0
2026-07-23T09:26:05,leasing,FORD,PUMA,1,0,0.0
2026-07-23T09:26:05,leasing,HYUNDAI,I30,1,0,0.0
2026-07-23T09:26:05,leasing,HYUNDAI,IONIQ,1,1,1.0
2026-07-23T09:26:05,leasing,HYUNDAI,SANTA FE,1,0,0.0
2026-07-23T09:26:05,leasing,HYUNDAI,TUCSON,9,0,0.0
2026-07-23T09:26:05,leasing,JEEP,AVENGER,2,2,1.0
2026-07-23T09:26:05,leasing,KIA,CEED,4,0,0.0
2026-07-23T09:26:05,leasing,KIA,E-NIRO,1,1,1.0
2026-07-23T09:26:05,leasing,KIA,NIRO,1,0,0.0
2026-07-23T09:26:05,leasing,KIA,NIRO EV,11,11,1.0
2026-07-23T09:26:05,leasing,KIA,PICANTO,1,0,0.0
2026-07-23T09:26:05,leasing,KIA,PROCEED,1,0,0.0
2026-07-23T09:26:05,leasing,KIA,RIO,1,0,0.0
2026-07-23T09:26:05,leasing,KIA,SORENTO,1,0,0.0
2026-07-23T09:26:05,leasing,KIA,SPORTAGE,11,0,0.0
2026-07-23T09:26:05,leasing,KIA,STONIC,10,0,0.0
2026-07-23T09:26:05,leasing,KIA,XCEED,1,0,0.0
2026-07-23T09:26:05,leasing,MERCEDES-BENZ,CLASSE A,3,0,0.0
2026-07-23T09:26:05,leasing,MERCEDES-BENZ,CLASSE CLA,3,0,0.0
2026-07-23T09:26:05,leasing,MERCEDES-BENZ,EQA,1,1,1.0
2026-07-23T09:26:05,leasing,MERCEDES-BENZ,GLC COUPE,1,0,0.0
2026-07-23T09:26:05,leasing,MG,MG5,1,1,1.0
2026-07-23T09:26:05,leasing,MINI,MINI,1,1,1.0
2026-07-23T09:26:05,leasing,NISSAN,LEAF,1,1,1.0
2026-07-23T09:26:05,leasing,NISSAN,QASHQAI,7,0,0.0
2026-07-23T09:26:05,leasing,NISSAN,X-TRAIL,1,0,0.0
2026-07-23T09:26:05,leasing,OPEL,ASTRA,1,0,0.0
2026-07-23T09:26:05,leasing,OPEL,CORSA,3,0,0.0
2026-07-23T09:26:05,leasing,OPEL,CROSSLAND,3,0,0.0
2026-07-23T09:26:05,leasing,OPEL,GRANDLAND,1,0,0.0
2026-07-23T09:26:05,leasing,PEUGEOT,2008,24,0,0.0
2026-07-23T09:26:05,leasing,PEUGEOT,208,7,0,0.0
2026-07-23T09:26:05,leasing,PEUGEOT,3008,32,0,0.0
2026-07-23T09:26:05,leasing,PEUGEOT,308,8,0,0.0
2026-07-23T09:26:05,leasing,PEUGEOT,308 SW,2,0,0.0
2026-07-23T09:26:05,leasing,PEUGEOT,408,1,0,0.0
2026-07-23T09:26:05,leasing,PEUGEOT,5008,15,0,0.0
2026-07-23T09:26:05,leasing,PEUGEOT,E-2008,12,12,1.0
2026-07-23T09:26:05,leasing,PEUGEOT,E-208,5,5,1.0
2026-07-23T09:26:05,leasing,PEUGEOT,EXPERT,4,0,0.0
2026-07-23T09:26:05,leasing,PEUGEOT,PARTNER,8,0,0.0
2026-07-23T09:26:05,leasing,RENAULT,ARKANA,13,0,0.0
2026-07-23T09:26:05,leasing,RENAULT,AUSTRAL,5,0,0.0
2026-07-23T09:26:05,leasing,RENAULT,CAPTUR,18,0,0.0
2026-07-23T09:26:05,leasing,RENAULT,CLIO,32,0,0.0
2026-07-23T09:26:05,leasing,RENAULT,ESPACE,1,0,0.0
2026-07-23T09:26:05,leasing,RENAULT,EXPRESS,19,0,0.0
2026-07-23T09:26:05,leasing,RENAULT,KADJAR,1,0,0.0
2026-07-23T09:26:05,leasing,RENAULT,KANGOO,3,0,0.0
2026-07-23T09:26:05,leasing,RENAULT,MASTER,1,0,0.0
2026-07-23T09:26:05,leasing,RENAULT,MEGANE,11,0,0.0
2026-07-23T09:26:05,leasing,RENAULT,SCENIC,6,0,0.0
2026-07-23T09:26:05,leasing,RENAULT,TRAFIC,5,0,0.0
2026-07-23T09:26:05,leasing,RENAULT,ZOE,1,1,1.0
2026-07-23T09:26:05,leasing,SKODA,ENYAQ,1,1,1.0
2026-07-23T09:26:05,leasing,SKODA,FABIA,6,0,0.0
2026-07-23T09:26:05,leasing,SKODA,KAMIQ,5,0,0.0
2026-07-23T09:26:05,leasing,SKODA,KODIAQ,2,0,0.0
2026-07-23T09:26:05,leasing,SUZUKI,SWIFT,1,0,0.0
2026-07-23T09:26:05,leasing,TESLA,MODEL 3,4,4,1.0
2026-07-23T09:26:05,leasing,TESLA,MODEL Y,5,5,1.0
2026-07-23T09:26:05,leasing,TOYOTA,AYGO X,3,0,0.0
2026-07-23T09:26:05,leasing,TOYOTA,C-HR,2,0,0.0
2026-07-23T09:26:05,leasing,TOYOTA,COROLLA,3,0,0.0
2026-07-23T09:26:05,leasing,TOYOTA,COROLLA TS,8,0,0.0
2026-07-23T09:26:05,leasing,TOYOTA,PROACE CITY,1,0,0.0
2026-07-23T09:26:05,leasing,TOYOTA,RAV4 HSD,3,0,0.0
2026-07-23T09:26:05,leasing,TOYOTA,RAV4 PLUG IN,5,0,0.0
2026-07-23T09:26:05,leasing,TOYOTA,YARIS HYBRID,3,0,0.0
2026-07-23T09:26:05,leasing,VOLKSWAGEN,GOLF,10,0,0.0
2026-07-23T09:26:05,leasing,VOLKSWAGEN,ID.3,2,2,1.0
2026-07-23T09:26:05,leasing,VOLKSWAGEN,POLO,6,0,0.0
2026-07-23T09:26:05,leasing,VOLKSWAGEN,T-ROC,4,0,0.0
2026-07-23T09:26:05,leasing,VOLKSWAGEN,TIGUAN,4,0,0.0
2026-07-23T09:26:05,leasing,VOLKSWAGEN,TIGUAN ALLSPACE,1,0,0.0
2026-07-23T09:26:05,leasing,VOLKSWAGEN,TOURAN,1,0,0.0
2026-07-23T09:26:05,leasing,VOLKSWAGEN,TRANSPORTER,1,0,0.0
2026-07-23T09:26:05,cash,AUDI,A3 SPORTBACK,4,0,0.0
2026-07-23T09:26:05,cash,BMW,IX1,1,1,1.0
2026-07-23T09:26:05,cash,BMW,IX3,1,1,1.0
2026-07-23T09:26:05,cash,BMW,SERIE 1,9,0,0.0
2026-07-23T09:26:05,cash,BMW,SERIE 2 ACTIVE TOURE,1,0,0.0
2026-07-23T09:26:05,cash,BMW,SERIE 2 GRAN TOURER,1,0,0.0
2026-07-23T09:26:05,cash,BMW,SERIE 3,2,0,0.0
2026-07-23T09:26:05,cash,BMW,X1,13,0,0.0
2026-07-23T09:26:05,cash,BMW,X2,1,0,0.0
2026-07-23T09:26:05,cash,BMW,X3,4,0,0.0
2026-07-23T09:26:05,cash,BMW,X5,1,0,0.0
2026-07-23T09:26:05,cash,CITROEN,BERLINGO,9,0,0.0
2026-07-23T09:26:05,cash,CITROEN,C3,9,0,0.0
2026-07-23T09:26:05,cash,CITROEN,C3 AIRCROSS,6,0,0.0
2026-07-23T09:26:05,cash,CITROEN,C4,5,0,0.0
2026-07-23T09:26:05,cash,CITROEN,C5 AIRCROSS,13,0,0.0
2026-07-23T09:26:05,cash,CITROEN,C5 X,4,0,0.0
2026-07-23T09:26:05,cash,CITROEN,E-C4,1,1,1.0
2026-07-23T09:26:05,cash,CITROEN,GRAND C4 SPACETOURER,1,0,0.0
2026-07-23T09:26:05,cash,CITROEN,JUMPY,5,0,0.0
2026-07-23T09:26:05,cash,CUPRA,FORMENTOR,1,0,0.0
2026-07-23T09:26:05,cash,DACIA,JOGGER,1,0,0.0
2026-07-23T09:26:05,cash,DACIA,SANDERO,1,0,0.0
2026-07-23T09:26:05,cash,DS,DS3,1,0,0.0
2026-07-23T09:26:05,cash,DS,DS3 CROSSBACK,2,1,0.5
2026-07-23T09:26:05,cash,DS,DS4,1,0,0.0
2026-07-23T09:26:05,cash,DS,DS7,2,0,0.0
2026-07-23T09:26:05,cash,FIAT,500,1,0,0.0
2026-07-23T09:26:05,cash,FORD,KUGA,6,0,0.0
2026-07-23T09:26:05,cash,FORD,PUMA,1,0,0.0
2026-07-23T09:26:05,cash,FORD,TRANSIT CUSTOM,1,0,0.0
2026-07-23T09:26:05,cash,HYUNDAI,I30,1,0,0.0
2026-07-23T09:26:05,cash,HYUNDAI,IONIQ,1,1,1.0
2026-07-23T09:26:05,cash,HYUNDAI,SANTA FE,1,0,0.0
2026-07-23T09:26:05,cash,HYUNDAI,TUCSON,9,0,0.0
2026-07-23T09:26:05,cash,JEEP,AVENGER,2,2,1.0
2026-07-23T09:26:05,cash,KIA,CEED,4,0,0.0
2026-07-23T09:26:05,cash,KIA,E-NIRO,1,1,1.0
2026-07-23T09:26:05,cash,KIA,NIRO,1,0,0.0
2026-07-23T09:26:05,cash,KIA,NIRO EV,11,11,1.0
2026-07-23T09:26:05,cash,KIA,PICANTO,1,0,0.0
2026-07-23T09:26:05,cash,KIA,PROCEED,1,0,0.0
2026-07-23T09:26:05,cash,KIA,RIO,1,0,0.0
2026-07-23T09:26:05,cash,KIA,SORENTO,1,0,0.0
2026-07-23T09:26:05,cash,KIA,SPORTAGE,11,0,0.0
2026-07-23T09:26:05,cash,KIA,STONIC,10,0,0.0
2026-07-23T09:26:05,cash,KIA,XCEED,1,0,0.0
2026-07-23T09:26:05,cash,MERCEDES-BENZ,CLASSE A,5,0,0.0
2026-07-23T09:26:05,cash,MERCEDES-BENZ,CLASSE CLA,3,0,0.0
2026-07-23T09:26:05,cash,MERCEDES-BENZ,EQA,1,1,1.0
2026-07-23T09:26:05,cash,MERCEDES-BENZ,GLB,1,0,0.0
2026-07-23T09:26:05,cash,MERCEDES-BENZ,GLC COUPE,1,0,0.0
2026-07-23T09:26:05,cash,MG,MG5,1,1,1.0
2026-07-23T09:26:05,cash,MINI,MINI,1,1,1.0
2026-07-23T09:26:05,cash,NISSAN,LEAF,1,1,1.0
2026-07-23T09:26:05,cash,NISSAN,QASHQAI,8,0,0.0
2026-07-23T09:26:05,cash,NISSAN,X-TRAIL,1,0,0.0
2026-07-23T09:26:05,cash,OPEL,ASTRA,1,0,0.0
2026-07-23T09:26:05,cash,OPEL,CORSA,3,0,0.0
2026-07-23T09:26:05,cash,OPEL,CROSSLAND,3,0,0.0
2026-07-23T09:26:05,cash,OPEL,GRANDLAND,1,0,0.0
2026-07-23T09:26:05,cash,OPEL,GRANDLAND X,1,0,0.0
2026-07-23T09:26:05,cash,PEUGEOT,108,1,0,0.0
2026-07-23T09:26:05,cash,PEUGEOT,2008,25,0,0.0
2026-07-23T09:26:05,cash,PEUGEOT,208,8,0,0.0
2026-07-23T09:26:05,cash,PEUGEOT,3008,38,0,0.0
2026-07-23T09:26:05,cash,PEUGEOT,308,8,0,0.0
2026-07-23T09:26:05,cash,PEUGEOT,308 SW,2,0,0.0
2026-07-23T09:26:05,cash,PEUGEOT,408,1,0,0.0
2026-07-23T09:26:05,cash,PEUGEOT,5008,16,0,0.0
2026-07-23T09:26:05,cash,PEUGEOT,E-2008,12,12,1.0
2026-07-23T09:26:05,cash,PEUGEOT,E-208,6,6,1.0
2026-07-23T09:26:05,cash,PEUGEOT,E-308,1,1,1.0
2026-07-23T09:26:05,cash,PEUGEOT,EXPERT,4,0,0.0
2026-07-23T09:26:05,cash,PEUGEOT,PARTNER,8,0,0.0
2026-07-23T09:26:05,cash,RENAULT,ARKANA,13,0,0.0
2026-07-23T09:26:05,cash,RENAULT,AUSTRAL,5,0,0.0
2026-07-23T09:26:05,cash,RENAULT,CAPTUR,20,0,0.0
2026-07-23T09:26:05,cash,RENAULT,CLIO,37,0,0.0
2026-07-23T09:26:05,cash,RENAULT,ESPACE,1,0,0.0
2026-07-23T09:26:05,cash,RENAULT,EXPRESS,19,0,0.0
2026-07-23T09:26:05,cash,RENAULT,KADJAR,2,0,0.0
2026-07-23T09:26:05,cash,RENAULT,KANGOO,3,0,0.0
2026-07-23T09:26:05,cash,RENAULT,MASTER,1,0,0.0
2026-07-23T09:26:05,cash,RENAULT,MEGANE,14,0,0.0
2026-07-23T09:26:05,cash,RENAULT,SCENIC,6,0,0.0
2026-07-23T09:26:05,cash,RENAULT,SYMBIOZ,1,0,0.0
2026-07-23T09:26:05,cash,RENAULT,TRAFIC,6,0,0.0
2026-07-23T09:26:05,cash,RENAULT,TWINGO,1,0,0.0
2026-07-23T09:26:05,cash,RENAULT,ZOE,1,1,1.0
2026-07-23T09:26:05,cash,SKODA,ENYAQ,1,1,1.0
2026-07-23T09:26:05,cash,SKODA,FABIA,6,0,0.0
2026-07-23T09:26:05,cash,SKODA,KAMIQ,5,0,0.0
2026-07-23T09:26:05,cash,SKODA,KODIAQ,2,0,0.0
2026-07-23T09:26:05,cash,SMART,1,1,1,1.0
2026-07-23T09:26:05,cash,SUZUKI,SWIFT,1,0,0.0
2026-07-23T09:26:05,cash,TESLA,MODEL 3,5,5,1.0
2026-07-23T09:26:05,cash,TESLA,MODEL Y,5,5,1.0
2026-07-23T09:26:05,cash,TOYOTA,AYGO X,3,0,0.0
2026-07-23T09:26:05,cash,TOYOTA,C-HR,3,0,0.0
2026-07-23T09:26:05,cash,TOYOTA,COROLLA,3,0,0.0
2026-07-23T09:26:05,cash,TOYOTA,COROLLA TS,8,0,0.0
2026-07-23T09:26:05,cash,TOYOTA,PROACE CITY,1,0,0.0
2026-07-23T09:26:05,cash,TOYOTA,RAV4 HSD,4,0,0.0
2026-07-23T09:26:05,cash,TOYOTA,RAV4 PLUG IN,5,0,0.0
2026-07-23T09:26:05,cash,TOYOTA,YARIS HYBRID,3,0,0.0
2026-07-23T09:26:05,cash,VOLKSWAGEN,GOLF,11,0,0.0
2026-07-23T09:26:05,cash,VOLKSWAGEN,ID.3,2,2,1.0
2026-07-23T09:26:05,cash,VOLKSWAGEN,POLO,6,0,0.0
2026-07-23T09:26:05,cash,VOLKSWAGEN,T-ROC,5,0,0.0
2026-07-23T09:26:05,cash,VOLKSWAGEN,TIGUAN,4,0,0.0
2026-07-23T09:26:05,cash,VOLKSWAGEN,TIGUAN ALLSPACE,3,0,0.0
2026-07-23T09:26:05,cash,VOLKSWAGEN,TOURAN,1,0,0.0
2026-07-23T09:26:05,cash,VOLKSWAGEN,TRANSPORTER,1,0,0.0
2026-07-24T09:23:10,leasing,AUDI,A3 SPORTBACK,5,0,0.0
2026-07-24T09:23:10,leasing,BMW,IX1,1,1,1.0
2026-07-24T09:23:10,leasing,BMW,IX3,1,1,1.0
2026-07-24T09:23:10,leasing,BMW,SERIE 1,8,0,0.0
2026-07-24T09:23:10,leasing,BMW,SERIE 2 GRAN TOURER,1,0,0.0
2026-07-24T09:23:10,leasing,BMW,SERIE 3,2,0,0.0
2026-07-24T09:23:10,leasing,BMW,X1,11,0,0.0
2026-07-24T09:23:10,leasing,BMW,X2,1,0,0.0
2026-07-24T09:23:10,leasing,BMW,X3,4,0,0.0
2026-07-24T09:23:10,leasing,CITROEN,BERLINGO,8,0,0.0
2026-07-24T09:23:10,leasing,CITROEN,C3,7,0,0.0
2026-07-24T09:23:10,leasing,CITROEN,C3 AIRCROSS,6,0,0.0
2026-07-24T09:23:10,leasing,CITROEN,C4,5,0,0.0
2026-07-24T09:23:10,leasing,CITROEN,C5 AIRCROSS,13,0,0.0
2026-07-24T09:23:10,leasing,CITROEN,C5 X,4,0,0.0
2026-07-24T09:23:10,leasing,CITROEN,GRAND C4 SPACETOURER,1,0,0.0
2026-07-24T09:23:10,leasing,CITROEN,JUMPY,5,0,0.0
2026-07-24T09:23:10,leasing,CUPRA,FORMENTOR,1,0,0.0
2026-07-24T09:23:10,leasing,DACIA,JOGGER,1,0,0.0
2026-07-24T09:23:10,leasing,DACIA,SANDERO,1,0,0.0
2026-07-24T09:23:10,leasing,DS,DS3,1,0,0.0
2026-07-24T09:23:10,leasing,DS,DS3 CROSSBACK,2,1,0.5
2026-07-24T09:23:10,leasing,DS,DS4,1,0,0.0
2026-07-24T09:23:10,leasing,DS,DS7,2,0,0.0
2026-07-24T09:23:10,leasing,FIAT,500,1,0,0.0
2026-07-24T09:23:10,leasing,FORD,KUGA,5,0,0.0
2026-07-24T09:23:10,leasing,FORD,PUMA,1,0,0.0
2026-07-24T09:23:10,leasing,HYUNDAI,I30,1,0,0.0
2026-07-24T09:23:10,leasing,HYUNDAI,IONIQ,1,1,1.0
2026-07-24T09:23:10,leasing,HYUNDAI,SANTA FE,1,0,0.0
2026-07-24T09:23:10,leasing,HYUNDAI,TUCSON,10,0,0.0
2026-07-24T09:23:10,leasing,JEEP,AVENGER,2,2,1.0
2026-07-24T09:23:10,leasing,KIA,CEED,4,0,0.0
2026-07-24T09:23:10,leasing,KIA,E-NIRO,1,1,1.0
2026-07-24T09:23:10,leasing,KIA,NIRO,2,0,0.0
2026-07-24T09:23:10,leasing,KIA,NIRO EV,8,8,1.0
2026-07-24T09:23:10,leasing,KIA,PICANTO,1,0,0.0
2026-07-24T09:23:10,leasing,KIA,PROCEED,1,0,0.0
2026-07-24T09:23:10,leasing,KIA,RIO,1,0,0.0
2026-07-24T09:23:10,leasing,KIA,SORENTO,1,0,0.0
2026-07-24T09:23:10,leasing,KIA,SPORTAGE,11,0,0.0
2026-07-24T09:23:10,leasing,KIA,STONIC,10,0,0.0
2026-07-24T09:23:10,leasing,KIA,XCEED,1,0,0.0
2026-07-24T09:23:10,leasing,MERCEDES-BENZ,CLASSE A,3,0,0.0
2026-07-24T09:23:10,leasing,MERCEDES-BENZ,CLASSE CLA,3,0,0.0
2026-07-24T09:23:10,leasing,MERCEDES-BENZ,EQA,1,1,1.0
2026-07-24T09:23:10,leasing,MG,MG5,1,1,1.0
2026-07-24T09:23:10,leasing,NISSAN,LEAF,1,1,1.0
2026-07-24T09:23:10,leasing,NISSAN,QASHQAI,7,0,0.0
2026-07-24T09:23:10,leasing,NISSAN,X-TRAIL,1,0,0.0
2026-07-24T09:23:10,leasing,OPEL,ASTRA,1,0,0.0
2026-07-24T09:23:10,leasing,OPEL,CORSA,3,0,0.0
2026-07-24T09:23:10,leasing,OPEL,CROSSLAND,3,0,0.0
2026-07-24T09:23:10,leasing,OPEL,GRANDLAND,1,0,0.0
2026-07-24T09:23:10,leasing,PEUGEOT,2008,24,0,0.0
2026-07-24T09:23:10,leasing,PEUGEOT,208,7,0,0.0
2026-07-24T09:23:10,leasing,PEUGEOT,3008,30,0,0.0
2026-07-24T09:23:10,leasing,PEUGEOT,308,9,0,0.0
2026-07-24T09:23:10,leasing,PEUGEOT,308 SW,2,0,0.0
2026-07-24T09:23:10,leasing,PEUGEOT,408,1,0,0.0
2026-07-24T09:23:10,leasing,PEUGEOT,5008,14,0,0.0
2026-07-24T09:23:10,leasing,PEUGEOT,E-2008,11,11,1.0
2026-07-24T09:23:10,leasing,PEUGEOT,E-208,5,5,1.0
2026-07-24T09:23:10,leasing,PEUGEOT,EXPERT,4,0,0.0
2026-07-24T09:23:10,leasing,PEUGEOT,PARTNER,8,0,0.0
2026-07-24T09:23:10,leasing,RENAULT,ARKANA,13,0,0.0
2026-07-24T09:23:10,leasing,RENAULT,AUSTRAL,6,0,0.0
2026-07-24T09:23:10,leasing,RENAULT,CAPTUR,18,0,0.0
2026-07-24T09:23:10,leasing,RENAULT,CLIO,30,0,0.0
2026-07-24T09:23:10,leasing,RENAULT,ESPACE,1,0,0.0
2026-07-24T09:23:10,leasing,RENAULT,EXPRESS,19,0,0.0
2026-07-24T09:23:10,leasing,RENAULT,KANGOO,3,0,0.0
2026-07-24T09:23:10,leasing,RENAULT,MASTER,1,0,0.0
2026-07-24T09:23:10,leasing,RENAULT,MEGANE,11,0,0.0
2026-07-24T09:23:10,leasing,RENAULT,MEGANE E-TECH,3,3,1.0
2026-07-24T09:23:10,leasing,RENAULT,SCENIC,6,0,0.0
2026-07-24T09:23:10,leasing,RENAULT,TRAFIC,6,0,0.0
2026-07-24T09:23:10,leasing,RENAULT,ZOE,1,1,1.0
2026-07-24T09:23:10,leasing,SKODA,ENYAQ,1,1,1.0
2026-07-24T09:23:10,leasing,SKODA,FABIA,6,0,0.0
2026-07-24T09:23:10,leasing,SKODA,KAMIQ,4,0,0.0
2026-07-24T09:23:10,leasing,SKODA,KODIAQ,2,0,0.0
2026-07-24T09:23:10,leasing,SUZUKI,SWIFT,1,0,0.0
2026-07-24T09:23:10,leasing,TESLA,MODEL 3,5,5,1.0
2026-07-24T09:23:10,leasing,TESLA,MODEL Y,3,3,1.0
2026-07-24T09:23:10,leasing,TOYOTA,AYGO X,3,0,0.0
2026-07-24T09:23:10,leasing,TOYOTA,C-HR,1,0,0.0
2026-07-24T09:23:10,leasing,TOYOTA,COROLLA,2,0,0.0
2026-07-24T09:23:10,leasing,TOYOTA,COROLLA TS,8,0,0.0
2026-07-24T09:23:10,leasing,TOYOTA,PROACE CITY,1,0,0.0
2026-07-24T09:23:10,leasing,TOYOTA,RAV4 HSD,2,0,0.0
2026-07-24T09:23:10,leasing,TOYOTA,RAV4 PLUG IN,4,0,0.0
2026-07-24T09:23:10,leasing,TOYOTA,YARIS HYBRID,3,0,0.0
2026-07-24T09:23:10,leasing,VOLKSWAGEN,GOLF,10,0,0.0
2026-07-24T09:23:10,leasing,VOLKSWAGEN,ID.3,2,2,1.0
2026-07-24T09:23:10,leasing,VOLKSWAGEN,POLO,5,0,0.0
2026-07-24T09:23:10,leasing,VOLKSWAGEN,T-ROC,6,0,0.0
2026-07-24T09:23:10,leasing,VOLKSWAGEN,TIGUAN,3,0,0.0
2026-07-24T09:23:10,leasing,VOLKSWAGEN,TOURAN,1,0,0.0
2026-07-24T09:23:10,leasing,VOLKSWAGEN,TRANSPORTER,1,0,0.0
2026-07-24T09:23:10,cash,AUDI,A3 SPORTBACK,5,0,0.0
2026-07-24T09:23:10,cash,BMW,IX1,1,1,1.0
2026-07-24T09:23:10,cash,BMW,IX3,1,1,1.0
2026-07-24T09:23:10,cash,BMW,SERIE 1,8,0,0.0
2026-07-24T09:23:10,cash,BMW,SERIE 2 ACTIVE TOURE,2,0,0.0
2026-07-24T09:23:10,cash,BMW,SERIE 2 GRAN TOURER,1,0,0.0
2026-07-24T09:23:10,cash,BMW,SERIE 3,2,0,0.0
2026-07-24T09:23:10,cash,BMW,X1,12,0,0.0
2026-07-24T09:23:10,cash,BMW,X2,1,0,0.0
2026-07-24T09:23:10,cash,BMW,X3,4,0,0.0
2026-07-24T09:23:10,cash,BMW,X5,1,0,0.0
2026-07-24T09:23:10,cash,CITROEN,BERLINGO,9,0,0.0
2026-07-24T09:23:10,cash,CITROEN,C3,8,0,0.0
2026-07-24T09:23:10,cash,CITROEN,C3 AIRCROSS,6,0,0.0
2026-07-24T09:23:10,cash,CITROEN,C4,5,0,0.0
2026-07-24T09:23:10,cash,CITROEN,C5 AIRCROSS,13,0,0.0
2026-07-24T09:23:10,cash,CITROEN,C5 X,4,0,0.0
2026-07-24T09:23:10,cash,CITROEN,E-C4,1,1,1.0
2026-07-24T09:23:10,cash,CITROEN,GRAND C4 SPACETOURER,1,0,0.0
2026-07-24T09:23:10,cash,CITROEN,JUMPY,5,0,0.0
2026-07-24T09:23:10,cash,CUPRA,FORMENTOR,1,0,0.0
2026-07-24T09:23:10,cash,DACIA,JOGGER,1,0,0.0
2026-07-24T09:23:10,cash,DACIA,SANDERO,1,0,0.0
2026-07-24T09:23:10,cash,DS,DS3,1,0,0.0
2026-07-24T09:23:10,cash,DS,DS3 CROSSBACK,2,1,0.5
2026-07-24T09:23:10,cash,DS,DS4,1,0,0.0
2026-07-24T09:23:10,cash,DS,DS7,2,0,0.0
2026-07-24T09:23:10,cash,FIAT,500,1,0,0.0
2026-07-24T09:23:10,cash,FORD,KUGA,6,0,0.0
2026-07-24T09:23:10,cash,FORD,PUMA,1,0,0.0
2026-07-24T09:23:10,cash,FORD,TRANSIT CUSTOM,1,0,0.0
2026-07-24T09:23:10,cash,HYUNDAI,I30,1,0,0.0
2026-07-24T09:23:10,cash,HYUNDAI,IONIQ,1,1,1.0
2026-07-24T09:23:10,cash,HYUNDAI,SANTA FE,1,0,0.0
2026-07-24T09:23:10,cash,HYUNDAI,TUCSON,10,0,0.0
2026-07-24T09:23:10,cash,JEEP,AVENGER,2,2,1.0
2026-07-24T09:23:10,cash,KIA,CEED,4,0,0.0
2026-07-24T09:23:10,cash,KIA,E-NIRO,1,1,1.0
2026-07-24T09:23:10,cash,KIA,NIRO,2,0,0.0
2026-07-24T09:23:10,cash,KIA,NIRO EV,8,8,1.0
2026-07-24T09:23:10,cash,KIA,PICANTO,1,0,0.0
2026-07-24T09:23:10,cash,KIA,PROCEED,1,0,0.0
2026-07-24T09:23:10,cash,KIA,RIO,1,0,0.0
2026-07-24T09:23:10,cash,KIA,SORENTO,1,0,0.0
2026-07-24T09:23:10,cash,KIA,SPORTAGE,11,0,0.0
2026-07-24T09:23:10,cash,KIA,STONIC,10,0,0.0
2026-07-24T09:23:10,cash,KIA,XCEED,1,0,0.0
2026-07-24T09:23:10,cash,MERCEDES-BENZ,CLASSE A,5,0,0.0
2026-07-24T09:23:10,cash,MERCEDES-BENZ,CLASSE CLA,3,0,0.0
2026-07-24T09:23:10,cash,MERCEDES-BENZ,EQA,1,1,1.0
2026-07-24T09:23:10,cash,MERCEDES-BENZ,GLB,1,0,0.0
2026-07-24T09:23:10,cash,MG,MG5,1,1,1.0
2026-07-24T09:23:10,cash,NISSAN,LEAF,1,1,1.0
2026-07-24T09:23:10,cash,NISSAN,QASHQAI,8,0,0.0
2026-07-24T09:23:10,cash,NISSAN,X-TRAIL,1,0,0.0
2026-07-24T09:23:10,cash,OPEL,ASTRA,1,0,0.0
2026-07-24T09:23:10,cash,OPEL,CORSA,3,0,0.0
2026-07-24T09:23:10,cash,OPEL,CROSSLAND,3,0,0.0
2026-07-24T09:23:10,cash,OPEL,GRANDLAND,1,0,0.0
2026-07-24T09:23:10,cash,OPEL,GRANDLAND X,1,0,0.0
2026-07-24T09:23:10,cash,PEUGEOT,108,1,0,0.0
2026-07-24T09:23:10,cash,PEUGEOT,2008,26,0,0.0
2026-07-24T09:23:10,cash,PEUGEOT,208,8,0,0.0
2026-07-24T09:23:10,cash,PEUGEOT,3008,36,0,0.0
2026-07-24T09:23:10,cash,PEUGEOT,308,9,0,0.0
2026-07-24T09:23:10,cash,PEUGEOT,308 SW,2,0,0.0
2026-07-24T09:23:10,cash,PEUGEOT,408,1,0,0.0
2026-07-24T09:23:10,cash,PEUGEOT,5008,15,0,0.0
2026-07-24T09:23:10,cash,PEUGEOT,E-2008,11,11,1.0
2026-07-24T09:23:10,cash,PEUGEOT,E-208,6,6,1.0
2026-07-24T09:23:10,cash,PEUGEOT,E-308,1,1,1.0
2026-07-24T09:23:10,cash,PEUGEOT,EXPERT,4,0,0.0
2026-07-24T09:23:10,cash,PEUGEOT,PARTNER,8,0,0.0
2026-07-24T09:23:10,cash,RENAULT,ARKANA,13,0,0.0
2026-07-24T09:23:10,cash,RENAULT,AUSTRAL,6,0,0.0
2026-07-24T09:23:10,cash,RENAULT,CAPTUR,19,0,0.0
2026-07-24T09:23:10,cash,RENAULT,CLIO,35,0,0.0
2026-07-24T09:23:10,cash,RENAULT,ESPACE,1,0,0.0
2026-07-24T09:23:10,cash,RENAULT,EXPRESS,19,0,0.0
2026-07-24T09:23:10,cash,RENAULT,KADJAR,1,0,0.0
2026-07-24T09:23:10,cash,RENAULT,KANGOO,3,0,0.0
2026-07-24T09:23:10,cash,RENAULT,MASTER,1,0,0.0
2026-07-24T09:23:10,cash,RENAULT,MEGANE,14,0,0.0
2026-07-24T09:23:10,cash,RENAULT,MEGANE E-TECH,3,3,1.0
2026-07-24T09:23:10,cash,RENAULT,SCENIC,6,0,0.0
2026-07-24T09:23:10,cash,RENAULT,SYMBIOZ,1,0,0.0
2026-07-24T09:23:10,cash,RENAULT,TRAFIC,6,0,0.0
2026-07-24T09:23:10,cash,RENAULT,TWINGO,1,0,0.0
2026-07-24T09:23:10,cash,RENAULT,ZOE,1,1,1.0
2026-07-24T09:23:10,cash,SKODA,ENYAQ,1,1,1.0
2026-07-24T09:23:10,cash,SKODA,FABIA,6,0,0.0
2026-07-24T09:23:10,cash,SKODA,KAMIQ,4,0,0.0
2026-07-24T09:23:10,cash,SKODA,KODIAQ,2,0,0.0
2026-07-24T09:23:10,cash,SMART,1,1,1,1.0
2026-07-24T09:23:10,cash,SUZUKI,SWIFT,1,0,0.0
2026-07-24T09:23:10,cash,TESLA,MODEL 3,6,6,1.0
2026-07-24T09:23:10,cash,TESLA,MODEL Y,3,3,1.0
2026-07-24T09:23:10,cash,TOYOTA,AYGO X,3,0,0.0
2026-07-24T09:23:10,cash,TOYOTA,C-HR,2,0,0.0
2026-07-24T09:23:10,cash,TOYOTA,COROLLA,2,0,0.0
2026-07-24T09:23:10,cash,TOYOTA,COROLLA TS,8,0,0.0
2026-07-24T09:23:10,cash,TOYOTA,PROACE CITY,1,0,0.0
2026-07-24T09:23:10,cash,TOYOTA,RAV4 HSD,3,0,0.0
2026-07-24T09:23:10,cash,TOYOTA,RAV4 PLUG IN,4,0,0.0
2026-07-24T09:23:10,cash,TOYOTA,YARIS HYBRID,3,0,0.0
2026-07-24T09:23:10,cash,VOLKSWAGEN,GOLF,11,0,0.0
2026-07-24T09:23:10,cash,VOLKSWAGEN,ID.3,2,2,1.0
2026-07-24T09:23:10,cash,VOLKSWAGEN,POLO,5,0,0.0
2026-07-24T09:23:10,cash,VOLKSWAGEN,T-ROC,7,0,0.0
2026-07-24T09:23:10,cash,VOLKSWAGEN,TIGUAN,3,0,0.0
2026-07-24T09:23:10,cash,VOLKSWAGEN,TIGUAN ALLSPACE,2,0,0.0
2026-07-24T09:23:10,cash,VOLKSWAGEN,TOURAN,1,0,0.0
2026-07-24T09:23:10,cash,VOLKSWAGEN,TRANSPORTER,1,0,0.0
2026-07-25T09:02:35,leasing,AUDI,A3 SPORTBACK,5,0,0.0
2026-07-25T09:02:35,leasing,AUDI,Q3,1,0,0.0
2026-07-25T09:02:35,leasing,BMW,IX1,1,1,1.0
2026-07-25T09:02:35,leasing,BMW,IX3,1,1,1.0
2026-07-25T09:02:35,leasing,BMW,SERIE 1,7,0,0.0
2026-07-25T09:02:35,leasing,BMW,SERIE 2 ACTIVE TOURE,1,0,0.0
2026-07-25T09:02:35,leasing,BMW,SERIE 2 GRAN TOURER,1,0,0.0
2026-07-25T09:02:35,leasing,BMW,SERIE 3,2,0,0.0
2026-07-25T09:02:35,leasing,BMW,X1,11,0,0.0
2026-07-25T09:02:35,leasing,BMW,X2,1,0,0.0
2026-07-25T09:02:35,leasing,BMW,X3,4,0,0.0
2026-07-25T09:02:35,leasing,BMW,X5,1,0,0.0
2026-07-25T09:02:35,leasing,CITROEN,BERLINGO,7,0,0.0
2026-07-25T09:02:35,leasing,CITROEN,C3,6,0,0.0
2026-07-25T09:02:35,leasing,CITROEN,C3 AIRCROSS,6,0,0.0
2026-07-25T09:02:35,leasing,CITROEN,C4,5,0,0.0
2026-07-25T09:02:35,leasing,CITROEN,C5 AIRCROSS,13,0,0.0
2026-07-25T09:02:35,leasing,CITROEN,C5 X,4,0,0.0
2026-07-25T09:02:35,leasing,CITROEN,GRAND C4 SPACETOURER,1,0,0.0
2026-07-25T09:02:35,leasing,CITROEN,JUMPY,5,0,0.0
2026-07-25T09:02:35,leasing,CUPRA,FORMENTOR,1,0,0.0
2026-07-25T09:02:35,leasing,DACIA,SANDERO,1,0,0.0
2026-07-25T09:02:35,leasing,DS,DS3,1,0,0.0
2026-07-25T09:02:35,leasing,DS,DS3 CROSSBACK,2,1,0.5
2026-07-25T09:02:35,leasing,DS,DS4,1,0,0.0
2026-07-25T09:02:35,leasing,DS,DS7,2,0,0.0
2026-07-25T09:02:35,leasing,FIAT,500,1,0,0.0
2026-07-25T09:02:35,leasing,FORD,KUGA,7,0,0.0
2026-07-25T09:02:35,leasing,FORD,PUMA,1,0,0.0
2026-07-25T09:02:35,leasing,HYUNDAI,I30,1,0,0.0
2026-07-25T09:02:35,leasing,HYUNDAI,IONIQ,1,1,1.0
2026-07-25T09:02:35,leasing,HYUNDAI,SANTA FE,1,0,0.0
2026-07-25T09:02:35,leasing,HYUNDAI,TUCSON,9,0,0.0
2026-07-25T09:02:35,leasing,JEEP,AVENGER,2,2,1.0
2026-07-25T09:02:35,leasing,KIA,CEED,4,0,0.0
2026-07-25T09:02:35,leasing,KIA,NIRO,2,0,0.0
2026-07-25T09:02:35,leasing,KIA,NIRO EV,9,9,1.0
2026-07-25T09:02:35,leasing,KIA,PICANTO,1,0,0.0
2026-07-25T09:02:35,leasing,KIA,PROCEED,1,0,0.0
2026-07-25T09:02:35,leasing,KIA,RIO,1,0,0.0
2026-07-25T09:02:35,leasing,KIA,SORENTO,1,0,0.0
2026-07-25T09:02:35,leasing,KIA,SPORTAGE,11,0,0.0
2026-07-25T09:02:35,leasing,KIA,STONIC,11,0,0.0
2026-07-25T09:02:35,leasing,KIA,XCEED,1,0,0.0
2026-07-25T09:02:35,leasing,MERCEDES-BENZ,CLASSE A,3,0,0.0
2026-07-25T09:02:35,leasing,MERCEDES-BENZ,CLASSE CLA,3,0,0.0
2026-07-25T09:02:35,leasing,MERCEDES-BENZ,EQA,1,1,1.0
2026-07-25T09:02:35,leasing,MG,MG5,1,1,1.0
2026-07-25T09:02:35,leasing,NISSAN,LEAF,1,1,1.0
2026-07-25T09:02:35,leasing,NISSAN,QASHQAI,7,0,0.0
2026-07-25T09:02:35,leasing,NISSAN,X-TRAIL,1,0,0.0
2026-07-25T09:02:35,leasing,OPEL,ASTRA,1,0,0.0
2026-07-25T09:02:35,leasing,OPEL,CORSA,3,0,0.0
2026-07-25T09:02:35,leasing,OPEL,CROSSLAND,2,0,0.0
2026-07-25T09:02:35,leasing,OPEL,GRANDLAND,1,0,0.0
2026-07-25T09:02:35,leasing,PEUGEOT,2008,25,0,0.0
2026-07-25T09:02:35,leasing,PEUGEOT,208,6,0,0.0
2026-07-25T09:02:35,leasing,PEUGEOT,3008,31,0,0.0
2026-07-25T09:02:35,leasing,PEUGEOT,308,9,0,0.0
2026-07-25T09:02:35,leasing,PEUGEOT,308 SW,2,0,0.0
2026-07-25T09:02:35,leasing,PEUGEOT,408,1,0,0.0
2026-07-25T09:02:35,leasing,PEUGEOT,5008,14,0,0.0
2026-07-25T09:02:35,leasing,PEUGEOT,E-2008,11,11,1.0
2026-07-25T09:02:35,leasing,PEUGEOT,E-208,5,5,1.0
2026-07-25T09:02:35,leasing,PEUGEOT,EXPERT,4,0,0.0
2026-07-25T09:02:35,leasing,PEUGEOT,PARTNER,8,0,0.0
2026-07-25T09:02:35,leasing,RENAULT,ARKANA,13,0,0.0
2026-07-25T09:02:35,leasing,RENAULT,AUSTRAL,4,0,0.0
2026-07-25T09:02:35,leasing,RENAULT,CAPTUR,18,0,0.0
2026-07-25T09:02:35,leasing,RENAULT,CLIO,29,0,0.0
2026-07-25T09:02:35,leasing,RENAULT,ESPACE,1,0,0.0
2026-07-25T09:02:35,leasing,RENAULT,EXPRESS,20,0,0.0
2026-07-25T09:02:35,leasing,RENAULT,KANGOO,3,0,0.0
2026-07-25T09:02:35,leasing,RENAULT,MASTER,1,0,0.0
2026-07-25T09:02:35,leasing,RENAULT,MEGANE,12,0,0.0
2026-07-25T09:02:35,leasing,RENAULT,SCENIC,6,0,0.0
2026-07-25T09:02:35,leasing,RENAULT,TRAFIC,6,0,0.0
2026-07-25T09:02:35,leasing,RENAULT,ZOE,1,1,1.0
2026-07-25T09:02:35,leasing,SKODA,ENYAQ,1,1,1.0
2026-07-25T09:02:35,leasing,SKODA,FABIA,5,0,0.0
2026-07-25T09:02:35,leasing,SKODA,KAMIQ,4,0,0.0
2026-07-25T09:02:35,leasing,SKODA,KODIAQ,2,0,0.0
2026-07-25T09:02:35,leasing,SUZUKI,SWIFT,1,0,0.0
2026-07-25T09:02:35,leasing,TESLA,MODEL 3,5,5,1.0
2026-07-25T09:02:35,leasing,TESLA,MODEL Y,3,3,1.0
2026-07-25T09:02:35,leasing,TOYOTA,AYGO X,3,0,0.0
2026-07-25T09:02:35,leasing,TOYOTA,C-HR,2,0,0.0
2026-07-25T09:02:35,leasing,TOYOTA,COROLLA,2,0,0.0
2026-07-25T09:02:35,leasing,TOYOTA,COROLLA TS,7,0,0.0
2026-07-25T09:02:35,leasing,TOYOTA,PROACE CITY,1,0,0.0
2026-07-25T09:02:35,leasing,TOYOTA,RAV4 HSD,3,0,0.0
2026-07-25T09:02:35,leasing,TOYOTA,RAV4 PLUG IN,3,0,0.0
2026-07-25T09:02:35,leasing,TOYOTA,YARIS,1,0,0.0
2026-07-25T09:02:35,leasing,TOYOTA,YARIS HYBRID,3,0,0.0
2026-07-25T09:02:35,leasing,VOLKSWAGEN,GOLF,10,0,0.0
2026-07-25T09:02:35,leasing,VOLKSWAGEN,ID.3,2,2,1.0
2026-07-25T09:02:35,leasing,VOLKSWAGEN,POLO,5,0,0.0
2026-07-25T09:02:35,leasing,VOLKSWAGEN,T-ROC,6,0,0.0
2026-07-25T09:02:35,leasing,VOLKSWAGEN,TIGUAN,2,0,0.0
2026-07-25T09:02:35,leasing,VOLKSWAGEN,TOURAN,2,0,0.0
2026-07-25T09:02:35,leasing,VOLKSWAGEN,TRANSPORTER,1,0,0.0
2026-07-25T09:02:35,leasing,VOLVO,XC60,1,0,0.0
2026-07-25T09:02:35,cash,AUDI,A3 SPORTBACK,5,0,0.0
2026-07-25T09:02:35,cash,AUDI,Q3,1,0,0.0
2026-07-25T09:02:35,cash,BMW,IX1,1,1,1.0
2026-07-25T09:02:35,cash,BMW,IX3,1,1,1.0
2026-07-25T09:02:35,cash,BMW,SERIE 1,7,0,0.0
2026-07-25T09:02:35,cash,BMW,SERIE 2 ACTIVE TOURE,2,0,0.0
2026-07-25T09:02:35,cash,BMW,SERIE 2 GRAN TOURER,1,0,0.0
2026-07-25T09:02:35,cash,BMW,SERIE 3,2,0,0.0
2026-07-25T09:02:35,cash,BMW,X1,12,0,0.0
2026-07-25T09:02:35,cash,BMW,X2,1,0,0.0
2026-07-25T09:02:35,cash,BMW,X3,4,0,0.0
2026-07-25T09:02:35,cash,BMW,X5,2,0,0.0
2026-07-25T09:02:35,cash,CITROEN,BERLINGO,8,0,0.0
2026-07-25T09:02:35,cash,CITROEN,C3,7,0,0.0
2026-07-25T09:02:35,cash,CITROEN,C3 AIRCROSS,6,0,0.0
2026-07-25T09:02:35,cash,CITROEN,C4,5,0,0.0
2026-07-25T09:02:35,cash,CITROEN,C5 AIRCROSS,13,0,0.0
2026-07-25T09:02:35,cash,CITROEN,C5 X,4,0,0.0
2026-07-25T09:02:35,cash,CITROEN,E-C4,1,1,1.0
2026-07-25T09:02:35,cash,CITROEN,GRAND C4 SPACETOURER,1,0,0.0
2026-07-25T09:02:35,cash,CITROEN,JUMPY,5,0,0.0
2026-07-25T09:02:35,cash,CUPRA,FORMENTOR,1,0,0.0
2026-07-25T09:02:35,cash,DACIA,SANDERO,1,0,0.0
2026-07-25T09:02:35,cash,DS,DS3,1,0,0.0
2026-07-25T09:02:35,cash,DS,DS3 CROSSBACK,2,1,0.5
2026-07-25T09:02:35,cash,DS,DS4,1,0,0.0
2026-07-25T09:02:35,cash,DS,DS7,2,0,0.0
2026-07-25T09:02:35,cash,FIAT,500,1,0,0.0
2026-07-25T09:02:35,cash,FORD,KUGA,8,0,0.0
2026-07-25T09:02:35,cash,FORD,PUMA,1,0,0.0
2026-07-25T09:02:35,cash,FORD,TRANSIT CUSTOM,1,0,0.0
2026-07-25T09:02:35,cash,HYUNDAI,I30,1,0,0.0
2026-07-25T09:02:35,cash,HYUNDAI,IONIQ,1,1,1.0
2026-07-25T09:02:35,cash,HYUNDAI,SANTA FE,1,0,0.0
2026-07-25T09:02:35,cash,HYUNDAI,TUCSON,9,0,0.0
2026-07-25T09:02:35,cash,JEEP,AVENGER,2,2,1.0
2026-07-25T09:02:35,cash,KIA,CEED,4,0,0.0
2026-07-25T09:02:35,cash,KIA,NIRO,2,0,0.0
2026-07-25T09:02:35,cash,KIA,NIRO EV,9,9,1.0
2026-07-25T09:02:35,cash,KIA,PICANTO,1,0,0.0
2026-07-25T09:02:35,cash,KIA,PROCEED,1,0,0.0
2026-07-25T09:02:35,cash,KIA,RIO,1,0,0.0
2026-07-25T09:02:35,cash,KIA,SORENTO,1,0,0.0
2026-07-25T09:02:35,cash,KIA,SPORTAGE,11,0,0.0
2026-07-25T09:02:35,cash,KIA,STONIC,11,0,0.0
2026-07-25T09:02:35,cash,KIA,XCEED,1,0,0.0
2026-07-25T09:02:35,cash,MERCEDES-BENZ,CLASSE A,5,0,0.0
2026-07-25T09:02:35,cash,MERCEDES-BENZ,CLASSE CLA,3,0,0.0
2026-07-25T09:02:35,cash,MERCEDES-BENZ,EQA,1,1,1.0
2026-07-25T09:02:35,cash,MERCEDES-BENZ,GLB,1,0,0.0
2026-07-25T09:02:35,cash,MG,MG5,1,1,1.0
2026-07-25T09:02:35,cash,NISSAN,LEAF,1,1,1.0
2026-07-25T09:02:35,cash,NISSAN,QASHQAI,8,0,0.0
2026-07-25T09:02:35,cash,NISSAN,X-TRAIL,1,0,0.0
2026-07-25T09:02:35,cash,OPEL,ASTRA,1,0,0.0
2026-07-25T09:02:35,cash,OPEL,CORSA,3,0,0.0
2026-07-25T09:02:35,cash,OPEL,CROSSLAND,2,0,0.0
2026-07-25T09:02:35,cash,OPEL,GRANDLAND,1,0,0.0
2026-07-25T09:02:35,cash,OPEL,GRANDLAND X,1,0,0.0
2026-07-25T09:02:35,cash,PEUGEOT,108,1,0,0.0
2026-07-25T09:02:35,cash,PEUGEOT,2008,26,0,0.0
2026-07-25T09:02:35,cash,PEUGEOT,208,7,0,0.0
2026-07-25T09:02:35,cash,PEUGEOT,3008,37,0,0.0
2026-07-25T09:02:35,cash,PEUGEOT,308,9,0,0.0
2026-07-25T09:02:35,cash,PEUGEOT,308 SW,2,0,0.0
2026-07-25T09:02:35,cash,PEUGEOT,408,1,0,0.0
2026-07-25T09:02:35,cash,PEUGEOT,5008,15,0,0.0
2026-07-25T09:02:35,cash,PEUGEOT,E-2008,11,11,1.0
2026-07-25T09:02:35,cash,PEUGEOT,E-208,6,6,1.0
2026-07-25T09:02:35,cash,PEUGEOT,E-308,1,1,1.0
2026-07-25T09:02:35,cash,PEUGEOT,EXPERT,4,0,0.0
2026-07-25T09:02:35,cash,PEUGEOT,PARTNER,8,0,0.0
2026-07-25T09:02:35,cash,RENAULT,ARKANA,13,0,0.0
2026-07-25T09:02:35,cash,RENAULT,AUSTRAL,4,0,0.0
2026-07-25T09:02:35,cash,RENAULT,CAPTUR,19,0,0.0
2026-07-25T09:02:35,cash,RENAULT,CLIO,34,0,0.0
2026-07-25T09:02:35,cash,RENAULT,ESPACE,1,0,0.0
2026-07-25T09:02:35,cash,RENAULT,EXPRESS,20,0,0.0
2026-07-25T09:02:35,cash,RENAULT,KADJAR,1,0,0.0
2026-07-25T09:02:35,cash,RENAULT,KANGOO,3,0,0.0
2026-07-25T09:02:35,cash,RENAULT,MASTER,1,0,0.0
2026-07-25T09:02:35,cash,RENAULT,MEGANE,15,0,0.0
2026-07-25T09:02:35,cash,RENAULT,SCENIC,6,0,0.0
2026-07-25T09:02:35,cash,RENAULT,SYMBIOZ,1,0,0.0
2026-07-25T09:02:35,cash,RENAULT,TRAFIC,6,0,0.0
2026-07-25T09:02:35,cash,RENAULT,TWINGO,1,0,0.0
2026-07-25T09:02:35,cash,RENAULT,ZOE,1,1,1.0
2026-07-25T09:02:35,cash,SKODA,ENYAQ,1,1,1.0
2026-07-25T09:02:35,cash,SKODA,FABIA,5,0,0.0
2026-07-25T09:02:35,cash,SKODA,KAMIQ,4,0,0.0
2026-07-25T09:02:35,cash,SKODA,KODIAQ,2,0,0.0
2026-07-25T09:02:35,cash,SMART,1,1,1,1.0
2026-07-25T09:02:35,cash,SUZUKI,SWIFT,1,0,0.0
2026-07-25T09:02:35,cash,TESLA,MODEL 3,6,6,1.0
2026-07-25T09:02:35,cash,TESLA,MODEL Y,3,3,1.0
2026-07-25T09:02:35,cash,TOYOTA,AYGO X,3,0,0.0
2026-07-25T09:02:35,cash,TOYOTA,C-HR,3,0,0.0
2026-07-25T09:02:35,cash,TOYOTA,COROLLA,2,0,0.0
2026-07-25T09:02:35,cash,TOYOTA,COROLLA TS,7,0,0.0
2026-07-25T09:02:35,cash,TOYOTA,PROACE CITY,1,0,0.0
2026-07-25T09:02:35,cash,TOYOTA,RAV4 HSD,4,0,0.0
2026-07-25T09:02:35,cash,TOYOTA,RAV4 PLUG IN,3,0,0.0
2026-07-25T09:02:35,cash,TOYOTA,YARIS,1,0,0.0
2026-07-25T09:02:35,cash,TOYOTA,YARIS HYBRID,3,0,0.0
2026-07-25T09:02:35,cash,VOLKSWAGEN,GOLF,11,0,0.0
2026-07-25T09:02:35,cash,VOLKSWAGEN,ID.3,2,2,1.0
2026-07-25T09:02:35,cash,VOLKSWAGEN,POLO,5,0,0.0
2026-07-25T09:02:35,cash,VOLKSWAGEN,T-ROC,7,0,0.0
2026-07-25T09:02:35,cash,VOLKSWAGEN,TIGUAN,2,0,0.0
2026-07-25T09:02:35,cash,VOLKSWAGEN,TIGUAN ALLSPACE,2,0,0.0
2026-07-25T09:02:35,cash,VOLKSWAGEN,TOURAN,2,0,0.0
2026-07-25T09:02:35,cash,VOLKSWAGEN,TRANSPORTER,1,0,0.0
2026-07-25T09:02:35,cash,VOLVO,XC60,1,0,0.0
2026-07-26T09:16:00,leasing,AUDI,A3 SPORTBACK,6,0,0.0
2026-07-26T09:16:00,leasing,BMW,IX1,1,1,1.0
2026-07-26T09:16:00,leasing,BMW,IX3,1,1,1.0
2026-07-26T09:16:00,leasing,BMW,SERIE 1,7,0,0.0
2026-07-26T09:16:00,leasing,BMW,SERIE 2 ACTIVE TOURE,1,0,0.0
2026-07-26T09:16:00,leasing,BMW,SERIE 2 GRAN TOURER,1,0,0.0
2026-07-26T09:16:00,leasing,BMW,SERIE 3,2,0,0.0
2026-07-26T09:16:00,leasing,BMW,X1,11,0,0.0
2026-07-26T09:16:00,leasing,BMW,X2,1,0,0.0
2026-07-26T09:16:00,leasing,BMW,X3,5,0,0.0
2026-07-26T09:16:00,leasing,BMW,X5,1,0,0.0
2026-07-26T09:16:00,leasing,CITROEN,BERLINGO,6,0,0.0
2026-07-26T09:16:00,leasing,CITROEN,C3,6,0,0.0
2026-07-26T09:16:00,leasing,CITROEN,C3 AIRCROSS,6,0,0.0
2026-07-26T09:16:00,leasing,CITROEN,C4,5,0,0.0
2026-07-26T09:16:00,leasing,CITROEN,C5 AIRCROSS,13,0,0.0
2026-07-26T09:16:00,leasing,CITROEN,C5 X,4,0,0.0
2026-07-26T09:16:00,leasing,CITROEN,GRAND C4 SPACETOURER,1,0,0.0
2026-07-26T09:16:00,leasing,CITROEN,JUMPY,5,0,0.0
2026-07-26T09:16:00,leasing,CUPRA,FORMENTOR,1,0,0.0
2026-07-26T09:16:00,leasing,DACIA,SANDERO,1,0,0.0
2026-07-26T09:16:00,leasing,DS,DS3,1,0,0.0
2026-07-26T09:16:00,leasing,DS,DS3 CROSSBACK,2,1,0.5
2026-07-26T09:16:00,leasing,DS,DS4,1,0,0.0
2026-07-26T09:16:00,leasing,DS,DS7,2,0,0.0
2026-07-26T09:16:00,leasing,FIAT,500,1,0,0.0
2026-07-26T09:16:00,leasing,FORD,KUGA,8,0,0.0
2026-07-26T09:16:00,leasing,FORD,PUMA,1,0,0.0
2026-07-26T09:16:00,leasing,HYUNDAI,I30,1,0,0.0
2026-07-26T09:16:00,leasing,HYUNDAI,IONIQ,1,1,1.0
2026-07-26T09:16:00,leasing,HYUNDAI,SANTA FE,1,0,0.0
2026-07-26T09:16:00,leasing,HYUNDAI,TUCSON,9,0,0.0
2026-07-26T09:16:00,leasing,JEEP,AVENGER,2,2,1.0
2026-07-26T09:16:00,leasing,KIA,CEED,4,0,0.0
2026-07-26T09:16:00,leasing,KIA,NIRO,2,0,0.0
2026-07-26T09:16:00,leasing,KIA,NIRO EV,9,9,1.0
2026-07-26T09:16:00,leasing,KIA,PICANTO,1,0,0.0
2026-07-26T09:16:00,leasing,KIA,PROCEED,1,0,0.0
2026-07-26T09:16:00,leasing,KIA,RIO,1,0,0.0
2026-07-26T09:16:00,leasing,KIA,SORENTO,1,0,0.0
2026-07-26T09:16:00,leasing,KIA,SPORTAGE,9,0,0.0
2026-07-26T09:16:00,leasing,KIA,STONIC,11,0,0.0
2026-07-26T09:16:00,leasing,KIA,XCEED,1,0,0.0
2026-07-26T09:16:00,leasing,MERCEDES-BENZ,CLASSE A,3,0,0.0
2026-07-26T09:16:00,leasing,MERCEDES-BENZ,CLASSE CLA,3,0,0.0
2026-07-26T09:16:00,leasing,MERCEDES-BENZ,EQA,1,1,1.0
2026-07-26T09:16:00,leasing,MERCEDES-BENZ,GLC,1,0,0.0
2026-07-26T09:16:00,leasing,MG,MG5,1,1,1.0
2026-07-26T09:16:00,leasing,NISSAN,LEAF,1,1,1.0
2026-07-26T09:16:00,leasing,NISSAN,QASHQAI,7,0,0.0
2026-07-26T09:16:00,leasing,NISSAN,X-TRAIL,1,0,0.0
2026-07-26T09:16:00,leasing,OPEL,ASTRA,1,0,0.0
2026-07-26T09:16:00,leasing,OPEL,CORSA,3,0,0.0
2026-07-26T09:16:00,leasing,OPEL,CROSSLAND,2,0,0.0
2026-07-26T09:16:00,leasing,OPEL,GRANDLAND,1,0,0.0
2026-07-26T09:16:00,leasing,PEUGEOT,2008,25,0,0.0
2026-07-26T09:16:00,leasing,PEUGEOT,208,6,0,0.0
2026-07-26T09:16:00,leasing,PEUGEOT,3008,31,0,0.0
2026-07-26T09:16:00,leasing,PEUGEOT,308,9,0,0.0
2026-07-26T09:16:00,leasing,PEUGEOT,308 SW,2,0,0.0
2026-07-26T09:16:00,leasing,PEUGEOT,408,1,0,0.0
2026-07-26T09:16:00,leasing,PEUGEOT,5008,14,0,0.0
2026-07-26T09:16:00,leasing,PEUGEOT,E-2008,11,11,1.0
2026-07-26T09:16:00,leasing,PEUGEOT,E-208,6,6,1.0
2026-07-26T09:16:00,leasing,PEUGEOT,EXPERT,2,0,0.0
2026-07-26T09:16:00,leasing,PEUGEOT,PARTNER,8,0,0.0
2026-07-26T09:16:00,leasing,RENAULT,ARKANA,13,0,0.0
2026-07-26T09:16:00,leasing,RENAULT,AUSTRAL,5,0,0.0
2026-07-26T09:16:00,leasing,RENAULT,CAPTUR,18,0,0.0
2026-07-26T09:16:00,leasing,RENAULT,CLIO,27,0,0.0
2026-07-26T09:16:00,leasing,RENAULT,ESPACE,1,0,0.0
2026-07-26T09:16:00,leasing,RENAULT,EXPRESS,20,0,0.0
2026-07-26T09:16:00,leasing,RENAULT,KANGOO,3,0,0.0
2026-07-26T09:16:00,leasing,RENAULT,MASTER,1,0,0.0
2026-07-26T09:16:00,leasing,RENAULT,MEGANE,12,0,0.0
2026-07-26T09:16:00,leasing,RENAULT,MEGANE E-TECH,1,1,1.0
2026-07-26T09:16:00,leasing,RENAULT,SCENIC,6,0,0.0
2026-07-26T09:16:00,leasing,RENAULT,TRAFIC,6,0,0.0
2026-07-26T09:16:00,leasing,RENAULT,ZOE,1,1,1.0
2026-07-26T09:16:00,leasing,SKODA,ENYAQ,1,1,1.0
2026-07-26T09:16:00,leasing,SKODA,FABIA,5,0,0.0
2026-07-26T09:16:00,leasing,SKODA,KAMIQ,4,0,0.0
2026-07-26T09:16:00,leasing,SKODA,KODIAQ,2,0,0.0
2026-07-26T09:16:00,leasing,SUZUKI,SWIFT,1,0,0.0
2026-07-26T09:16:00,leasing,TESLA,MODEL 3,5,5,1.0
2026-07-26T09:16:00,leasing,TESLA,MODEL Y,4,4,1.0
2026-07-26T09:16:00,leasing,TOYOTA,AYGO X,3,0,0.0
2026-07-26T09:16:00,leasing,TOYOTA,C-HR,2,0,0.0
2026-07-26T09:16:00,leasing,TOYOTA,COROLLA,2,0,0.0
2026-07-26T09:16:00,leasing,TOYOTA,COROLLA TS,7,0,0.0
2026-07-26T09:16:00,leasing,TOYOTA,PROACE CITY,1,0,0.0
2026-07-26T09:16:00,leasing,TOYOTA,RAV4 HSD,2,0,0.0
2026-07-26T09:16:00,leasing,TOYOTA,RAV4 PLUG IN,4,0,0.0
2026-07-26T09:16:00,leasing,TOYOTA,YARIS,1,0,0.0
2026-07-26T09:16:00,leasing,TOYOTA,YARIS HYBRID,2,0,0.0
2026-07-26T09:16:00,leasing,VOLKSWAGEN,GOLF,10,0,0.0
2026-07-26T09:16:00,leasing,VOLKSWAGEN,ID.3,2,2,1.0
2026-07-26T09:16:00,leasing,VOLKSWAGEN,POLO,5,0,0.0
2026-07-26T09:16:00,leasing,VOLKSWAGEN,T-ROC,7,0,0.0
2026-07-26T09:16:00,leasing,VOLKSWAGEN,TIGUAN,2,0,0.0
2026-07-26T09:16:00,leasing,VOLKSWAGEN,TOURAN,2,0,0.0
2026-07-26T09:16:00,leasing,VOLKSWAGEN,TRANSPORTER,1,0,0.0
2026-07-26T09:16:00,leasing,VOLVO,XC60,1,0,0.0
2026-07-26T09:16:00,cash,AUDI,A3 SPORTBACK,6,0,0.0
2026-07-26T09:16:00,cash,BMW,IX1,1,1,1.0
2026-07-26T09:16:00,cash,BMW,IX3,1,1,1.0
2026-07-26T09:16:00,cash,BMW,SERIE 1,7,0,0.0
2026-07-26T09:16:00,cash,BMW,SERIE 2 ACTIVE TOURE,2,0,0.0
2026-07-26T09:16:00,cash,BMW,SERIE 2 GRAN TOURER,1,0,0.0
2026-07-26T09:16:00,cash,BMW,SERIE 3,2,0,0.0
2026-07-26T09:16:00,cash,BMW,X1,12,0,0.0
2026-07-26T09:16:00,cash,BMW,X2,1,0,0.0
2026-07-26T09:16:00,cash,BMW,X3,5,0,0.0
2026-07-26T09:16:00,cash,BMW,X5,2,0,0.0
2026-07-26T09:16:00,cash,CITROEN,BERLINGO,7,0,0.0
2026-07-26T09:16:00,cash,CITROEN,C3,7,0,0.0
2026-07-26T09:16:00,cash,CITROEN,C3 AIRCROSS,6,0,0.0
2026-07-26T09:16:00,cash,CITROEN,C4,5,0,0.0
2026-07-26T09:16:00,cash,CITROEN,C5 AIRCROSS,13,0,0.0
2026-07-26T09:16:00,cash,CITROEN,C5 X,4,0,0.0
2026-07-26T09:16:00,cash,CITROEN,E-C4,1,1,1.0
2026-07-26T09:16:00,cash,CITROEN,GRAND C4 SPACETOURER,1,0,0.0
2026-07-26T09:16:00,cash,CITROEN,JUMPY,5,0,0.0
2026-07-26T09:16:00,cash,CUPRA,FORMENTOR,1,0,0.0
2026-07-26T09:16:00,cash,DACIA,SANDERO,1,0,0.0
2026-07-26T09:16:00,cash,DS,DS3,1,0,0.0
2026-07-26T09:16:00,cash,DS,DS3 CROSSBACK,2,1,0.5
2026-07-26T09:16:00,cash,DS,DS4,1,0,0.0
2026-07-26T09:16:00,cash,DS,DS7,2,0,0.0
2026-07-26T09:16:00,cash,FIAT,500,1,0,0.0
2026-07-26T09:16:00,cash,FORD,KUGA,9,0,0.0
2026-07-26T09:16:00,cash,FORD,PUMA,1,0,0.0
2026-07-26T09:16:00,cash,FORD,TRANSIT CUSTOM,1,0,0.0
2026-07-26T09:16:00,cash,HYUNDAI,I30,1,0,0.0
2026-07-26T09:16:00,cash,HYUNDAI,IONIQ,1,1,1.0
2026-07-26T09:16:00,cash,HYUNDAI,SANTA FE,1,0,0.0
2026-07-26T09:16:00,cash,HYUNDAI,TUCSON,9,0,0.0
2026-07-26T09:16:00,cash,JEEP,AVENGER,2,2,1.0
2026-07-26T09:16:00,cash,KIA,CEED,4,0,0.0
2026-07-26T09:16:00,cash,KIA,NIRO,2,0,0.0
2026-07-26T09:16:00,cash,KIA,NIRO EV,9,9,1.0
2026-07-26T09:16:00,cash,KIA,PICANTO,1,0,0.0
2026-07-26T09:16:00,cash,KIA,PROCEED,1,0,0.0
2026-07-26T09:16:00,cash,KIA,RIO,1,0,0.0
2026-07-26T09:16:00,cash,KIA,SORENTO,1,0,0.0
2026-07-26T09:16:00,cash,KIA,SPORTAGE,9,0,0.0
2026-07-26T09:16:00,cash,KIA,STONIC,11,0,0.0
2026-07-26T09:16:00,cash,KIA,XCEED,1,0,0.0
2026-07-26T09:16:00,cash,MERCEDES-BENZ,CLASSE A,5,0,0.0
2026-07-26T09:16:00,cash,MERCEDES-BENZ,CLASSE CLA,3,0,0.0
2026-07-26T09:16:00,cash,MERCEDES-BENZ,EQA,1,1,1.0
2026-07-26T09:16:00,cash,MERCEDES-BENZ,GLB,1,0,0.0
2026-07-26T09:16:00,cash,MERCEDES-BENZ,GLC,1,0,0.0
2026-07-26T09:16:00,cash,MG,MG5,1,1,1.0
2026-07-26T09:16:00,cash,NISSAN,LEAF,1,1,1.0
2026-07-26T09:16:00,cash,NISSAN,QASHQAI,8,0,0.0
2026-07-26T09:16:00,cash,NISSAN,X-TRAIL,1,0,0.0
2026-07-26T09:16:00,cash,OPEL,ASTRA,1,0,0.0
2026-07-26T09:16:00,cash,OPEL,CORSA,3,0,0.0
2026-07-26T09:16:00,cash,OPEL,CROSSLAND,2,0,0.0
2026-07-26T09:16:00,cash,OPEL,GRANDLAND,1,0,0.0
2026-07-26T09:16:00,cash,OPEL,GRANDLAND X,1,0,0.0
2026-07-26T09:16:00,cash,PEUGEOT,108,1,0,0.0
2026-07-26T09:16:00,cash,PEUGEOT,2008,26,0,0.0
2026-07-26T09:16:00,cash,PEUGEOT,208,7,0,0.0
2026-07-26T09:16:00,cash,PEUGEOT,3008,37,0,0.0
2026-07-26T09:16:00,cash,PEUGEOT,308,9,0,0.0
2026-07-26T09:16:00,cash,PEUGEOT,308 SW,2,0,0.0
2026-07-26T09:16:00,cash,PEUGEOT,408,1,0,0.0
2026-07-26T09:16:00,cash,PEUGEOT,5008,14,0,0.0
2026-07-26T09:16:00,cash,PEUGEOT,E-2008,11,11,1.0
2026-07-26T09:16:00,cash,PEUGEOT,E-208,7,7,1.0
2026-07-26T09:16:00,cash,PEUGEOT,E-308,1,1,1.0
2026-07-26T09:16:00,cash,PEUGEOT,EXPERT,2,0,0.0
2026-07-26T09:16:00,cash,PEUGEOT,PARTNER,8,0,0.0
2026-07-26T09:16:00,cash,RENAULT,ARKANA,13,0,0.0
2026-07-26T09:16:00,cash,RENAULT,AUSTRAL,5,0,0.0
2026-07-26T09:16:00,cash,RENAULT,CAPTUR,19,0,0.0
2026-07-26T09:16:00,cash,RENAULT,CLIO,32,0,0.0
2026-07-26T09:16:00,cash,RENAULT,ESPACE,1,0,0.0
2026-07-26T09:16:00,cash,RENAULT,EXPRESS,20,0,0.0
2026-07-26T09:16:00,cash,RENAULT,KADJAR,1,0,0.0
2026-07-26T09:16:00,cash,RENAULT,KANGOO,3,0,0.0
2026-07-26T09:16:00,cash,RENAULT,MASTER,1,0,0.0
2026-07-26T09:16:00,cash,RENAULT,MEGANE,15,0,0.0
2026-07-26T09:16:00,cash,RENAULT,MEGANE E-TECH,1,1,1.0
2026-07-26T09:16:00,cash,RENAULT,SCENIC,6,0,0.0
2026-07-26T09:16:00,cash,RENAULT,SYMBIOZ,1,0,0.0
2026-07-26T09:16:00,cash,RENAULT,TRAFIC,6,0,0.0
2026-07-26T09:16:00,cash,RENAULT,TWINGO,1,0,0.0
2026-07-26T09:16:00,cash,RENAULT,ZOE,1,1,1.0
2026-07-26T09:16:00,cash,SKODA,ENYAQ,1,1,1.0
2026-07-26T09:16:00,cash,SKODA,FABIA,5,0,0.0
2026-07-26T09:16:00,cash,SKODA,KAMIQ,4,0,0.0
2026-07-26T09:16:00,cash,SKODA,KODIAQ,2,0,0.0
2026-07-26T09:16:00,cash,SMART,1,1,1,1.0
2026-07-26T09:16:00,cash,SUZUKI,SWIFT,1,0,0.0
2026-07-26T09:16:00,cash,TESLA,MODEL 3,6,6,1.0
2026-07-26T09:16:00,cash,TESLA,MODEL Y,4,4,1.0
2026-07-26T09:16:00,cash,TOYOTA,AYGO X,3,0,0.0
2026-07-26T09:16:00,cash,TOYOTA,C-HR,3,0,0.0
2026-07-26T09:16:00,cash,TOYOTA,COROLLA,2,0,0.0
2026-07-26T09:16:00,cash,TOYOTA,COROLLA TS,7,0,0.0
2026-07-26T09:16:00,cash,TOYOTA,PROACE CITY,1,0,0.0
2026-07-26T09:16:00,cash,TOYOTA,RAV4 HSD,3,0,0.0
2026-07-26T09:16:00,cash,TOYOTA,RAV4 PLUG IN,4,0,0.0
2026-07-26T09:16:00,cash,TOYOTA,YARIS,1,0,0.0
2026-07-26T09:16:00,cash,TOYOTA,YARIS HYBRID,2,0,0.0
2026-07-26T09:16:00,cash,VOLKSWAGEN,GOLF,10,0,0.0
2026-07-26T09:16:00,cash,VOLKSWAGEN,ID.3,2,2,1.0
2026-07-26T09:16:00,cash,VOLKSWAGEN,POLO,5,0,0.0
2026-07-26T09:16:00,cash,VOLKSWAGEN,T-ROC,8,0,0.0
2026-07-26T09:16:00,cash,VOLKSWAGEN,TIGUAN,2,0,0.0
2026-07-26T09:16:00,cash,VOLKSWAGEN,TIGUAN ALLSPACE,2,0,0.0
2026-07-26T09:16:00,cash,VOLKSWAGEN,TOURAN,2,0,0.0
2026-07-26T09:16:00,cash,VOLKSWAGEN,TRANSPORTER,1,0,0.0
2026-07-26T09:16:00,cash,VOLVO,XC60,1,0,0.0
2026-07-27T10:45:30,leasing,AUDI,A3 SPORTBACK,5,0,0.0
2026-07-27T10:45:30,leasing,BMW,IX1,1,1,1.0
2026-07-27T10:45:30,leasing,BMW,IX3,1,1,1.0
2026-07-27T10:45:30,leasing,BMW,SERIE 1,7,0,0.0
2026-07-27T10:45:30,leasing,BMW,SERIE 2 ACTIVE TOURE,1,0,0.0
2026-07-27T10:45:30,leasing,BMW,SERIE 2 GRAN TOURER,1,0,0.0
2026-07-27T10:45:30,leasing,BMW,SERIE 3,2,0,0.0
2026-07-27T10:45:30,leasing,BMW,X1,10,0,0.0
2026-07-27T10:45:30,leasing,BMW,X2,1,0,0.0
2026-07-27T10:45:30,leasing,BMW,X3,5,0,0.0
2026-07-27T10:45:30,leasing,CITROEN,BERLINGO,6,0,0.0
2026-07-27T10:45:30,leasing,CITROEN,C3,5,0,0.0
2026-07-27T10:45:30,leasing,CITROEN,C3 AIRCROSS,6,0,0.0
2026-07-27T10:45:30,leasing,CITROEN,C4,5,0,0.0
2026-07-27T10:45:30,leasing,CITROEN,C5 AIRCROSS,13,0,0.0
2026-07-27T10:45:30,leasing,CITROEN,C5 X,4,0,0.0
2026-07-27T10:45:30,leasing,CITROEN,GRAND C4 SPACETOURER,1,0,0.0
2026-07-27T10:45:30,leasing,CITROEN,JUMPY,5,0,0.0
2026-07-27T10:45:30,leasing,CUPRA,FORMENTOR,1,0,0.0
2026-07-27T10:45:30,leasing,DACIA,SANDERO,1,0,0.0
2026-07-27T10:45:30,leasing,DS,DS3,1,0,0.0
2026-07-27T10:45:30,leasing,DS,DS3 CROSSBACK,2,1,0.5
2026-07-27T10:45:30,leasing,DS,DS4,1,0,0.0
2026-07-27T10:45:30,leasing,DS,DS7,2,0,0.0
2026-07-27T10:45:30,leasing,FIAT,500,1,0,0.0
2026-07-27T10:45:30,leasing,FORD,KUGA,8,0,0.0
2026-07-27T10:45:30,leasing,FORD,PUMA,1,0,0.0
2026-07-27T10:45:30,leasing,HYUNDAI,I30,1,0,0.0
2026-07-27T10:45:30,leasing,HYUNDAI,IONIQ,1,1,1.0
2026-07-27T10:45:30,leasing,HYUNDAI,SANTA FE,1,0,0.0
2026-07-27T10:45:30,leasing,HYUNDAI,TUCSON,8,0,0.0
2026-07-27T10:45:30,leasing,JEEP,AVENGER,2,2,1.0
2026-07-27T10:45:30,leasing,KIA,CEED,4,0,0.0
2026-07-27T10:45:30,leasing,KIA,NIRO,2,0,0.0
2026-07-27T10:45:30,leasing,KIA,NIRO EV,9,9,1.0
2026-07-27T10:45:30,leasing,KIA,PICANTO,1,0,0.0
2026-07-27T10:45:30,leasing,KIA,PROCEED,1,0,0.0
2026-07-27T10:45:30,leasing,KIA,RIO,1,0,0.0
2026-07-27T10:45:30,leasing,KIA,SORENTO,1,0,0.0
2026-07-27T10:45:30,leasing,KIA,SPORTAGE,11,0,0.0
2026-07-27T10:45:30,leasing,KIA,STONIC,12,0,0.0
2026-07-27T10:45:30,leasing,KIA,XCEED,1,0,0.0
2026-07-27T10:45:30,leasing,MERCEDES-BENZ,CLASSE A,3,0,0.0
2026-07-27T10:45:30,leasing,MERCEDES-BENZ,CLASSE CLA,3,0,0.0
2026-07-27T10:45:30,leasing,MERCEDES-BENZ,EQA,1,1,1.0
2026-07-27T10:45:30,leasing,MG,MG5,1,1,1.0
2026-07-27T10:45:30,leasing,NISSAN,LEAF,1,1,1.0
2026-07-27T10:45:30,leasing,NISSAN,QASHQAI,7,0,0.0
2026-07-27T10:45:30,leasing,NISSAN,X-TRAIL,1,0,0.0
2026-07-27T10:45:30,leasing,OPEL,ASTRA,1,0,0.0
2026-07-27T10:45:30,leasing,OPEL,CORSA,3,0,0.0
2026-07-27T10:45:30,leasing,OPEL,CROSSLAND,2,0,0.0
2026-07-27T10:45:30,leasing,OPEL,GRANDLAND,1,0,0.0
2026-07-27T10:45:30,leasing,PEUGEOT,2008,25,0,0.0
2026-07-27T10:45:30,leasing,PEUGEOT,208,6,0,0.0
2026-07-27T10:45:30,leasing,PEUGEOT,3008,31,0,0.0
2026-07-27T10:45:30,leasing,PEUGEOT,308,9,0,0.0
2026-07-27T10:45:30,leasing,PEUGEOT,308 SW,2,0,0.0
2026-07-27T10:45:30,leasing,PEUGEOT,408,1,0,0.0
2026-07-27T10:45:30,leasing,PEUGEOT,5008,15,0,0.0
2026-07-27T10:45:30,leasing,PEUGEOT,E-2008,11,11,1.0
2026-07-27T10:45:30,leasing,PEUGEOT,E-208,6,6,1.0
2026-07-27T10:45:30,leasing,PEUGEOT,EXPERT,2,0,0.0
2026-07-27T10:45:30,leasing,PEUGEOT,PARTNER,8,0,0.0
2026-07-27T10:45:30,leasing,RENAULT,ARKANA,14,0,0.0
2026-07-27T10:45:30,leasing,RENAULT,AUSTRAL,5,0,0.0
2026-07-27T10:45:30,leasing,RENAULT,CAPTUR,17,0,0.0
2026-07-27T10:45:30,leasing,RENAULT,CLIO,31,0,0.0
2026-07-27T10:45:30,leasing,RENAULT,ESPACE,1,0,0.0
2026-07-27T10:45:30,leasing,RENAULT,EXPRESS,20,0,0.0
2026-07-27T10:45:30,leasing,RENAULT,KANGOO,3,0,0.0
2026-07-27T10:45:30,leasing,RENAULT,MASTER,1,0,0.0
2026-07-27T10:45:30,leasing,RENAULT,MEGANE,12,0,0.0
2026-07-27T10:45:30,leasing,RENAULT,MEGANE E-TECH,1,1,1.0
2026-07-27T10:45:30,leasing,RENAULT,SCENIC,6,0,0.0
2026-07-27T10:45:30,leasing,RENAULT,TRAFIC,6,0,0.0
2026-07-27T10:45:30,leasing,RENAULT,ZOE,1,1,1.0
2026-07-27T10:45:30,leasing,SKODA,ENYAQ,1,1,1.0
2026-07-27T10:45:30,leasing,SKODA,FABIA,5,0,0.0
2026-07-27T10:45:30,leasing,SKODA,KAMIQ,5,0,0.0
2026-07-27T10:45:30,leasing,SKODA,KODIAQ,2,0,0.0
2026-07-27T10:45:30,leasing,SUZUKI,SWIFT,1,0,0.0
2026-07-27T10:45:30,leasing,TESLA,MODEL 3,5,5,1.0
2026-07-27T10:45:30,leasing,TESLA,MODEL Y,4,4,1.0
2026-07-27T10:45:30,leasing,TOYOTA,AYGO X,3,0,0.0
2026-07-27T10:45:30,leasing,TOYOTA,C-HR,4,0,0.0
2026-07-27T10:45:30,leasing,TOYOTA,COROLLA,3,0,0.0
2026-07-27T10:45:30,leasing,TOYOTA,COROLLA TS,9,0,0.0
2026-07-27T10:45:30,leasing,TOYOTA,PROACE CITY,1,0,0.0
2026-07-27T10:45:30,leasing,TOYOTA,RAV4 HSD,2,0,0.0
2026-07-27T10:45:30,leasing,TOYOTA,RAV4 PLUG IN,4,0,0.0
2026-07-27T10:45:30,leasing,TOYOTA,YARIS,1,0,0.0
2026-07-27T10:45:30,leasing,TOYOTA,YARIS HYBRID,2,0,0.0
2026-07-27T10:45:30,leasing,VOLKSWAGEN,GOLF,10,0,0.0
2026-07-27T10:45:30,leasing,VOLKSWAGEN,ID.3,2,2,1.0
2026-07-27T10:45:30,leasing,VOLKSWAGEN,POLO,5,0,0.0
2026-07-27T10:45:30,leasing,VOLKSWAGEN,T-ROC,7,0,0.0
2026-07-27T10:45:30,leasing,VOLKSWAGEN,TIGUAN,2,0,0.0
2026-07-27T10:45:30,leasing,VOLKSWAGEN,TOURAN,2,0,0.0
2026-07-27T10:45:30,leasing,VOLKSWAGEN,TRANSPORTER,1,0,0.0
2026-07-27T10:45:30,leasing,VOLVO,XC60,1,0,0.0
2026-07-27T10:45:30,cash,AUDI,A3 SPORTBACK,5,0,0.0
2026-07-27T10:45:30,cash,BMW,IX1,1,1,1.0
2026-07-27T10:45:30,cash,BMW,IX3,1,1,1.0
2026-07-27T10:45:30,cash,BMW,SERIE 1,9,0,0.0
2026-07-27T10:45:30,cash,BMW,SERIE 2 ACTIVE TOURE,2,0,0.0
2026-07-27T10:45:30,cash,BMW,SERIE 2 GRAN TOURER,1,0,0.0
2026-07-27T10:45:30,cash,BMW,SERIE 3,2,0,0.0
2026-07-27T10:45:30,cash,BMW,X1,11,0,0.0
2026-07-27T10:45:30,cash,BMW,X2,1,0,0.0
2026-07-27T10:45:30,cash,BMW,X3,5,0,0.0
2026-07-27T10:45:30,cash,BMW,X5,1,0,0.0
2026-07-27T10:45:30,cash,CITROEN,BERLINGO,7,0,0.0
2026-07-27T10:45:30,cash,CITROEN,C3,6,0,0.0
2026-07-27T10:45:30,cash,CITROEN,C3 AIRCROSS,6,0,0.0
2026-07-27T10:45:30,cash,CITROEN,C4,5,0,0.0
2026-07-27T10:45:30,cash,CITROEN,C5 AIRCROSS,13,0,0.0
2026-07-27T10:45:30,cash,CITROEN,C5 X,4,0,0.0
2026-07-27T10:45:30,cash,CITROEN,E-C4,1,1,1.0
2026-07-27T10:45:30,cash,CITROEN,GRAND C4 SPACETOURER,1,0,0.0
2026-07-27T10:45:30,cash,CITROEN,JUMPY,5,0,0.0
2026-07-27T10:45:30,cash,CUPRA,FORMENTOR,1,0,0.0
2026-07-27T10:45:30,cash,DACIA,SANDERO,1,0,0.0
2026-07-27T10:45:30,cash,DS,DS3,1,0,0.0
2026-07-27T10:45:30,cash,DS,DS3 CROSSBACK,2,1,0.5
2026-07-27T10:45:30,cash,DS,DS4,1,0,0.0
2026-07-27T10:45:30,cash,DS,DS7,2,0,0.0
2026-07-27T10:45:30,cash,FIAT,500,1,0,0.0
2026-07-27T10:45:30,cash,FORD,KUGA,9,0,0.0
2026-07-27T10:45:30,cash,FORD,PUMA,1,0,0.0
2026-07-27T10:45:30,cash,FORD,TRANSIT CUSTOM,1,0,0.0
2026-07-27T10:45:30,cash,HYUNDAI,I30,1,0,0.0
2026-07-27T10:45:30,cash,HYUNDAI,IONIQ,1,1,1.0
2026-07-27T10:45:30,cash,HYUNDAI,SANTA FE,1,0,0.0
2026-07-27T10:45:30,cash,HYUNDAI,TUCSON,8,0,0.0
2026-07-27T10:45:30,cash,JEEP,AVENGER,2,2,1.0
2026-07-27T10:45:30,cash,KIA,CEED,4,0,0.0
2026-07-27T10:45:30,cash,KIA,NIRO,2,0,0.0
2026-07-27T10:45:30,cash,KIA,NIRO EV,9,9,1.0
2026-07-27T10:45:30,cash,KIA,PICANTO,1,0,0.0
2026-07-27T10:45:30,cash,KIA,PROCEED,1,0,0.0
2026-07-27T10:45:30,cash,KIA,RIO,1,0,0.0
2026-07-27T10:45:30,cash,KIA,SORENTO,1,0,0.0
2026-07-27T10:45:30,cash,KIA,SPORTAGE,11,0,0.0
2026-07-27T10:45:30,cash,KIA,STONIC,12,0,0.0
2026-07-27T10:45:30,cash,KIA,XCEED,1,0,0.0
2026-07-27T10:45:30,cash,MERCEDES-BENZ,CLASSE A,5,0,0.0
2026-07-27T10:45:30,cash,MERCEDES-BENZ,CLASSE CLA,3,0,0.0
2026-07-27T10:45:30,cash,MERCEDES-BENZ,EQA,1,1,1.0
2026-07-27T10:45:30,cash,MERCEDES-BENZ,GLB,1,0,0.0
2026-07-27T10:45:30,cash,MG,MG5,1,1,1.0
2026-07-27T10:45:30,cash,NISSAN,LEAF,1,1,1.0
2026-07-27T10:45:30,cash,NISSAN,QASHQAI,8,0,0.0
2026-07-27T10:45:30,cash,NISSAN,X-TRAIL,1,0,0.0
2026-07-27T10:45:30,cash,OPEL,ASTRA,1,0,0.0
2026-07-27T10:45:30,cash,OPEL,CORSA,3,0,0.0
2026-07-27T10:45:30,cash,OPEL,CROSSLAND,2,0,0.0
2026-07-27T10:45:30,cash,OPEL,GRANDLAND,1,0,0.0
2026-07-27T10:45:30,cash,OPEL,GRANDLAND X,1,0,0.0
2026-07-27T10:45:30,cash,PEUGEOT,108,1,0,0.0
2026-07-27T10:45:30,cash,PEUGEOT,2008,26,0,0.0
2026-07-27T10:45:30,cash,PEUGEOT,208,7,0,0.0
2026-07-27T10:45:30,cash,PEUGEOT,3008,37,0,0.0
2026-07-27T10:45:30,cash,PEUGEOT,308,9,0,0.0
2026-07-27T10:45:30,cash,PEUGEOT,308 SW,2,0,0.0
2026-07-27T10:45:30,cash,PEUGEOT,408,1,0,0.0
2026-07-27T10:45:30,cash,PEUGEOT,5008,15,0,0.0
2026-07-27T10:45:30,cash,PEUGEOT,E-2008,12,12,1.0
2026-07-27T10:45:30,cash,PEUGEOT,E-208,7,7,1.0
2026-07-27T10:45:30,cash,PEUGEOT,E-308,1,1,1.0
2026-07-27T10:45:30,cash,PEUGEOT,EXPERT,2,0,0.0
2026-07-27T10:45:30,cash,PEUGEOT,PARTNER,8,0,0.0
2026-07-27T10:45:30,cash,RENAULT,ARKANA,14,0,0.0
2026-07-27T10:45:30,cash,RENAULT,AUSTRAL,5,0,0.0
2026-07-27T10:45:30,cash,RENAULT,CAPTUR,18,0,0.0
2026-07-27T10:45:30,cash,RENAULT,CLIO,36,0,0.0
2026-07-27T10:45:30,cash,RENAULT,ESPACE,1,0,0.0
2026-07-27T10:45:30,cash,RENAULT,EXPRESS,20,0,0.0
2026-07-27T10:45:30,cash,RENAULT,KADJAR,1,0,0.0
2026-07-27T10:45:30,cash,RENAULT,KANGOO,3,0,0.0
2026-07-27T10:45:30,cash,RENAULT,MASTER,1,0,0.0
2026-07-27T10:45:30,cash,RENAULT,MEGANE,15,0,0.0
2026-07-27T10:45:30,cash,RENAULT,MEGANE E-TECH,1,1,1.0
2026-07-27T10:45:30,cash,RENAULT,SCENIC,6,0,0.0
2026-07-27T10:45:30,cash,RENAULT,SYMBIOZ,1,0,0.0
2026-07-27T10:45:30,cash,RENAULT,TRAFIC,6,0,0.0
2026-07-27T10:45:30,cash,RENAULT,TWINGO,1,0,0.0
2026-07-27T10:45:30,cash,RENAULT,ZOE,1,1,1.0
2026-07-27T10:45:30,cash,SKODA,ENYAQ,1,1,1.0
2026-07-27T10:45:30,cash,SKODA,FABIA,5,0,0.0
2026-07-27T10:45:30,cash,SKODA,KAMIQ,5,0,0.0
2026-07-27T10:45:30,cash,SKODA,KODIAQ,2,0,0.0
2026-07-27T10:45:30,cash,SMART,1,1,1,1.0
2026-07-27T10:45:30,cash,SUZUKI,SWIFT,1,0,0.0
2026-07-27T10:45:30,cash,TESLA,MODEL 3,6,6,1.0
2026-07-27T10:45:30,cash,TESLA,MODEL Y,4,4,1.0
2026-07-27T10:45:30,cash,TOYOTA,AYGO X,3,0,0.0
2026-07-27T10:45:30,cash,TOYOTA,C-HR,5,0,0.0
2026-07-27T10:45:30,cash,TOYOTA,COROLLA,3,0,0.0
2026-07-27T10:45:30,cash,TOYOTA,COROLLA TS,9,0,0.0
2026-07-27T10:45:30,cash,TOYOTA,PROACE CITY,1,0,0.0
2026-07-27T10:45:30,cash,TOYOTA,RAV4 HSD,3,0,0.0
2026-07-27T10:45:30,cash,TOYOTA,RAV4 PLUG IN,4,0,0.0
2026-07-27T10:45:30,cash,TOYOTA,YARIS,1,0,0.0
2026-07-27T10:45:30,cash,TOYOTA,YARIS HYBRID,2,0,0.0
2026-07-27T10:45:30,cash,VOLKSWAGEN,GOLF,10,0,0.0
2026-07-27T10:45:30,cash,VOLKSWAGEN,ID.3,2,2,1.0
2026-07-27T10:45:30,cash,VOLKSWAGEN,POLO,5,0,0.0
2026-07-27T10:45:30,cash,VOLKSWAGEN,T-ROC,8,0,0.0
2026-07-27T10:45:30,cash,VOLKSWAGEN,TIGUAN,2,0,0.0
2026-07-27T10:45:30,cash,VOLKSWAGEN,TIGUAN ALLSPACE,2,0,0.0
2026-07-27T10:45:30,cash,VOLKSWAGEN,TOURAN,2,0,0.0
2026-07-27T10:45:30,cash,VOLKSWAGEN,TRANSPORTER,1,0,0.0
2026-07-27T10:45:30,cash,VOLVO,XC60,1,0,0.0
2026-07-28T09:37:53,leasing,AUDI,A3 SPORTBACK,4,0,0.0
2026-07-28T09:37:53,leasing,BMW,IX1,1,1,1.0
2026-07-28T09:37:53,leasing,BMW,IX3,1,1,1.0
2026-07-28T09:37:53,leasing,BMW,SERIE 1,9,0,0.0
2026-07-28T09:37:53,leasing,BMW,SERIE 2 ACTIVE TOURE,1,0,0.0
2026-07-28T09:37:53,leasing,BMW,SERIE 2 GRAN TOURER,1,0,0.0
2026-07-28T09:37:53,leasing,BMW,SERIE 3,2,0,0.0
2026-07-28T09:37:53,leasing,BMW,X1,10,0,0.0
2026-07-28T09:37:53,leasing,BMW,X2,1,0,0.0
2026-07-28T09:37:53,leasing,BMW,X3,5,0,0.0
2026-07-28T09:37:53,leasing,CITROEN,BERLINGO,5,0,0.0
2026-07-28T09:37:53,leasing,CITROEN,C3,6,0,0.0
2026-07-28T09:37:53,leasing,CITROEN,C3 AIRCROSS,6,0,0.0
2026-07-28T09:37:53,leasing,CITROEN,C4,4,0,0.0
2026-07-28T09:37:53,leasing,CITROEN,C5 AIRCROSS,13,0,0.0
2026-07-28T09:37:53,leasing,CITROEN,C5 X,4,0,0.0
2026-07-28T09:37:53,leasing,CITROEN,GRAND C4 SPACETOURER,1,0,0.0
2026-07-28T09:37:53,leasing,CITROEN,JUMPY,5,0,0.0
2026-07-28T09:37:53,leasing,CUPRA,FORMENTOR,1,0,0.0
2026-07-28T09:37:53,leasing,DACIA,SANDERO,1,0,0.0
2026-07-28T09:37:53,leasing,DS,DS3,1,0,0.0
2026-07-28T09:37:53,leasing,DS,DS3 CROSSBACK,2,1,0.5
2026-07-28T09:37:53,leasing,DS,DS4,1,0,0.0
2026-07-28T09:37:53,leasing,DS,DS7,2,0,0.0
2026-07-28T09:37:53,leasing,FIAT,500,1,0,0.0
2026-07-28T09:37:53,leasing,FORD,KUGA,8,0,0.0
2026-07-28T09:37:53,leasing,FORD,PUMA,1,0,0.0
2026-07-28T09:37:53,leasing,HYUNDAI,I30,1,0,0.0
2026-07-28T09:37:53,leasing,HYUNDAI,IONIQ,1,1,1.0
2026-07-28T09:37:53,leasing,HYUNDAI,SANTA FE,1,0,0.0
2026-07-28T09:37:53,leasing,HYUNDAI,TUCSON,7,0,0.0
2026-07-28T09:37:53,leasing,JEEP,AVENGER,2,2,1.0
2026-07-28T09:37:53,leasing,KIA,CEED,4,0,0.0
2026-07-28T09:37:53,leasing,KIA,NIRO,2,0,0.0
2026-07-28T09:37:53,leasing,KIA,NIRO EV,8,8,1.0
2026-07-28T09:37:53,leasing,KIA,PICANTO,1,0,0.0
2026-07-28T09:37:53,leasing,KIA,PROCEED,1,0,0.0
2026-07-28T09:37:53,leasing,KIA,RIO,1,0,0.0
2026-07-28T09:37:53,leasing,KIA,SORENTO,1,0,0.0
2026-07-28T09:37:53,leasing,KIA,SPORTAGE,10,0,0.0
2026-07-28T09:37:53,leasing,KIA,STONIC,12,0,0.0
2026-07-28T09:37:53,leasing,KIA,XCEED,1,0,0.0
2026-07-28T09:37:53,leasing,MERCEDES-BENZ,CLASSE A,2,0,0.0
2026-07-28T09:37:53,leasing,MERCEDES-BENZ,CLASSE CLA,3,0,0.0
2026-07-28T09:37:53,leasing,MG,MG5,1,1,1.0
2026-07-28T09:37:53,leasing,MINI,MINI,1,0,0.0
2026-07-28T09:37:53,leasing,NISSAN,LEAF,1,1,1.0
2026-07-28T09:37:53,leasing,NISSAN,QASHQAI,7,0,0.0
2026-07-28T09:37:53,leasing,NISSAN,X-TRAIL,1,0,0.0
2026-07-28T09:37:53,leasing,OPEL,ASTRA,1,0,0.0
2026-07-28T09:37:53,leasing,OPEL,CORSA,3,0,0.0
2026-07-28T09:37:53,leasing,OPEL,CROSSLAND,2,0,0.0
2026-07-28T09:37:53,leasing,OPEL,GRANDLAND,1,0,0.0
2026-07-28T09:37:53,leasing,PEUGEOT,2008,24,0,0.0
2026-07-28T09:37:53,leasing,PEUGEOT,208,7,0,0.0
2026-07-28T09:37:53,leasing,PEUGEOT,3008,32,0,0.0
2026-07-28T09:37:53,leasing,PEUGEOT,308,9,0,0.0
2026-07-28T09:37:53,leasing,PEUGEOT,308 SW,2,0,0.0
2026-07-28T09:37:53,leasing,PEUGEOT,408,1,0,0.0
2026-07-28T09:37:53,leasing,PEUGEOT,5008,14,0,0.0
2026-07-28T09:37:53,leasing,PEUGEOT,E-2008,13,13,1.0
2026-07-28T09:37:53,leasing,PEUGEOT,E-208,6,6,1.0
2026-07-28T09:37:53,leasing,PEUGEOT,EXPERT,2,0,0.0
2026-07-28T09:37:53,leasing,PEUGEOT,PARTNER,8,0,0.0
2026-07-28T09:37:53,leasing,RENAULT,ARKANA,14,0,0.0
2026-07-28T09:37:53,leasing,RENAULT,AUSTRAL,4,0,0.0
2026-07-28T09:37:53,leasing,RENAULT,CAPTUR,16,0,0.0
2026-07-28T09:37:53,leasing,RENAULT,CLIO,29,0,0.0
2026-07-28T09:37:53,leasing,RENAULT,ESPACE,1,0,0.0
2026-07-28T09:37:53,leasing,RENAULT,EXPRESS,19,0,0.0
2026-07-28T09:37:53,leasing,RENAULT,KANGOO,3,0,0.0
2026-07-28T09:37:53,leasing,RENAULT,MASTER,1,0,0.0
2026-07-28T09:37:53,leasing,RENAULT,MEGANE,12,0,0.0
2026-07-28T09:37:53,leasing,RENAULT,SCENIC,6,0,0.0
2026-07-28T09:37:53,leasing,RENAULT,TRAFIC,6,0,0.0
2026-07-28T09:37:53,leasing,RENAULT,ZOE,1,1,1.0
2026-07-28T09:37:53,leasing,SEAT,ARONA,1,0,0.0
2026-07-28T09:37:53,leasing,SKODA,ENYAQ,1,1,1.0
2026-07-28T09:37:53,leasing,SKODA,FABIA,6,0,0.0
2026-07-28T09:37:53,leasing,SKODA,KAMIQ,5,0,0.0
2026-07-28T09:37:53,leasing,SKODA,KODIAQ,2,0,0.0
2026-07-28T09:37:53,leasing,SUZUKI,SWIFT,1,0,0.0
2026-07-28T09:37:53,leasing,TESLA,MODEL 3,5,5,1.0
2026-07-28T09:37:53,leasing,TESLA,MODEL Y,5,5,1.0
2026-07-28T09:37:53,leasing,TOYOTA,AYGO X,3,0,0.0
2026-07-28T09:37:53,leasing,TOYOTA,C-HR,5,0,0.0
2026-07-28T09:37:53,leasing,TOYOTA,COROLLA,3,0,0.0
2026-07-28T09:37:53,leasing,TOYOTA,COROLLA TS,10,0,0.0
2026-07-28T09:37:53,leasing,TOYOTA,PROACE CITY,1,0,0.0
2026-07-28T09:37:53,leasing,TOYOTA,RAV4 HSD,2,0,0.0
2026-07-28T09:37:53,leasing,TOYOTA,RAV4 PLUG IN,4,0,0.0
2026-07-28T09:37:53,leasing,TOYOTA,YARIS,1,0,0.0
2026-07-28T09:37:53,leasing,TOYOTA,YARIS HYBRID,2,0,0.0
2026-07-28T09:37:53,leasing,VOLKSWAGEN,GOLF,9,0,0.0
2026-07-28T09:37:53,leasing,VOLKSWAGEN,ID.3,2,2,1.0
2026-07-28T09:37:53,leasing,VOLKSWAGEN,POLO,6,0,0.0
2026-07-28T09:37:53,leasing,VOLKSWAGEN,T-ROC,6,0,0.0
2026-07-28T09:37:53,leasing,VOLKSWAGEN,TIGUAN,2,0,0.0
2026-07-28T09:37:53,leasing,VOLKSWAGEN,TIGUAN ALLSPACE,1,0,0.0
2026-07-28T09:37:53,leasing,VOLKSWAGEN,TOURAN,1,0,0.0
2026-07-28T09:37:53,leasing,VOLKSWAGEN,TRANSPORTER,1,0,0.0
2026-07-28T09:37:53,leasing,VOLVO,XC60,1,0,0.0
2026-07-28T09:37:53,cash,AUDI,A3 SPORTBACK,4,0,0.0
2026-07-28T09:37:53,cash,BMW,IX1,1,1,1.0
2026-07-28T09:37:53,cash,BMW,IX3,1,1,1.0
2026-07-28T09:37:53,cash,BMW,SERIE 1,9,0,0.0
2026-07-28T09:37:53,cash,BMW,SERIE 2 ACTIVE TOURE,2,0,0.0
2026-07-28T09:37:53,cash,BMW,SERIE 2 GRAN TOURER,1,0,0.0
2026-07-28T09:37:53,cash,BMW,SERIE 3,2,0,0.0
2026-07-28T09:37:53,cash,BMW,X1,11,0,0.0
2026-07-28T09:37:53,cash,BMW,X2,1,0,0.0
2026-07-28T09:37:53,cash,BMW,X3,5,0,0.0
2026-07-28T09:37:53,cash,BMW,X5,1,0,0.0
2026-07-28T09:37:53,cash,CITROEN,BERLINGO,6,0,0.0
2026-07-28T09:37:53,cash,CITROEN,C3,7,0,0.0
2026-07-28T09:37:53,cash,CITROEN,C3 AIRCROSS,6,0,0.0
2026-07-28T09:37:53,cash,CITROEN,C4,4,0,0.0
2026-07-28T09:37:53,cash,CITROEN,C5 AIRCROSS,13,0,0.0
2026-07-28T09:37:53,cash,CITROEN,C5 X,4,0,0.0
2026-07-28T09:37:53,cash,CITROEN,E-C4,1,1,1.0
2026-07-28T09:37:53,cash,CITROEN,GRAND C4 SPACETOURER,1,0,0.0
2026-07-28T09:37:53,cash,CITROEN,JUMPY,5,0,0.0
2026-07-28T09:37:53,cash,CUPRA,FORMENTOR,1,0,0.0
2026-07-28T09:37:53,cash,DACIA,SANDERO,1,0,0.0
2026-07-28T09:37:53,cash,DS,DS3,1,0,0.0
2026-07-28T09:37:53,cash,DS,DS3 CROSSBACK,2,1,0.5
2026-07-28T09:37:53,cash,DS,DS4,1,0,0.0
2026-07-28T09:37:53,cash,DS,DS7,2,0,0.0
2026-07-28T09:37:53,cash,FIAT,500,1,0,0.0
2026-07-28T09:37:53,cash,FORD,KUGA,9,0,0.0
2026-07-28T09:37:53,cash,FORD,PUMA,1,0,0.0
2026-07-28T09:37:53,cash,FORD,TRANSIT CUSTOM,1,0,0.0
2026-07-28T09:37:53,cash,HYUNDAI,I30,1,0,0.0
2026-07-28T09:37:53,cash,HYUNDAI,IONIQ,1,1,1.0
2026-07-28T09:37:53,cash,HYUNDAI,SANTA FE,1,0,0.0
2026-07-28T09:37:53,cash,HYUNDAI,TUCSON,7,0,0.0
2026-07-28T09:37:53,cash,JEEP,AVENGER,2,2,1.0
2026-07-28T09:37:53,cash,KIA,CEED,4,0,0.0
2026-07-28T09:37:53,cash,KIA,NIRO,2,0,0.0
2026-07-28T09:37:53,cash,KIA,NIRO EV,8,8,1.0
2026-07-28T09:37:53,cash,KIA,PICANTO,1,0,0.0
2026-07-28T09:37:53,cash,KIA,PROCEED,1,0,0.0
2026-07-28T09:37:53,cash,KIA,RIO,1,0,0.0
2026-07-28T09:37:53,cash,KIA,SORENTO,1,0,0.0
2026-07-28T09:37:53,cash,KIA,SPORTAGE,10,0,0.0
2026-07-28T09:37:53,cash,KIA,STONIC,12,0,0.0
2026-07-28T09:37:53,cash,KIA,XCEED,1,0,0.0
2026-07-28T09:37:53,cash,MERCEDES-BENZ,CLASSE A,4,0,0.0
2026-07-28T09:37:53,cash,MERCEDES-BENZ,CLASSE CLA,3,0,0.0
2026-07-28T09:37:53,cash,MERCEDES-BENZ,EQA,1,1,1.0
2026-07-28T09:37:53,cash,MERCEDES-BENZ,GLB,1,0,0.0
2026-07-28T09:37:53,cash,MG,MG5,1,1,1.0
2026-07-28T09:37:53,cash,MINI,MINI,1,0,0.0
2026-07-28T09:37:53,cash,NISSAN,LEAF,1,1,1.0
2026-07-28T09:37:53,cash,NISSAN,QASHQAI,8,0,0.0
2026-07-28T09:37:53,cash,NISSAN,X-TRAIL,1,0,0.0
2026-07-28T09:37:53,cash,OPEL,ASTRA,1,0,0.0
2026-07-28T09:37:53,cash,OPEL,CORSA,3,0,0.0
2026-07-28T09:37:53,cash,OPEL,CROSSLAND,2,0,0.0
2026-07-28T09:37:53,cash,OPEL,GRANDLAND,1,0,0.0
2026-07-28T09:37:53,cash,OPEL,GRANDLAND X,1,0,0.0
2026-07-28T09:37:53,cash,PEUGEOT,108,1,0,0.0
2026-07-28T09:37:53,cash,PEUGEOT,2008,25,0,0.0
2026-07-28T09:37:53,cash,PEUGEOT,208,8,0,0.0
2026-07-28T09:37:53,cash,PEUGEOT,3008,38,0,0.0
2026-07-28T09:37:53,cash,PEUGEOT,308,9,0,0.0
2026-07-28T09:37:53,cash,PEUGEOT,308 SW,2,0,0.0
2026-07-28T09:37:53,cash,PEUGEOT,408,1,0,0.0
2026-07-28T09:37:53,cash,PEUGEOT,5008,14,0,0.0
2026-07-28T09:37:53,cash,PEUGEOT,E-2008,13,13,1.0
2026-07-28T09:37:53,cash,PEUGEOT,E-208,7,7,1.0
2026-07-28T09:37:53,cash,PEUGEOT,E-308,1,1,1.0
2026-07-28T09:37:53,cash,PEUGEOT,EXPERT,2,0,0.0
2026-07-28T09:37:53,cash,PEUGEOT,PARTNER,8,0,0.0
2026-07-28T09:37:53,cash,RENAULT,ARKANA,14,0,0.0
2026-07-28T09:37:53,cash,RENAULT,AUSTRAL,4,0,0.0
2026-07-28T09:37:53,cash,RENAULT,CAPTUR,17,0,0.0
2026-07-28T09:37:53,cash,RENAULT,CLIO,35,0,0.0
2026-07-28T09:37:53,cash,RENAULT,ESPACE,1,0,0.0
2026-07-28T09:37:53,cash,RENAULT,EXPRESS,19,0,0.0
2026-07-28T09:37:53,cash,RENAULT,KADJAR,1,0,0.0
2026-07-28T09:37:53,cash,RENAULT,KANGOO,3,0,0.0
2026-07-28T09:37:53,cash,RENAULT,MASTER,1,0,0.0
2026-07-28T09:37:53,cash,RENAULT,MEGANE,15,0,0.0
2026-07-28T09:37:53,cash,RENAULT,SCENIC,6,0,0.0
2026-07-28T09:37:53,cash,RENAULT,SYMBIOZ,1,0,0.0
2026-07-28T09:37:53,cash,RENAULT,TRAFIC,6,0,0.0
2026-07-28T09:37:53,cash,RENAULT,TWINGO,1,0,0.0
2026-07-28T09:37:53,cash,RENAULT,ZOE,1,1,1.0
2026-07-28T09:37:53,cash,SEAT,ARONA,1,0,0.0
2026-07-28T09:37:53,cash,SKODA,ENYAQ,1,1,1.0
2026-07-28T09:37:53,cash,SKODA,FABIA,6,0,0.0
2026-07-28T09:37:53,cash,SKODA,KAMIQ,5,0,0.0
2026-07-28T09:37:53,cash,SKODA,KODIAQ,2,0,0.0
2026-07-28T09:37:53,cash,SMART,1,1,1,1.0
2026-07-28T09:37:53,cash,SUZUKI,SWIFT,1,0,0.0
2026-07-28T09:37:53,cash,TESLA,MODEL 3,6,6,1.0
2026-07-28T09:37:53,cash,TESLA,MODEL Y,5,5,1.0
2026-07-28T09:37:53,cash,TOYOTA,AYGO X,3,0,0.0
2026-07-28T09:37:53,cash,TOYOTA,C-HR,6,0,0.0
2026-07-28T09:37:53,cash,TOYOTA,COROLLA,3,0,0.0
2026-07-28T09:37:53,cash,TOYOTA,COROLLA TS,10,0,0.0
2026-07-28T09:37:53,cash,TOYOTA,PROACE CITY,1,0,0.0
2026-07-28T09:37:53,cash,TOYOTA,RAV4 HSD,3,0,0.0
2026-07-28T09:37:53,cash,TOYOTA,RAV4 PLUG IN,4,0,0.0
2026-07-28T09:37:53,cash,TOYOTA,YARIS,1,0,0.0
2026-07-28T09:37:53,cash,TOYOTA,YARIS HYBRID,2,0,0.0
2026-07-28T09:37:53,cash,VOLKSWAGEN,GOLF,9,0,0.0
2026-07-28T09:37:53,cash,VOLKSWAGEN,ID.3,2,2,1.0
2026-07-28T09:37:53,cash,VOLKSWAGEN,POLO,6,0,0.0
2026-07-28T09:37:53,cash,VOLKSWAGEN,T-ROC,7,0,0.0
2026-07-28T09:37:53,cash,VOLKSWAGEN,TIGUAN,2,0,0.0
2026-07-28T09:37:53,cash,VOLKSWAGEN,TIGUAN ALLSPACE,3,0,0.0
2026-07-28T09:37:53,cash,VOLKSWAGEN,TOURAN,1,0,0.0
2026-07-28T09:37:53,cash,VOLKSWAGEN,TRANSPORTER,1,0,0.0
2026-07-28T09:37:53,cash,VOLVO,XC60,1,0,0.0
2026-07-29T09:39:46,leasing,AUDI,A3 SPORTBACK,5,0,0.0
2026-07-29T09:39:46,leasing,AUDI,Q5,1,0,0.0
2026-07-29T09:39:46,leasing,BMW,IX1,2,2,1.0
2026-07-29T09:39:46,leasing,BMW,IX3,1,1,1.0
2026-07-29T09:39:46,leasing,BMW,SERIE 1,9,0,0.0
2026-07-29T09:39:46,leasing,BMW,SERIE 2 ACTIVE TOURE,1,0,0.0
2026-07-29T09:39:46,leasing,BMW,SERIE 2 GRAN TOURER,1,0,0.0
2026-07-29T09:39:46,leasing,BMW,SERIE 3,2,0,0.0
2026-07-29T09:39:46,leasing,BMW,X1,9,0,0.0
2026-07-29T09:39:46,leasing,BMW,X2,1,0,0.0
2026-07-29T09:39:46,leasing,BMW,X3,3,0,0.0
2026-07-29T09:39:46,leasing,CITROEN,BERLINGO,5,0,0.0
2026-07-29T09:39:46,leasing,CITROEN,C3,5,0,0.0
2026-07-29T09:39:46,leasing,CITROEN,C3 AIRCROSS,6,0,0.0
2026-07-29T09:39:46,leasing,CITROEN,C4,4,0,0.0
2026-07-29T09:39:46,leasing,CITROEN,C5 AIRCROSS,13,0,0.0
2026-07-29T09:39:46,leasing,CITROEN,C5 X,4,0,0.0
2026-07-29T09:39:46,leasing,CITROEN,GRAND C4 SPACETOURER,1,0,0.0
2026-07-29T09:39:46,leasing,CITROEN,JUMPY,5,0,0.0
2026-07-29T09:39:46,leasing,DACIA,SANDERO,1,0,0.0
2026-07-29T09:39:46,leasing,DS,DS3,1,0,0.0
2026-07-29T09:39:46,leasing,DS,DS3 CROSSBACK,2,1,0.5
2026-07-29T09:39:46,leasing,DS,DS4,1,0,0.0
2026-07-29T09:39:46,leasing,DS,DS7,2,0,0.0
2026-07-29T09:39:46,leasing,FIAT,500,1,0,0.0
2026-07-29T09:39:46,leasing,FORD,KUGA,8,0,0.0
2026-07-29T09:39:46,leasing,FORD,PUMA,1,0,0.0
2026-07-29T09:39:46,leasing,HYUNDAI,I30,1,0,0.0
2026-07-29T09:39:46,leasing,HYUNDAI,IONIQ,1,1,1.0
2026-07-29T09:39:46,leasing,HYUNDAI,SANTA FE,1,0,0.0
2026-07-29T09:39:46,leasing,HYUNDAI,TUCSON,7,0,0.0
2026-07-29T09:39:46,leasing,JEEP,AVENGER,2,2,1.0
2026-07-29T09:39:46,leasing,KIA,CEED,4,0,0.0
2026-07-29T09:39:46,leasing,KIA,NIRO,2,0,0.0
2026-07-29T09:39:46,leasing,KIA,NIRO EV,7,7,1.0
2026-07-29T09:39:46,leasing,KIA,PICANTO,1,0,0.0
2026-07-29T09:39:46,leasing,KIA,PROCEED,1,0,0.0
2026-07-29T09:39:46,leasing,KIA,RIO,2,0,0.0
2026-07-29T09:39:46,leasing,KIA,SORENTO,1,0,0.0
2026-07-29T09:39:46,leasing,KIA,SPORTAGE,9,0,0.0
2026-07-29T09:39:46,leasing,KIA,STONIC,12,0,0.0
2026-07-29T09:39:46,leasing,KIA,XCEED,1,0,0.0
2026-07-29T09:39:46,leasing,MERCEDES-BENZ,CLASSE A,2,0,0.0
2026-07-29T09:39:46,leasing,MERCEDES-BENZ,CLASSE CLA,3,0,0.0
2026-07-29T09:39:46,leasing,MG,MG5,1,1,1.0
2026-07-29T09:39:46,leasing,MINI,MINI,1,0,0.0
2026-07-29T09:39:46,leasing,NISSAN,LEAF,1,1,1.0
2026-07-29T09:39:46,leasing,NISSAN,QASHQAI,8,0,0.0
2026-07-29T09:39:46,leasing,NISSAN,X-TRAIL,1,0,0.0
2026-07-29T09:39:46,leasing,OPEL,ASTRA,1,0,0.0
2026-07-29T09:39:46,leasing,OPEL,CORSA,3,0,0.0
2026-07-29T09:39:46,leasing,OPEL,CROSSLAND,2,0,0.0
2026-07-29T09:39:46,leasing,OPEL,GRANDLAND,1,0,0.0
2026-07-29T09:39:46,leasing,PEUGEOT,2008,24,0,0.0
2026-07-29T09:39:46,leasing,PEUGEOT,208,6,0,0.0
2026-07-29T09:39:46,leasing,PEUGEOT,3008,31,0,0.0
2026-07-29T09:39:46,leasing,PEUGEOT,308,9,0,0.0
2026-07-29T09:39:46,leasing,PEUGEOT,308 SW,2,0,0.0
2026-07-29T09:39:46,leasing,PEUGEOT,408,1,0,0.0
2026-07-29T09:39:46,leasing,PEUGEOT,5008,13,0,0.0
2026-07-29T09:39:46,leasing,PEUGEOT,E-2008,13,13,1.0
2026-07-29T09:39:46,leasing,PEUGEOT,E-208,5,5,1.0
2026-07-29T09:39:46,leasing,PEUGEOT,EXPERT,3,0,0.0
2026-07-29T09:39:46,leasing,PEUGEOT,PARTNER,8,0,0.0
2026-07-29T09:39:46,leasing,RENAULT,ARKANA,14,0,0.0
2026-07-29T09:39:46,leasing,RENAULT,AUSTRAL,5,0,0.0
2026-07-29T09:39:46,leasing,RENAULT,CAPTUR,16,0,0.0
2026-07-29T09:39:46,leasing,RENAULT,CLIO,30,0,0.0
2026-07-29T09:39:46,leasing,RENAULT,ESPACE,1,0,0.0
2026-07-29T09:39:46,leasing,RENAULT,EXPRESS,19,0,0.0
2026-07-29T09:39:46,leasing,RENAULT,KANGOO,3,0,0.0
2026-07-29T09:39:46,leasing,RENAULT,MASTER,1,0,0.0
2026-07-29T09:39:46,leasing,RENAULT,MEGANE,12,0,0.0
2026-07-29T09:39:46,leasing,RENAULT,SCENIC,6,0,0.0
2026-07-29T09:39:46,leasing,RENAULT,TRAFIC,6,0,0.0
2026-07-29T09:39:46,leasing,RENAULT,ZOE,1,1,1.0
2026-07-29T09:39:46,leasing,SEAT,ARONA,1,0,0.0
2026-07-29T09:39:46,leasing,SKODA,FABIA,6,0,0.0
2026-07-29T09:39:46,leasing,SKODA,KAMIQ,5,0,0.0
2026-07-29T09:39:46,leasing,SKODA,KODIAQ,2,0,0.0
2026-07-29T09:39:46,leasing,SUZUKI,SWIFT,1,0,0.0
2026-07-29T09:39:46,leasing,TESLA,MODEL 3,5,5,1.0
2026-07-29T09:39:46,leasing,TESLA,MODEL Y,5,5,1.0
2026-07-29T09:39:46,leasing,TOYOTA,AYGO X,3,0,0.0
2026-07-29T09:39:46,leasing,TOYOTA,C-HR,5,0,0.0
2026-07-29T09:39:46,leasing,TOYOTA,COROLLA,3,0,0.0
2026-07-29T09:39:46,leasing,TOYOTA,COROLLA TS,10,0,0.0
2026-07-29T09:39:46,leasing,TOYOTA,PROACE CITY,1,0,0.0
2026-07-29T09:39:46,leasing,TOYOTA,RAV4 HSD,2,0,0.0
2026-07-29T09:39:46,leasing,TOYOTA,RAV4 PLUG IN,3,0,0.0
2026-07-29T09:39:46,leasing,TOYOTA,YARIS,1,0,0.0
2026-07-29T09:39:46,leasing,TOYOTA,YARIS HYBRID,2,0,0.0
2026-07-29T09:39:46,leasing,VOLKSWAGEN,GOLF,9,0,0.0
2026-07-29T09:39:46,leasing,VOLKSWAGEN,ID.3,2,2,1.0
2026-07-29T09:39:46,leasing,VOLKSWAGEN,POLO,4,0,0.0
2026-07-29T09:39:46,leasing,VOLKSWAGEN,T-ROC,6,0,0.0
2026-07-29T09:39:46,leasing,VOLKSWAGEN,TIGUAN,2,0,0.0
2026-07-29T09:39:46,leasing,VOLKSWAGEN,TIGUAN ALLSPACE,1,0,0.0
2026-07-29T09:39:46,leasing,VOLKSWAGEN,TOURAN,1,0,0.0
2026-07-29T09:39:46,leasing,VOLKSWAGEN,TRANSPORTER,1,0,0.0
2026-07-29T09:39:46,cash,AUDI,A3 SPORTBACK,5,0,0.0
2026-07-29T09:39:46,cash,AUDI,Q5,1,0,0.0
2026-07-29T09:39:46,cash,BMW,IX1,2,2,1.0
2026-07-29T09:39:46,cash,BMW,IX3,1,1,1.0
2026-07-29T09:39:46,cash,BMW,SERIE 1,9,0,0.0
2026-07-29T09:39:46,cash,BMW,SERIE 2 ACTIVE TOURE,2,0,0.0
2026-07-29T09:39:46,cash,BMW,SERIE 2 GRAN TOURER,1,0,0.0
2026-07-29T09:39:46,cash,BMW,SERIE 3,2,0,0.0
2026-07-29T09:39:46,cash,BMW,X1,10,0,0.0
2026-07-29T09:39:46,cash,BMW,X2,1,0,0.0
2026-07-29T09:39:46,cash,BMW,X3,3,0,0.0
2026-07-29T09:39:46,cash,BMW,X5,2,0,0.0
2026-07-29T09:39:46,cash,CITROEN,BERLINGO,6,0,0.0
2026-07-29T09:39:46,cash,CITROEN,C3,6,0,0.0
2026-07-29T09:39:46,cash,CITROEN,C3 AIRCROSS,6,0,0.0
2026-07-29T09:39:46,cash,CITROEN,C4,4,0,0.0
2026-07-29T09:39:46,cash,CITROEN,C5 AIRCROSS,13,0,0.0
2026-07-29T09:39:46,cash,CITROEN,C5 X,4,0,0.0
2026-07-29T09:39:46,cash,CITROEN,E-C4,1,1,1.0
2026-07-29T09:39:46,cash,CITROEN,GRAND C4 SPACETOURER,1,0,0.0
2026-07-29T09:39:46,cash,CITROEN,JUMPY,5,0,0.0
2026-07-29T09:39:46,cash,DACIA,SANDERO,1,0,0.0
2026-07-29T09:39:46,cash,DS,DS3,1,0,0.0
2026-07-29T09:39:46,cash,DS,DS3 CROSSBACK,2,1,0.5
2026-07-29T09:39:46,cash,DS,DS4,1,0,0.0
2026-07-29T09:39:46,cash,DS,DS7,2,0,0.0
2026-07-29T09:39:46,cash,FIAT,500,1,0,0.0
2026-07-29T09:39:46,cash,FORD,KUGA,9,0,0.0
2026-07-29T09:39:46,cash,FORD,PUMA,1,0,0.0
2026-07-29T09:39:46,cash,FORD,TRANSIT CUSTOM,1,0,0.0
2026-07-29T09:39:46,cash,HYUNDAI,I30,1,0,0.0
2026-07-29T09:39:46,cash,HYUNDAI,IONIQ,1,1,1.0
2026-07-29T09:39:46,cash,HYUNDAI,SANTA FE,1,0,0.0
2026-07-29T09:39:46,cash,HYUNDAI,TUCSON,7,0,0.0
2026-07-29T09:39:46,cash,JEEP,AVENGER,2,2,1.0
2026-07-29T09:39:46,cash,KIA,CEED,4,0,0.0
2026-07-29T09:39:46,cash,KIA,NIRO,2,0,0.0
2026-07-29T09:39:46,cash,KIA,NIRO EV,7,7,1.0
2026-07-29T09:39:46,cash,KIA,PICANTO,1,0,0.0
2026-07-29T09:39:46,cash,KIA,PROCEED,1,0,0.0
2026-07-29T09:39:46,cash,KIA,RIO,2,0,0.0
2026-07-29T09:39:46,cash,KIA,SORENTO,1,0,0.0
2026-07-29T09:39:46,cash,KIA,SPORTAGE,9,0,0.0
2026-07-29T09:39:46,cash,KIA,STONIC,12,0,0.0
2026-07-29T09:39:46,cash,KIA,XCEED,1,0,0.0
2026-07-29T09:39:46,cash,MERCEDES-BENZ,CLASSE A,4,0,0.0
2026-07-29T09:39:46,cash,MERCEDES-BENZ,CLASSE CLA,3,0,0.0
2026-07-29T09:39:46,cash,MERCEDES-BENZ,EQA,1,1,1.0
2026-07-29T09:39:46,cash,MERCEDES-BENZ,GLB,1,0,0.0
2026-07-29T09:39:46,cash,MG,MG5,1,1,1.0
2026-07-29T09:39:46,cash,MINI,MINI,1,0,0.0
2026-07-29T09:39:46,cash,NISSAN,LEAF,1,1,1.0
2026-07-29T09:39:46,cash,NISSAN,QASHQAI,9,0,0.0
2026-07-29T09:39:46,cash,NISSAN,X-TRAIL,1,0,0.0
2026-07-29T09:39:46,cash,OPEL,ASTRA,1,0,0.0
2026-07-29T09:39:46,cash,OPEL,CORSA,3,0,0.0
2026-07-29T09:39:46,cash,OPEL,CROSSLAND,2,0,0.0
2026-07-29T09:39:46,cash,OPEL,GRANDLAND,1,0,0.0
2026-07-29T09:39:46,cash,OPEL,GRANDLAND X,1,0,0.0
2026-07-29T09:39:46,cash,PEUGEOT,108,1,0,0.0
2026-07-29T09:39:46,cash,PEUGEOT,2008,25,0,0.0
2026-07-29T09:39:46,cash,PEUGEOT,208,7,0,0.0
2026-07-29T09:39:46,cash,PEUGEOT,3008,36,0,0.0
2026-07-29T09:39:46,cash,PEUGEOT,308,10,0,0.0
2026-07-29T09:39:46,cash,PEUGEOT,308 SW,2,0,0.0
2026-07-29T09:39:46,cash,PEUGEOT,408,1,0,0.0
2026-07-29T09:39:46,cash,PEUGEOT,5008,13,0,0.0
2026-07-29T09:39:46,cash,PEUGEOT,E-2008,14,14,1.0
2026-07-29T09:39:46,cash,PEUGEOT,E-208,6,6,1.0
2026-07-29T09:39:46,cash,PEUGEOT,E-308,2,2,1.0
2026-07-29T09:39:46,cash,PEUGEOT,EXPERT,3,0,0.0
2026-07-29T09:39:46,cash,PEUGEOT,PARTNER,8,0,0.0
2026-07-29T09:39:46,cash,RENAULT,ARKANA,14,0,0.0
2026-07-29T09:39:46,cash,RENAULT,AUSTRAL,5,0,0.0
2026-07-29T09:39:46,cash,RENAULT,CAPTUR,17,0,0.0
2026-07-29T09:39:46,cash,RENAULT,CLIO,35,0,0.0
2026-07-29T09:39:46,cash,RENAULT,ESPACE,1,0,0.0
2026-07-29T09:39:46,cash,RENAULT,EXPRESS,19,0,0.0
2026-07-29T09:39:46,cash,RENAULT,KADJAR,1,0,0.0
2026-07-29T09:39:46,cash,RENAULT,KANGOO,4,0,0.0
2026-07-29T09:39:46,cash,RENAULT,MASTER,1,0,0.0
2026-07-29T09:39:46,cash,RENAULT,MEGANE,15,0,0.0
2026-07-29T09:39:46,cash,RENAULT,SCENIC,6,0,0.0
2026-07-29T09:39:46,cash,RENAULT,SYMBIOZ,1,0,0.0
2026-07-29T09:39:46,cash,RENAULT,TRAFIC,6,0,0.0
2026-07-29T09:39:46,cash,RENAULT,TWINGO,1,0,0.0
2026-07-29T09:39:46,cash,RENAULT,ZOE,1,1,1.0
2026-07-29T09:39:46,cash,SEAT,ARONA,1,0,0.0
2026-07-29T09:39:46,cash,SKODA,FABIA,6,0,0.0
2026-07-29T09:39:46,cash,SKODA,KAMIQ,5,0,0.0
2026-07-29T09:39:46,cash,SKODA,KODIAQ,2,0,0.0
2026-07-29T09:39:46,cash,SMART,1,1,1,1.0
2026-07-29T09:39:46,cash,SUZUKI,SWIFT,1,0,0.0
2026-07-29T09:39:46,cash,TESLA,MODEL 3,6,6,1.0
2026-07-29T09:39:46,cash,TESLA,MODEL Y,5,5,1.0
2026-07-29T09:39:46,cash,TOYOTA,AYGO X,3,0,0.0
2026-07-29T09:39:46,cash,TOYOTA,C-HR,6,0,0.0
2026-07-29T09:39:46,cash,TOYOTA,COROLLA,3,0,0.0
2026-07-29T09:39:46,cash,TOYOTA,COROLLA TS,10,0,0.0
2026-07-29T09:39:46,cash,TOYOTA,PROACE CITY,1,0,0.0
2026-07-29T09:39:46,cash,TOYOTA,RAV4 HSD,3,0,0.0
2026-07-29T09:39:46,cash,TOYOTA,RAV4 PLUG IN,3,0,0.0
2026-07-29T09:39:46,cash,TOYOTA,YARIS,1,0,0.0
2026-07-29T09:39:46,cash,TOYOTA,YARIS HYBRID,2,0,0.0
2026-07-29T09:39:46,cash,VOLKSWAGEN,GOLF,9,0,0.0
2026-07-29T09:39:46,cash,VOLKSWAGEN,ID.3,2,2,1.0
2026-07-29T09:39:46,cash,VOLKSWAGEN,POLO,4,0,0.0
2026-07-29T09:39:46,cash,VOLKSWAGEN,T-ROC,7,0,0.0
2026-07-29T09:39:46,cash,VOLKSWAGEN,TIGUAN,2,0,0.0
2026-07-29T09:39:46,cash,VOLKSWAGEN,TIGUAN ALLSPACE,3,0,0.0
2026-07-29T09:39:46,cash,VOLKSWAGEN,TOURAN,1,0,0.0
2026-07-29T09:39:46,cash,VOLKSWAGEN,TRANSPORTER,1,0,0.0
2026-07-30T09:33:09,leasing,AUDI,A3 SPORTBACK,5,0,0.0
2026-07-30T09:33:09,leasing,BMW,IX1,2,2,1.0
2026-07-30T09:33:09,leasing,BMW,IX3,1,1,1.0
2026-07-30T09:33:09,leasing,BMW,SERIE 1,8,0,0.0
2026-07-30T09:33:09,leasing,BMW,SERIE 2 ACTIVE TOURE,1,0,0.0
2026-07-30T09:33:09,leasing,BMW,SERIE 2 GRAN TOURER,1,0,0.0
2026-07-30T09:33:09,leasing,BMW,SERIE 3,2,0,0.0
2026-07-30T09:33:09,leasing,BMW,X1,9,0,0.0
2026-07-30T09:33:09,leasing,BMW,X2,1,0,0.0
2026-07-30T09:33:09,leasing,BMW,X3,3,0,0.0
2026-07-30T09:33:09,leasing,CITROEN,BERLINGO,5,0,0.0
2026-07-30T09:33:09,leasing,CITROEN,C3,5,0,0.0
2026-07-30T09:33:09,leasing,CITROEN,C3 AIRCROSS,6,0,0.0
2026-07-30T09:33:09,leasing,CITROEN,C4,4,0,0.0
2026-07-30T09:33:09,leasing,CITROEN,C5 AIRCROSS,13,0,0.0
2026-07-30T09:33:09,leasing,CITROEN,C5 X,4,0,0.0
2026-07-30T09:33:09,leasing,CITROEN,GRAND C4 SPACETOURER,1,0,0.0
2026-07-30T09:33:09,leasing,CITROEN,JUMPY,5,0,0.0
2026-07-30T09:33:09,leasing,DACIA,SANDERO,1,0,0.0
2026-07-30T09:33:09,leasing,DS,DS3,1,0,0.0
2026-07-30T09:33:09,leasing,DS,DS3 CROSSBACK,2,1,0.5
2026-07-30T09:33:09,leasing,DS,DS4,1,0,0.0
2026-07-30T09:33:09,leasing,DS,DS7,2,0,0.0
2026-07-30T09:33:09,leasing,FIAT,500,1,0,0.0
2026-07-30T09:33:09,leasing,FORD,KUGA,7,0,0.0
2026-07-30T09:33:09,leasing,FORD,PUMA,1,0,0.0
2026-07-30T09:33:09,leasing,HYUNDAI,I30,1,0,0.0
2026-07-30T09:33:09,leasing,HYUNDAI,IONIQ,1,1,1.0
2026-07-30T09:33:09,leasing,HYUNDAI,SANTA FE,1,0,0.0
2026-07-30T09:33:09,leasing,HYUNDAI,TUCSON,7,0,0.0
2026-07-30T09:33:09,leasing,JEEP,AVENGER,2,2,1.0
2026-07-30T09:33:09,leasing,KIA,CEED,4,0,0.0
2026-07-30T09:33:09,leasing,KIA,NIRO,1,0,0.0
2026-07-30T09:33:09,leasing,KIA,NIRO EV,8,8,1.0
2026-07-30T09:33:09,leasing,KIA,PICANTO,1,0,0.0
2026-07-30T09:33:09,leasing,KIA,PROCEED,1,0,0.0
2026-07-30T09:33:09,leasing,KIA,RIO,2,0,0.0
2026-07-30T09:33:09,leasing,KIA,SORENTO,1,0,0.0
2026-07-30T09:33:09,leasing,KIA,SPORTAGE,9,0,0.0
2026-07-30T09:33:09,leasing,KIA,STONIC,12,0,0.0
2026-07-30T09:33:09,leasing,KIA,XCEED,1,0,0.0
2026-07-30T09:33:09,leasing,MERCEDES-BENZ,CLASSE A,2,0,0.0
2026-07-30T09:33:09,leasing,MERCEDES-BENZ,CLASSE CLA,1,0,0.0
2026-07-30T09:33:09,leasing,MG,MG5,1,1,1.0
2026-07-30T09:33:09,leasing,NISSAN,LEAF,1,1,1.0
2026-07-30T09:33:09,leasing,NISSAN,QASHQAI,8,0,0.0
2026-07-30T09:33:09,leasing,NISSAN,X-TRAIL,1,0,0.0
2026-07-30T09:33:09,leasing,OPEL,ASTRA,1,0,0.0
2026-07-30T09:33:09,leasing,OPEL,CORSA,3,0,0.0
2026-07-30T09:33:09,leasing,OPEL,CROSSLAND,2,0,0.0
2026-07-30T09:33:09,leasing,OPEL,GRANDLAND,1,0,0.0
2026-07-30T09:33:09,leasing,PEUGEOT,2008,23,0,0.0
2026-07-30T09:33:09,leasing,PEUGEOT,208,6,0,0.0
2026-07-30T09:33:09,leasing,PEUGEOT,3008,31,0,0.0
2026-07-30T09:33:09,leasing,PEUGEOT,308,10,0,0.0
2026-07-30T09:33:09,leasing,PEUGEOT,308 SW,2,0,0.0
2026-07-30T09:33:09,leasing,PEUGEOT,408,1,0,0.0
2026-07-30T09:33:09,leasing,PEUGEOT,5008,13,0,0.0
2026-07-30T09:33:09,leasing,PEUGEOT,E-2008,14,14,1.0
2026-07-30T09:33:09,leasing,PEUGEOT,E-208,4,4,1.0
2026-07-30T09:33:09,leasing,PEUGEOT,EXPERT,3,0,0.0
2026-07-30T09:33:09,leasing,PEUGEOT,PARTNER,8,0,0.0
2026-07-30T09:33:09,leasing,RENAULT,ARKANA,14,0,0.0
2026-07-30T09:33:09,leasing,RENAULT,AUSTRAL,4,0,0.0
2026-07-30T09:33:09,leasing,RENAULT,CAPTUR,16,0,0.0
2026-07-30T09:33:09,leasing,RENAULT,CLIO,28,0,0.0
2026-07-30T09:33:09,leasing,RENAULT,ESPACE,1,0,0.0
2026-07-30T09:33:09,leasing,RENAULT,EXPRESS,19,0,0.0
2026-07-30T09:33:09,leasing,RENAULT,KANGOO,4,0,0.0
2026-07-30T09:33:09,leasing,RENAULT,MASTER,1,0,0.0
2026-07-30T09:33:09,leasing,RENAULT,MEGANE,12,0,0.0
2026-07-30T09:33:09,leasing,RENAULT,SCENIC,6,0,0.0
2026-07-30T09:33:09,leasing,RENAULT,TRAFIC,6,0,0.0
2026-07-30T09:33:09,leasing,RENAULT,ZOE,1,1,1.0
2026-07-30T09:33:09,leasing,SEAT,ARONA,1,0,0.0
2026-07-30T09:33:09,leasing,SKODA,FABIA,6,0,0.0
2026-07-30T09:33:09,leasing,SKODA,KAMIQ,5,0,0.0
2026-07-30T09:33:09,leasing,SKODA,KODIAQ,1,0,0.0
2026-07-30T09:33:09,leasing,SUZUKI,SWIFT,1,0,0.0
2026-07-30T09:33:09,leasing,TESLA,MODEL 3,4,4,1.0
2026-07-30T09:33:09,leasing,TESLA,MODEL Y,5,5,1.0
2026-07-30T09:33:09,leasing,TOYOTA,AYGO X,3,0,0.0
2026-07-30T09:33:09,leasing,TOYOTA,C-HR,5,0,0.0
2026-07-30T09:33:09,leasing,TOYOTA,COROLLA,3,0,0.0
2026-07-30T09:33:09,leasing,TOYOTA,COROLLA TS,10,0,0.0
2026-07-30T09:33:09,leasing,TOYOTA,PROACE CITY,1,0,0.0
2026-07-30T09:33:09,leasing,TOYOTA,RAV4 HSD,2,0,0.0
2026-07-30T09:33:09,leasing,TOYOTA,RAV4 PLUG IN,3,0,0.0
2026-07-30T09:33:09,leasing,TOYOTA,YARIS,1,0,0.0
2026-07-30T09:33:09,leasing,TOYOTA,YARIS HYBRID,2,0,0.0
2026-07-30T09:33:09,leasing,VOLKSWAGEN,GOLF,7,0,0.0
2026-07-30T09:33:09,leasing,VOLKSWAGEN,ID.3,2,2,1.0
2026-07-30T09:33:09,leasing,VOLKSWAGEN,POLO,4,0,0.0
2026-07-30T09:33:09,leasing,VOLKSWAGEN,T-ROC,6,0,0.0
2026-07-30T09:33:09,leasing,VOLKSWAGEN,TIGUAN,2,0,0.0
2026-07-30T09:33:09,leasing,VOLKSWAGEN,TIGUAN ALLSPACE,1,0,0.0
2026-07-30T09:33:09,leasing,VOLKSWAGEN,TOURAN,1,0,0.0
2026-07-30T09:33:09,leasing,VOLKSWAGEN,TRANSPORTER,1,0,0.0
2026-07-30T09:33:09,cash,AUDI,A3 SPORTBACK,5,0,0.0
2026-07-30T09:33:09,cash,BMW,IX1,2,2,1.0
2026-07-30T09:33:09,cash,BMW,IX3,1,1,1.0
2026-07-30T09:33:09,cash,BMW,SERIE 1,8,0,0.0
2026-07-30T09:33:09,cash,BMW,SERIE 2 ACTIVE TOURE,2,0,0.0
2026-07-30T09:33:09,cash,BMW,SERIE 2 GRAN TOURER,1,0,0.0
2026-07-30T09:33:09,cash,BMW,SERIE 3,2,0,0.0
2026-07-30T09:33:09,cash,BMW,X1,11,0,0.0
2026-07-30T09:33:09,cash,BMW,X2,1,0,0.0
2026-07-30T09:33:09,cash,BMW,X3,3,0,0.0
2026-07-30T09:33:09,cash,BMW,X5,1,0,0.0
2026-07-30T09:33:09,cash,CITROEN,BERLINGO,6,0,0.0
2026-07-30T09:33:09,cash,CITROEN,C3,6,0,0.0
2026-07-30T09:33:09,cash,CITROEN,C3 AIRCROSS,6,0,0.0
2026-07-30T09:33:09,cash,CITROEN,C4,4,0,0.0
2026-07-30T09:33:09,cash,CITROEN,C5 AIRCROSS,13,0,0.0
2026-07-30T09:33:09,cash,CITROEN,C5 X,4,0,0.0
2026-07-30T09:33:09,cash,CITROEN,E-C4,1,1,1.0
2026-07-30T09:33:09,cash,CITROEN,GRAND C4 SPACETOURER,1,0,0.0
2026-07-30T09:33:09,cash,CITROEN,JUMPY,5,0,0.0
2026-07-30T09:33:09,cash,DACIA,SANDERO,1,0,0.0
2026-07-30T09:33:09,cash,DS,DS3,1,0,0.0
2026-07-30T09:33:09,cash,DS,DS3 CROSSBACK,2,1,0.5
2026-07-30T09:33:09,cash,DS,DS4,1,0,0.0
2026-07-30T09:33:09,cash,DS,DS7,2,0,0.0
2026-07-30T09:33:09,cash,FIAT,500,1,0,0.0
2026-07-30T09:33:09,cash,FORD,KUGA,8,0,0.0
2026-07-30T09:33:09,cash,FORD,PUMA,1,0,0.0
2026-07-30T09:33:09,cash,FORD,TRANSIT CUSTOM,1,0,0.0
2026-07-30T09:33:09,cash,HYUNDAI,I30,1,0,0.0
2026-07-30T09:33:09,cash,HYUNDAI,IONIQ,1,1,1.0
2026-07-30T09:33:09,cash,HYUNDAI,SANTA FE,1,0,0.0
2026-07-30T09:33:09,cash,HYUNDAI,TUCSON,7,0,0.0
2026-07-30T09:33:09,cash,JEEP,AVENGER,2,2,1.0
2026-07-30T09:33:09,cash,KIA,CEED,4,0,0.0
2026-07-30T09:33:09,cash,KIA,NIRO,1,0,0.0
2026-07-30T09:33:09,cash,KIA,NIRO EV,9,9,1.0
2026-07-30T09:33:09,cash,KIA,PICANTO,1,0,0.0
2026-07-30T09:33:09,cash,KIA,PROCEED,1,0,0.0
2026-07-30T09:33:09,cash,KIA,RIO,2,0,0.0
2026-07-30T09:33:09,cash,KIA,SORENTO,1,0,0.0
2026-07-30T09:33:09,cash,KIA,SPORTAGE,9,0,0.0
2026-07-30T09:33:09,cash,KIA,STONIC,12,0,0.0
2026-07-30T09:33:09,cash,KIA,XCEED,1,0,0.0
2026-07-30T09:33:09,cash,MERCEDES-BENZ,CLASSE A,4,0,0.0
2026-07-30T09:33:09,cash,MERCEDES-BENZ,CLASSE CLA,1,0,0.0
2026-07-30T09:33:09,cash,MERCEDES-BENZ,EQA,1,1,1.0
2026-07-30T09:33:09,cash,MERCEDES-BENZ,GLB,1,0,0.0
2026-07-30T09:33:09,cash,MG,MG5,1,1,1.0
2026-07-30T09:33:09,cash,NISSAN,LEAF,1,1,1.0
2026-07-30T09:33:09,cash,NISSAN,QASHQAI,9,0,0.0
2026-07-30T09:33:09,cash,NISSAN,X-TRAIL,1,0,0.0
2026-07-30T09:33:09,cash,OPEL,ASTRA,1,0,0.0
2026-07-30T09:33:09,cash,OPEL,CORSA,3,0,0.0
2026-07-30T09:33:09,cash,OPEL,CROSSLAND,2,0,0.0
2026-07-30T09:33:09,cash,OPEL,GRANDLAND,1,0,0.0
2026-07-30T09:33:09,cash,OPEL,GRANDLAND X,1,0,0.0
2026-07-30T09:33:09,cash,PEUGEOT,108,1,0,0.0
2026-07-30T09:33:09,cash,PEUGEOT,2008,24,0,0.0
2026-07-30T09:33:09,cash,PEUGEOT,208,7,0,0.0
2026-07-30T09:33:09,cash,PEUGEOT,3008,36,0,0.0
2026-07-30T09:33:09,cash,PEUGEOT,308,10,0,0.0
2026-07-30T09:33:09,cash,PEUGEOT,308 SW,2,0,0.0
2026-07-30T09:33:09,cash,PEUGEOT,408,1,0,0.0
2026-07-30T09:33:09,cash,PEUGEOT,5008,13,0,0.0
2026-07-30T09:33:09,cash,PEUGEOT,E-2008,14,14,1.0
2026-07-30T09:33:09,cash,PEUGEOT,E-208,5,5,1.0
2026-07-30T09:33:09,cash,PEUGEOT,E-308,2,2,1.0
2026-07-30T09:33:09,cash,PEUGEOT,EXPERT,3,0,0.0
2026-07-30T09:33:09,cash,PEUGEOT,PARTNER,8,0,0.0
2026-07-30T09:33:09,cash,RENAULT,ARKANA,14,0,0.0
2026-07-30T09:33:09,cash,RENAULT,AUSTRAL,4,0,0.0
2026-07-30T09:33:09,cash,RENAULT,CAPTUR,17,0,0.0
2026-07-30T09:33:09,cash,RENAULT,CLIO,33,0,0.0
2026-07-30T09:33:09,cash,RENAULT,ESPACE,1,0,0.0
2026-07-30T09:33:09,cash,RENAULT,EXPRESS,20,0,0.0
2026-07-30T09:33:09,cash,RENAULT,KADJAR,1,0,0.0
2026-07-30T09:33:09,cash,RENAULT,KANGOO,4,0,0.0
2026-07-30T09:33:09,cash,RENAULT,MASTER,1,0,0.0
2026-07-30T09:33:09,cash,RENAULT,MEGANE,15,0,0.0
2026-07-30T09:33:09,cash,RENAULT,SCENIC,6,0,0.0
2026-07-30T09:33:09,cash,RENAULT,SYMBIOZ,1,0,0.0
2026-07-30T09:33:09,cash,RENAULT,TRAFIC,6,0,0.0
2026-07-30T09:33:09,cash,RENAULT,TWINGO,1,0,0.0
2026-07-30T09:33:09,cash,RENAULT,ZOE,1,1,1.0
2026-07-30T09:33:09,cash,SEAT,ARONA,1,0,0.0
2026-07-30T09:33:09,cash,SKODA,FABIA,6,0,0.0
2026-07-30T09:33:09,cash,SKODA,KAMIQ,5,0,0.0
2026-07-30T09:33:09,cash,SKODA,KODIAQ,1,0,0.0
2026-07-30T09:33:09,cash,SMART,1,1,1,1.0
2026-07-30T09:33:09,cash,SUZUKI,SWIFT,1,0,0.0
2026-07-30T09:33:09,cash,TESLA,MODEL 3,6,6,1.0
2026-07-30T09:33:09,cash,TESLA,MODEL Y,5,5,1.0
2026-07-30T09:33:09,cash,TOYOTA,AYGO X,3,0,0.0
2026-07-30T09:33:09,cash,TOYOTA,C-HR,6,0,0.0
2026-07-30T09:33:09,cash,TOYOTA,COROLLA,3,0,0.0
2026-07-30T09:33:09,cash,TOYOTA,COROLLA TS,10,0,0.0
2026-07-30T09:33:09,cash,TOYOTA,PROACE CITY,1,0,0.0
2026-07-30T09:33:09,cash,TOYOTA,RAV4 HSD,3,0,0.0
2026-07-30T09:33:09,cash,TOYOTA,RAV4 PLUG IN,4,0,0.0
2026-07-30T09:33:09,cash,TOYOTA,YARIS,1,0,0.0
2026-07-30T09:33:09,cash,TOYOTA,YARIS HYBRID,2,0,0.0
2026-07-30T09:33:09,cash,VOLKSWAGEN,GOLF,7,0,0.0
2026-07-30T09:33:09,cash,VOLKSWAGEN,ID.3,2,2,1.0
2026-07-30T09:33:09,cash,VOLKSWAGEN,POLO,4,0,0.0
2026-07-30T09:33:09,cash,VOLKSWAGEN,T-ROC,7,0,0.0
2026-07-30T09:33:09,cash,VOLKSWAGEN,TIGUAN,2,0,0.0
2026-07-30T09:33:09,cash,VOLKSWAGEN,TIGUAN ALLSPACE,3,0,0.0
2026-07-30T09:33:09,cash,VOLKSWAGEN,TOURAN,1,0,0.0
2026-07-30T09:33:09,cash,VOLKSWAGEN,TRANSPORTER,1,0,0.0
2026-07-31T09:56:51,leasing,AUDI,A1 SPORTBACK,1,0,0.0
2026-07-31T09:56:51,leasing,AUDI,A3 SPORTBACK,5,0,0.0
2026-07-31T09:56:51,leasing,BMW,IX1,2,2,1.0
2026-07-31T09:56:51,leasing,BMW,IX3,1,1,1.0
2026-07-31T09:56:51,leasing,BMW,SERIE 1,8,0,0.0
2026-07-31T09:56:51,leasing,BMW,SERIE 2 ACTIVE TOURE,1,0,0.0
2026-07-31T09:56:51,leasing,BMW,SERIE 2 GRAN TOURER,1,0,0.0
2026-07-31T09:56:51,leasing,BMW,SERIE 3,1,0,0.0
2026-07-31T09:56:51,leasing,BMW,X1,11,0,0.0
2026-07-31T09:56:51,leasing,BMW,X2,1,0,0.0
2026-07-31T09:56:51,leasing,BMW,X3,4,0,0.0
2026-07-31T09:56:51,leasing,CITROEN,BERLINGO,5,0,0.0
2026-07-31T09:56:51,leasing,CITROEN,C3,5,0,0.0
2026-07-31T09:56:51,leasing,CITROEN,C3 AIRCROSS,7,0,0.0
2026-07-31T09:56:51,leasing,CITROEN,C4,4,0,0.0
2026-07-31T09:56:51,leasing,CITROEN,C5 AIRCROSS,13,0,0.0
2026-07-31T09:56:51,leasing,CITROEN,C5 X,4,0,0.0
2026-07-31T09:56:51,leasing,CITROEN,GRAND C4 SPACETOURER,1,0,0.0
2026-07-31T09:56:51,leasing,CITROEN,JUMPY,5,0,0.0
2026-07-31T09:56:51,leasing,CUPRA,FORMENTOR,1,0,0.0
2026-07-31T09:56:51,leasing,DACIA,SANDERO,1,0,0.0
2026-07-31T09:56:51,leasing,DS,DS3,1,0,0.0
2026-07-31T09:56:51,leasing,DS,DS3 CROSSBACK,2,1,0.5
2026-07-31T09:56:51,leasing,DS,DS4,1,0,0.0
2026-07-31T09:56:51,leasing,DS,DS7,2,0,0.0
2026-07-31T09:56:51,leasing,FIAT,500,1,0,0.0
2026-07-31T09:56:51,leasing,FORD,KUGA,7,0,0.0
2026-07-31T09:56:51,leasing,FORD,PUMA,1,0,0.0
2026-07-31T09:56:51,leasing,HYUNDAI,I30,1,0,0.0
2026-07-31T09:56:51,leasing,HYUNDAI,IONIQ,1,1,1.0
2026-07-31T09:56:51,leasing,HYUNDAI,SANTA FE,1,0,0.0
2026-07-31T09:56:51,leasing,HYUNDAI,TUCSON,8,0,0.0
2026-07-31T09:56:51,leasing,JEEP,AVENGER,2,2,1.0
2026-07-31T09:56:51,leasing,KIA,CEED,4,0,0.0
2026-07-31T09:56:51,leasing,KIA,NIRO,1,0,0.0
2026-07-31T09:56:51,leasing,KIA,NIRO EV,8,8,1.0
2026-07-31T09:56:51,leasing,KIA,PICANTO,1,0,0.0
2026-07-31T09:56:51,leasing,KIA,PROCEED,1,0,0.0
2026-07-31T09:56:51,leasing,KIA,RIO,2,0,0.0
2026-07-31T09:56:51,leasing,KIA,SORENTO,2,0,0.0
2026-07-31T09:56:51,leasing,KIA,SPORTAGE,9,0,0.0
2026-07-31T09:56:51,leasing,KIA,STONIC,12,0,0.0
2026-07-31T09:56:51,leasing,KIA,XCEED,1,0,0.0
2026-07-31T09:56:51,leasing,MERCEDES-BENZ,CLASSE A,2,0,0.0
2026-07-31T09:56:51,leasing,MERCEDES-BENZ,CLASSE CLA,1,0,0.0
2026-07-31T09:56:51,leasing,MERCEDES-BENZ,CLASSE GLA,1,0,0.0
2026-07-31T09:56:51,leasing,MG,MG5,1,1,1.0
2026-07-31T09:56:51,leasing,NISSAN,JUKE,1,0,0.0
2026-07-31T09:56:51,leasing,NISSAN,LEAF,1,1,1.0
2026-07-31T09:56:51,leasing,NISSAN,QASHQAI,8,0,0.0
2026-07-31T09:56:51,leasing,NISSAN,X-TRAIL,1,0,0.0
2026-07-31T09:56:51,leasing,OPEL,ASTRA,1,0,0.0
2026-07-31T09:56:51,leasing,OPEL,CORSA,3,0,0.0
2026-07-31T09:56:51,leasing,OPEL,CROSSLAND,2,0,0.0
2026-07-31T09:56:51,leasing,OPEL,GRANDLAND,1,0,0.0
2026-07-31T09:56:51,leasing,PEUGEOT,2008,25,0,0.0
2026-07-31T09:56:51,leasing,PEUGEOT,208,6,0,0.0
2026-07-31T09:56:51,leasing,PEUGEOT,3008,31,0,0.0
2026-07-31T09:56:51,leasing,PEUGEOT,308,10,0,0.0
2026-07-31T09:56:51,leasing,PEUGEOT,308 SW,2,0,0.0
2026-07-31T09:56:51,leasing,PEUGEOT,408,1,0,0.0
2026-07-31T09:56:51,leasing,PEUGEOT,5008,13,0,0.0
2026-07-31T09:56:51,leasing,PEUGEOT,E-2008,14,14,1.0
2026-07-31T09:56:51,leasing,PEUGEOT,E-208,4,4,1.0
2026-07-31T09:56:51,leasing,PEUGEOT,EXPERT,3,0,0.0
2026-07-31T09:56:51,leasing,PEUGEOT,PARTNER,8,0,0.0
2026-07-31T09:56:51,leasing,RENAULT,ARKANA,14,0,0.0
2026-07-31T09:56:51,leasing,RENAULT,AUSTRAL,6,0,0.0
2026-07-31T09:56:51,leasing,RENAULT,CAPTUR,16,0,0.0
2026-07-31T09:56:51,leasing,RENAULT,CLIO,27,0,0.0
2026-07-31T09:56:51,leasing,RENAULT,ESPACE,1,0,0.0
2026-07-31T09:56:51,leasing,RENAULT,EXPRESS,20,0,0.0
2026-07-31T09:56:51,leasing,RENAULT,KANGOO,4,0,0.0
2026-07-31T09:56:51,leasing,RENAULT,MASTER,1,0,0.0
2026-07-31T09:56:51,leasing,RENAULT,MEGANE,12,0,0.0
2026-07-31T09:56:51,leasing,RENAULT,SCENIC,6,0,0.0
2026-07-31T09:56:51,leasing,RENAULT,TRAFIC,6,0,0.0
2026-07-31T09:56:51,leasing,RENAULT,ZOE,1,1,1.0
2026-07-31T09:56:51,leasing,SEAT,ARONA,1,0,0.0
2026-07-31T09:56:51,leasing,SKODA,FABIA,6,0,0.0
2026-07-31T09:56:51,leasing,SKODA,KAMIQ,5,0,0.0
2026-07-31T09:56:51,leasing,SKODA,KODIAQ,1,0,0.0
2026-07-31T09:56:51,leasing,SUZUKI,SWIFT,1,0,0.0
2026-07-31T09:56:51,leasing,TESLA,MODEL 3,4,4,1.0
2026-07-31T09:56:51,leasing,TESLA,MODEL Y,4,4,1.0
2026-07-31T09:56:51,leasing,TOYOTA,AYGO X,3,0,0.0
2026-07-31T09:56:51,leasing,TOYOTA,C-HR,4,0,0.0
2026-07-31T09:56:51,leasing,TOYOTA,COROLLA,4,0,0.0
2026-07-31T09:56:51,leasing,TOYOTA,COROLLA TS,11,0,0.0
2026-07-31T09:56:51,leasing,TOYOTA,PROACE CITY,1,0,0.0
2026-07-31T09:56:51,leasing,TOYOTA,RAV4 HSD,2,0,0.0
2026-07-31T09:56:51,leasing,TOYOTA,RAV4 PLUG IN,4,0,0.0
2026-07-31T09:56:51,leasing,TOYOTA,YARIS,1,0,0.0
2026-07-31T09:56:51,leasing,TOYOTA,YARIS HYBRID,2,0,0.0
2026-07-31T09:56:51,leasing,VOLKSWAGEN,GOLF,6,0,0.0
2026-07-31T09:56:51,leasing,VOLKSWAGEN,ID.3,2,2,1.0
2026-07-31T09:56:51,leasing,VOLKSWAGEN,POLO,4,0,0.0
2026-07-31T09:56:51,leasing,VOLKSWAGEN,T-ROC,7,0,0.0
2026-07-31T09:56:51,leasing,VOLKSWAGEN,TIGUAN,4,0,0.0
2026-07-31T09:56:51,leasing,VOLKSWAGEN,TIGUAN ALLSPACE,1,0,0.0
2026-07-31T09:56:51,leasing,VOLKSWAGEN,TOURAN,2,0,0.0
2026-07-31T09:56:51,leasing,VOLKSWAGEN,TRANSPORTER,1,0,0.0
2026-07-31T09:56:51,cash,AUDI,A1 SPORTBACK,1,0,0.0
2026-07-31T09:56:51,cash,AUDI,A3 SPORTBACK,5,0,0.0
2026-07-31T09:56:51,cash,BMW,IX1,2,2,1.0
2026-07-31T09:56:51,cash,BMW,IX3,1,1,1.0
2026-07-31T09:56:51,cash,BMW,SERIE 1,8,0,0.0
2026-07-31T09:56:51,cash,BMW,SERIE 2 ACTIVE TOURE,2,0,0.0
2026-07-31T09:56:51,cash,BMW,SERIE 2 GRAN TOURER,1,0,0.0
2026-07-31T09:56:51,cash,BMW,SERIE 3,1,0,0.0
2026-07-31T09:56:51,cash,BMW,X1,12,0,0.0
2026-07-31T09:56:51,cash,BMW,X2,1,0,0.0
2026-07-31T09:56:51,cash,BMW,X3,4,0,0.0
2026-07-31T09:56:51,cash,BMW,X5,1,0,0.0
2026-07-31T09:56:51,cash,CITROEN,BERLINGO,6,0,0.0
2026-07-31T09:56:51,cash,CITROEN,C3,6,0,0.0
2026-07-31T09:56:51,cash,CITROEN,C3 AIRCROSS,7,0,0.0
2026-07-31T09:56:51,cash,CITROEN,C4,4,0,0.0
2026-07-31T09:56:51,cash,CITROEN,C5 AIRCROSS,13,0,0.0
2026-07-31T09:56:51,cash,CITROEN,C5 X,4,0,0.0
2026-07-31T09:56:51,cash,CITROEN,E-C4,1,1,1.0
2026-07-31T09:56:51,cash,CITROEN,GRAND C4 SPACETOURER,1,0,0.0
2026-07-31T09:56:51,cash,CITROEN,JUMPY,5,0,0.0
2026-07-31T09:56:51,cash,CUPRA,FORMENTOR,1,0,0.0
2026-07-31T09:56:51,cash,DACIA,SANDERO,1,0,0.0
2026-07-31T09:56:51,cash,DS,DS3,1,0,0.0
2026-07-31T09:56:51,cash,DS,DS3 CROSSBACK,2,1,0.5
2026-07-31T09:56:51,cash,DS,DS4,1,0,0.0
2026-07-31T09:56:51,cash,DS,DS7,2,0,0.0
2026-07-31T09:56:51,cash,FIAT,500,1,0,0.0
2026-07-31T09:56:51,cash,FORD,KUGA,8,0,0.0
2026-07-31T09:56:51,cash,FORD,PUMA,1,0,0.0
2026-07-31T09:56:51,cash,FORD,TRANSIT CUSTOM,1,0,0.0
2026-07-31T09:56:51,cash,HYUNDAI,I30,1,0,0.0
2026-07-31T09:56:51,cash,HYUNDAI,IONIQ,1,1,1.0
2026-07-31T09:56:51,cash,HYUNDAI,SANTA FE,1,0,0.0
2026-07-31T09:56:51,cash,HYUNDAI,TUCSON,8,0,0.0
2026-07-31T09:56:51,cash,JEEP,AVENGER,2,2,1.0
2026-07-31T09:56:51,cash,KIA,CEED,4,0,0.0
2026-07-31T09:56:51,cash,KIA,NIRO,1,0,0.0
2026-07-31T09:56:51,cash,KIA,NIRO EV,8,8,1.0
2026-07-31T09:56:51,cash,KIA,PICANTO,1,0,0.0
2026-07-31T09:56:51,cash,KIA,PROCEED,1,0,0.0
2026-07-31T09:56:51,cash,KIA,RIO,2,0,0.0
2026-07-31T09:56:51,cash,KIA,SORENTO,2,0,0.0
2026-07-31T09:56:51,cash,KIA,SPORTAGE,9,0,0.0
2026-07-31T09:56:51,cash,KIA,STONIC,12,0,0.0
2026-07-31T09:56:51,cash,KIA,XCEED,1,0,0.0
2026-07-31T09:56:51,cash,MERCEDES-BENZ,CLASSE A,4,0,0.0
2026-07-31T09:56:51,cash,MERCEDES-BENZ,CLASSE CLA,1,0,0.0
2026-07-31T09:56:51,cash,MERCEDES-BENZ,CLASSE GLA,1,0,0.0
2026-07-31T09:56:51,cash,MERCEDES-BENZ,EQA,1,1,1.0
2026-07-31T09:56:51,cash,MERCEDES-BENZ,GLB,1,0,0.0
2026-07-31T09:56:51,cash,MG,MG5,1,1,1.0
2026-07-31T09:56:51,cash,NISSAN,JUKE,1,0,0.0
2026-07-31T09:56:51,cash,NISSAN,LEAF,1,1,1.0
2026-07-31T09:56:51,cash,NISSAN,QASHQAI,9,0,0.0
2026-07-31T09:56:51,cash,NISSAN,X-TRAIL,1,0,0.0
2026-07-31T09:56:51,cash,OPEL,ASTRA,1,0,0.0
2026-07-31T09:56:51,cash,OPEL,CORSA,3,0,0.0
2026-07-31T09:56:51,cash,OPEL,CROSSLAND,2,0,0.0
2026-07-31T09:56:51,cash,OPEL,GRANDLAND,1,0,0.0
2026-07-31T09:56:51,cash,OPEL,GRANDLAND X,1,0,0.0
2026-07-31T09:56:51,cash,PEUGEOT,108,1,0,0.0
2026-07-31T09:56:51,cash,PEUGEOT,2008,26,0,0.0
2026-07-31T09:56:51,cash,PEUGEOT,208,7,0,0.0
2026-07-31T09:56:51,cash,PEUGEOT,3008,36,0,0.0
2026-07-31T09:56:51,cash,PEUGEOT,308,10,0,0.0
2026-07-31T09:56:51,cash,PEUGEOT,308 SW,2,0,0.0
2026-07-31T09:56:51,cash,PEUGEOT,408,1,0,0.0
2026-07-31T09:56:51,cash,PEUGEOT,5008,13,0,0.0
2026-07-31T09:56:51,cash,PEUGEOT,E-2008,14,14,1.0
2026-07-31T09:56:51,cash,PEUGEOT,E-208,5,5,1.0
2026-07-31T09:56:51,cash,PEUGEOT,E-308,2,2,1.0
2026-07-31T09:56:51,cash,PEUGEOT,EXPERT,3,0,0.0
2026-07-31T09:56:51,cash,PEUGEOT,PARTNER,9,0,0.0
2026-07-31T09:56:51,cash,RENAULT,ARKANA,14,0,0.0
2026-07-31T09:56:51,cash,RENAULT,AUSTRAL,6,0,0.0
2026-07-31T09:56:51,cash,RENAULT,CAPTUR,17,0,0.0
2026-07-31T09:56:51,cash,RENAULT,CLIO,32,0,0.0
2026-07-31T09:56:51,cash,RENAULT,ESPACE,1,0,0.0
2026-07-31T09:56:51,cash,RENAULT,EXPRESS,20,0,0.0
2026-07-31T09:56:51,cash,RENAULT,KADJAR,1,0,0.0
2026-07-31T09:56:51,cash,RENAULT,KANGOO,4,0,0.0
2026-07-31T09:56:51,cash,RENAULT,MASTER,1,0,0.0
2026-07-31T09:56:51,cash,RENAULT,MEGANE,15,0,0.0
2026-07-31T09:56:51,cash,RENAULT,SCENIC,6,0,0.0
2026-07-31T09:56:51,cash,RENAULT,SYMBIOZ,1,0,0.0
2026-07-31T09:56:51,cash,RENAULT,TRAFIC,6,0,0.0
2026-07-31T09:56:51,cash,RENAULT,TWINGO,1,0,0.0
2026-07-31T09:56:51,cash,RENAULT,ZOE,1,1,1.0
2026-07-31T09:56:51,cash,SEAT,ARONA,1,0,0.0
2026-07-31T09:56:51,cash,SKODA,FABIA,6,0,0.0
2026-07-31T09:56:51,cash,SKODA,KAMIQ,5,0,0.0
2026-07-31T09:56:51,cash,SKODA,KAROQ,1,0,0.0
2026-07-31T09:56:51,cash,SKODA,KODIAQ,1,0,0.0
2026-07-31T09:56:51,cash,SMART,1,1,1,1.0
2026-07-31T09:56:51,cash,SUZUKI,SWIFT,1,0,0.0
2026-07-31T09:56:51,cash,TESLA,MODEL 3,6,6,1.0
2026-07-31T09:56:51,cash,TESLA,MODEL Y,4,4,1.0
2026-07-31T09:56:51,cash,TOYOTA,AYGO X,3,0,0.0
2026-07-31T09:56:51,cash,TOYOTA,C-HR,5,0,0.0
2026-07-31T09:56:51,cash,TOYOTA,COROLLA,4,0,0.0
2026-07-31T09:56:51,cash,TOYOTA,COROLLA TS,11,0,0.0
2026-07-31T09:56:51,cash,TOYOTA,PROACE CITY,1,0,0.0
2026-07-31T09:56:51,cash,TOYOTA,RAV4 HSD,3,0,0.0
2026-07-31T09:56:51,cash,TOYOTA,RAV4 PLUG IN,4,0,0.0
2026-07-31T09:56:51,cash,TOYOTA,YARIS,1,0,0.0
2026-07-31T09:56:51,cash,TOYOTA,YARIS HYBRID,2,0,0.0
2026-07-31T09:56:51,cash,VOLKSWAGEN,GOLF,6,0,0.0
2026-07-31T09:56:51,cash,VOLKSWAGEN,ID.3,2,2,1.0
2026-07-31T09:56:51,cash,VOLKSWAGEN,POLO,4,0,0.0
2026-07-31T09:56:51,cash,VOLKSWAGEN,T-ROC,8,0,0.0
2026-07-31T09:56:51,cash,VOLKSWAGEN,TIGUAN,4,0,0.0
2026-07-31T09:56:51,cash,VOLKSWAGEN,TIGUAN ALLSPACE,3,0,0.0
2026-07-31T09:56:51,cash,VOLKSWAGEN,TOURAN,2,0,0.0
2026-07-31T09:56:51,cash,VOLKSWAGEN,TRANSPORTER,1,0,0.0
2026-08-01T09:07:59,leasing,AUDI,A1 SPORTBACK,1,0,0.0
2026-08-01T09:07:59,leasing,AUDI,A3 SPORTBACK,5,0,0.0
2026-08-01T09:07:59,leasing,AUDI,Q3 SPORTBACK,1,0,0.0
2026-08-01T09:07:59,leasing,AUDI,Q4 E-TRON SPORTBACK,1,1,1.0
2026-08-01T09:07:59,leasing,BMW,IX1,2,2,1.0
2026-08-01T09:07:59,leasing,BMW,IX3,1,1,1.0
2026-08-01T09:07:59,leasing,BMW,SERIE 1,8,0,0.0
2026-08-01T09:07:59,leasing,BMW,SERIE 2 ACTIVE TOURE,1,0,0.0
2026-08-01T09:07:59,leasing,BMW,SERIE 2 GRAN TOURER,1,0,0.0
2026-08-01T09:07:59,leasing,BMW,X1,11,0,0.0
2026-08-01T09:07:59,leasing,BMW,X2,1,0,0.0
2026-08-01T09:07:59,leasing,BMW,X3,3,0,0.0
2026-08-01T09:07:59,leasing,CITROEN,BERLINGO,5,0,0.0
2026-08-01T09:07:59,leasing,CITROEN,C3,5,0,0.0
2026-08-01T09:07:59,leasing,CITROEN,C3 AIRCROSS,7,0,0.0
2026-08-01T09:07:59,leasing,CITROEN,C4,4,0,0.0
2026-08-01T09:07:59,leasing,CITROEN,C5 AIRCROSS,14,0,0.0
2026-08-01T09:07:59,leasing,CITROEN,C5 X,4,0,0.0
2026-08-01T09:07:59,leasing,CITROEN,GRAND C4 SPACETOURER,1,0,0.0
2026-08-01T09:07:59,leasing,CITROEN,JUMPY,5,0,0.0
2026-08-01T09:07:59,leasing,CUPRA,FORMENTOR,1,0,0.0
2026-08-01T09:07:59,leasing,DACIA,SANDERO,1,0,0.0
2026-08-01T09:07:59,leasing,DS,DS3,1,0,0.0
2026-08-01T09:07:59,leasing,DS,DS3 CROSSBACK,2,1,0.5
2026-08-01T09:07:59,leasing,DS,DS4,1,0,0.0
2026-08-01T09:07:59,leasing,DS,DS7,2,0,0.0
2026-08-01T09:07:59,leasing,FIAT,500,1,0,0.0
2026-08-01T09:07:59,leasing,FORD,KUGA,7,0,0.0
2026-08-01T09:07:59,leasing,FORD,PUMA,1,0,0.0
2026-08-01T09:07:59,leasing,HYUNDAI,I30,1,0,0.0
2026-08-01T09:07:59,leasing,HYUNDAI,IONIQ,1,1,1.0
2026-08-01T09:07:59,leasing,HYUNDAI,SANTA FE,1,0,0.0
2026-08-01T09:07:59,leasing,HYUNDAI,TUCSON,8,0,0.0
2026-08-01T09:07:59,leasing,JEEP,AVENGER,2,2,1.0
2026-08-01T09:07:59,leasing,KIA,CEED,4,0,0.0
2026-08-01T09:07:59,leasing,KIA,NIRO,1,0,0.0
2026-08-01T09:07:59,leasing,KIA,NIRO EV,8,8,1.0
2026-08-01T09:07:59,leasing,KIA,PICANTO,1,0,0.0
2026-08-01T09:07:59,leasing,KIA,PROCEED,1,0,0.0
2026-08-01T09:07:59,leasing,KIA,RIO,2,0,0.0
2026-08-01T09:07:59,leasing,KIA,SORENTO,2,0,0.0
2026-08-01T09:07:59,leasing,KIA,SPORTAGE,9,0,0.0
2026-08-01T09:07:59,leasing,KIA,STONIC,11,0,0.0
2026-08-01T09:07:59,leasing,KIA,XCEED,1,0,0.0
2026-08-01T09:07:59,leasing,MERCEDES-BENZ,CLASSE A,2,0,0.0
2026-08-01T09:07:59,leasing,MERCEDES-BENZ,CLASSE CLA,1,0,0.0
2026-08-01T09:07:59,leasing,MERCEDES-BENZ,CLASSE GLA,1,0,0.0
2026-08-01T09:07:59,leasing,MG,MG5,1,1,1.0
2026-08-01T09:07:59,leasing,NISSAN,JUKE,1,0,0.0
2026-08-01T09:07:59,leasing,NISSAN,LEAF,1,1,1.0
2026-08-01T09:07:59,leasing,NISSAN,QASHQAI,8,0,0.0
2026-08-01T09:07:59,leasing,NISSAN,X-TRAIL,1,0,0.0
2026-08-01T09:07:59,leasing,OPEL,ASTRA,1,0,0.0
2026-08-01T09:07:59,leasing,OPEL,CORSA,3,0,0.0
2026-08-01T09:07:59,leasing,OPEL,CROSSLAND,2,0,0.0
2026-08-01T09:07:59,leasing,OPEL,GRANDLAND,1,0,0.0
2026-08-01T09:07:59,leasing,PEUGEOT,2008,25,0,0.0
2026-08-01T09:07:59,leasing,PEUGEOT,208,7,0,0.0
2026-08-01T09:07:59,leasing,PEUGEOT,3008,31,0,0.0
2026-08-01T09:07:59,leasing,PEUGEOT,308,10,0,0.0
2026-08-01T09:07:59,leasing,PEUGEOT,308 SW,2,0,0.0
2026-08-01T09:07:59,leasing,PEUGEOT,408,1,0,0.0
2026-08-01T09:07:59,leasing,PEUGEOT,5008,13,0,0.0
2026-08-01T09:07:59,leasing,PEUGEOT,E-2008,14,14,1.0
2026-08-01T09:07:59,leasing,PEUGEOT,E-208,4,4,1.0
2026-08-01T09:07:59,leasing,PEUGEOT,EXPERT,3,0,0.0
2026-08-01T09:07:59,leasing,PEUGEOT,PARTNER,8,0,0.0
2026-08-01T09:07:59,leasing,RENAULT,ARKANA,14,0,0.0
2026-08-01T09:07:59,leasing,RENAULT,AUSTRAL,3,0,0.0
2026-08-01T09:07:59,leasing,RENAULT,CAPTUR,17,0,0.0
2026-08-01T09:07:59,leasing,RENAULT,CLIO,27,0,0.0
2026-08-01T09:07:59,leasing,RENAULT,ESPACE,1,0,0.0
2026-08-01T09:07:59,leasing,RENAULT,EXPRESS,20,0,0.0
2026-08-01T09:07:59,leasing,RENAULT,KANGOO,4,0,0.0
2026-08-01T09:07:59,leasing,RENAULT,MASTER,1,0,0.0
2026-08-01T09:07:59,leasing,RENAULT,MEGANE,13,0,0.0
2026-08-01T09:07:59,leasing,RENAULT,SCENIC,6,0,0.0
2026-08-01T09:07:59,leasing,RENAULT,TRAFIC,6,0,0.0
2026-08-01T09:07:59,leasing,RENAULT,ZOE,1,1,1.0
2026-08-01T09:07:59,leasing,SEAT,ARONA,1,0,0.0
2026-08-01T09:07:59,leasing,SKODA,FABIA,6,0,0.0
2026-08-01T09:07:59,leasing,SKODA,KAMIQ,5,0,0.0
2026-08-01T09:07:59,leasing,SKODA,KODIAQ,1,0,0.0
2026-08-01T09:07:59,leasing,SUZUKI,SWIFT,1,0,0.0
2026-08-01T09:07:59,leasing,TESLA,MODEL 3,3,3,1.0
2026-08-01T09:07:59,leasing,TESLA,MODEL Y,6,6,1.0
2026-08-01T09:07:59,leasing,TOYOTA,AYGO X,3,0,0.0
2026-08-01T09:07:59,leasing,TOYOTA,C-HR,4,0,0.0
2026-08-01T09:07:59,leasing,TOYOTA,COROLLA,4,0,0.0
2026-08-01T09:07:59,leasing,TOYOTA,COROLLA TS,11,0,0.0
2026-08-01T09:07:59,leasing,TOYOTA,PROACE CITY,1,0,0.0
2026-08-01T09:07:59,leasing,TOYOTA,RAV4 HSD,2,0,0.0
2026-08-01T09:07:59,leasing,TOYOTA,RAV4 PLUG IN,4,0,0.0
2026-08-01T09:07:59,leasing,TOYOTA,YARIS,1,0,0.0
2026-08-01T09:07:59,leasing,TOYOTA,YARIS HYBRID,2,0,0.0
2026-08-01T09:07:59,leasing,VOLKSWAGEN,GOLF,7,0,0.0
2026-08-01T09:07:59,leasing,VOLKSWAGEN,ID.3,2,2,1.0
2026-08-01T09:07:59,leasing,VOLKSWAGEN,POLO,4,0,0.0
2026-08-01T09:07:59,leasing,VOLKSWAGEN,T-ROC,7,0,0.0
2026-08-01T09:07:59,leasing,VOLKSWAGEN,TAIGO,1,0,0.0
2026-08-01T09:07:59,leasing,VOLKSWAGEN,TIGUAN,5,0,0.0
2026-08-01T09:07:59,leasing,VOLKSWAGEN,TIGUAN ALLSPACE,1,0,0.0
2026-08-01T09:07:59,leasing,VOLKSWAGEN,TOURAN,2,0,0.0
2026-08-01T09:07:59,leasing,VOLKSWAGEN,TRANSPORTER,1,0,0.0
2026-08-01T09:07:59,cash,AUDI,A1 SPORTBACK,1,0,0.0
2026-08-01T09:07:59,cash,AUDI,A3 SPORTBACK,5,0,0.0
2026-08-01T09:07:59,cash,AUDI,Q3 SPORTBACK,1,0,0.0
2026-08-01T09:07:59,cash,AUDI,Q4 E-TRON SPORTBACK,1,1,1.0
2026-08-01T09:07:59,cash,BMW,IX1,2,2,1.0
2026-08-01T09:07:59,cash,BMW,IX3,1,1,1.0
2026-08-01T09:07:59,cash,BMW,SERIE 1,8,0,0.0
2026-08-01T09:07:59,cash,BMW,SERIE 2 ACTIVE TOURE,2,0,0.0
2026-08-01T09:07:59,cash,BMW,SERIE 2 GRAN TOURER,1,0,0.0
2026-08-01T09:07:59,cash,BMW,X1,12,0,0.0
2026-08-01T09:07:59,cash,BMW,X2,1,0,0.0
2026-08-01T09:07:59,cash,BMW,X3,3,0,0.0
2026-08-01T09:07:59,cash,BMW,X5,1,0,0.0
2026-08-01T09:07:59,cash,CITROEN,BERLINGO,6,0,0.0
2026-08-01T09:07:59,cash,CITROEN,C3,6,0,0.0
2026-08-01T09:07:59,cash,CITROEN,C3 AIRCROSS,7,0,0.0
2026-08-01T09:07:59,cash,CITROEN,C4,4,0,0.0
2026-08-01T09:07:59,cash,CITROEN,C5 AIRCROSS,14,0,0.0
2026-08-01T09:07:59,cash,CITROEN,C5 X,4,0,0.0
2026-08-01T09:07:59,cash,CITROEN,E-C4,1,1,1.0
2026-08-01T09:07:59,cash,CITROEN,GRAND C4 SPACETOURER,1,0,0.0
2026-08-01T09:07:59,cash,CITROEN,JUMPY,5,0,0.0
2026-08-01T09:07:59,cash,CUPRA,FORMENTOR,1,0,0.0
2026-08-01T09:07:59,cash,DACIA,SANDERO,1,0,0.0
2026-08-01T09:07:59,cash,DS,DS3,1,0,0.0
2026-08-01T09:07:59,cash,DS,DS3 CROSSBACK,2,1,0.5
2026-08-01T09:07:59,cash,DS,DS4,1,0,0.0
2026-08-01T09:07:59,cash,DS,DS7,2,0,0.0
2026-08-01T09:07:59,cash,FIAT,500,1,0,0.0
2026-08-01T09:07:59,cash,FORD,KUGA,8,0,0.0
2026-08-01T09:07:59,cash,FORD,PUMA,1,0,0.0
2026-08-01T09:07:59,cash,FORD,TRANSIT CUSTOM,1,0,0.0
2026-08-01T09:07:59,cash,HYUNDAI,I30,1,0,0.0
2026-08-01T09:07:59,cash,HYUNDAI,IONIQ,1,1,1.0
2026-08-01T09:07:59,cash,HYUNDAI,SANTA FE,1,0,0.0
2026-08-01T09:07:59,cash,HYUNDAI,TUCSON,8,0,0.0
2026-08-01T09:07:59,cash,JEEP,AVENGER,2,2,1.0
2026-08-01T09:07:59,cash,KIA,CEED,4,0,0.0
2026-08-01T09:07:59,cash,KIA,NIRO,1,0,0.0
2026-08-01T09:07:59,cash,KIA,NIRO EV,8,8,1.0
2026-08-01T09:07:59,cash,KIA,PICANTO,1,0,0.0
2026-08-01T09:07:59,cash,KIA,PROCEED,1,0,0.0
2026-08-01T09:07:59,cash,KIA,RIO,2,0,0.0
2026-08-01T09:07:59,cash,KIA,SORENTO,2,0,0.0
2026-08-01T09:07:59,cash,KIA,SPORTAGE,9,0,0.0
2026-08-01T09:07:59,cash,KIA,STONIC,11,0,0.0
2026-08-01T09:07:59,cash,KIA,XCEED,1,0,0.0
2026-08-01T09:07:59,cash,MERCEDES-BENZ,CLASSE A,4,0,0.0
2026-08-01T09:07:59,cash,MERCEDES-BENZ,CLASSE CLA,1,0,0.0
2026-08-01T09:07:59,cash,MERCEDES-BENZ,CLASSE GLA,1,0,0.0
2026-08-01T09:07:59,cash,MERCEDES-BENZ,EQA,1,1,1.0
2026-08-01T09:07:59,cash,MERCEDES-BENZ,GLB,1,0,0.0
2026-08-01T09:07:59,cash,MG,MG5,1,1,1.0
2026-08-01T09:07:59,cash,NISSAN,JUKE,1,0,0.0
2026-08-01T09:07:59,cash,NISSAN,LEAF,1,1,1.0
2026-08-01T09:07:59,cash,NISSAN,QASHQAI,9,0,0.0
2026-08-01T09:07:59,cash,NISSAN,X-TRAIL,1,0,0.0
2026-08-01T09:07:59,cash,OPEL,ASTRA,1,0,0.0
2026-08-01T09:07:59,cash,OPEL,CORSA,3,0,0.0
2026-08-01T09:07:59,cash,OPEL,CROSSLAND,2,0,0.0
2026-08-01T09:07:59,cash,OPEL,GRANDLAND,1,0,0.0
2026-08-01T09:07:59,cash,OPEL,GRANDLAND X,1,0,0.0
2026-08-01T09:07:59,cash,PEUGEOT,108,1,0,0.0
2026-08-01T09:07:59,cash,PEUGEOT,2008,26,0,0.0
2026-08-01T09:07:59,cash,PEUGEOT,208,8,0,0.0
2026-08-01T09:07:59,cash,PEUGEOT,3008,36,0,0.0
2026-08-01T09:07:59,cash,PEUGEOT,308,10,0,0.0
2026-08-01T09:07:59,cash,PEUGEOT,308 SW,2,0,0.0
2026-08-01T09:07:59,cash,PEUGEOT,408,1,0,0.0
2026-08-01T09:07:59,cash,PEUGEOT,5008,13,0,0.0
2026-08-01T09:07:59,cash,PEUGEOT,E-2008,14,14,1.0
2026-08-01T09:07:59,cash,PEUGEOT,E-208,5,5,1.0
2026-08-01T09:07:59,cash,PEUGEOT,E-308,2,2,1.0
2026-08-01T09:07:59,cash,PEUGEOT,EXPERT,3,0,0.0
2026-08-01T09:07:59,cash,PEUGEOT,PARTNER,9,0,0.0
2026-08-01T09:07:59,cash,RENAULT,ARKANA,14,0,0.0
2026-08-01T09:07:59,cash,RENAULT,AUSTRAL,3,0,0.0
2026-08-01T09:07:59,cash,RENAULT,CAPTUR,18,0,0.0
2026-08-01T09:07:59,cash,RENAULT,CLIO,31,0,0.0
2026-08-01T09:07:59,cash,RENAULT,ESPACE,1,0,0.0
2026-08-01T09:07:59,cash,RENAULT,EXPRESS,20,0,0.0
2026-08-01T09:07:59,cash,RENAULT,KADJAR,1,0,0.0
2026-08-01T09:07:59,cash,RENAULT,KANGOO,4,0,0.0
2026-08-01T09:07:59,cash,RENAULT,MASTER,1,0,0.0
2026-08-01T09:07:59,cash,RENAULT,MEGANE,16,0,0.0
2026-08-01T09:07:59,cash,RENAULT,MEGANE E-TECH,1,1,1.0
2026-08-01T09:07:59,cash,RENAULT,SCENIC,6,0,0.0
2026-08-01T09:07:59,cash,RENAULT,SYMBIOZ,1,0,0.0
2026-08-01T09:07:59,cash,RENAULT,TRAFIC,6,0,0.0
2026-08-01T09:07:59,cash,RENAULT,TWINGO,1,0,0.0
2026-08-01T09:07:59,cash,RENAULT,ZOE,1,1,1.0
2026-08-01T09:07:59,cash,SEAT,ARONA,1,0,0.0
2026-08-01T09:07:59,cash,SKODA,FABIA,6,0,0.0
2026-08-01T09:07:59,cash,SKODA,KAMIQ,5,0,0.0
2026-08-01T09:07:59,cash,SKODA,KAROQ,1,0,0.0
2026-08-01T09:07:59,cash,SKODA,KODIAQ,1,0,0.0
2026-08-01T09:07:59,cash,SMART,1,1,1,1.0
2026-08-01T09:07:59,cash,SUZUKI,SWIFT,1,0,0.0
2026-08-01T09:07:59,cash,TESLA,MODEL 3,5,5,1.0
2026-08-01T09:07:59,cash,TESLA,MODEL Y,7,7,1.0
2026-08-01T09:07:59,cash,TOYOTA,AYGO X,3,0,0.0
2026-08-01T09:07:59,cash,TOYOTA,C-HR,5,0,0.0
2026-08-01T09:07:59,cash,TOYOTA,COROLLA,4,0,0.0
2026-08-01T09:07:59,cash,TOYOTA,COROLLA TS,11,0,0.0
2026-08-01T09:07:59,cash,TOYOTA,PROACE CITY,1,0,0.0
2026-08-01T09:07:59,cash,TOYOTA,RAV4 HSD,3,0,0.0
2026-08-01T09:07:59,cash,TOYOTA,RAV4 PLUG IN,4,0,0.0
2026-08-01T09:07:59,cash,TOYOTA,YARIS,1,0,0.0
2026-08-01T09:07:59,cash,TOYOTA,YARIS HYBRID,2,0,0.0
2026-08-01T09:07:59,cash,VOLKSWAGEN,GOLF,7,0,0.0
2026-08-01T09:07:59,cash,VOLKSWAGEN,ID.3,2,2,1.0
2026-08-01T09:07:59,cash,VOLKSWAGEN,POLO,5,0,0.0
2026-08-01T09:07:59,cash,VOLKSWAGEN,T-ROC,8,0,0.0
2026-08-01T09:07:59,cash,VOLKSWAGEN,TAIGO,1,0,0.0
2026-08-01T09:07:59,cash,VOLKSWAGEN,TIGUAN,5,0,0.0
2026-08-01T09:07:59,cash,VOLKSWAGEN,TIGUAN ALLSPACE,3,0,0.0
2026-08-01T09:07:59,cash,VOLKSWAGEN,TOURAN,2,0,0.0
2026-08-01T09:07:59,cash,VOLKSWAGEN,TRANSPORTER,1,0,0.0
2026-08-02T09:10:51,leasing,AUDI,A1 SPORTBACK,1,0,0.0
2026-08-02T09:10:51,leasing,AUDI,A3 SPORTBACK,5,0,0.0
2026-08-02T09:10:51,leasing,AUDI,Q4 E-TRON SPORTBACK,1,1,1.0
2026-08-02T09:10:51,leasing,BMW,IX1,2,2,1.0
2026-08-02T09:10:51,leasing,BMW,IX3,1,1,1.0
2026-08-02T09:10:51,leasing,BMW,SERIE 1,8,0,0.0
2026-08-02T09:10:51,leasing,BMW,SERIE 2 ACTIVE TOURE,1,0,0.0
2026-08-02T09:10:51,leasing,BMW,SERIE 2 GRAN TOURER,1,0,0.0
2026-08-02T09:10:51,leasing,BMW,X1,11,0,0.0
2026-08-02T09:10:51,leasing,BMW,X2,1,0,0.0
2026-08-02T09:10:51,leasing,BMW,X3,3,0,0.0
2026-08-02T09:10:51,leasing,CITROEN,BERLINGO,5,0,0.0
2026-08-02T09:10:51,leasing,CITROEN,C3,5,0,0.0
2026-08-02T09:10:51,leasing,CITROEN,C3 AIRCROSS,7,0,0.0
2026-08-02T09:10:51,leasing,CITROEN,C4,4,0,0.0
2026-08-02T09:10:51,leasing,CITROEN,C5 AIRCROSS,14,0,0.0
2026-08-02T09:10:51,leasing,CITROEN,C5 X,4,0,0.0
2026-08-02T09:10:51,leasing,CITROEN,GRAND C4 SPACETOURER,1,0,0.0
2026-08-02T09:10:51,leasing,CITROEN,JUMPY,5,0,0.0
2026-08-02T09:10:51,leasing,CUPRA,FORMENTOR,2,0,0.0
2026-08-02T09:10:51,leasing,DACIA,SANDERO,1,0,0.0
2026-08-02T09:10:51,leasing,DS,DS3,1,0,0.0
2026-08-02T09:10:51,leasing,DS,DS3 CROSSBACK,2,1,0.5
2026-08-02T09:10:51,leasing,DS,DS4,1,0,0.0
2026-08-02T09:10:51,leasing,DS,DS7,2,0,0.0
2026-08-02T09:10:51,leasing,FIAT,500,1,0,0.0
2026-08-02T09:10:51,leasing,FORD,KUGA,8,0,0.0
2026-08-02T09:10:51,leasing,FORD,PUMA,1,0,0.0
2026-08-02T09:10:51,leasing,HYUNDAI,I30,1,0,0.0
2026-08-02T09:10:51,leasing,HYUNDAI,IONIQ,1,1,1.0
2026-08-02T09:10:51,leasing,HYUNDAI,SANTA FE,1,0,0.0
2026-08-02T09:10:51,leasing,HYUNDAI,TUCSON,8,0,0.0
2026-08-02T09:10:51,leasing,JEEP,AVENGER,2,2,1.0
2026-08-02T09:10:51,leasing,KIA,CEED,4,0,0.0
2026-08-02T09:10:51,leasing,KIA,NIRO,1,0,0.0
2026-08-02T09:10:51,leasing,KIA,NIRO EV,7,7,1.0
2026-08-02T09:10:51,leasing,KIA,PICANTO,1,0,0.0
2026-08-02T09:10:51,leasing,KIA,PROCEED,1,0,0.0
2026-08-02T09:10:51,leasing,KIA,RIO,2,0,0.0
2026-08-02T09:10:51,leasing,KIA,SORENTO,2,0,0.0
2026-08-02T09:10:51,leasing,KIA,SPORTAGE,10,0,0.0
2026-08-02T09:10:51,leasing,KIA,STONIC,11,0,0.0
2026-08-02T09:10:51,leasing,KIA,XCEED,1,0,0.0
2026-08-02T09:10:51,leasing,MERCEDES-BENZ,CLA COUPE,1,0,0.0
2026-08-02T09:10:51,leasing,MERCEDES-BENZ,CLASSE A,2,0,0.0
2026-08-02T09:10:51,leasing,MERCEDES-BENZ,CLASSE CLA,1,0,0.0
2026-08-02T09:10:51,leasing,MERCEDES-BENZ,CLASSE GLA,1,0,0.0
2026-08-02T09:10:51,leasing,MG,MG5,1,1,1.0
2026-08-02T09:10:51,leasing,NISSAN,JUKE,1,0,0.0
2026-08-02T09:10:51,leasing,NISSAN,LEAF,1,1,1.0
2026-08-02T09:10:51,leasing,NISSAN,QASHQAI,9,0,0.0
2026-08-02T09:10:51,leasing,NISSAN,X-TRAIL,1,0,0.0
2026-08-02T09:10:51,leasing,OPEL,ASTRA,1,0,0.0
2026-08-02T09:10:51,leasing,OPEL,CORSA,3,0,0.0
2026-08-02T09:10:51,leasing,OPEL,CROSSLAND,2,0,0.0
2026-08-02T09:10:51,leasing,OPEL,GRANDLAND,1,0,0.0
2026-08-02T09:10:51,leasing,PEUGEOT,2008,25,0,0.0
2026-08-02T09:10:51,leasing,PEUGEOT,208,7,0,0.0
2026-08-02T09:10:51,leasing,PEUGEOT,3008,32,0,0.0
2026-08-02T09:10:51,leasing,PEUGEOT,308,10,0,0.0
2026-08-02T09:10:51,leasing,PEUGEOT,308 SW,2,0,0.0
2026-08-02T09:10:51,leasing,PEUGEOT,408,1,0,0.0
2026-08-02T09:10:51,leasing,PEUGEOT,5008,13,0,0.0
2026-08-02T09:10:51,leasing,PEUGEOT,E-2008,14,14,1.0
2026-08-02T09:10:51,leasing,PEUGEOT,E-208,4,4,1.0
2026-08-02T09:10:51,leasing,PEUGEOT,EXPERT,3,0,0.0
2026-08-02T09:10:51,leasing,PEUGEOT,PARTNER,8,0,0.0
2026-08-02T09:10:51,leasing,RENAULT,ARKANA,14,0,0.0
2026-08-02T09:10:51,leasing,RENAULT,AUSTRAL,4,0,0.0
2026-08-02T09:10:51,leasing,RENAULT,CAPTUR,15,0,0.0
2026-08-02T09:10:51,leasing,RENAULT,CLIO,25,0,0.0
2026-08-02T09:10:51,leasing,RENAULT,ESPACE,1,0,0.0
2026-08-02T09:10:51,leasing,RENAULT,EXPRESS,20,0,0.0
2026-08-02T09:10:51,leasing,RENAULT,KANGOO,4,0,0.0
2026-08-02T09:10:51,leasing,RENAULT,MASTER,1,0,0.0
2026-08-02T09:10:51,leasing,RENAULT,MEGANE,13,0,0.0
2026-08-02T09:10:51,leasing,RENAULT,SCENIC,6,0,0.0
2026-08-02T09:10:51,leasing,RENAULT,TRAFIC,6,0,0.0
2026-08-02T09:10:51,leasing,RENAULT,ZOE,1,1,1.0
2026-08-02T09:10:51,leasing,SEAT,ARONA,1,0,0.0
2026-08-02T09:10:51,leasing,SKODA,FABIA,6,0,0.0
2026-08-02T09:10:51,leasing,SKODA,KAMIQ,5,0,0.0
2026-08-02T09:10:51,leasing,SKODA,KODIAQ,2,0,0.0
2026-08-02T09:10:51,leasing,SUZUKI,SWIFT,1,0,0.0
2026-08-02T09:10:51,leasing,TESLA,MODEL 3,3,3,1.0
2026-08-02T09:10:51,leasing,TESLA,MODEL Y,8,8,1.0
2026-08-02T09:10:51,leasing,TOYOTA,AYGO X,3,0,0.0
2026-08-02T09:10:51,leasing,TOYOTA,C-HR,4,0,0.0
2026-08-02T09:10:51,leasing,TOYOTA,COROLLA,4,0,0.0
2026-08-02T09:10:51,leasing,TOYOTA,COROLLA TS,11,0,0.0
2026-08-02T09:10:51,leasing,TOYOTA,PROACE CITY,1,0,0.0
2026-08-02T09:10:51,leasing,TOYOTA,RAV4 HSD,2,0,0.0
2026-08-02T09:10:51,leasing,TOYOTA,RAV4 PLUG IN,4,0,0.0
2026-08-02T09:10:51,leasing,TOYOTA,YARIS,1,0,0.0
2026-08-02T09:10:51,leasing,TOYOTA,YARIS HYBRID,2,0,0.0
2026-08-02T09:10:51,leasing,VOLKSWAGEN,GOLF,8,0,0.0
2026-08-02T09:10:51,leasing,VOLKSWAGEN,ID.3,2,2,1.0
2026-08-02T09:10:51,leasing,VOLKSWAGEN,POLO,4,0,0.0
2026-08-02T09:10:51,leasing,VOLKSWAGEN,T-ROC,6,0,0.0
2026-08-02T09:10:51,leasing,VOLKSWAGEN,TAIGO,2,0,0.0
2026-08-02T09:10:51,leasing,VOLKSWAGEN,TIGUAN,5,0,0.0
2026-08-02T09:10:51,leasing,VOLKSWAGEN,TIGUAN ALLSPACE,1,0,0.0
2026-08-02T09:10:51,leasing,VOLKSWAGEN,TOURAN,2,0,0.0
2026-08-02T09:10:51,leasing,VOLKSWAGEN,TRANSPORTER,1,0,0.0
2026-08-02T09:10:51,cash,AUDI,A1 SPORTBACK,1,0,0.0
2026-08-02T09:10:51,cash,AUDI,A3 SPORTBACK,5,0,0.0
2026-08-02T09:10:51,cash,AUDI,Q4 E-TRON SPORTBACK,1,1,1.0
2026-08-02T09:10:51,cash,BMW,IX1,2,2,1.0
2026-08-02T09:10:51,cash,BMW,IX3,1,1,1.0
2026-08-02T09:10:51,cash,BMW,SERIE 1,8,0,0.0
2026-08-02T09:10:51,cash,BMW,SERIE 2 ACTIVE TOURE,2,0,0.0
2026-08-02T09:10:51,cash,BMW,SERIE 2 GRAN TOURER,1,0,0.0
2026-08-02T09:10:51,cash,BMW,X1,12,0,0.0
2026-08-02T09:10:51,cash,BMW,X2,1,0,0.0
2026-08-02T09:10:51,cash,BMW,X3,3,0,0.0
2026-08-02T09:10:51,cash,BMW,X5,1,0,0.0
2026-08-02T09:10:51,cash,CITROEN,BERLINGO,6,0,0.0
2026-08-02T09:10:51,cash,CITROEN,C3,6,0,0.0
2026-08-02T09:10:51,cash,CITROEN,C3 AIRCROSS,7,0,0.0
2026-08-02T09:10:51,cash,CITROEN,C4,4,0,0.0
2026-08-02T09:10:51,cash,CITROEN,C5 AIRCROSS,14,0,0.0
2026-08-02T09:10:51,cash,CITROEN,C5 X,4,0,0.0
2026-08-02T09:10:51,cash,CITROEN,E-C4,1,1,1.0
2026-08-02T09:10:51,cash,CITROEN,GRAND C4 SPACETOURER,1,0,0.0
2026-08-02T09:10:51,cash,CITROEN,JUMPY,5,0,0.0
2026-08-02T09:10:51,cash,CUPRA,FORMENTOR,2,0,0.0
2026-08-02T09:10:51,cash,DACIA,SANDERO,1,0,0.0
2026-08-02T09:10:51,cash,DS,DS3,1,0,0.0
2026-08-02T09:10:51,cash,DS,DS3 CROSSBACK,2,1,0.5
2026-08-02T09:10:51,cash,DS,DS4,1,0,0.0
2026-08-02T09:10:51,cash,DS,DS7,2,0,0.0
2026-08-02T09:10:51,cash,FIAT,500,1,0,0.0
2026-08-02T09:10:51,cash,FORD,KUGA,9,0,0.0
2026-08-02T09:10:51,cash,FORD,PUMA,1,0,0.0
2026-08-02T09:10:51,cash,FORD,TRANSIT CUSTOM,1,0,0.0
2026-08-02T09:10:51,cash,HYUNDAI,I30,1,0,0.0
2026-08-02T09:10:51,cash,HYUNDAI,IONIQ,1,1,1.0
2026-08-02T09:10:51,cash,HYUNDAI,SANTA FE,1,0,0.0
2026-08-02T09:10:51,cash,HYUNDAI,TUCSON,8,0,0.0
2026-08-02T09:10:51,cash,JEEP,AVENGER,2,2,1.0
2026-08-02T09:10:51,cash,KIA,CEED,4,0,0.0
2026-08-02T09:10:51,cash,KIA,NIRO,1,0,0.0
2026-08-02T09:10:51,cash,KIA,NIRO EV,7,7,1.0
2026-08-02T09:10:51,cash,KIA,PICANTO,1,0,0.0
2026-08-02T09:10:51,cash,KIA,PROCEED,1,0,0.0
2026-08-02T09:10:51,cash,KIA,RIO,2,0,0.0
2026-08-02T09:10:51,cash,KIA,SORENTO,2,0,0.0
2026-08-02T09:10:51,cash,KIA,SPORTAGE,10,0,0.0
2026-08-02T09:10:51,cash,KIA,STONIC,11,0,0.0
2026-08-02T09:10:51,cash,KIA,XCEED,1,0,0.0
2026-08-02T09:10:51,cash,MERCEDES-BENZ,CLA COUPE,1,0,0.0
2026-08-02T09:10:51,cash,MERCEDES-BENZ,CLASSE A,4,0,0.0
2026-08-02T09:10:51,cash,MERCEDES-BENZ,CLASSE CLA,1,0,0.0
2026-08-02T09:10:51,cash,MERCEDES-BENZ,CLASSE GLA,1,0,0.0
2026-08-02T09:10:51,cash,MERCEDES-BENZ,EQA,1,1,1.0
2026-08-02T09:10:51,cash,MERCEDES-BENZ,GLB,1,0,0.0
2026-08-02T09:10:51,cash,MG,MG5,1,1,1.0
2026-08-02T09:10:51,cash,NISSAN,JUKE,1,0,0.0
2026-08-02T09:10:51,cash,NISSAN,LEAF,1,1,1.0
2026-08-02T09:10:51,cash,NISSAN,QASHQAI,10,0,0.0
2026-08-02T09:10:51,cash,NISSAN,X-TRAIL,1,0,0.0
2026-08-02T09:10:51,cash,OPEL,ASTRA,1,0,0.0
2026-08-02T09:10:51,cash,OPEL,CORSA,3,0,0.0
2026-08-02T09:10:51,cash,OPEL,CROSSLAND,2,0,0.0
2026-08-02T09:10:51,cash,OPEL,GRANDLAND,1,0,0.0
2026-08-02T09:10:51,cash,OPEL,GRANDLAND X,1,0,0.0
2026-08-02T09:10:51,cash,PEUGEOT,108,1,0,0.0
2026-08-02T09:10:51,cash,PEUGEOT,2008,26,0,0.0
2026-08-02T09:10:51,cash,PEUGEOT,208,8,0,0.0
2026-08-02T09:10:51,cash,PEUGEOT,3008,37,0,0.0
2026-08-02T09:10:51,cash,PEUGEOT,308,10,0,0.0
2026-08-02T09:10:51,cash,PEUGEOT,308 SW,2,0,0.0
2026-08-02T09:10:51,cash,PEUGEOT,408,1,0,0.0
2026-08-02T09:10:51,cash,PEUGEOT,5008,13,0,0.0
2026-08-02T09:10:51,cash,PEUGEOT,E-2008,14,14,1.0
2026-08-02T09:10:51,cash,PEUGEOT,E-208,5,5,1.0
2026-08-02T09:10:51,cash,PEUGEOT,E-308,2,2,1.0
2026-08-02T09:10:51,cash,PEUGEOT,EXPERT,3,0,0.0
2026-08-02T09:10:51,cash,PEUGEOT,PARTNER,9,0,0.0
2026-08-02T09:10:51,cash,RENAULT,ARKANA,14,0,0.0
2026-08-02T09:10:51,cash,RENAULT,AUSTRAL,4,0,0.0
2026-08-02T09:10:51,cash,RENAULT,CAPTUR,16,0,0.0
2026-08-02T09:10:51,cash,RENAULT,CLIO,29,0,0.0
2026-08-02T09:10:51,cash,RENAULT,ESPACE,1,0,0.0
2026-08-02T09:10:51,cash,RENAULT,EXPRESS,20,0,0.0
2026-08-02T09:10:51,cash,RENAULT,KADJAR,1,0,0.0
2026-08-02T09:10:51,cash,RENAULT,KANGOO,4,0,0.0
2026-08-02T09:10:51,cash,RENAULT,MASTER,1,0,0.0
2026-08-02T09:10:51,cash,RENAULT,MEGANE,16,0,0.0
2026-08-02T09:10:51,cash,RENAULT,MEGANE E-TECH,1,1,1.0
2026-08-02T09:10:51,cash,RENAULT,SCENIC,6,0,0.0
2026-08-02T09:10:51,cash,RENAULT,SYMBIOZ,1,0,0.0
2026-08-02T09:10:51,cash,RENAULT,TRAFIC,6,0,0.0
2026-08-02T09:10:51,cash,RENAULT,TWINGO,1,0,0.0
2026-08-02T09:10:51,cash,RENAULT,ZOE,1,1,1.0
2026-08-02T09:10:51,cash,SEAT,ARONA,1,0,0.0
2026-08-02T09:10:51,cash,SKODA,FABIA,6,0,0.0
2026-08-02T09:10:51,cash,SKODA,KAMIQ,5,0,0.0
2026-08-02T09:10:51,cash,SKODA,KAROQ,1,0,0.0
2026-08-02T09:10:51,cash,SKODA,KODIAQ,2,0,0.0
2026-08-02T09:10:51,cash,SMART,1,1,1,1.0
2026-08-02T09:10:51,cash,SUZUKI,SWIFT,1,0,0.0
2026-08-02T09:10:51,cash,TESLA,MODEL 3,5,5,1.0
2026-08-02T09:10:51,cash,TESLA,MODEL Y,8,8,1.0
2026-08-02T09:10:51,cash,TOYOTA,AYGO X,3,0,0.0
2026-08-02T09:10:51,cash,TOYOTA,C-HR,5,0,0.0
2026-08-02T09:10:51,cash,TOYOTA,COROLLA,4,0,0.0
2026-08-02T09:10:51,cash,TOYOTA,COROLLA TS,11,0,0.0
2026-08-02T09:10:51,cash,TOYOTA,PROACE CITY,1,0,0.0
2026-08-02T09:10:51,cash,TOYOTA,RAV4 HSD,3,0,0.0
2026-08-02T09:10:51,cash,TOYOTA,RAV4 PLUG IN,4,0,0.0
2026-08-02T09:10:51,cash,TOYOTA,YARIS,1,0,0.0
2026-08-02T09:10:51,cash,TOYOTA,YARIS HYBRID,2,0,0.0
2026-08-02T09:10:51,cash,VOLKSWAGEN,GOLF,8,0,0.0
2026-08-02T09:10:51,cash,VOLKSWAGEN,ID.3,2,2,1.0
2026-08-02T09:10:51,cash,VOLKSWAGEN,POLO,5,0,0.0
2026-08-02T09:10:51,cash,VOLKSWAGEN,T-ROC,7,0,0.0
2026-08-02T09:10:51,cash,VOLKSWAGEN,TAIGO,2,0,0.0
2026-08-02T09:10:51,cash,VOLKSWAGEN,TIGUAN,5,0,0.0
2026-08-02T09:10:51,cash,VOLKSWAGEN,TIGUAN ALLSPACE,3,0,0.0
2026-08-02T09:10:51,cash,VOLKSWAGEN,TOURAN,2,0,0.0
2026-08-02T09:10:51,cash,VOLKSWAGEN,TRANSPORTER,1,0,0.0
2026-08-03T10:45:27,leasing,AUDI,A1 SPORTBACK,1,0,0.0
2026-08-03T10:45:27,leasing,AUDI,A3 SPORTBACK,4,0,0.0
2026-08-03T10:45:27,leasing,BMW,IX1,1,1,1.0
2026-08-03T10:45:27,leasing,BMW,IX3,1,1,1.0
2026-08-03T10:45:27,leasing,BMW,SERIE 1,8,0,0.0
2026-08-03T10:45:27,leasing,BMW,SERIE 2 ACTIVE TOURE,1,0,0.0
2026-08-03T10:45:27,leasing,BMW,SERIE 2 GRAN TOURER,1,0,0.0
2026-08-03T10:45:27,leasing,BMW,X1,11,0,0.0
2026-08-03T10:45:27,leasing,BMW,X2,1,0,0.0
2026-08-03T10:45:27,leasing,BMW,X3,3,0,0.0
2026-08-03T10:45:27,leasing,BMW,X5,1,0,0.0
2026-08-03T10:45:27,leasing,CITROEN,BERLINGO,5,0,0.0
2026-08-03T10:45:27,leasing,CITROEN,C3,5,0,0.0
2026-08-03T10:45:27,leasing,CITROEN,C3 AIRCROSS,7,0,0.0
2026-08-03T10:45:27,leasing,CITROEN,C4,4,0,0.0
2026-08-03T10:45:27,leasing,CITROEN,C5 AIRCROSS,15,0,0.0
2026-08-03T10:45:27,leasing,CITROEN,C5 X,4,0,0.0
2026-08-03T10:45:27,leasing,CITROEN,GRAND C4 SPACETOURER,1,0,0.0
2026-08-03T10:45:27,leasing,CITROEN,JUMPY,5,0,0.0
2026-08-03T10:45:27,leasing,CUPRA,FORMENTOR,2,0,0.0
2026-08-03T10:45:27,leasing,DACIA,JOGGER,1,0,0.0
2026-08-03T10:45:27,leasing,DACIA,SANDERO,1,0,0.0
2026-08-03T10:45:27,leasing,DS,DS3,1,0,0.0
2026-08-03T10:45:27,leasing,DS,DS3 CROSSBACK,2,1,0.5
2026-08-03T10:45:27,leasing,DS,DS4,1,0,0.0
2026-08-03T10:45:27,leasing,DS,DS7,2,0,0.0
2026-08-03T10:45:27,leasing,FIAT,500,1,0,0.0
2026-08-03T10:45:27,leasing,FORD,KUGA,8,0,0.0
2026-08-03T10:45:27,leasing,FORD,PUMA,1,0,0.0
2026-08-03T10:45:27,leasing,HYUNDAI,I30,1,0,0.0
2026-08-03T10:45:27,leasing,HYUNDAI,IONIQ,1,1,1.0
2026-08-03T10:45:27,leasing,HYUNDAI,SANTA FE,1,0,0.0
2026-08-03T10:45:27,leasing,HYUNDAI,TUCSON,9,0,0.0
2026-08-03T10:45:27,leasing,JEEP,AVENGER,2,2,1.0
2026-08-03T10:45:27,leasing,KIA,CEED,4,0,0.0
2026-08-03T10:45:27,leasing,KIA,NIRO,1,0,0.0
2026-08-03T10:45:27,leasing,KIA,NIRO EV,7,7,1.0
2026-08-03T10:45:27,leasing,KIA,PICANTO,1,0,0.0
2026-08-03T10:45:27,leasing,KIA,PROCEED,1,0,0.0
2026-08-03T10:45:27,leasing,KIA,RIO,2,0,0.0
2026-08-03T10:45:27,leasing,KIA,SORENTO,2,0,0.0
2026-08-03T10:45:27,leasing,KIA,SPORTAGE,11,0,0.0
2026-08-03T10:45:27,leasing,KIA,STONIC,11,0,0.0
2026-08-03T10:45:27,leasing,KIA,XCEED,1,0,0.0
2026-08-03T10:45:27,leasing,MERCEDES-BENZ,CLA COUPE,1,0,0.0
2026-08-03T10:45:27,leasing,MERCEDES-BENZ,CLASSE A,2,0,0.0
2026-08-03T10:45:27,leasing,MERCEDES-BENZ,CLASSE CLA,1,0,0.0
2026-08-03T10:45:27,leasing,MERCEDES-BENZ,CLASSE GLA,1,0,0.0
2026-08-03T10:45:27,leasing,MG,MG5,1,1,1.0
2026-08-03T10:45:27,leasing,MINI,MINI,1,0,0.0
2026-08-03T10:45:27,leasing,NISSAN,JUKE,1,0,0.0
2026-08-03T10:45:27,leasing,NISSAN,LEAF,1,1,1.0
2026-08-03T10:45:27,leasing,NISSAN,QASHQAI,9,0,0.0
2026-08-03T10:45:27,leasing,NISSAN,X-TRAIL,1,0,0.0
2026-08-03T10:45:27,leasing,OPEL,ASTRA,1,0,0.0
2026-08-03T10:45:27,leasing,OPEL,CORSA,3,0,0.0
2026-08-03T10:45:27,leasing,OPEL,CROSSLAND,2,0,0.0
2026-08-03T10:45:27,leasing,OPEL,GRANDLAND,1,0,0.0
2026-08-03T10:45:27,leasing,PEUGEOT,2008,26,0,0.0
2026-08-03T10:45:27,leasing,PEUGEOT,208,7,0,0.0
2026-08-03T10:45:27,leasing,PEUGEOT,3008,33,0,0.0
2026-08-03T10:45:27,leasing,PEUGEOT,308,10,0,0.0
2026-08-03T10:45:27,leasing,PEUGEOT,308 SW,2,0,0.0
2026-08-03T10:45:27,leasing,PEUGEOT,408,1,0,0.0
2026-08-03T10:45:27,leasing,PEUGEOT,5008,13,0,0.0
2026-08-03T10:45:27,leasing,PEUGEOT,E-2008,13,13,1.0
2026-08-03T10:45:27,leasing,PEUGEOT,E-208,4,4,1.0
2026-08-03T10:45:27,leasing,PEUGEOT,EXPERT,3,0,0.0
2026-08-03T10:45:27,leasing,PEUGEOT,PARTNER,7,0,0.0
2026-08-03T10:45:27,leasing,RENAULT,ARKANA,15,0,0.0
2026-08-03T10:45:27,leasing,RENAULT,AUSTRAL,4,0,0.0
2026-08-03T10:45:27,leasing,RENAULT,CAPTUR,15,0,0.0
2026-08-03T10:45:27,leasing,RENAULT,CLIO,24,0,0.0
2026-08-03T10:45:27,leasing,RENAULT,ESPACE,1,0,0.0
2026-08-03T10:45:27,leasing,RENAULT,EXPRESS,20,0,0.0
2026-08-03T10:45:27,leasing,RENAULT,KANGOO,4,0,0.0
2026-08-03T10:45:27,leasing,RENAULT,MASTER,1,0,0.0
2026-08-03T10:45:27,leasing,RENAULT,MEGANE,13,0,0.0
2026-08-03T10:45:27,leasing,RENAULT,SCENIC,6,0,0.0
2026-08-03T10:45:27,leasing,RENAULT,TRAFIC,6,0,0.0
2026-08-03T10:45:27,leasing,RENAULT,ZOE,1,1,1.0
2026-08-03T10:45:27,leasing,SEAT,ARONA,1,0,0.0
2026-08-03T10:45:27,leasing,SKODA,FABIA,6,0,0.0
2026-08-03T10:45:27,leasing,SKODA,KAMIQ,5,0,0.0
2026-08-03T10:45:27,leasing,SKODA,KODIAQ,2,0,0.0
2026-08-03T10:45:27,leasing,SUZUKI,SWIFT,1,0,0.0
2026-08-03T10:45:27,leasing,TESLA,MODEL 3,3,3,1.0
2026-08-03T10:45:27,leasing,TESLA,MODEL Y,9,10,1.1111
2026-08-03T10:45:27,leasing,TOYOTA,AYGO X,3,0,0.0
2026-08-03T10:45:27,leasing,TOYOTA,C-HR,4,0,0.0
2026-08-03T10:45:27,leasing,TOYOTA,COROLLA,3,0,0.0
2026-08-03T10:45:27,leasing,TOYOTA,COROLLA TS,11,0,0.0
2026-08-03T10:45:27,leasing,TOYOTA,PROACE CITY,1,0,0.0
2026-08-03T10:45:27,leasing,TOYOTA,RAV4 HSD,3,0,0.0
2026-08-03T10:45:27,leasing,TOYOTA,RAV4 PLUG IN,4,0,0.0
2026-08-03T10:45:27,leasing,TOYOTA,YARIS,1,0,0.0
2026-08-03T10:45:27,leasing,TOYOTA,YARIS HYBRID,2,0,0.0
2026-08-03T10:45:27,leasing,VOLKSWAGEN,GOLF,8,0,0.0
2026-08-03T10:45:27,leasing,VOLKSWAGEN,ID.3,2,2,1.0
2026-08-03T10:45:27,leasing,VOLKSWAGEN,POLO,5,0,0.0
2026-08-03T10:45:27,leasing,VOLKSWAGEN,T-ROC,6,0,0.0
2026-08-03T10:45:27,leasing,VOLKSWAGEN,TAIGO,2,0,0.0
2026-08-03T10:45:27,leasing,VOLKSWAGEN,TIGUAN,5,0,0.0
2026-08-03T10:45:27,leasing,VOLKSWAGEN,TIGUAN ALLSPACE,1,0,0.0
2026-08-03T10:45:27,leasing,VOLKSWAGEN,TOURAN,2,0,0.0
2026-08-03T10:45:27,leasing,VOLKSWAGEN,TRANSPORTER,1,0,0.0
2026-08-03T10:45:27,cash,AUDI,A1 SPORTBACK,1,0,0.0
2026-08-03T10:45:27,cash,AUDI,A3 SPORTBACK,4,0,0.0
2026-08-03T10:45:27,cash,BMW,IX1,1,1,1.0
2026-08-03T10:45:27,cash,BMW,IX3,1,1,1.0
2026-08-03T10:45:27,cash,BMW,SERIE 1,8,0,0.0
2026-08-03T10:45:27,cash,BMW,SERIE 2 ACTIVE TOURE,2,0,0.0
2026-08-03T10:45:27,cash,BMW,SERIE 2 GRAN TOURER,1,0,0.0
2026-08-03T10:45:27,cash,BMW,X1,12,0,0.0
2026-08-03T10:45:27,cash,BMW,X2,1,0,0.0
2026-08-03T10:45:27,cash,BMW,X3,3,0,0.0
2026-08-03T10:45:27,cash,BMW,X5,2,0,0.0
2026-08-03T10:45:27,cash,CITROEN,BERLINGO,6,0,0.0
2026-08-03T10:45:27,cash,CITROEN,C3,6,0,0.0
2026-08-03T10:45:27,cash,CITROEN,C3 AIRCROSS,7,0,0.0
2026-08-03T10:45:27,cash,CITROEN,C4,4,0,0.0
2026-08-03T10:45:27,cash,CITROEN,C5 AIRCROSS,15,0,0.0
2026-08-03T10:45:27,cash,CITROEN,C5 X,4,0,0.0
2026-08-03T10:45:27,cash,CITROEN,E-C4,1,1,1.0
2026-08-03T10:45:27,cash,CITROEN,GRAND C4 SPACETOURER,1,0,0.0
2026-08-03T10:45:27,cash,CITROEN,JUMPY,5,0,0.0
2026-08-03T10:45:27,cash,CUPRA,FORMENTOR,2,0,0.0
2026-08-03T10:45:27,cash,DACIA,JOGGER,1,0,0.0
2026-08-03T10:45:27,cash,DACIA,SANDERO,1,0,0.0
2026-08-03T10:45:27,cash,DS,DS3,1,0,0.0
2026-08-03T10:45:27,cash,DS,DS3 CROSSBACK,2,1,0.5
2026-08-03T10:45:27,cash,DS,DS4,1,0,0.0
2026-08-03T10:45:27,cash,DS,DS7,2,0,0.0
2026-08-03T10:45:27,cash,FIAT,500,1,0,0.0
2026-08-03T10:45:27,cash,FORD,KUGA,9,0,0.0
2026-08-03T10:45:27,cash,FORD,PUMA,1,0,0.0
2026-08-03T10:45:27,cash,FORD,TRANSIT CUSTOM,1,0,0.0
2026-08-03T10:45:27,cash,HYUNDAI,I30,1,0,0.0
2026-08-03T10:45:27,cash,HYUNDAI,IONIQ,1,1,1.0
2026-08-03T10:45:27,cash,HYUNDAI,SANTA FE,1,0,0.0
2026-08-03T10:45:27,cash,HYUNDAI,TUCSON,9,0,0.0
2026-08-03T10:45:27,cash,JEEP,AVENGER,2,2,1.0
2026-08-03T10:45:27,cash,KIA,CEED,4,0,0.0
2026-08-03T10:45:27,cash,KIA,NIRO,1,0,0.0
2026-08-03T10:45:27,cash,KIA,NIRO EV,7,7,1.0
2026-08-03T10:45:27,cash,KIA,PICANTO,1,0,0.0
2026-08-03T10:45:27,cash,KIA,PROCEED,1,0,0.0
2026-08-03T10:45:27,cash,KIA,RIO,2,0,0.0
2026-08-03T10:45:27,cash,KIA,SORENTO,2,0,0.0
2026-08-03T10:45:27,cash,KIA,SPORTAGE,11,0,0.0
2026-08-03T10:45:27,cash,KIA,STONIC,12,0,0.0
2026-08-03T10:45:27,cash,KIA,XCEED,1,0,0.0
2026-08-03T10:45:27,cash,MERCEDES-BENZ,CLA COUPE,1,0,0.0
2026-08-03T10:45:27,cash,MERCEDES-BENZ,CLASSE A,4,0,0.0
2026-08-03T10:45:27,cash,MERCEDES-BENZ,CLASSE CLA,1,0,0.0
2026-08-03T10:45:27,cash,MERCEDES-BENZ,CLASSE GLA,1,0,0.0
2026-08-03T10:45:27,cash,MERCEDES-BENZ,EQA,1,1,1.0
2026-08-03T10:45:27,cash,MERCEDES-BENZ,GLB,1,0,0.0
2026-08-03T10:45:27,cash,MG,MG5,1,1,1.0
2026-08-03T10:45:27,cash,MINI,MINI,1,0,0.0
2026-08-03T10:45:27,cash,NISSAN,JUKE,1,0,0.0
2026-08-03T10:45:27,cash,NISSAN,LEAF,1,1,1.0
2026-08-03T10:45:27,cash,NISSAN,QASHQAI,10,0,0.0
2026-08-03T10:45:27,cash,NISSAN,X-TRAIL,1,0,0.0
2026-08-03T10:45:27,cash,OPEL,ASTRA,1,0,0.0
2026-08-03T10:45:27,cash,OPEL,CORSA,3,0,0.0
2026-08-03T10:45:27,cash,OPEL,CROSSLAND,2,0,0.0
2026-08-03T10:45:27,cash,OPEL,GRANDLAND,1,0,0.0
2026-08-03T10:45:27,cash,OPEL,GRANDLAND X,1,0,0.0
2026-08-03T10:45:27,cash,PEUGEOT,108,1,0,0.0
2026-08-03T10:45:27,cash,PEUGEOT,2008,27,0,0.0
2026-08-03T10:45:27,cash,PEUGEOT,208,8,0,0.0
2026-08-03T10:45:27,cash,PEUGEOT,3008,38,0,0.0
2026-08-03T10:45:27,cash,PEUGEOT,308,10,0,0.0
2026-08-03T10:45:27,cash,PEUGEOT,308 SW,2,0,0.0
2026-08-03T10:45:27,cash,PEUGEOT,408,1,0,0.0
2026-08-03T10:45:27,cash,PEUGEOT,5008,13,0,0.0
2026-08-03T10:45:27,cash,PEUGEOT,E-2008,13,13,1.0
2026-08-03T10:45:27,cash,PEUGEOT,E-208,5,5,1.0
2026-08-03T10:45:27,cash,PEUGEOT,E-308,2,2,1.0
2026-08-03T10:45:27,cash,PEUGEOT,EXPERT,3,0,0.0
2026-08-03T10:45:27,cash,PEUGEOT,PARTNER,8,0,0.0
2026-08-03T10:45:27,cash,RENAULT,ARKANA,15,0,0.0
2026-08-03T10:45:27,cash,RENAULT,AUSTRAL,5,0,0.0
2026-08-03T10:45:27,cash,RENAULT,CAPTUR,16,0,0.0
2026-08-03T10:45:27,cash,RENAULT,CLIO,28,0,0.0
2026-08-03T10:45:27,cash,RENAULT,ESPACE,1,0,0.0
2026-08-03T10:45:27,cash,RENAULT,EXPRESS,20,0,0.0
2026-08-03T10:45:27,cash,RENAULT,KADJAR,1,0,0.0
2026-08-03T10:45:27,cash,RENAULT,KANGOO,4,0,0.0
2026-08-03T10:45:27,cash,RENAULT,MASTER,1,0,0.0
2026-08-03T10:45:27,cash,RENAULT,MEGANE,16,0,0.0
2026-08-03T10:45:27,cash,RENAULT,MEGANE E-TECH,1,1,1.0
2026-08-03T10:45:27,cash,RENAULT,SCENIC,6,0,0.0
2026-08-03T10:45:27,cash,RENAULT,SYMBIOZ,1,0,0.0
2026-08-03T10:45:27,cash,RENAULT,TRAFIC,6,0,0.0
2026-08-03T10:45:27,cash,RENAULT,TWINGO,1,0,0.0
2026-08-03T10:45:27,cash,RENAULT,ZOE,1,1,1.0
2026-08-03T10:45:27,cash,SEAT,ARONA,1,0,0.0
2026-08-03T10:45:27,cash,SKODA,FABIA,6,0,0.0
2026-08-03T10:45:27,cash,SKODA,KAMIQ,5,0,0.0
2026-08-03T10:45:27,cash,SKODA,KAROQ,1,0,0.0
2026-08-03T10:45:27,cash,SKODA,KODIAQ,2,0,0.0
2026-08-03T10:45:27,cash,SMART,1,1,1,1.0
2026-08-03T10:45:27,cash,SUZUKI,SWIFT,1,0,0.0
2026-08-03T10:45:27,cash,TESLA,MODEL 3,5,5,1.0
2026-08-03T10:45:27,cash,TESLA,MODEL Y,9,10,1.1111
2026-08-03T10:45:27,cash,TOYOTA,AYGO X,3,0,0.0
2026-08-03T10:45:27,cash,TOYOTA,C-HR,5,0,0.0
2026-08-03T10:45:27,cash,TOYOTA,COROLLA,3,0,0.0
2026-08-03T10:45:27,cash,TOYOTA,COROLLA TS,11,0,0.0
2026-08-03T10:45:27,cash,TOYOTA,PROACE CITY,1,0,0.0
2026-08-03T10:45:27,cash,TOYOTA,RAV4 HSD,4,0,0.0
2026-08-03T10:45:27,cash,TOYOTA,RAV4 PLUG IN,4,0,0.0
2026-08-03T10:45:27,cash,TOYOTA,YARIS,1,0,0.0
2026-08-03T10:45:27,cash,TOYOTA,YARIS HYBRID,2,0,0.0
2026-08-03T10:45:27,cash,VOLKSWAGEN,GOLF,8,0,0.0
2026-08-03T10:45:27,cash,VOLKSWAGEN,ID.3,2,2,1.0
2026-08-03T10:45:27,cash,VOLKSWAGEN,POLO,8,0,0.0
2026-08-03T10:45:27,cash,VOLKSWAGEN,T-ROC,7,0,0.0
2026-08-03T10:45:27,cash,VOLKSWAGEN,TAIGO,2,0,0.0
2026-08-03T10:45:27,cash,VOLKSWAGEN,TIGUAN,5,0,0.0
2026-08-03T10:45:27,cash,VOLKSWAGEN,TIGUAN ALLSPACE,3,0,0.0
2026-08-03T10:45:27,cash,VOLKSWAGEN,TOURAN,2,0,0.0
2026-08-03T10:45:27,cash,VOLKSWAGEN,TRANSPORTER,1,0,0.0
2026-08-04T09:40:01,leasing,AUDI,A1 SPORTBACK,1,0,0.0
2026-08-04T09:40:01,leasing,AUDI,A3 SPORTBACK,4,0,0.0
2026-08-04T09:40:01,leasing,BMW,IX1,1,1,1.0
2026-08-04T09:40:01,leasing,BMW,IX3,1,1,1.0
2026-08-04T09:40:01,leasing,BMW,SERIE 1,7,0,0.0
2026-08-04T09:40:01,leasing,BMW,SERIE 2 ACTIVE TOURE,1,0,0.0
2026-08-04T09:40:01,leasing,BMW,X1,8,0,0.0
2026-08-04T09:40:01,leasing,BMW,X2,1,0,0.0
2026-08-04T09:40:01,leasing,BMW,X3,2,0,0.0
2026-08-04T09:40:01,leasing,CITROEN,BERLINGO,5,0,0.0
2026-08-04T09:40:01,leasing,CITROEN,C3,4,0,0.0
2026-08-04T09:40:01,leasing,CITROEN,C3 AIRCROSS,7,0,0.0
2026-08-04T09:40:01,leasing,CITROEN,C4,4,0,0.0
2026-08-04T09:40:01,leasing,CITROEN,C5 AIRCROSS,14,0,0.0
2026-08-04T09:40:01,leasing,CITROEN,C5 X,4,0,0.0
2026-08-04T09:40:01,leasing,CITROEN,GRAND C4 SPACETOURER,1,0,0.0
2026-08-04T09:40:01,leasing,CITROEN,JUMPY,5,0,0.0
2026-08-04T09:40:01,leasing,CUPRA,FORMENTOR,3,0,0.0
2026-08-04T09:40:01,leasing,DACIA,JOGGER,1,0,0.0
2026-08-04T09:40:01,leasing,DACIA,SANDERO,1,0,0.0
2026-08-04T09:40:01,leasing,DS,DS3,1,0,0.0
2026-08-04T09:40:01,leasing,DS,DS3 CROSSBACK,2,1,0.5
2026-08-04T09:40:01,leasing,DS,DS4,1,0,0.0
2026-08-04T09:40:01,leasing,DS,DS7,2,0,0.0
2026-08-04T09:40:01,leasing,FIAT,500,1,0,0.0
2026-08-04T09:40:01,leasing,FORD,KUGA,8,0,0.0
2026-08-04T09:40:01,leasing,FORD,PUMA,1,0,0.0
2026-08-04T09:40:01,leasing,HYUNDAI,I30,1,0,0.0
2026-08-04T09:40:01,leasing,HYUNDAI,IONIQ,1,1,1.0
2026-08-04T09:40:01,leasing,HYUNDAI,SANTA FE,1,0,0.0
2026-08-04T09:40:01,leasing,HYUNDAI,TUCSON,8,0,0.0
2026-08-04T09:40:01,leasing,JEEP,AVENGER,2,2,1.0
2026-08-04T09:40:01,leasing,KIA,CEED,4,0,0.0
2026-08-04T09:40:01,leasing,KIA,NIRO,1,0,0.0
2026-08-04T09:40:01,leasing,KIA,NIRO EV,7,7,1.0
2026-08-04T09:40:01,leasing,KIA,PICANTO,1,0,0.0
2026-08-04T09:40:01,leasing,KIA,PROCEED,1,0,0.0
2026-08-04T09:40:01,leasing,KIA,RIO,2,0,0.0
2026-08-04T09:40:01,leasing,KIA,SORENTO,1,0,0.0
2026-08-04T09:40:01,leasing,KIA,SPORTAGE,11,0,0.0
2026-08-04T09:40:01,leasing,KIA,STONIC,8,0,0.0
2026-08-04T09:40:01,leasing,KIA,XCEED,1,0,0.0
2026-08-04T09:40:01,leasing,MERCEDES-BENZ,CLA COUPE,1,0,0.0
2026-08-04T09:40:01,leasing,MERCEDES-BENZ,CLASSE A,2,0,0.0
2026-08-04T09:40:01,leasing,MERCEDES-BENZ,CLASSE CLA,2,0,0.0
2026-08-04T09:40:01,leasing,MG,MG5,1,1,1.0
2026-08-04T09:40:01,leasing,MINI,MINI,1,0,0.0
2026-08-04T09:40:01,leasing,NISSAN,JUKE,1,0,0.0
2026-08-04T09:40:01,leasing,NISSAN,LEAF,1,1,1.0
2026-08-04T09:40:01,leasing,NISSAN,QASHQAI,9,0,0.0
2026-08-04T09:40:01,leasing,NISSAN,X-TRAIL,1,0,0.0
2026-08-04T09:40:01,leasing,OPEL,ASTRA,1,0,0.0
2026-08-04T09:40:01,leasing,OPEL,CORSA,3,0,0.0
2026-08-04T09:40:01,leasing,OPEL,CROSSLAND,3,0,0.0
2026-08-04T09:40:01,leasing,OPEL,GRANDLAND,1,0,0.0
2026-08-04T09:40:01,leasing,PEUGEOT,2008,26,0,0.0
2026-08-04T09:40:01,leasing,PEUGEOT,208,7,0,0.0
2026-08-04T09:40:01,leasing,PEUGEOT,3008,30,0,0.0
2026-08-04T09:40:01,leasing,PEUGEOT,308,10,0,0.0
2026-08-04T09:40:01,leasing,PEUGEOT,308 SW,2,0,0.0
2026-08-04T09:40:01,leasing,PEUGEOT,408,1,0,0.0
2026-08-04T09:40:01,leasing,PEUGEOT,5008,13,0,0.0
2026-08-04T09:40:01,leasing,PEUGEOT,E-2008,13,13,1.0
2026-08-04T09:40:01,leasing,PEUGEOT,E-208,2,2,1.0
2026-08-04T09:40:01,leasing,PEUGEOT,EXPERT,3,0,0.0
2026-08-04T09:40:01,leasing,PEUGEOT,PARTNER,7,0,0.0
2026-08-04T09:40:01,leasing,RENAULT,ARKANA,15,0,0.0
2026-08-04T09:40:01,leasing,RENAULT,AUSTRAL,6,0,0.0
2026-08-04T09:40:01,leasing,RENAULT,CAPTUR,14,0,0.0
2026-08-04T09:40:01,leasing,RENAULT,CLIO,24,0,0.0
2026-08-04T09:40:01,leasing,RENAULT,ESPACE,1,0,0.0
2026-08-04T09:40:01,leasing,RENAULT,EXPRESS,17,0,0.0
2026-08-04T09:40:01,leasing,RENAULT,KANGOO,4,0,0.0
2026-08-04T09:40:01,leasing,RENAULT,MASTER,1,0,0.0
2026-08-04T09:40:01,leasing,RENAULT,MEGANE,11,0,0.0
2026-08-04T09:40:01,leasing,RENAULT,SCENIC,6,0,0.0
2026-08-04T09:40:01,leasing,RENAULT,TRAFIC,5,0,0.0
2026-08-04T09:40:01,leasing,RENAULT,ZOE,1,1,1.0
2026-08-04T09:40:01,leasing,SEAT,ARONA,1,0,0.0
2026-08-04T09:40:01,leasing,SKODA,ENYAQ,1,1,1.0
2026-08-04T09:40:01,leasing,SKODA,FABIA,6,0,0.0
2026-08-04T09:40:01,leasing,SKODA,KAMIQ,5,0,0.0
2026-08-04T09:40:01,leasing,SKODA,KODIAQ,2,0,0.0
2026-08-04T09:40:01,leasing,SUZUKI,SWIFT,1,0,0.0
2026-08-04T09:40:01,leasing,TESLA,MODEL 3,5,5,1.0
2026-08-04T09:40:01,leasing,TESLA,MODEL Y,9,9,1.0
2026-08-04T09:40:01,leasing,TOYOTA,AYGO X,3,0,0.0
2026-08-04T09:40:01,leasing,TOYOTA,C-HR,4,0,0.0
2026-08-04T09:40:01,leasing,TOYOTA,COROLLA,3,0,0.0
2026-08-04T09:40:01,leasing,TOYOTA,COROLLA TS,11,0,0.0
2026-08-04T09:40:01,leasing,TOYOTA,PROACE CITY,1,0,0.0
2026-08-04T09:40:01,leasing,TOYOTA,RAV4 HSD,3,0,0.0
2026-08-04T09:40:01,leasing,TOYOTA,RAV4 PLUG IN,4,0,0.0
2026-08-04T09:40:01,leasing,TOYOTA,YARIS,1,0,0.0
2026-08-04T09:40:01,leasing,TOYOTA,YARIS HYBRID,2,0,0.0
2026-08-04T09:40:01,leasing,VOLKSWAGEN,GOLF,8,0,0.0
2026-08-04T09:40:01,leasing,VOLKSWAGEN,ID.3,2,2,1.0
2026-08-04T09:40:01,leasing,VOLKSWAGEN,POLO,6,0,0.0
2026-08-04T09:40:01,leasing,VOLKSWAGEN,T-ROC,4,0,0.0
2026-08-04T09:40:01,leasing,VOLKSWAGEN,TAIGO,2,0,0.0
2026-08-04T09:40:01,leasing,VOLKSWAGEN,TIGUAN,5,0,0.0
2026-08-04T09:40:01,leasing,VOLKSWAGEN,TIGUAN ALLSPACE,1,0,0.0
2026-08-04T09:40:01,leasing,VOLKSWAGEN,TOURAN,2,0,0.0
2026-08-04T09:40:01,leasing,VOLKSWAGEN,TRANSPORTER,1,0,0.0
2026-08-04T09:40:01,cash,AUDI,A1 SPORTBACK,1,0,0.0
2026-08-04T09:40:01,cash,AUDI,A3 SPORTBACK,4,0,0.0
2026-08-04T09:40:01,cash,BMW,IX1,1,1,1.0
2026-08-04T09:40:01,cash,BMW,IX3,1,1,1.0
2026-08-04T09:40:01,cash,BMW,SERIE 1,7,0,0.0
2026-08-04T09:40:01,cash,BMW,SERIE 2 ACTIVE TOURE,2,0,0.0
2026-08-04T09:40:01,cash,BMW,X1,9,0,0.0
2026-08-04T09:40:01,cash,BMW,X2,1,0,0.0
2026-08-04T09:40:01,cash,BMW,X3,2,0,0.0
2026-08-04T09:40:01,cash,BMW,X5,1,0,0.0
2026-08-04T09:40:01,cash,CITROEN,BERLINGO,6,0,0.0
2026-08-04T09:40:01,cash,CITROEN,C3,6,0,0.0
2026-08-04T09:40:01,cash,CITROEN,C3 AIRCROSS,7,0,0.0
2026-08-04T09:40:01,cash,CITROEN,C4,4,0,0.0
2026-08-04T09:40:01,cash,CITROEN,C5 AIRCROSS,14,0,0.0
2026-08-04T09:40:01,cash,CITROEN,C5 X,4,0,0.0
2026-08-04T09:40:01,cash,CITROEN,E-C4,1,1,1.0
2026-08-04T09:40:01,cash,CITROEN,GRAND C4 SPACETOURER,1,0,0.0
2026-08-04T09:40:01,cash,CITROEN,JUMPY,5,0,0.0
2026-08-04T09:40:01,cash,CUPRA,FORMENTOR,3,0,0.0
2026-08-04T09:40:01,cash,DACIA,JOGGER,1,0,0.0
2026-08-04T09:40:01,cash,DACIA,SANDERO,1,0,0.0
2026-08-04T09:40:01,cash,DS,DS3,1,0,0.0
2026-08-04T09:40:01,cash,DS,DS3 CROSSBACK,2,1,0.5
2026-08-04T09:40:01,cash,DS,DS4,1,0,0.0
2026-08-04T09:40:01,cash,DS,DS7,2,0,0.0
2026-08-04T09:40:01,cash,FIAT,500,1,0,0.0
2026-08-04T09:40:01,cash,FORD,KUGA,9,0,0.0
2026-08-04T09:40:01,cash,FORD,PUMA,1,0,0.0
2026-08-04T09:40:01,cash,FORD,TRANSIT CUSTOM,1,0,0.0
2026-08-04T09:40:01,cash,HYUNDAI,I30,1,0,0.0
2026-08-04T09:40:01,cash,HYUNDAI,IONIQ,1,1,1.0
2026-08-04T09:40:01,cash,HYUNDAI,SANTA FE,1,0,0.0
2026-08-04T09:40:01,cash,HYUNDAI,TUCSON,8,0,0.0
2026-08-04T09:40:01,cash,JEEP,AVENGER,2,2,1.0
2026-08-04T09:40:01,cash,KIA,CEED,4,0,0.0
2026-08-04T09:40:01,cash,KIA,NIRO,1,0,0.0
2026-08-04T09:40:01,cash,KIA,NIRO EV,7,7,1.0
2026-08-04T09:40:01,cash,KIA,PICANTO,1,0,0.0
2026-08-04T09:40:01,cash,KIA,PROCEED,1,0,0.0
2026-08-04T09:40:01,cash,KIA,RIO,2,0,0.0
2026-08-04T09:40:01,cash,KIA,SORENTO,1,0,0.0
2026-08-04T09:40:01,cash,KIA,SPORTAGE,11,0,0.0
2026-08-04T09:40:01,cash,KIA,STONIC,9,0,0.0
2026-08-04T09:40:01,cash,KIA,XCEED,1,0,0.0
2026-08-04T09:40:01,cash,MERCEDES-BENZ,CLA COUPE,1,0,0.0
2026-08-04T09:40:01,cash,MERCEDES-BENZ,CLASSE A,4,0,0.0
2026-08-04T09:40:01,cash,MERCEDES-BENZ,CLASSE CLA,2,0,0.0
2026-08-04T09:40:01,cash,MERCEDES-BENZ,EQA,1,1,1.0
2026-08-04T09:40:01,cash,MERCEDES-BENZ,GLB,1,0,0.0
2026-08-04T09:40:01,cash,MG,MG5,1,1,1.0
2026-08-04T09:40:01,cash,MINI,MINI,1,0,0.0
2026-08-04T09:40:01,cash,NISSAN,JUKE,1,0,0.0
2026-08-04T09:40:01,cash,NISSAN,LEAF,1,1,1.0
2026-08-04T09:40:01,cash,NISSAN,QASHQAI,9,0,0.0
2026-08-04T09:40:01,cash,NISSAN,X-TRAIL,1,0,0.0
2026-08-04T09:40:01,cash,OPEL,ASTRA,1,0,0.0
2026-08-04T09:40:01,cash,OPEL,CORSA,3,0,0.0
2026-08-04T09:40:01,cash,OPEL,CROSSLAND,3,0,0.0
2026-08-04T09:40:01,cash,OPEL,GRANDLAND,1,0,0.0
2026-08-04T09:40:01,cash,OPEL,GRANDLAND X,1,0,0.0
2026-08-04T09:40:01,cash,PEUGEOT,108,1,0,0.0
2026-08-04T09:40:01,cash,PEUGEOT,2008,27,0,0.0
2026-08-04T09:40:01,cash,PEUGEOT,208,8,0,0.0
2026-08-04T09:40:01,cash,PEUGEOT,3008,34,0,0.0
2026-08-04T09:40:01,cash,PEUGEOT,308,10,0,0.0
2026-08-04T09:40:01,cash,PEUGEOT,308 SW,2,0,0.0
2026-08-04T09:40:01,cash,PEUGEOT,408,1,0,0.0
2026-08-04T09:40:01,cash,PEUGEOT,5008,13,0,0.0
2026-08-04T09:40:01,cash,PEUGEOT,E-2008,13,13,1.0
2026-08-04T09:40:01,cash,PEUGEOT,E-208,3,3,1.0
2026-08-04T09:40:01,cash,PEUGEOT,E-308,2,2,1.0
2026-08-04T09:40:01,cash,PEUGEOT,EXPERT,3,0,0.0
2026-08-04T09:40:01,cash,PEUGEOT,PARTNER,8,0,0.0
2026-08-04T09:40:01,cash,RENAULT,ARKANA,15,0,0.0
2026-08-04T09:40:01,cash,RENAULT,AUSTRAL,6,0,0.0
2026-08-04T09:40:01,cash,RENAULT,CAPTUR,15,0,0.0
2026-08-04T09:40:01,cash,RENAULT,CLIO,28,0,0.0
2026-08-04T09:40:01,cash,RENAULT,ESPACE,1,0,0.0
2026-08-04T09:40:01,cash,RENAULT,EXPRESS,17,0,0.0
2026-08-04T09:40:01,cash,RENAULT,KADJAR,1,0,0.0
2026-08-04T09:40:01,cash,RENAULT,KANGOO,4,0,0.0
2026-08-04T09:40:01,cash,RENAULT,MASTER,1,0,0.0
2026-08-04T09:40:01,cash,RENAULT,MEGANE,12,0,0.0
2026-08-04T09:40:01,cash,RENAULT,MEGANE E-TECH,1,1,1.0
2026-08-04T09:40:01,cash,RENAULT,SCENIC,6,0,0.0
2026-08-04T09:40:01,cash,RENAULT,SYMBIOZ,1,0,0.0
2026-08-04T09:40:01,cash,RENAULT,TRAFIC,5,0,0.0
2026-08-04T09:40:01,cash,RENAULT,TWINGO,1,0,0.0
2026-08-04T09:40:01,cash,RENAULT,ZOE,1,1,1.0
2026-08-04T09:40:01,cash,SEAT,ARONA,1,0,0.0
2026-08-04T09:40:01,cash,SKODA,ENYAQ,1,1,1.0
2026-08-04T09:40:01,cash,SKODA,FABIA,6,0,0.0
2026-08-04T09:40:01,cash,SKODA,KAMIQ,5,0,0.0
2026-08-04T09:40:01,cash,SKODA,KAROQ,1,0,0.0
2026-08-04T09:40:01,cash,SKODA,KODIAQ,2,0,0.0
2026-08-04T09:40:01,cash,SUZUKI,SWIFT,1,0,0.0
2026-08-04T09:40:01,cash,TESLA,MODEL 3,7,7,1.0
2026-08-04T09:40:01,cash,TESLA,MODEL Y,9,9,1.0
2026-08-04T09:40:01,cash,TOYOTA,AYGO X,3,0,0.0
2026-08-04T09:40:01,cash,TOYOTA,C-HR,5,0,0.0
2026-08-04T09:40:01,cash,TOYOTA,COROLLA,3,0,0.0
2026-08-04T09:40:01,cash,TOYOTA,COROLLA TS,11,0,0.0
2026-08-04T09:40:01,cash,TOYOTA,PROACE CITY,1,0,0.0
2026-08-04T09:40:01,cash,TOYOTA,RAV4 HSD,4,0,0.0
2026-08-04T09:40:01,cash,TOYOTA,RAV4 PLUG IN,4,0,0.0
2026-08-04T09:40:01,cash,TOYOTA,YARIS,1,0,0.0
2026-08-04T09:40:01,cash,TOYOTA,YARIS HYBRID,2,0,0.0
2026-08-04T09:40:01,cash,VOLKSWAGEN,GOLF,8,0,0.0
2026-08-04T09:40:01,cash,VOLKSWAGEN,ID.3,2,2,1.0
2026-08-04T09:40:01,cash,VOLKSWAGEN,POLO,7,0,0.0
2026-08-04T09:40:01,cash,VOLKSWAGEN,T-ROC,5,0,0.0
2026-08-04T09:40:01,cash,VOLKSWAGEN,TAIGO,3,0,0.0
2026-08-04T09:40:01,cash,VOLKSWAGEN,TIGUAN,5,0,0.0
2026-08-04T09:40:01,cash,VOLKSWAGEN,TIGUAN ALLSPACE,3,0,0.0
2026-08-04T09:40:01,cash,VOLKSWAGEN,TOURAN,2,0,0.0
2026-08-04T09:40:01,cash,VOLKSWAGEN,TRANSPORTER,1,0,0.0
2026-08-05T09:38:47,leasing,AUDI,A1 SPORTBACK,1,0,0.0
2026-08-05T09:38:47,leasing,AUDI,A3 SPORTBACK,4,0,0.0
2026-08-05T09:38:47,leasing,AUDI,Q4 E-TRON SPORTBACK,1,1,1.0
2026-08-05T09:38:47,leasing,BMW,IX1,1,1,1.0
2026-08-05T09:38:47,leasing,BMW,IX3,1,1,1.0
2026-08-05T09:38:47,leasing,BMW,SERIE 1,7,0,0.0
2026-08-05T09:38:47,leasing,BMW,SERIE 2 ACTIVE TOURE,1,0,0.0
2026-08-05T09:38:47,leasing,BMW,X1,9,0,0.0
2026-08-05T09:38:47,leasing,BMW,X2,1,0,0.0
2026-08-05T09:38:47,leasing,BMW,X3,1,0,0.0
2026-08-05T09:38:47,leasing,CITROEN,BERLINGO,5,0,0.0
2026-08-05T09:38:47,leasing,CITROEN,C3,5,0,0.0
2026-08-05T09:38:47,leasing,CITROEN,C3 AIRCROSS,7,0,0.0
2026-08-05T09:38:47,leasing,CITROEN,C4,4,0,0.0
2026-08-05T09:38:47,leasing,CITROEN,C5 AIRCROSS,14,0,0.0
2026-08-05T09:38:47,leasing,CITROEN,C5 X,4,0,0.0
2026-08-05T09:38:47,leasing,CITROEN,GRAND C4 SPACETOURER,1,0,0.0
2026-08-05T09:38:47,leasing,CITROEN,JUMPY,5,0,0.0
2026-08-05T09:38:47,leasing,CUPRA,FORMENTOR,3,0,0.0
2026-08-05T09:38:47,leasing,DACIA,JOGGER,1,0,0.0
2026-08-05T09:38:47,leasing,DACIA,SANDERO,1,0,0.0
2026-08-05T09:38:47,leasing,DS,DS3,1,0,0.0
2026-08-05T09:38:47,leasing,DS,DS3 CROSSBACK,2,1,0.5
2026-08-05T09:38:47,leasing,DS,DS4,1,0,0.0
2026-08-05T09:38:47,leasing,DS,DS7,2,0,0.0
2026-08-05T09:38:47,leasing,FIAT,500,1,0,0.0
2026-08-05T09:38:47,leasing,FORD,KUGA,6,0,0.0
2026-08-05T09:38:47,leasing,FORD,PUMA,1,0,0.0
2026-08-05T09:38:47,leasing,HYUNDAI,I30,1,0,0.0
2026-08-05T09:38:47,leasing,HYUNDAI,IONIQ,1,1,1.0
2026-08-05T09:38:47,leasing,HYUNDAI,SANTA FE,1,0,0.0
2026-08-05T09:38:47,leasing,HYUNDAI,TUCSON,8,0,0.0
2026-08-05T09:38:47,leasing,JEEP,AVENGER,2,2,1.0
2026-08-05T09:38:47,leasing,KIA,CEED,4,0,0.0
2026-08-05T09:38:47,leasing,KIA,NIRO,1,0,0.0
2026-08-05T09:38:47,leasing,KIA,NIRO EV,8,8,1.0
2026-08-05T09:38:47,leasing,KIA,PICANTO,1,0,0.0
2026-08-05T09:38:47,leasing,KIA,PROCEED,1,0,0.0
2026-08-05T09:38:47,leasing,KIA,RIO,2,0,0.0
2026-08-05T09:38:47,leasing,KIA,SORENTO,1,0,0.0
2026-08-05T09:38:47,leasing,KIA,SPORTAGE,10,0,0.0
2026-08-05T09:38:47,leasing,KIA,STONIC,8,0,0.0
2026-08-05T09:38:47,leasing,KIA,XCEED,1,0,0.0
2026-08-05T09:38:47,leasing,MERCEDES-BENZ,CLA COUPE,1,0,0.0
2026-08-05T09:38:47,leasing,MERCEDES-BENZ,CLASSE A,1,0,0.0
2026-08-05T09:38:47,leasing,MERCEDES-BENZ,CLASSE CLA,2,0,0.0
2026-08-05T09:38:47,leasing,MERCEDES-BENZ,CLASSE GLA,1,0,0.0
2026-08-05T09:38:47,leasing,MG,MG5,1,1,1.0
2026-08-05T09:38:47,leasing,MINI,MINI,1,0,0.0
2026-08-05T09:38:47,leasing,NISSAN,JUKE,1,0,0.0
2026-08-05T09:38:47,leasing,NISSAN,LEAF,1,1,1.0
2026-08-05T09:38:47,leasing,NISSAN,QASHQAI,8,0,0.0
2026-08-05T09:38:47,leasing,NISSAN,X-TRAIL,1,0,0.0
2026-08-05T09:38:47,leasing,OPEL,ASTRA,1,0,0.0
2026-08-05T09:38:47,leasing,OPEL,CORSA,3,0,0.0
2026-08-05T09:38:47,leasing,OPEL,CROSSLAND,3,0,0.0
2026-08-05T09:38:47,leasing,OPEL,GRANDLAND,1,0,0.0
2026-08-05T09:38:47,leasing,PEUGEOT,2008,26,0,0.0
2026-08-05T09:38:47,leasing,PEUGEOT,208,7,0,0.0
2026-08-05T09:38:47,leasing,PEUGEOT,3008,29,0,0.0
2026-08-05T09:38:47,leasing,PEUGEOT,308,9,0,0.0
2026-08-05T09:38:47,leasing,PEUGEOT,308 SW,2,0,0.0
2026-08-05T09:38:47,leasing,PEUGEOT,408,1,0,0.0
2026-08-05T09:38:47,leasing,PEUGEOT,5008,13,0,0.0
2026-08-05T09:38:47,leasing,PEUGEOT,E-2008,12,12,1.0
2026-08-05T09:38:47,leasing,PEUGEOT,E-208,2,2,1.0
2026-08-05T09:38:47,leasing,PEUGEOT,EXPERT,3,0,0.0
2026-08-05T09:38:47,leasing,PEUGEOT,PARTNER,7,0,0.0
2026-08-05T09:38:47,leasing,RENAULT,ARKANA,15,0,0.0
2026-08-05T09:38:47,leasing,RENAULT,AUSTRAL,6,0,0.0
2026-08-05T09:38:47,leasing,RENAULT,CAPTUR,14,0,0.0
2026-08-05T09:38:47,leasing,RENAULT,CLIO,22,0,0.0
2026-08-05T09:38:47,leasing,RENAULT,ESPACE,1,0,0.0
2026-08-05T09:38:47,leasing,RENAULT,EXPRESS,17,0,0.0
2026-08-05T09:38:47,leasing,RENAULT,KANGOO,4,0,0.0
2026-08-05T09:38:47,leasing,RENAULT,MASTER,1,0,0.0
2026-08-05T09:38:47,leasing,RENAULT,MEGANE,10,0,0.0
2026-08-05T09:38:47,leasing,RENAULT,MEGANE E-TECH,1,1,1.0
2026-08-05T09:38:47,leasing,RENAULT,SCENIC,6,0,0.0
2026-08-05T09:38:47,leasing,RENAULT,TRAFIC,5,0,0.0
2026-08-05T09:38:47,leasing,RENAULT,ZOE,1,1,1.0
2026-08-05T09:38:47,leasing,SEAT,ARONA,1,0,0.0
2026-08-05T09:38:47,leasing,SKODA,ENYAQ,2,2,1.0
2026-08-05T09:38:47,leasing,SKODA,FABIA,6,0,0.0
2026-08-05T09:38:47,leasing,SKODA,KAMIQ,5,0,0.0
2026-08-05T09:38:47,leasing,SKODA,KODIAQ,2,0,0.0
2026-08-05T09:38:47,leasing,TESLA,MODEL 3,5,5,1.0
2026-08-05T09:38:47,leasing,TESLA,MODEL Y,10,10,1.0
2026-08-05T09:38:47,leasing,TOYOTA,AYGO X,3,0,0.0
2026-08-05T09:38:47,leasing,TOYOTA,C-HR,4,0,0.0
2026-08-05T09:38:47,leasing,TOYOTA,COROLLA,3,0,0.0
2026-08-05T09:38:47,leasing,TOYOTA,COROLLA TS,11,0,0.0
2026-08-05T09:38:47,leasing,TOYOTA,PROACE CITY,1,0,0.0
2026-08-05T09:38:47,leasing,TOYOTA,RAV4 HSD,3,0,0.0
2026-08-05T09:38:47,leasing,TOYOTA,RAV4 PLUG IN,4,0,0.0
2026-08-05T09:38:47,leasing,TOYOTA,YARIS,1,0,0.0
2026-08-05T09:38:47,leasing,TOYOTA,YARIS HYBRID,3,0,0.0
2026-08-05T09:38:47,leasing,VOLKSWAGEN,GOLF,8,0,0.0
2026-08-05T09:38:47,leasing,VOLKSWAGEN,ID.3,2,2,1.0
2026-08-05T09:38:47,leasing,VOLKSWAGEN,POLO,5,0,0.0
2026-08-05T09:38:47,leasing,VOLKSWAGEN,T-ROC,5,0,0.0
2026-08-05T09:38:47,leasing,VOLKSWAGEN,TAIGO,3,0,0.0
2026-08-05T09:38:47,leasing,VOLKSWAGEN,TIGUAN,5,0,0.0
2026-08-05T09:38:47,leasing,VOLKSWAGEN,TIGUAN ALLSPACE,1,0,0.0
2026-08-05T09:38:47,leasing,VOLKSWAGEN,TOURAN,2,0,0.0
2026-08-05T09:38:47,leasing,VOLKSWAGEN,TRANSPORTER,1,0,0.0
2026-08-05T09:38:47,cash,AUDI,A1 SPORTBACK,1,0,0.0
2026-08-05T09:38:47,cash,AUDI,A3 SPORTBACK,4,0,0.0
2026-08-05T09:38:47,cash,AUDI,Q4 E-TRON SPORTBACK,1,1,1.0
2026-08-05T09:38:47,cash,BMW,IX1,1,1,1.0
2026-08-05T09:38:47,cash,BMW,IX3,1,1,1.0
2026-08-05T09:38:47,cash,BMW,SERIE 1,7,0,0.0
2026-08-05T09:38:47,cash,BMW,SERIE 2 ACTIVE TOURE,2,0,0.0
2026-08-05T09:38:47,cash,BMW,X1,11,0,0.0
2026-08-05T09:38:47,cash,BMW,X2,1,0,0.0
2026-08-05T09:38:47,cash,BMW,X3,1,0,0.0
2026-08-05T09:38:47,cash,BMW,X5,1,0,0.0
2026-08-05T09:38:47,cash,CITROEN,BERLINGO,6,0,0.0
2026-08-05T09:38:47,cash,CITROEN,C3,7,0,0.0
2026-08-05T09:38:47,cash,CITROEN,C3 AIRCROSS,7,0,0.0
2026-08-05T09:38:47,cash,CITROEN,C4,4,0,0.0
2026-08-05T09:38:47,cash,CITROEN,C5 AIRCROSS,14,0,0.0
2026-08-05T09:38:47,cash,CITROEN,C5 X,4,0,0.0
2026-08-05T09:38:47,cash,CITROEN,E-C4,1,1,1.0
2026-08-05T09:38:47,cash,CITROEN,GRAND C4 SPACETOURER,1,0,0.0
2026-08-05T09:38:47,cash,CITROEN,JUMPY,5,0,0.0
2026-08-05T09:38:47,cash,CUPRA,FORMENTOR,3,0,0.0
2026-08-05T09:38:47,cash,DACIA,JOGGER,1,0,0.0
2026-08-05T09:38:47,cash,DACIA,SANDERO,1,0,0.0
2026-08-05T09:38:47,cash,DS,DS3,1,0,0.0
2026-08-05T09:38:47,cash,DS,DS3 CROSSBACK,2,1,0.5
2026-08-05T09:38:47,cash,DS,DS4,1,0,0.0
2026-08-05T09:38:47,cash,DS,DS7,2,0,0.0
2026-08-05T09:38:47,cash,FIAT,500,1,0,0.0
2026-08-05T09:38:47,cash,FORD,KUGA,7,0,0.0
2026-08-05T09:38:47,cash,FORD,PUMA,1,0,0.0
2026-08-05T09:38:47,cash,FORD,TRANSIT CUSTOM,1,0,0.0
2026-08-05T09:38:47,cash,HYUNDAI,I30,1,0,0.0
2026-08-05T09:38:47,cash,HYUNDAI,IONIQ,1,1,1.0
2026-08-05T09:38:47,cash,HYUNDAI,SANTA FE,1,0,0.0
2026-08-05T09:38:47,cash,HYUNDAI,TUCSON,8,0,0.0
2026-08-05T09:38:47,cash,JEEP,AVENGER,2,2,1.0
2026-08-05T09:38:47,cash,KIA,CEED,4,0,0.0
2026-08-05T09:38:47,cash,KIA,NIRO,1,0,0.0
2026-08-05T09:38:47,cash,KIA,NIRO EV,8,8,1.0
2026-08-05T09:38:47,cash,KIA,PICANTO,1,0,0.0
2026-08-05T09:38:47,cash,KIA,PROCEED,1,0,0.0
2026-08-05T09:38:47,cash,KIA,RIO,2,0,0.0
2026-08-05T09:38:47,cash,KIA,SORENTO,1,0,0.0
2026-08-05T09:38:47,cash,KIA,SPORTAGE,10,0,0.0
2026-08-05T09:38:47,cash,KIA,STONIC,9,0,0.0
2026-08-05T09:38:47,cash,KIA,XCEED,1,0,0.0
2026-08-05T09:38:47,cash,LYNK,& CO LC01,1,0,0.0
2026-08-05T09:38:47,cash,MERCEDES-BENZ,CLA COUPE,1,0,0.0
2026-08-05T09:38:47,cash,MERCEDES-BENZ,CLASSE A,3,0,0.0
2026-08-05T09:38:47,cash,MERCEDES-BENZ,CLASSE CLA,2,0,0.0
2026-08-05T09:38:47,cash,MERCEDES-BENZ,CLASSE GLA,1,0,0.0
2026-08-05T09:38:47,cash,MERCEDES-BENZ,EQA,1,1,1.0
2026-08-05T09:38:47,cash,MERCEDES-BENZ,GLB,1,0,0.0
2026-08-05T09:38:47,cash,MG,MG5,1,1,1.0
2026-08-05T09:38:47,cash,MINI,MINI,1,0,0.0
2026-08-05T09:38:47,cash,NISSAN,JUKE,1,0,0.0
2026-08-05T09:38:47,cash,NISSAN,LEAF,1,1,1.0
2026-08-05T09:38:47,cash,NISSAN,QASHQAI,8,0,0.0
2026-08-05T09:38:47,cash,NISSAN,X-TRAIL,1,0,0.0
2026-08-05T09:38:47,cash,OPEL,ASTRA,1,0,0.0
2026-08-05T09:38:47,cash,OPEL,CORSA,3,0,0.0
2026-08-05T09:38:47,cash,OPEL,CROSSLAND,3,0,0.0
2026-08-05T09:38:47,cash,OPEL,GRANDLAND,1,0,0.0
2026-08-05T09:38:47,cash,OPEL,GRANDLAND X,1,0,0.0
2026-08-05T09:38:47,cash,PEUGEOT,108,1,0,0.0
2026-08-05T09:38:47,cash,PEUGEOT,2008,27,0,0.0
2026-08-05T09:38:47,cash,PEUGEOT,208,8,0,0.0
2026-08-05T09:38:47,cash,PEUGEOT,3008,33,0,0.0
2026-08-05T09:38:47,cash,PEUGEOT,308,9,0,0.0
2026-08-05T09:38:47,cash,PEUGEOT,308 SW,2,0,0.0
2026-08-05T09:38:47,cash,PEUGEOT,408,1,0,0.0
2026-08-05T09:38:47,cash,PEUGEOT,5008,13,0,0.0
2026-08-05T09:38:47,cash,PEUGEOT,E-2008,12,12,1.0
2026-08-05T09:38:47,cash,PEUGEOT,E-208,3,3,1.0
2026-08-05T09:38:47,cash,PEUGEOT,E-308,2,2,1.0
2026-08-05T09:38:47,cash,PEUGEOT,EXPERT,3,0,0.0
2026-08-05T09:38:47,cash,PEUGEOT,PARTNER,8,0,0.0
2026-08-05T09:38:47,cash,RENAULT,ARKANA,15,0,0.0
2026-08-05T09:38:47,cash,RENAULT,AUSTRAL,6,0,0.0
2026-08-05T09:38:47,cash,RENAULT,CAPTUR,15,0,0.0
2026-08-05T09:38:47,cash,RENAULT,CLIO,26,0,0.0
2026-08-05T09:38:47,cash,RENAULT,ESPACE,1,0,0.0
2026-08-05T09:38:47,cash,RENAULT,EXPRESS,17,0,0.0
2026-08-05T09:38:47,cash,RENAULT,KADJAR,1,0,0.0
2026-08-05T09:38:47,cash,RENAULT,KANGOO,4,0,0.0
2026-08-05T09:38:47,cash,RENAULT,MASTER,1,0,0.0
2026-08-05T09:38:47,cash,RENAULT,MEGANE,11,0,0.0
2026-08-05T09:38:47,cash,RENAULT,MEGANE E-TECH,1,1,1.0
2026-08-05T09:38:47,cash,RENAULT,SCENIC,6,0,0.0
2026-08-05T09:38:47,cash,RENAULT,SYMBIOZ,1,0,0.0
2026-08-05T09:38:47,cash,RENAULT,TRAFIC,5,0,0.0
2026-08-05T09:38:47,cash,RENAULT,TWINGO,1,0,0.0
2026-08-05T09:38:47,cash,RENAULT,ZOE,1,1,1.0
2026-08-05T09:38:47,cash,SEAT,ARONA,1,0,0.0
2026-08-05T09:38:47,cash,SKODA,ENYAQ,2,2,1.0
2026-08-05T09:38:47,cash,SKODA,FABIA,6,0,0.0
2026-08-05T09:38:47,cash,SKODA,KAMIQ,5,0,0.0
2026-08-05T09:38:47,cash,SKODA,KAROQ,1,0,0.0
2026-08-05T09:38:47,cash,SKODA,KODIAQ,2,0,0.0
2026-08-05T09:38:47,cash,TESLA,MODEL 3,7,7,1.0
2026-08-05T09:38:47,cash,TESLA,MODEL Y,10,10,1.0
2026-08-05T09:38:47,cash,TOYOTA,AYGO X,3,0,0.0
2026-08-05T09:38:47,cash,TOYOTA,C-HR,4,0,0.0
2026-08-05T09:38:47,cash,TOYOTA,COROLLA,3,0,0.0
2026-08-05T09:38:47,cash,TOYOTA,COROLLA TS,11,0,0.0
2026-08-05T09:38:47,cash,TOYOTA,PROACE CITY,1,0,0.0
2026-08-05T09:38:47,cash,TOYOTA,RAV4 HSD,4,0,0.0
2026-08-05T09:38:47,cash,TOYOTA,RAV4 PLUG IN,4,0,0.0
2026-08-05T09:38:47,cash,TOYOTA,YARIS,1,0,0.0
2026-08-05T09:38:47,cash,TOYOTA,YARIS HYBRID,3,0,0.0
2026-08-05T09:38:47,cash,VOLKSWAGEN,GOLF,8,0,0.0
2026-08-05T09:38:47,cash,VOLKSWAGEN,ID.3,2,2,1.0
2026-08-05T09:38:47,cash,VOLKSWAGEN,POLO,6,0,0.0
2026-08-05T09:38:47,cash,VOLKSWAGEN,T-ROC,6,0,0.0
2026-08-05T09:38:47,cash,VOLKSWAGEN,TAIGO,3,0,0.0
2026-08-05T09:38:47,cash,VOLKSWAGEN,TIGUAN,5,0,0.0
2026-08-05T09:38:47,cash,VOLKSWAGEN,TIGUAN ALLSPACE,3,0,0.0
2026-08-05T09:38:47,cash,VOLKSWAGEN,TOURAN,2,0,0.0
2026-08-05T09:38:47,cash,VOLKSWAGEN,TRANSPORTER,1,0,0.0
2026-08-06T09:41:44,leasing,AUDI,A1 SPORTBACK,1,0,0.0
2026-08-06T09:41:44,leasing,AUDI,A3 SPORTBACK,4,0,0.0
2026-08-06T09:41:44,leasing,AUDI,Q3 SPORTBACK,1,0,0.0
2026-08-06T09:41:44,leasing,AUDI,Q4 E-TRON SPORTBACK,1,1,1.0
2026-08-06T09:41:44,leasing,BMW,IX1,1,1,1.0
2026-08-06T09:41:44,leasing,BMW,IX3,1,1,1.0
2026-08-06T09:41:44,leasing,BMW,SERIE 1,7,0,0.0
2026-08-06T09:41:44,leasing,BMW,X1,8,0,0.0
2026-08-06T09:41:44,leasing,BMW,X2,1,0,0.0
2026-08-06T09:41:44,leasing,BMW,X3,1,0,0.0
2026-08-06T09:41:44,leasing,CITROEN,BERLINGO,6,0,0.0
2026-08-06T09:41:44,leasing,CITROEN,C3,5,0,0.0
2026-08-06T09:41:44,leasing,CITROEN,C3 AIRCROSS,7,0,0.0
2026-08-06T09:41:44,leasing,CITROEN,C4,4,0,0.0
2026-08-06T09:41:44,leasing,CITROEN,C5 AIRCROSS,15,0,0.0
2026-08-06T09:41:44,leasing,CITROEN,C5 X,4,0,0.0
2026-08-06T09:41:44,leasing,CITROEN,GRAND C4 SPACETOURER,1,0,0.0
2026-08-06T09:41:44,leasing,CITROEN,JUMPY,5,0,0.0
2026-08-06T09:41:44,leasing,CUPRA,FORMENTOR,3,0,0.0
2026-08-06T09:41:44,leasing,DACIA,JOGGER,1,0,0.0
2026-08-06T09:41:44,leasing,DACIA,SANDERO,1,0,0.0
2026-08-06T09:41:44,leasing,DS,DS3,1,0,0.0
2026-08-06T09:41:44,leasing,DS,DS3 CROSSBACK,2,1,0.5
2026-08-06T09:41:44,leasing,DS,DS4,1,0,0.0
2026-08-06T09:41:44,leasing,DS,DS7,2,0,0.0
2026-08-06T09:41:44,leasing,FIAT,500,1,0,0.0
2026-08-06T09:41:44,leasing,FORD,KUGA,6,0,0.0
2026-08-06T09:41:44,leasing,FORD,PUMA,1,0,0.0
2026-08-06T09:41:44,leasing,HYUNDAI,I30,1,0,0.0
2026-08-06T09:41:44,leasing,HYUNDAI,IONIQ,1,1,1.0
2026-08-06T09:41:44,leasing,HYUNDAI,SANTA FE,1,0,0.0
2026-08-06T09:41:44,leasing,HYUNDAI,TUCSON,8,0,0.0
2026-08-06T09:41:44,leasing,JEEP,AVENGER,2,2,1.0
2026-08-06T09:41:44,leasing,KIA,CEED,4,0,0.0
2026-08-06T09:41:44,leasing,KIA,EV6,1,1,1.0
2026-08-06T09:41:44,leasing,KIA,NIRO,1,0,0.0
2026-08-06T09:41:44,leasing,KIA,NIRO EV,9,9,1.0
2026-08-06T09:41:44,leasing,KIA,PICANTO,1,0,0.0
2026-08-06T09:41:44,leasing,KIA,PROCEED,1,0,0.0
2026-08-06T09:41:44,leasing,KIA,RIO,2,0,0.0
2026-08-06T09:41:44,leasing,KIA,SORENTO,1,0,0.0
2026-08-06T09:41:44,leasing,KIA,SPORTAGE,9,0,0.0
2026-08-06T09:41:44,leasing,KIA,STONIC,8,0,0.0
2026-08-06T09:41:44,leasing,KIA,XCEED,1,0,0.0
2026-08-06T09:41:44,leasing,MERCEDES-BENZ,CLA COUPE,1,0,0.0
2026-08-06T09:41:44,leasing,MERCEDES-BENZ,CLASSE A,1,0,0.0
2026-08-06T09:41:44,leasing,MERCEDES-BENZ,CLASSE CLA,2,0,0.0
2026-08-06T09:41:44,leasing,MERCEDES-BENZ,CLASSE GLA,1,0,0.0
2026-08-06T09:41:44,leasing,MG,MG5,1,1,1.0
2026-08-06T09:41:44,leasing,NISSAN,JUKE,1,0,0.0
2026-08-06T09:41:44,leasing,NISSAN,LEAF,1,1,1.0
2026-08-06T09:41:44,leasing,NISSAN,QASHQAI,9,0,0.0
2026-08-06T09:41:44,leasing,NISSAN,X-TRAIL,1,0,0.0
2026-08-06T09:41:44,leasing,OPEL,ASTRA,1,0,0.0
2026-08-06T09:41:44,leasing,OPEL,CORSA,3,0,0.0
2026-08-06T09:41:44,leasing,OPEL,CROSSLAND,3,0,0.0
2026-08-06T09:41:44,leasing,OPEL,GRANDLAND,1,0,0.0
2026-08-06T09:41:44,leasing,PEUGEOT,2008,26,0,0.0
2026-08-06T09:41:44,leasing,PEUGEOT,208,7,0,0.0
2026-08-06T09:41:44,leasing,PEUGEOT,3008,30,0,0.0
2026-08-06T09:41:44,leasing,PEUGEOT,308,9,0,0.0
2026-08-06T09:41:44,leasing,PEUGEOT,308 SW,2,0,0.0
2026-08-06T09:41:44,leasing,PEUGEOT,408,1,0,0.0
2026-08-06T09:41:44,leasing,PEUGEOT,5008,13,0,0.0
2026-08-06T09:41:44,leasing,PEUGEOT,E-2008,11,11,1.0
2026-08-06T09:41:44,leasing,PEUGEOT,E-208,1,1,1.0
2026-08-06T09:41:44,leasing,PEUGEOT,EXPERT,3,0,0.0
2026-08-06T09:41:44,leasing,PEUGEOT,PARTNER,7,0,0.0
2026-08-06T09:41:44,leasing,RENAULT,ARKANA,15,0,0.0
2026-08-06T09:41:44,leasing,RENAULT,AUSTRAL,5,0,0.0
2026-08-06T09:41:44,leasing,RENAULT,CAPTUR,13,0,0.0
2026-08-06T09:41:44,leasing,RENAULT,CLIO,22,0,0.0
2026-08-06T09:41:44,leasing,RENAULT,ESPACE,1,0,0.0
2026-08-06T09:41:44,leasing,RENAULT,EXPRESS,16,0,0.0
2026-08-06T09:41:44,leasing,RENAULT,KANGOO,5,0,0.0
2026-08-06T09:41:44,leasing,RENAULT,MASTER,1,0,0.0
2026-08-06T09:41:44,leasing,RENAULT,MEGANE,10,0,0.0
2026-08-06T09:41:44,leasing,RENAULT,SCENIC,6,0,0.0
2026-08-06T09:41:44,leasing,RENAULT,TRAFIC,5,0,0.0
2026-08-06T09:41:44,leasing,RENAULT,ZOE,1,1,1.0
2026-08-06T09:41:44,leasing,SEAT,ARONA,1,0,0.0
2026-08-06T09:41:44,leasing,SKODA,ENYAQ,2,2,1.0
2026-08-06T09:41:44,leasing,SKODA,FABIA,5,0,0.0
2026-08-06T09:41:44,leasing,SKODA,KAMIQ,5,0,0.0
2026-08-06T09:41:44,leasing,SKODA,KODIAQ,2,0,0.0
2026-08-06T09:41:44,leasing,TESLA,MODEL 3,4,4,1.0
2026-08-06T09:41:44,leasing,TESLA,MODEL Y,10,10,1.0
2026-08-06T09:41:44,leasing,TOYOTA,AYGO X,3,0,0.0
2026-08-06T09:41:44,leasing,TOYOTA,C-HR,2,0,0.0
2026-08-06T09:41:44,leasing,TOYOTA,COROLLA,4,0,0.0
2026-08-06T09:41:44,leasing,TOYOTA,COROLLA TS,11,0,0.0
2026-08-06T09:41:44,leasing,TOYOTA,PROACE CITY,1,0,0.0
2026-08-06T09:41:44,leasing,TOYOTA,RAV4 HSD,2,0,0.0
2026-08-06T09:41:44,leasing,TOYOTA,RAV4 PLUG IN,3,0,0.0
2026-08-06T09:41:44,leasing,TOYOTA,YARIS,1,0,0.0
2026-08-06T09:41:44,leasing,TOYOTA,YARIS HYBRID,3,0,0.0
2026-08-06T09:41:44,leasing,VOLKSWAGEN,GOLF,8,0,0.0
2026-08-06T09:41:44,leasing,VOLKSWAGEN,ID.3,2,2,1.0
2026-08-06T09:41:44,leasing,VOLKSWAGEN,POLO,5,0,0.0
2026-08-06T09:41:44,leasing,VOLKSWAGEN,T-ROC,3,0,0.0
2026-08-06T09:41:44,leasing,VOLKSWAGEN,TAIGO,2,0,0.0
2026-08-06T09:41:44,leasing,VOLKSWAGEN,TIGUAN,5,0,0.0
2026-08-06T09:41:44,leasing,VOLKSWAGEN,TIGUAN ALLSPACE,2,0,0.0
2026-08-06T09:41:44,leasing,VOLKSWAGEN,TOURAN,2,0,0.0
2026-08-06T09:41:44,leasing,VOLKSWAGEN,TRANSPORTER,1,0,0.0
2026-08-06T09:41:44,cash,AUDI,A1 SPORTBACK,1,0,0.0
2026-08-06T09:41:44,cash,AUDI,A3 SPORTBACK,4,0,0.0
2026-08-06T09:41:44,cash,AUDI,Q3 SPORTBACK,1,0,0.0
2026-08-06T09:41:44,cash,AUDI,Q4 E-TRON SPORTBACK,1,1,1.0
2026-08-06T09:41:44,cash,BMW,IX1,1,1,1.0
2026-08-06T09:41:44,cash,BMW,IX3,1,1,1.0
2026-08-06T09:41:44,cash,BMW,SERIE 1,7,0,0.0
2026-08-06T09:41:44,cash,BMW,SERIE 2 ACTIVE TOURE,1,0,0.0
2026-08-06T09:41:44,cash,BMW,X1,9,0,0.0
2026-08-06T09:41:44,cash,BMW,X2,1,0,0.0
2026-08-06T09:41:44,cash,BMW,X3,1,0,0.0
2026-08-06T09:41:44,cash,BMW,X5,1,0,0.0
2026-08-06T09:41:44,cash,CITROEN,BERLINGO,7,0,0.0
2026-08-06T09:41:44,cash,CITROEN,C3,7,0,0.0
2026-08-06T09:41:44,cash,CITROEN,C3 AIRCROSS,7,0,0.0
2026-08-06T09:41:44,cash,CITROEN,C4,4,0,0.0
2026-08-06T09:41:44,cash,CITROEN,C5 AIRCROSS,15,0,0.0
2026-08-06T09:41:44,cash,CITROEN,C5 X,4,0,0.0
2026-08-06T09:41:44,cash,CITROEN,E-C4,1,1,1.0
2026-08-06T09:41:44,cash,CITROEN,GRAND C4 SPACETOURER,1,0,0.0
2026-08-06T09:41:44,cash,CITROEN,JUMPY,5,0,0.0
2026-08-06T09:41:44,cash,CUPRA,FORMENTOR,3,0,0.0
2026-08-06T09:41:44,cash,DACIA,JOGGER,1,0,0.0
2026-08-06T09:41:44,cash,DACIA,SANDERO,1,0,0.0
2026-08-06T09:41:44,cash,DS,DS3,1,0,0.0
2026-08-06T09:41:44,cash,DS,DS3 CROSSBACK,2,1,0.5
2026-08-06T09:41:44,cash,DS,DS4,1,0,0.0
2026-08-06T09:41:44,cash,DS,DS7,2,0,0.0
2026-08-06T09:41:44,cash,FIAT,500,1,0,0.0
2026-08-06T09:41:44,cash,FORD,KUGA,7,0,0.0
2026-08-06T09:41:44,cash,FORD,PUMA,1,0,0.0
2026-08-06T09:41:44,cash,FORD,TRANSIT CUSTOM,1,0,0.0
2026-08-06T09:41:44,cash,HYUNDAI,I30,1,0,0.0
2026-08-06T09:41:44,cash,HYUNDAI,IONIQ,1,1,1.0
2026-08-06T09:41:44,cash,HYUNDAI,SANTA FE,1,0,0.0
2026-08-06T09:41:44,cash,HYUNDAI,TUCSON,8,0,0.0
2026-08-06T09:41:44,cash,JEEP,AVENGER,2,2,1.0
2026-08-06T09:41:44,cash,KIA,CEED,4,0,0.0
2026-08-06T09:41:44,cash,KIA,EV6,1,1,1.0
2026-08-06T09:41:44,cash,KIA,NIRO,1,0,0.0
2026-08-06T09:41:44,cash,KIA,NIRO EV,10,10,1.0
2026-08-06T09:41:44,cash,KIA,PICANTO,1,0,0.0
2026-08-06T09:41:44,cash,KIA,PROCEED,1,0,0.0
2026-08-06T09:41:44,cash,KIA,RIO,2,0,0.0
2026-08-06T09:41:44,cash,KIA,SORENTO,1,0,0.0
2026-08-06T09:41:44,cash,KIA,SPORTAGE,9,0,0.0
2026-08-06T09:41:44,cash,KIA,STONIC,9,0,0.0
2026-08-06T09:41:44,cash,KIA,XCEED,1,0,0.0
2026-08-06T09:41:44,cash,LYNK,& CO LC01,1,0,0.0
2026-08-06T09:41:44,cash,MERCEDES-BENZ,CLA COUPE,1,0,0.0
2026-08-06T09:41:44,cash,MERCEDES-BENZ,CLASSE A,3,0,0.0
2026-08-06T09:41:44,cash,MERCEDES-BENZ,CLASSE CLA,2,0,0.0
2026-08-06T09:41:44,cash,MERCEDES-BENZ,CLASSE GLA,1,0,0.0
2026-08-06T09:41:44,cash,MERCEDES-BENZ,EQA,1,1,1.0
2026-08-06T09:41:44,cash,MERCEDES-BENZ,GLB,1,0,0.0
2026-08-06T09:41:44,cash,MG,MG5,1,1,1.0
2026-08-06T09:41:44,cash,NISSAN,JUKE,1,0,0.0
2026-08-06T09:41:44,cash,NISSAN,LEAF,1,1,1.0
2026-08-06T09:41:44,cash,NISSAN,QASHQAI,9,0,0.0
2026-08-06T09:41:44,cash,NISSAN,X-TRAIL,1,0,0.0
2026-08-06T09:41:44,cash,OPEL,ASTRA,1,0,0.0
2026-08-06T09:41:44,cash,OPEL,CORSA,3,0,0.0
2026-08-06T09:41:44,cash,OPEL,CROSSLAND,3,0,0.0
2026-08-06T09:41:44,cash,OPEL,GRANDLAND,1,0,0.0
2026-08-06T09:41:44,cash,OPEL,GRANDLAND X,1,0,0.0
2026-08-06T09:41:44,cash,PEUGEOT,108,1,0,0.0
2026-08-06T09:41:44,cash,PEUGEOT,2008,29,0,0.0
2026-08-06T09:41:44,cash,PEUGEOT,208,8,0,0.0
2026-08-06T09:41:44,cash,PEUGEOT,3008,34,0,0.0
2026-08-06T09:41:44,cash,PEUGEOT,308,9,0,0.0
2026-08-06T09:41:44,cash,PEUGEOT,308 SW,2,0,0.0
2026-08-06T09:41:44,cash,PEUGEOT,408,1,0,0.0
2026-08-06T09:41:44,cash,PEUGEOT,5008,13,0,0.0
2026-08-06T09:41:44,cash,PEUGEOT,E-2008,12,12,1.0
2026-08-06T09:41:44,cash,PEUGEOT,E-208,2,2,1.0
2026-08-06T09:41:44,cash,PEUGEOT,E-308,2,2,1.0
2026-08-06T09:41:44,cash,PEUGEOT,EXPERT,3,0,0.0
2026-08-06T09:41:44,cash,PEUGEOT,PARTNER,8,0,0.0
2026-08-06T09:41:44,cash,RENAULT,ARKANA,15,0,0.0
2026-08-06T09:41:44,cash,RENAULT,AUSTRAL,5,0,0.0
2026-08-06T09:41:44,cash,RENAULT,CAPTUR,14,0,0.0
2026-08-06T09:41:44,cash,RENAULT,CLIO,26,0,0.0
2026-08-06T09:41:44,cash,RENAULT,ESPACE,1,0,0.0
2026-08-06T09:41:44,cash,RENAULT,EXPRESS,16,0,0.0
2026-08-06T09:41:44,cash,RENAULT,KADJAR,1,0,0.0
2026-08-06T09:41:44,cash,RENAULT,KANGOO,5,0,0.0
2026-08-06T09:41:44,cash,RENAULT,MASTER,1,0,0.0
2026-08-06T09:41:44,cash,RENAULT,MEGANE,11,0,0.0
2026-08-06T09:41:44,cash,RENAULT,SCENIC,6,0,0.0
2026-08-06T09:41:44,cash,RENAULT,SYMBIOZ,1,0,0.0
2026-08-06T09:41:44,cash,RENAULT,TRAFIC,5,0,0.0
2026-08-06T09:41:44,cash,RENAULT,TWINGO,1,0,0.0
2026-08-06T09:41:44,cash,RENAULT,ZOE,1,1,1.0
2026-08-06T09:41:44,cash,SEAT,ARONA,1,0,0.0
2026-08-06T09:41:44,cash,SKODA,ENYAQ,2,2,1.0
2026-08-06T09:41:44,cash,SKODA,FABIA,5,0,0.0
2026-08-06T09:41:44,cash,SKODA,KAMIQ,5,0,0.0
2026-08-06T09:41:44,cash,SKODA,KAROQ,1,0,0.0
2026-08-06T09:41:44,cash,SKODA,KODIAQ,2,0,0.0
2026-08-06T09:41:44,cash,TESLA,MODEL 3,6,6,1.0
2026-08-06T09:41:44,cash,TESLA,MODEL Y,10,10,1.0
2026-08-06T09:41:44,cash,TOYOTA,AYGO X,3,0,0.0
2026-08-06T09:41:44,cash,TOYOTA,C-HR,3,0,0.0
2026-08-06T09:41:44,cash,TOYOTA,COROLLA,4,0,0.0
2026-08-06T09:41:44,cash,TOYOTA,COROLLA TS,11,0,0.0
2026-08-06T09:41:44,cash,TOYOTA,PROACE CITY,1,0,0.0
2026-08-06T09:41:44,cash,TOYOTA,RAV4 HSD,3,0,0.0
2026-08-06T09:41:44,cash,TOYOTA,RAV4 PLUG IN,3,0,0.0
2026-08-06T09:41:44,cash,TOYOTA,YARIS,1,0,0.0
2026-08-06T09:41:44,cash,TOYOTA,YARIS HYBRID,3,0,0.0
2026-08-06T09:41:44,cash,VOLKSWAGEN,GOLF,8,0,0.0
2026-08-06T09:41:44,cash,VOLKSWAGEN,ID.3,2,2,1.0
2026-08-06T09:41:44,cash,VOLKSWAGEN,POLO,6,0,0.0
2026-08-06T09:41:44,cash,VOLKSWAGEN,T-ROC,4,0,0.0
2026-08-06T09:41:44,cash,VOLKSWAGEN,TAIGO,2,0,0.0
2026-08-06T09:41:44,cash,VOLKSWAGEN,TIGUAN,6,0,0.0
2026-08-06T09:41:44,cash,VOLKSWAGEN,TIGUAN ALLSPACE,3,0,0.0
2026-08-06T09:41:44,cash,VOLKSWAGEN,TOURAN,2,0,0.0
2026-08-06T09:41:44,cash,VOLKSWAGEN,TRANSPORTER,1,0,0.0
2026-08-07T08:16:07,leasing,AUDI,A1 SPORTBACK,1,0,0.0
2026-08-07T08:16:07,leasing,AUDI,A3 SPORTBACK,4,0,0.0
2026-08-07T08:16:07,leasing,BMW,IX1,1,1,1.0
2026-08-07T08:16:07,leasing,BMW,IX3,1,1,1.0
2026-08-07T08:16:07,leasing,BMW,SERIE 1,7,0,0.0
2026-08-07T08:16:07,leasing,BMW,X1,6,0,0.0
2026-08-07T08:16:07,leasing,BMW,X2,1,0,0.0
2026-08-07T08:16:07,leasing,BMW,X3,1,0,0.0
2026-08-07T08:16:07,leasing,CITROEN,BERLINGO,6,0,0.0
2026-08-07T08:16:07,leasing,CITROEN,C3,5,0,0.0
2026-08-07T08:16:07,leasing,CITROEN,C3 AIRCROSS,7,0,0.0
2026-08-07T08:16:07,leasing,CITROEN,C4,4,0,0.0
2026-08-07T08:16:07,leasing,CITROEN,C5 AIRCROSS,15,0,0.0
2026-08-07T08:16:07,leasing,CITROEN,C5 X,4,0,0.0
2026-08-07T08:16:07,leasing,CITROEN,JUMPY,5,0,0.0
2026-08-07T08:16:07,leasing,CUPRA,FORMENTOR,3,0,0.0
2026-08-07T08:16:07,leasing,DACIA,JOGGER,1,0,0.0
2026-08-07T08:16:07,leasing,DACIA,SANDERO,1,0,0.0
2026-08-07T08:16:07,leasing,DS,DS3 CROSSBACK,2,1,0.5
2026-08-07T08:16:07,leasing,DS,DS4,1,0,0.0
2026-08-07T08:16:07,leasing,DS,DS7,2,0,0.0
2026-08-07T08:16:07,leasing,FIAT,500,1,0,0.0
2026-08-07T08:16:07,leasing,FORD,KUGA,7,0,0.0
2026-08-07T08:16:07,leasing,FORD,PUMA,1,0,0.0
2026-08-07T08:16:07,leasing,HYUNDAI,I30,1,0,0.0
2026-08-07T08:16:07,leasing,HYUNDAI,IONIQ,1,1,1.0
2026-08-07T08:16:07,leasing,HYUNDAI,SANTA FE,1,0,0.0
2026-08-07T08:16:07,leasing,HYUNDAI,TUCSON,9,0,0.0
2026-08-07T08:16:07,leasing,JEEP,AVENGER,2,2,1.0
2026-08-07T08:16:07,leasing,KIA,CEED,4,0,0.0
2026-08-07T08:16:07,leasing,KIA,EV6,1,1,1.0
2026-08-07T08:16:07,leasing,KIA,NIRO,1,0,0.0
2026-08-07T08:16:07,leasing,KIA,NIRO EV,9,9,1.0
2026-08-07T08:16:07,leasing,KIA,PICANTO,1,0,0.0
2026-08-07T08:16:07,leasing,KIA,PROCEED,1,0,0.0
2026-08-07T08:16:07,leasing,KIA,RIO,2,0,0.0
2026-08-07T08:16:07,leasing,KIA,SORENTO,1,0,0.0
2026-08-07T08:16:07,leasing,KIA,SPORTAGE,9,0,0.0
2026-08-07T08:16:07,leasing,KIA,STONIC,8,0,0.0
2026-08-07T08:16:07,leasing,KIA,XCEED,1,0,0.0
2026-08-07T08:16:07,leasing,MERCEDES-BENZ,CLA COUPE,2,0,0.0
2026-08-07T08:16:07,leasing,MERCEDES-BENZ,CLASSE A,1,0,0.0
2026-08-07T08:16:07,leasing,MERCEDES-BENZ,CLASSE CLA,2,0,0.0
2026-08-07T08:16:07,leasing,MG,MG5,1,1,1.0
2026-08-07T08:16:07,leasing,NISSAN,JUKE,1,0,0.0
2026-08-07T08:16:07,leasing,NISSAN,LEAF,1,1,1.0
2026-08-07T08:16:07,leasing,NISSAN,QASHQAI,9,0,0.0
2026-08-07T08:16:07,leasing,NISSAN,X-TRAIL,1,0,0.0
2026-08-07T08:16:07,leasing,OPEL,ASTRA,1,0,0.0
2026-08-07T08:16:07,leasing,OPEL,CORSA,3,0,0.0
2026-08-07T08:16:07,leasing,OPEL,CROSSLAND,3,0,0.0
2026-08-07T08:16:07,leasing,OPEL,GRANDLAND,1,0,0.0
2026-08-07T08:16:07,leasing,PEUGEOT,2008,26,0,0.0
2026-08-07T08:16:07,leasing,PEUGEOT,208,7,0,0.0
2026-08-07T08:16:07,leasing,PEUGEOT,3008,29,0,0.0
2026-08-07T08:16:07,leasing,PEUGEOT,308,9,0,0.0
2026-08-07T08:16:07,leasing,PEUGEOT,308 SW,2,0,0.0
2026-08-07T08:16:07,leasing,PEUGEOT,408,1,0,0.0
2026-08-07T08:16:07,leasing,PEUGEOT,5008,14,0,0.0
2026-08-07T08:16:07,leasing,PEUGEOT,E-2008,11,11,1.0
2026-08-07T08:16:07,leasing,PEUGEOT,E-208,2,2,1.0
2026-08-07T08:16:07,leasing,PEUGEOT,EXPERT,3,0,0.0
2026-08-07T08:16:07,leasing,PEUGEOT,PARTNER,7,0,0.0
2026-08-07T08:16:07,leasing,RENAULT,ARKANA,13,0,0.0
2026-08-07T08:16:07,leasing,RENAULT,AUSTRAL,4,0,0.0
2026-08-07T08:16:07,leasing,RENAULT,CAPTUR,13,0,0.0
2026-08-07T08:16:07,leasing,RENAULT,CLIO,23,0,0.0
2026-08-07T08:16:07,leasing,RENAULT,ESPACE,2,0,0.0
2026-08-07T08:16:07,leasing,RENAULT,EXPRESS,16,0,0.0
2026-08-07T08:16:07,leasing,RENAULT,KANGOO,5,0,0.0
2026-08-07T08:16:07,leasing,RENAULT,MASTER,1,0,0.0
2026-08-07T08:16:07,leasing,RENAULT,MEGANE,10,0,0.0
2026-08-07T08:16:07,leasing,RENAULT,SCENIC,6,0,0.0
2026-08-07T08:16:07,leasing,RENAULT,TRAFIC,5,0,0.0
2026-08-07T08:16:07,leasing,RENAULT,ZOE,1,1,1.0
2026-08-07T08:16:07,leasing,SEAT,ARONA,1,0,0.0
2026-08-07T08:16:07,leasing,SKODA,ENYAQ,1,1,1.0
2026-08-07T08:16:07,leasing,SKODA,FABIA,5,0,0.0
2026-08-07T08:16:07,leasing,SKODA,KAMIQ,5,0,0.0
2026-08-07T08:16:07,leasing,SKODA,KODIAQ,2,0,0.0
2026-08-07T08:16:07,leasing,TESLA,MODEL 3,4,4,1.0
2026-08-07T08:16:07,leasing,TESLA,MODEL Y,10,10,1.0
2026-08-07T08:16:07,leasing,TOYOTA,AYGO X,3,0,0.0
2026-08-07T08:16:07,leasing,TOYOTA,C-HR,2,0,0.0
2026-08-07T08:16:07,leasing,TOYOTA,COROLLA,4,0,0.0
2026-08-07T08:16:07,leasing,TOYOTA,COROLLA TS,12,0,0.0
2026-08-07T08:16:07,leasing,TOYOTA,PROACE CITY,1,0,0.0
2026-08-07T08:16:07,leasing,TOYOTA,RAV4 HSD,2,0,0.0
2026-08-07T08:16:07,leasing,TOYOTA,RAV4 PLUG IN,2,0,0.0
2026-08-07T08:16:07,leasing,TOYOTA,YARIS,1,0,0.0
2026-08-07T08:16:07,leasing,TOYOTA,YARIS HYBRID,3,0,0.0
2026-08-07T08:16:07,leasing,VOLKSWAGEN,GOLF,7,0,0.0
2026-08-07T08:16:07,leasing,VOLKSWAGEN,ID.3,2,2,1.0
2026-08-07T08:16:07,leasing,VOLKSWAGEN,POLO,5,0,0.0
2026-08-07T08:16:07,leasing,VOLKSWAGEN,T-ROC,3,0,0.0
2026-08-07T08:16:07,leasing,VOLKSWAGEN,TAIGO,2,0,0.0
2026-08-07T08:16:07,leasing,VOLKSWAGEN,TIGUAN,6,0,0.0
2026-08-07T08:16:07,leasing,VOLKSWAGEN,TIGUAN ALLSPACE,1,0,0.0
2026-08-07T08:16:07,leasing,VOLKSWAGEN,TOURAN,2,0,0.0
2026-08-07T08:16:07,leasing,VOLKSWAGEN,TRANSPORTER,1,0,0.0
2026-08-07T08:16:07,cash,AUDI,A1 SPORTBACK,1,0,0.0
2026-08-07T08:16:07,cash,AUDI,A3 SPORTBACK,4,0,0.0
2026-08-07T08:16:07,cash,BMW,IX1,1,1,1.0
2026-08-07T08:16:07,cash,BMW,IX3,1,1,1.0
2026-08-07T08:16:07,cash,BMW,SERIE 1,7,0,0.0
2026-08-07T08:16:07,cash,BMW,SERIE 2 ACTIVE TOURE,1,0,0.0
2026-08-07T08:16:07,cash,BMW,X1,7,0,0.0
2026-08-07T08:16:07,cash,BMW,X2,1,0,0.0
2026-08-07T08:16:07,cash,BMW,X3,1,0,0.0
2026-08-07T08:16:07,cash,BMW,X5,1,0,0.0
2026-08-07T08:16:07,cash,CITROEN,BERLINGO,7,0,0.0
2026-08-07T08:16:07,cash,CITROEN,C3,8,0,0.0
2026-08-07T08:16:07,cash,CITROEN,C3 AIRCROSS,7,0,0.0
2026-08-07T08:16:07,cash,CITROEN,C4,4,0,0.0
2026-08-07T08:16:07,cash,CITROEN,C5 AIRCROSS,15,0,0.0
2026-08-07T08:16:07,cash,CITROEN,C5 X,4,0,0.0
2026-08-07T08:16:07,cash,CITROEN,E-C4,1,1,1.0
2026-08-07T08:16:07,cash,CITROEN,JUMPY,5,0,0.0
2026-08-07T08:16:07,cash,CUPRA,FORMENTOR,3,0,0.0
2026-08-07T08:16:07,cash,DACIA,JOGGER,1,0,0.0
2026-08-07T08:16:07,cash,DACIA,SANDERO,2,0,0.0
2026-08-07T08:16:07,cash,DS,DS3 CROSSBACK,2,1,0.5
2026-08-07T08:16:07,cash,DS,DS4,1,0,0.0
2026-08-07T08:16:07,cash,DS,DS7,2,0,0.0
2026-08-07T08:16:07,cash,FIAT,500,1,0,0.0
2026-08-07T08:16:07,cash,FORD,KUGA,8,0,0.0
2026-08-07T08:16:07,cash,FORD,PUMA,1,0,0.0
2026-08-07T08:16:07,cash,FORD,TRANSIT CUSTOM,1,0,0.0
2026-08-07T08:16:07,cash,HYUNDAI,I30,1,0,0.0
2026-08-07T08:16:07,cash,HYUNDAI,IONIQ,1,1,1.0
2026-08-07T08:16:07,cash,HYUNDAI,SANTA FE,1,0,0.0
2026-08-07T08:16:07,cash,HYUNDAI,TUCSON,9,0,0.0
2026-08-07T08:16:07,cash,JEEP,AVENGER,2,2,1.0
2026-08-07T08:16:07,cash,KIA,CEED,4,0,0.0
2026-08-07T08:16:07,cash,KIA,EV6,1,1,1.0
2026-08-07T08:16:07,cash,KIA,NIRO,1,0,0.0
2026-08-07T08:16:07,cash,KIA,NIRO EV,9,9,1.0
2026-08-07T08:16:07,cash,KIA,PICANTO,1,0,0.0
2026-08-07T08:16:07,cash,KIA,PROCEED,1,0,0.0
2026-08-07T08:16:07,cash,KIA,RIO,2,0,0.0
2026-08-07T08:16:07,cash,KIA,SORENTO,1,0,0.0
2026-08-07T08:16:07,cash,KIA,SPORTAGE,9,0,0.0
2026-08-07T08:16:07,cash,KIA,STONIC,9,0,0.0
2026-08-07T08:16:07,cash,KIA,XCEED,1,0,0.0
2026-08-07T08:16:07,cash,LYNK,& CO LC01,1,0,0.0
2026-08-07T08:16:07,cash,MERCEDES-BENZ,CLA COUPE,2,0,0.0
2026-08-07T08:16:07,cash,MERCEDES-BENZ,CLASSE A,3,0,0.0
2026-08-07T08:16:07,cash,MERCEDES-BENZ,CLASSE CLA,2,0,0.0
2026-08-07T08:16:07,cash,MERCEDES-BENZ,EQA,1,1,1.0
2026-08-07T08:16:07,cash,MERCEDES-BENZ,GLB,1,0,0.0
2026-08-07T08:16:07,cash,MG,MG5,1,1,1.0
2026-08-07T08:16:07,cash,NISSAN,JUKE,1,0,0.0
2026-08-07T08:16:07,cash,NISSAN,LEAF,1,1,1.0
2026-08-07T08:16:07,cash,NISSAN,QASHQAI,9,0,0.0
2026-08-07T08:16:07,cash,NISSAN,X-TRAIL,1,0,0.0
2026-08-07T08:16:07,cash,OPEL,ASTRA,1,0,0.0
2026-08-07T08:16:07,cash,OPEL,CORSA,3,0,0.0
2026-08-07T08:16:07,cash,OPEL,CROSSLAND,3,0,0.0
2026-08-07T08:16:07,cash,OPEL,GRANDLAND,1,0,0.0
2026-08-07T08:16:07,cash,OPEL,GRANDLAND X,1,0,0.0
2026-08-07T08:16:07,cash,PEUGEOT,108,1,0,0.0
2026-08-07T08:16:07,cash,PEUGEOT,2008,28,0,0.0
2026-08-07T08:16:07,cash,PEUGEOT,208,10,0,0.0
2026-08-07T08:16:07,cash,PEUGEOT,3008,33,0,0.0
2026-08-07T08:16:07,cash,PEUGEOT,308,9,0,0.0
2026-08-07T08:16:07,cash,PEUGEOT,308 SW,2,0,0.0
2026-08-07T08:16:07,cash,PEUGEOT,408,1,0,0.0
2026-08-07T08:16:07,cash,PEUGEOT,5008,14,0,0.0
2026-08-07T08:16:07,cash,PEUGEOT,E-2008,12,12,1.0
2026-08-07T08:16:07,cash,PEUGEOT,E-208,4,4,1.0
2026-08-07T08:16:07,cash,PEUGEOT,E-308,2,2,1.0
2026-08-07T08:16:07,cash,PEUGEOT,EXPERT,3,0,0.0
2026-08-07T08:16:07,cash,PEUGEOT,PARTNER,8,0,0.0
2026-08-07T08:16:07,cash,RENAULT,ARKANA,14,0,0.0
2026-08-07T08:16:07,cash,RENAULT,AUSTRAL,4,0,0.0
2026-08-07T08:16:07,cash,RENAULT,CAPTUR,14,0,0.0
2026-08-07T08:16:07,cash,RENAULT,CLIO,27,0,0.0
2026-08-07T08:16:07,cash,RENAULT,ESPACE,2,0,0.0
2026-08-07T08:16:07,cash,RENAULT,EXPRESS,16,0,0.0
2026-08-07T08:16:07,cash,RENAULT,KADJAR,1,0,0.0
2026-08-07T08:16:07,cash,RENAULT,KANGOO,5,0,0.0
2026-08-07T08:16:07,cash,RENAULT,MASTER,1,0,0.0
2026-08-07T08:16:07,cash,RENAULT,MEGANE,11,0,0.0
2026-08-07T08:16:07,cash,RENAULT,SCENIC,6,0,0.0
2026-08-07T08:16:07,cash,RENAULT,SYMBIOZ,1,0,0.0
2026-08-07T08:16:07,cash,RENAULT,TRAFIC,5,0,0.0
2026-08-07T08:16:07,cash,RENAULT,TWINGO,1,0,0.0
2026-08-07T08:16:07,cash,RENAULT,ZOE,1,1,1.0
2026-08-07T08:16:07,cash,SEAT,ARONA,1,0,0.0
2026-08-07T08:16:07,cash,SKODA,ENYAQ,1,1,1.0
2026-08-07T08:16:07,cash,SKODA,FABIA,5,0,0.0
2026-08-07T08:16:07,cash,SKODA,KAMIQ,5,0,0.0
2026-08-07T08:16:07,cash,SKODA,KAROQ,1,0,0.0
2026-08-07T08:16:07,cash,SKODA,KODIAQ,2,0,0.0
2026-08-07T08:16:07,cash,TESLA,MODEL 3,6,6,1.0
2026-08-07T08:16:07,cash,TESLA,MODEL Y,12,12,1.0
2026-08-07T08:16:07,cash,TOYOTA,AYGO X,4,0,0.0
2026-08-07T08:16:07,cash,TOYOTA,C-HR,3,0,0.0
2026-08-07T08:16:07,cash,TOYOTA,COROLLA,4,0,0.0
2026-08-07T08:16:07,cash,TOYOTA,COROLLA TS,12,0,0.0
2026-08-07T08:16:07,cash,TOYOTA,PROACE CITY,1,0,0.0
2026-08-07T08:16:07,cash,TOYOTA,RAV4 HSD,3,0,0.0
2026-08-07T08:16:07,cash,TOYOTA,RAV4 PLUG IN,2,0,0.0
2026-08-07T08:16:07,cash,TOYOTA,YARIS,1,0,0.0
2026-08-07T08:16:07,cash,TOYOTA,YARIS HYBRID,3,0,0.0
2026-08-07T08:16:07,cash,VOLKSWAGEN,GOLF,7,0,0.0
2026-08-07T08:16:07,cash,VOLKSWAGEN,ID.3,2,2,1.0
2026-08-07T08:16:07,cash,VOLKSWAGEN,POLO,6,0,0.0
2026-08-07T08:16:07,cash,VOLKSWAGEN,T-ROC,4,0,0.0
2026-08-07T08:16:07,cash,VOLKSWAGEN,TAIGO,2,0,0.0
2026-08-07T08:16:07,cash,VOLKSWAGEN,TIGUAN,6,0,0.0
2026-08-07T08:16:07,cash,VOLKSWAGEN,TIGUAN ALLSPACE,2,0,0.0
2026-08-07T08:16:07,cash,VOLKSWAGEN,TOURAN,2,0,0.0
2026-08-07T08:16:07,cash,VOLKSWAGEN,TRANSPORTER,1,0,0.0
2026-08-08T07:51:36,leasing,AUDI,A1 SPORTBACK,1,0,0.0
2026-08-08T07:51:36,leasing,AUDI,A3 SPORTBACK,4,0,0.0
2026-08-08T07:51:36,leasing,BMW,IX3,1,1,1.0
2026-08-08T07:51:36,leasing,BMW,SERIE 1,6,0,0.0
2026-08-08T07:51:36,leasing,BMW,X1,5,0,0.0
2026-08-08T07:51:36,leasing,BMW,X2,1,0,0.0
2026-08-08T07:51:36,leasing,BMW,X3,1,0,0.0
2026-08-08T07:51:36,leasing,CITROEN,BERLINGO,6,0,0.0
2026-08-08T07:51:36,leasing,CITROEN,C3,6,0,0.0
2026-08-08T07:51:36,leasing,CITROEN,C3 AIRCROSS,7,0,0.0
2026-08-08T07:51:36,leasing,CITROEN,C4,4,0,0.0
2026-08-08T07:51:36,leasing,CITROEN,C5 AIRCROSS,15,0,0.0
2026-08-08T07:51:36,leasing,CITROEN,C5 X,4,0,0.0
2026-08-08T07:51:36,leasing,CITROEN,JUMPY,5,0,0.0
2026-08-08T07:51:36,leasing,CUPRA,FORMENTOR,3,0,0.0
2026-08-08T07:51:36,leasing,DACIA,JOGGER,1,0,0.0
2026-08-08T07:51:36,leasing,DACIA,SANDERO,1,0,0.0
2026-08-08T07:51:36,leasing,DS,DS3 CROSSBACK,2,1,0.5
2026-08-08T07:51:36,leasing,DS,DS4,1,0,0.0
2026-08-08T07:51:36,leasing,DS,DS7,2,0,0.0
2026-08-08T07:51:36,leasing,FIAT,500,1,0,0.0
2026-08-08T07:51:36,leasing,FORD,KUGA,7,0,0.0
2026-08-08T07:51:36,leasing,FORD,PUMA,1,0,0.0
2026-08-08T07:51:36,leasing,HYUNDAI,I30,1,0,0.0
2026-08-08T07:51:36,leasing,HYUNDAI,IONIQ,1,1,1.0
2026-08-08T07:51:36,leasing,HYUNDAI,SANTA FE,1,0,0.0
2026-08-08T07:51:36,leasing,HYUNDAI,TUCSON,9,0,0.0
2026-08-08T07:51:36,leasing,JEEP,AVENGER,3,3,1.0
2026-08-08T07:51:36,leasing,KIA,CEED,4,0,0.0
2026-08-08T07:51:36,leasing,KIA,EV6,1,1,1.0
2026-08-08T07:51:36,leasing,KIA,NIRO,1,0,0.0
2026-08-08T07:51:36,leasing,KIA,NIRO EV,9,9,1.0
2026-08-08T07:51:36,leasing,KIA,PICANTO,1,0,0.0
2026-08-08T07:51:36,leasing,KIA,PROCEED,1,0,0.0
2026-08-08T07:51:36,leasing,KIA,RIO,2,0,0.0
2026-08-08T07:51:36,leasing,KIA,SORENTO,1,0,0.0
2026-08-08T07:51:36,leasing,KIA,SPORTAGE,9,0,0.0
2026-08-08T07:51:36,leasing,KIA,STONIC,8,0,0.0
2026-08-08T07:51:36,leasing,KIA,XCEED,1,0,0.0
2026-08-08T07:51:36,leasing,MERCEDES-BENZ,CLA COUPE,1,0,0.0
2026-08-08T07:51:36,leasing,MERCEDES-BENZ,CLASSE A,1,0,0.0
2026-08-08T07:51:36,leasing,MERCEDES-BENZ,CLASSE CLA,2,0,0.0
2026-08-08T07:51:36,leasing,MERCEDES-BENZ,CLASSE GLA,1,0,0.0
2026-08-08T07:51:36,leasing,MG,MG5,1,1,1.0
2026-08-08T07:51:36,leasing,NISSAN,JUKE,1,0,0.0
2026-08-08T07:51:36,leasing,NISSAN,LEAF,1,1,1.0
2026-08-08T07:51:36,leasing,NISSAN,QASHQAI,8,0,0.0
2026-08-08T07:51:36,leasing,NISSAN,X-TRAIL,1,0,0.0
2026-08-08T07:51:36,leasing,OPEL,ASTRA,1,0,0.0
2026-08-08T07:51:36,leasing,OPEL,CORSA,3,0,0.0
2026-08-08T07:51:36,leasing,OPEL,CROSSLAND,3,0,0.0
2026-08-08T07:51:36,leasing,OPEL,GRANDLAND,1,0,0.0
2026-08-08T07:51:36,leasing,PEUGEOT,2008,24,0,0.0
2026-08-08T07:51:36,leasing,PEUGEOT,208,9,0,0.0
2026-08-08T07:51:36,leasing,PEUGEOT,3008,29,0,0.0
2026-08-08T07:51:36,leasing,PEUGEOT,308,9,0,0.0
2026-08-08T07:51:36,leasing,PEUGEOT,308 SW,2,0,0.0
2026-08-08T07:51:36,leasing,PEUGEOT,408,1,0,0.0
2026-08-08T07:51:36,leasing,PEUGEOT,5008,14,0,0.0
2026-08-08T07:51:36,leasing,PEUGEOT,E-2008,13,13,1.0
2026-08-08T07:51:36,leasing,PEUGEOT,E-208,3,3,1.0
2026-08-08T07:51:36,leasing,PEUGEOT,EXPERT,3,0,0.0
2026-08-08T07:51:36,leasing,PEUGEOT,PARTNER,9,0,0.0
2026-08-08T07:51:36,leasing,RENAULT,ARKANA,14,0,0.0
2026-08-08T07:51:36,leasing,RENAULT,AUSTRAL,3,0,0.0
2026-08-08T07:51:36,leasing,RENAULT,CAPTUR,13,0,0.0
2026-08-08T07:51:36,leasing,RENAULT,CLIO,23,0,0.0
2026-08-08T07:51:36,leasing,RENAULT,ESPACE,2,0,0.0
2026-08-08T07:51:36,leasing,RENAULT,EXPRESS,16,0,0.0
2026-08-08T07:51:36,leasing,RENAULT,KANGOO,5,0,0.0
2026-08-08T07:51:36,leasing,RENAULT,MASTER,1,0,0.0
2026-08-08T07:51:36,leasing,RENAULT,MEGANE,12,0,0.0
2026-08-08T07:51:36,leasing,RENAULT,SCENIC,6,0,0.0
2026-08-08T07:51:36,leasing,RENAULT,TRAFIC,5,0,0.0
2026-08-08T07:51:36,leasing,RENAULT,ZOE,1,1,1.0
2026-08-08T07:51:36,leasing,SEAT,ARONA,1,0,0.0
2026-08-08T07:51:36,leasing,SKODA,ENYAQ,1,1,1.0
2026-08-08T07:51:36,leasing,SKODA,FABIA,5,0,0.0
2026-08-08T07:51:36,leasing,SKODA,KAMIQ,5,0,0.0
2026-08-08T07:51:36,leasing,SKODA,KODIAQ,2,0,0.0
2026-08-08T07:51:36,leasing,TESLA,MODEL 3,4,4,1.0
2026-08-08T07:51:36,leasing,TESLA,MODEL Y,12,12,1.0
2026-08-08T07:51:36,leasing,TOYOTA,AYGO X,4,0,0.0
2026-08-08T07:51:36,leasing,TOYOTA,C-HR,3,0,0.0
2026-08-08T07:51:36,leasing,TOYOTA,COROLLA,4,0,0.0
2026-08-08T07:51:36,leasing,TOYOTA,COROLLA TS,12,0,0.0
2026-08-08T07:51:36,leasing,TOYOTA,PROACE CITY,1,0,0.0
2026-08-08T07:51:36,leasing,TOYOTA,RAV4 HSD,2,0,0.0
2026-08-08T07:51:36,leasing,TOYOTA,RAV4 PLUG IN,3,0,0.0
2026-08-08T07:51:36,leasing,TOYOTA,YARIS,1,0,0.0
2026-08-08T07:51:36,leasing,TOYOTA,YARIS HYBRID,3,0,0.0
2026-08-08T07:51:36,leasing,VOLKSWAGEN,GOLF,8,0,0.0
2026-08-08T07:51:36,leasing,VOLKSWAGEN,ID.3,2,2,1.0
2026-08-08T07:51:36,leasing,VOLKSWAGEN,POLO,6,0,0.0
2026-08-08T07:51:36,leasing,VOLKSWAGEN,T-ROC,3,0,0.0
2026-08-08T07:51:36,leasing,VOLKSWAGEN,TAIGO,2,0,0.0
2026-08-08T07:51:36,leasing,VOLKSWAGEN,TIGUAN,4,0,0.0
2026-08-08T07:51:36,leasing,VOLKSWAGEN,TIGUAN ALLSPACE,1,0,0.0
2026-08-08T07:51:36,leasing,VOLKSWAGEN,TOURAN,2,0,0.0
2026-08-08T07:51:36,leasing,VOLKSWAGEN,TRANSPORTER,1,0,0.0
2026-08-08T07:51:36,cash,AUDI,A1 SPORTBACK,1,0,0.0
2026-08-08T07:51:36,cash,AUDI,A3 SPORTBACK,4,0,0.0
2026-08-08T07:51:36,cash,BMW,IX3,1,1,1.0
2026-08-08T07:51:36,cash,BMW,SERIE 1,6,0,0.0
2026-08-08T07:51:36,cash,BMW,SERIE 2 ACTIVE TOURE,1,0,0.0
2026-08-08T07:51:36,cash,BMW,X1,6,0,0.0
2026-08-08T07:51:36,cash,BMW,X2,1,0,0.0
2026-08-08T07:51:36,cash,BMW,X3,1,0,0.0
2026-08-08T07:51:36,cash,BMW,X5,1,0,0.0
2026-08-08T07:51:36,cash,CITROEN,BERLINGO,7,0,0.0
2026-08-08T07:51:36,cash,CITROEN,C3,8,0,0.0
2026-08-08T07:51:36,cash,CITROEN,C3 AIRCROSS,7,0,0.0
2026-08-08T07:51:36,cash,CITROEN,C4,4,0,0.0
2026-08-08T07:51:36,cash,CITROEN,C5 AIRCROSS,15,0,0.0
2026-08-08T07:51:36,cash,CITROEN,C5 X,4,0,0.0
2026-08-08T07:51:36,cash,CITROEN,E-C4,1,1,1.0
2026-08-08T07:51:36,cash,CITROEN,JUMPY,5,0,0.0
2026-08-08T07:51:36,cash,CUPRA,FORMENTOR,3,0,0.0
2026-08-08T07:51:36,cash,DACIA,JOGGER,1,0,0.0
2026-08-08T07:51:36,cash,DACIA,SANDERO,2,0,0.0
2026-08-08T07:51:36,cash,DS,DS3 CROSSBACK,2,1,0.5
2026-08-08T07:51:36,cash,DS,DS4,1,0,0.0
2026-08-08T07:51:36,cash,DS,DS7,2,0,0.0
2026-08-08T07:51:36,cash,FIAT,500,1,0,0.0
2026-08-08T07:51:36,cash,FORD,KUGA,8,0,0.0
2026-08-08T07:51:36,cash,FORD,PUMA,1,0,0.0
2026-08-08T07:51:36,cash,FORD,TRANSIT CUSTOM,1,0,0.0
2026-08-08T07:51:36,cash,HYUNDAI,I30,1,0,0.0
2026-08-08T07:51:36,cash,HYUNDAI,IONIQ,1,1,1.0
2026-08-08T07:51:36,cash,HYUNDAI,SANTA FE,1,0,0.0
2026-08-08T07:51:36,cash,HYUNDAI,TUCSON,9,0,0.0
2026-08-08T07:51:36,cash,JEEP,AVENGER,3,3,1.0
2026-08-08T07:51:36,cash,KIA,CEED,4,0,0.0
2026-08-08T07:51:36,cash,KIA,EV6,1,1,1.0
2026-08-08T07:51:36,cash,KIA,NIRO,1,0,0.0
2026-08-08T07:51:36,cash,KIA,NIRO EV,9,9,1.0
2026-08-08T07:51:36,cash,KIA,PICANTO,1,0,0.0
2026-08-08T07:51:36,cash,KIA,PROCEED,1,0,0.0
2026-08-08T07:51:36,cash,KIA,RIO,2,0,0.0
2026-08-08T07:51:36,cash,KIA,SORENTO,1,0,0.0
2026-08-08T07:51:36,cash,KIA,SPORTAGE,9,0,0.0
2026-08-08T07:51:36,cash,KIA,STONIC,9,0,0.0
2026-08-08T07:51:36,cash,KIA,XCEED,1,0,0.0
2026-08-08T07:51:36,cash,LYNK,& CO LC01,1,0,0.0
2026-08-08T07:51:36,cash,MERCEDES-BENZ,CLA COUPE,1,0,0.0
2026-08-08T07:51:36,cash,MERCEDES-BENZ,CLASSE A,3,0,0.0
2026-08-08T07:51:36,cash,MERCEDES-BENZ,CLASSE CLA,2,0,0.0
2026-08-08T07:51:36,cash,MERCEDES-BENZ,CLASSE GLA,1,0,0.0
2026-08-08T07:51:36,cash,MERCEDES-BENZ,EQA,1,1,1.0
2026-08-08T07:51:36,cash,MERCEDES-BENZ,GLB,1,0,0.0
2026-08-08T07:51:36,cash,MG,MG5,1,1,1.0
2026-08-08T07:51:36,cash,NISSAN,JUKE,1,0,0.0
2026-08-08T07:51:36,cash,NISSAN,LEAF,1,1,1.0
2026-08-08T07:51:36,cash,NISSAN,QASHQAI,8,0,0.0
2026-08-08T07:51:36,cash,NISSAN,X-TRAIL,1,0,0.0
2026-08-08T07:51:36,cash,OPEL,ASTRA,1,0,0.0
2026-08-08T07:51:36,cash,OPEL,CORSA,3,0,0.0
2026-08-08T07:51:36,cash,OPEL,CROSSLAND,3,0,0.0
2026-08-08T07:51:36,cash,OPEL,GRANDLAND,1,0,0.0
2026-08-08T07:51:36,cash,OPEL,GRANDLAND X,1,0,0.0
2026-08-08T07:51:36,cash,PEUGEOT,108,1,0,0.0
2026-08-08T07:51:36,cash,PEUGEOT,2008,26,0,0.0
2026-08-08T07:51:36,cash,PEUGEOT,208,10,0,0.0
2026-08-08T07:51:36,cash,PEUGEOT,3008,33,0,0.0
2026-08-08T07:51:36,cash,PEUGEOT,308,9,0,0.0
2026-08-08T07:51:36,cash,PEUGEOT,308 SW,2,0,0.0
2026-08-08T07:51:36,cash,PEUGEOT,408,1,0,0.0
2026-08-08T07:51:36,cash,PEUGEOT,5008,14,0,0.0
2026-08-08T07:51:36,cash,PEUGEOT,E-2008,13,13,1.0
2026-08-08T07:51:36,cash,PEUGEOT,E-208,4,4,1.0
2026-08-08T07:51:36,cash,PEUGEOT,E-308,2,2,1.0
2026-08-08T07:51:36,cash,PEUGEOT,EXPERT,3,0,0.0
2026-08-08T07:51:36,cash,PEUGEOT,PARTNER,10,0,0.0
2026-08-08T07:51:36,cash,RENAULT,ARKANA,14,0,0.0
2026-08-08T07:51:36,cash,RENAULT,AUSTRAL,3,0,0.0
2026-08-08T07:51:36,cash,RENAULT,CAPTUR,14,0,0.0
2026-08-08T07:51:36,cash,RENAULT,CLIO,26,0,0.0
2026-08-08T07:51:36,cash,RENAULT,ESPACE,2,0,0.0
2026-08-08T07:51:36,cash,RENAULT,EXPRESS,16,0,0.0
2026-08-08T07:51:36,cash,RENAULT,KADJAR,1,0,0.0
2026-08-08T07:51:36,cash,RENAULT,KANGOO,5,0,0.0
2026-08-08T07:51:36,cash,RENAULT,MASTER,1,0,0.0
2026-08-08T07:51:36,cash,RENAULT,MEGANE,13,0,0.0
2026-08-08T07:51:36,cash,RENAULT,SCENIC,6,0,0.0
2026-08-08T07:51:36,cash,RENAULT,SYMBIOZ,1,0,0.0
2026-08-08T07:51:36,cash,RENAULT,TRAFIC,5,0,0.0
2026-08-08T07:51:36,cash,RENAULT,TWINGO,1,0,0.0
2026-08-08T07:51:36,cash,RENAULT,ZOE,1,1,1.0
2026-08-08T07:51:36,cash,SEAT,ARONA,1,0,0.0
2026-08-08T07:51:36,cash,SKODA,ENYAQ,1,1,1.0
2026-08-08T07:51:36,cash,SKODA,FABIA,5,0,0.0
2026-08-08T07:51:36,cash,SKODA,KAMIQ,5,0,0.0
2026-08-08T07:51:36,cash,SKODA,KAROQ,1,0,0.0
2026-08-08T07:51:36,cash,SKODA,KODIAQ,2,0,0.0
2026-08-08T07:51:36,cash,TESLA,MODEL 3,6,6,1.0
2026-08-08T07:51:36,cash,TESLA,MODEL Y,12,12,1.0
2026-08-08T07:51:36,cash,TOYOTA,AYGO X,4,0,0.0
2026-08-08T07:51:36,cash,TOYOTA,C-HR,4,0,0.0
2026-08-08T07:51:36,cash,TOYOTA,COROLLA,4,0,0.0
2026-08-08T07:51:36,cash,TOYOTA,COROLLA TS,12,0,0.0
2026-08-08T07:51:36,cash,TOYOTA,PROACE CITY,1,0,0.0
2026-08-08T07:51:36,cash,TOYOTA,RAV4 HSD,3,0,0.0
2026-08-08T07:51:36,cash,TOYOTA,RAV4 PLUG IN,3,0,0.0
2026-08-08T07:51:36,cash,TOYOTA,YARIS,1,0,0.0
2026-08-08T07:51:36,cash,TOYOTA,YARIS HYBRID,3,0,0.0
2026-08-08T07:51:36,cash,VOLKSWAGEN,GOLF,8,0,0.0
2026-08-08T07:51:36,cash,VOLKSWAGEN,ID.3,2,2,1.0
2026-08-08T07:51:36,cash,VOLKSWAGEN,POLO,7,0,0.0
2026-08-08T07:51:36,cash,VOLKSWAGEN,T-ROC,4,0,0.0
2026-08-08T07:51:36,cash,VOLKSWAGEN,TAIGO,2,0,0.0
2026-08-08T07:51:36,cash,VOLKSWAGEN,TIGUAN,4,0,0.0
2026-08-08T07:51:36,cash,VOLKSWAGEN,TIGUAN ALLSPACE,2,0,0.0
2026-08-08T07:51:36,cash,VOLKSWAGEN,TOURAN,2,0,0.0
2026-08-08T07:51:36,cash,VOLKSWAGEN,TRANSPORTER,1,0,0.0
2026-08-09T07:55:04,leasing,AUDI,A1 SPORTBACK,1,0,0.0
2026-08-09T07:55:04,leasing,AUDI,A3 SPORTBACK,4,0,0.0
2026-08-09T07:55:04,leasing,BMW,IX3,1,1,1.0
2026-08-09T07:55:04,leasing,BMW,SERIE 1,7,0,0.0
2026-08-09T07:55:04,leasing,BMW,SERIE 3,2,0,0.0
2026-08-09T07:55:04,leasing,BMW,X1,6,0,0.0
2026-08-09T07:55:04,leasing,BMW,X2,1,0,0.0
2026-08-09T07:55:04,leasing,BMW,X3,1,0,0.0
2026-08-09T07:55:04,leasing,CITROEN,BERLINGO,6,0,0.0
2026-08-09T07:55:04,leasing,CITROEN,C3,6,0,0.0
2026-08-09T07:55:04,leasing,CITROEN,C3 AIRCROSS,6,0,0.0
2026-08-09T07:55:04,leasing,CITROEN,C4,4,0,0.0
2026-08-09T07:55:04,leasing,CITROEN,C5 AIRCROSS,15,0,0.0
2026-08-09T07:55:04,leasing,CITROEN,C5 X,4,0,0.0
2026-08-09T07:55:04,leasing,CITROEN,JUMPY,5,0,0.0
2026-08-09T07:55:04,leasing,CUPRA,FORMENTOR,3,0,0.0
2026-08-09T07:55:04,leasing,DACIA,JOGGER,1,0,0.0
2026-08-09T07:55:04,leasing,DACIA,SANDERO,1,0,0.0
2026-08-09T07:55:04,leasing,DS,DS3 CROSSBACK,2,1,0.5
2026-08-09T07:55:04,leasing,DS,DS4,1,0,0.0
2026-08-09T07:55:04,leasing,DS,DS7,2,0,0.0
2026-08-09T07:55:04,leasing,FIAT,500,1,0,0.0
2026-08-09T07:55:04,leasing,FORD,KUGA,6,0,0.0
2026-08-09T07:55:04,leasing,FORD,PUMA,1,0,0.0
2026-08-09T07:55:04,leasing,HYUNDAI,I30,1,0,0.0
2026-08-09T07:55:04,leasing,HYUNDAI,IONIQ,1,1,1.0
2026-08-09T07:55:04,leasing,HYUNDAI,SANTA FE,1,0,0.0
2026-08-09T07:55:04,leasing,HYUNDAI,TUCSON,8,0,0.0
2026-08-09T07:55:04,leasing,JEEP,AVENGER,3,3,1.0
2026-08-09T07:55:04,leasing,KIA,CEED,4,0,0.0
2026-08-09T07:55:04,leasing,KIA,EV6,1,1,1.0
2026-08-09T07:55:04,leasing,KIA,NIRO,1,0,0.0
2026-08-09T07:55:04,leasing,KIA,NIRO EV,9,9,1.0
2026-08-09T07:55:04,leasing,KIA,PICANTO,1,0,0.0
2026-08-09T07:55:04,leasing,KIA,PROCEED,1,0,0.0
2026-08-09T07:55:04,leasing,KIA,RIO,2,0,0.0
2026-08-09T07:55:04,leasing,KIA,SORENTO,1,0,0.0
2026-08-09T07:55:04,leasing,KIA,SPORTAGE,9,0,0.0
2026-08-09T07:55:04,leasing,KIA,STONIC,8,0,0.0
2026-08-09T07:55:04,leasing,KIA,XCEED,1,0,0.0
2026-08-09T07:55:04,leasing,MERCEDES-BENZ,CLA COUPE,1,0,0.0
2026-08-09T07:55:04,leasing,MERCEDES-BENZ,CLASSE A,2,0,0.0
2026-08-09T07:55:04,leasing,MERCEDES-BENZ,CLASSE CLA,2,0,0.0
2026-08-09T07:55:04,leasing,NISSAN,JUKE,1,0,0.0
2026-08-09T07:55:04,leasing,NISSAN,LEAF,1,1,1.0
2026-08-09T07:55:04,leasing,NISSAN,QASHQAI,8,0,0.0
2026-08-09T07:55:04,leasing,NISSAN,X-TRAIL,1,0,0.0
2026-08-09T07:55:04,leasing,OPEL,ASTRA,1,0,0.0
2026-08-09T07:55:04,leasing,OPEL,CORSA,3,0,0.0
2026-08-09T07:55:04,leasing,OPEL,CROSSLAND,3,0,0.0
2026-08-09T07:55:04,leasing,OPEL,GRANDLAND,1,0,0.0
2026-08-09T07:55:04,leasing,PEUGEOT,2008,24,0,0.0
2026-08-09T07:55:04,leasing,PEUGEOT,208,9,0,0.0
2026-08-09T07:55:04,leasing,PEUGEOT,3008,29,0,0.0
2026-08-09T07:55:04,leasing,PEUGEOT,308,9,0,0.0
2026-08-09T07:55:04,leasing,PEUGEOT,308 SW,3,0,0.0
2026-08-09T07:55:04,leasing,PEUGEOT,408,1,0,0.0
2026-08-09T07:55:04,leasing,PEUGEOT,5008,15,0,0.0
2026-08-09T07:55:04,leasing,PEUGEOT,E-2008,14,14,1.0
2026-08-09T07:55:04,leasing,PEUGEOT,E-208,3,3,1.0
2026-08-09T07:55:04,leasing,PEUGEOT,EXPERT,3,0,0.0
2026-08-09T07:55:04,leasing,PEUGEOT,PARTNER,9,0,0.0
2026-08-09T07:55:04,leasing,RENAULT,ARKANA,14,0,0.0
2026-08-09T07:55:04,leasing,RENAULT,AUSTRAL,3,0,0.0
2026-08-09T07:55:04,leasing,RENAULT,CAPTUR,13,0,0.0
2026-08-09T07:55:04,leasing,RENAULT,CLIO,23,0,0.0
2026-08-09T07:55:04,leasing,RENAULT,ESPACE,2,0,0.0
2026-08-09T07:55:04,leasing,RENAULT,EXPRESS,16,0,0.0
2026-08-09T07:55:04,leasing,RENAULT,KANGOO,5,0,0.0
2026-08-09T07:55:04,leasing,RENAULT,MASTER,1,0,0.0
2026-08-09T07:55:04,leasing,RENAULT,MEGANE,12,0,0.0
2026-08-09T07:55:04,leasing,RENAULT,SCENIC,6,0,0.0
2026-08-09T07:55:04,leasing,RENAULT,TRAFIC,5,0,0.0
2026-08-09T07:55:04,leasing,RENAULT,ZOE,1,1,1.0
2026-08-09T07:55:04,leasing,SEAT,ARONA,1,0,0.0
2026-08-09T07:55:04,leasing,SKODA,ENYAQ,1,1,1.0
2026-08-09T07:55:04,leasing,SKODA,FABIA,5,0,0.0
2026-08-09T07:55:04,leasing,SKODA,KAMIQ,5,0,0.0
2026-08-09T07:55:04,leasing,SKODA,KODIAQ,2,0,0.0
2026-08-09T07:55:04,leasing,SUZUKI,SWIFT,1,0,0.0
2026-08-09T07:55:04,leasing,TESLA,MODEL 3,4,4,1.0
2026-08-09T07:55:04,leasing,TESLA,MODEL Y,11,11,1.0
2026-08-09T07:55:04,leasing,TOYOTA,AYGO X,4,0,0.0
2026-08-09T07:55:04,leasing,TOYOTA,C-HR,5,0,0.0
2026-08-09T07:55:04,leasing,TOYOTA,COROLLA,5,0,0.0
2026-08-09T07:55:04,leasing,TOYOTA,COROLLA TS,12,0,0.0
2026-08-09T07:55:04,leasing,TOYOTA,PROACE CITY,1,0,0.0
2026-08-09T07:55:04,leasing,TOYOTA,RAV4 HSD,3,0,0.0
2026-08-09T07:55:04,leasing,TOYOTA,RAV4 PLUG IN,3,0,0.0
2026-08-09T07:55:04,leasing,TOYOTA,YARIS,1,0,0.0
2026-08-09T07:55:04,leasing,TOYOTA,YARIS HYBRID,3,0,0.0
2026-08-09T07:55:04,leasing,VOLKSWAGEN,GOLF,9,0,0.0
2026-08-09T07:55:04,leasing,VOLKSWAGEN,ID.3,2,2,1.0
2026-08-09T07:55:04,leasing,VOLKSWAGEN,POLO,5,0,0.0
2026-08-09T07:55:04,leasing,VOLKSWAGEN,T-ROC,4,0,0.0
2026-08-09T07:55:04,leasing,VOLKSWAGEN,TAIGO,1,0,0.0
2026-08-09T07:55:04,leasing,VOLKSWAGEN,TIGUAN,4,0,0.0
2026-08-09T07:55:04,leasing,VOLKSWAGEN,TIGUAN ALLSPACE,1,0,0.0
2026-08-09T07:55:04,leasing,VOLKSWAGEN,TOURAN,2,0,0.0
2026-08-09T07:55:04,leasing,VOLKSWAGEN,TRANSPORTER,1,0,0.0
2026-08-09T07:55:04,cash,AUDI,A1 SPORTBACK,1,0,0.0
2026-08-09T07:55:04,cash,AUDI,A3 SPORTBACK,4,0,0.0
2026-08-09T07:55:04,cash,BMW,IX3,1,1,1.0
2026-08-09T07:55:04,cash,BMW,SERIE 1,7,0,0.0
2026-08-09T07:55:04,cash,BMW,SERIE 2 ACTIVE TOURE,1,0,0.0
2026-08-09T07:55:04,cash,BMW,SERIE 3,2,0,0.0
2026-08-09T07:55:04,cash,BMW,X1,7,0,0.0
2026-08-09T07:55:04,cash,BMW,X2,1,0,0.0
2026-08-09T07:55:04,cash,BMW,X3,1,0,0.0
2026-08-09T07:55:04,cash,BMW,X5,1,0,0.0
2026-08-09T07:55:04,cash,CITROEN,BERLINGO,7,0,0.0
2026-08-09T07:55:04,cash,CITROEN,C3,8,0,0.0
2026-08-09T07:55:04,cash,CITROEN,C3 AIRCROSS,6,0,0.0
2026-08-09T07:55:04,cash,CITROEN,C4,4,0,0.0
2026-08-09T07:55:04,cash,CITROEN,C5 AIRCROSS,15,0,0.0
2026-08-09T07:55:04,cash,CITROEN,C5 X,4,0,0.0
2026-08-09T07:55:04,cash,CITROEN,E-C4,1,1,1.0
2026-08-09T07:55:04,cash,CITROEN,JUMPY,5,0,0.0
2026-08-09T07:55:04,cash,CUPRA,FORMENTOR,3,0,0.0
2026-08-09T07:55:04,cash,DACIA,JOGGER,1,0,0.0
2026-08-09T07:55:04,cash,DACIA,SANDERO,2,0,0.0
2026-08-09T07:55:04,cash,DS,DS3 CROSSBACK,2,1,0.5
2026-08-09T07:55:04,cash,DS,DS4,1,0,0.0
2026-08-09T07:55:04,cash,DS,DS7,2,0,0.0
2026-08-09T07:55:04,cash,FIAT,500,1,0,0.0
2026-08-09T07:55:04,cash,FORD,KUGA,7,0,0.0
2026-08-09T07:55:04,cash,FORD,PUMA,1,0,0.0
2026-08-09T07:55:04,cash,FORD,TRANSIT CUSTOM,1,0,0.0
2026-08-09T07:55:04,cash,HYUNDAI,I30,1,0,0.0
2026-08-09T07:55:04,cash,HYUNDAI,IONIQ,1,1,1.0
2026-08-09T07:55:04,cash,HYUNDAI,SANTA FE,1,0,0.0
2026-08-09T07:55:04,cash,HYUNDAI,TUCSON,8,0,0.0
2026-08-09T07:55:04,cash,JEEP,AVENGER,3,3,1.0
2026-08-09T07:55:04,cash,KIA,CEED,4,0,0.0
2026-08-09T07:55:04,cash,KIA,EV6,1,1,1.0
2026-08-09T07:55:04,cash,KIA,NIRO,1,0,0.0
2026-08-09T07:55:04,cash,KIA,NIRO EV,9,9,1.0
2026-08-09T07:55:04,cash,KIA,PICANTO,1,0,0.0
2026-08-09T07:55:04,cash,KIA,PROCEED,1,0,0.0
2026-08-09T07:55:04,cash,KIA,RIO,2,0,0.0
2026-08-09T07:55:04,cash,KIA,SORENTO,1,0,0.0
2026-08-09T07:55:04,cash,KIA,SPORTAGE,9,0,0.0
2026-08-09T07:55:04,cash,KIA,STONIC,8,0,0.0
2026-08-09T07:55:04,cash,KIA,XCEED,1,0,0.0
2026-08-09T07:55:04,cash,LYNK,& CO LC01,1,0,0.0
2026-08-09T07:55:04,cash,MERCEDES-BENZ,CLA COUPE,1,0,0.0
2026-08-09T07:55:04,cash,MERCEDES-BENZ,CLASSE A,4,0,0.0
2026-08-09T07:55:04,cash,MERCEDES-BENZ,CLASSE CLA,2,0,0.0
2026-08-09T07:55:04,cash,MERCEDES-BENZ,EQA,1,1,1.0
2026-08-09T07:55:04,cash,MERCEDES-BENZ,GLB,1,0,0.0
2026-08-09T07:55:04,cash,NISSAN,JUKE,1,0,0.0
2026-08-09T07:55:04,cash,NISSAN,LEAF,1,1,1.0
2026-08-09T07:55:04,cash,NISSAN,QASHQAI,8,0,0.0
2026-08-09T07:55:04,cash,NISSAN,X-TRAIL,1,0,0.0
2026-08-09T07:55:04,cash,OPEL,ASTRA,1,0,0.0
2026-08-09T07:55:04,cash,OPEL,CORSA,3,0,0.0
2026-08-09T07:55:04,cash,OPEL,CROSSLAND,3,0,0.0
2026-08-09T07:55:04,cash,OPEL,GRANDLAND,1,0,0.0
2026-08-09T07:55:04,cash,OPEL,GRANDLAND X,1,0,0.0
2026-08-09T07:55:04,cash,PEUGEOT,108,1,0,0.0
2026-08-09T07:55:04,cash,PEUGEOT,2008,26,0,0.0
2026-08-09T07:55:04,cash,PEUGEOT,208,10,0,0.0
2026-08-09T07:55:04,cash,PEUGEOT,3008,33,0,0.0
2026-08-09T07:55:04,cash,PEUGEOT,308,9,0,0.0
2026-08-09T07:55:04,cash,PEUGEOT,308 SW,3,0,0.0
2026-08-09T07:55:04,cash,PEUGEOT,408,1,0,0.0
2026-08-09T07:55:04,cash,PEUGEOT,5008,15,0,0.0
2026-08-09T07:55:04,cash,PEUGEOT,E-2008,14,14,1.0
2026-08-09T07:55:04,cash,PEUGEOT,E-208,4,4,1.0
2026-08-09T07:55:04,cash,PEUGEOT,E-308,2,2,1.0
2026-08-09T07:55:04,cash,PEUGEOT,EXPERT,3,0,0.0
2026-08-09T07:55:04,cash,PEUGEOT,PARTNER,10,0,0.0
2026-08-09T07:55:04,cash,RENAULT,ARKANA,14,0,0.0
2026-08-09T07:55:04,cash,RENAULT,AUSTRAL,3,0,0.0
2026-08-09T07:55:04,cash,RENAULT,CAPTUR,14,0,0.0
2026-08-09T07:55:04,cash,RENAULT,CLIO,26,0,0.0
2026-08-09T07:55:04,cash,RENAULT,ESPACE,2,0,0.0
2026-08-09T07:55:04,cash,RENAULT,EXPRESS,16,0,0.0
2026-08-09T07:55:04,cash,RENAULT,KADJAR,1,0,0.0
2026-08-09T07:55:04,cash,RENAULT,KANGOO,5,0,0.0
2026-08-09T07:55:04,cash,RENAULT,MASTER,1,0,0.0
2026-08-09T07:55:04,cash,RENAULT,MEGANE,13,0,0.0
2026-08-09T07:55:04,cash,RENAULT,SCENIC,6,0,0.0
2026-08-09T07:55:04,cash,RENAULT,SYMBIOZ,1,0,0.0
2026-08-09T07:55:04,cash,RENAULT,TRAFIC,5,0,0.0
2026-08-09T07:55:04,cash,RENAULT,TWINGO,1,0,0.0
2026-08-09T07:55:04,cash,RENAULT,ZOE,1,1,1.0
2026-08-09T07:55:04,cash,SEAT,ARONA,1,0,0.0
2026-08-09T07:55:04,cash,SKODA,ENYAQ,1,1,1.0
2026-08-09T07:55:04,cash,SKODA,FABIA,5,0,0.0
2026-08-09T07:55:04,cash,SKODA,KAMIQ,5,0,0.0
2026-08-09T07:55:04,cash,SKODA,KAROQ,1,0,0.0
2026-08-09T07:55:04,cash,SKODA,KODIAQ,2,0,0.0
2026-08-09T07:55:04,cash,SUZUKI,SWIFT,1,0,0.0
2026-08-09T07:55:04,cash,TESLA,MODEL 3,6,6,1.0
2026-08-09T07:55:04,cash,TESLA,MODEL Y,11,11,1.0
2026-08-09T07:55:04,cash,TOYOTA,AYGO X,4,0,0.0
2026-08-09T07:55:04,cash,TOYOTA,C-HR,6,0,0.0
2026-08-09T07:55:04,cash,TOYOTA,COROLLA,5,0,0.0
2026-08-09T07:55:04,cash,TOYOTA,COROLLA TS,12,0,0.0
2026-08-09T07:55:04,cash,TOYOTA,PROACE CITY,1,0,0.0
2026-08-09T07:55:04,cash,TOYOTA,RAV4 HSD,4,0,0.0
2026-08-09T07:55:04,cash,TOYOTA,RAV4 PLUG IN,3,0,0.0
2026-08-09T07:55:04,cash,TOYOTA,YARIS,1,0,0.0
2026-08-09T07:55:04,cash,TOYOTA,YARIS HYBRID,3,0,0.0
2026-08-09T07:55:04,cash,VOLKSWAGEN,GOLF,9,0,0.0
2026-08-09T07:55:04,cash,VOLKSWAGEN,ID.3,2,2,1.0
2026-08-09T07:55:04,cash,VOLKSWAGEN,POLO,6,0,0.0
2026-08-09T07:55:04,cash,VOLKSWAGEN,T-ROC,5,0,0.0
2026-08-09T07:55:04,cash,VOLKSWAGEN,TAIGO,1,0,0.0
2026-08-09T07:55:04,cash,VOLKSWAGEN,TIGUAN,4,0,0.0
2026-08-09T07:55:04,cash,VOLKSWAGEN,TIGUAN ALLSPACE,2,0,0.0
2026-08-09T07:55:04,cash,VOLKSWAGEN,TOURAN,2,0,0.0
2026-08-09T07:55:04,cash,VOLKSWAGEN,TRANSPORTER,1,0,0.0
2026-08-10T08:40:52,leasing,AUDI,A1 SPORTBACK,1,0,0.0
2026-08-10T08:40:52,leasing,AUDI,A3 SPORTBACK,4,0,0.0
2026-08-10T08:40:52,leasing,BMW,IX3,1,1,1.0
2026-08-10T08:40:52,leasing,BMW,SERIE 1,6,0,0.0
2026-08-10T08:40:52,leasing,BMW,SERIE 2 ACTIVE TOURE,1,0,0.0
2026-08-10T08:40:52,leasing,BMW,SERIE 3,2,0,0.0
2026-08-10T08:40:52,leasing,BMW,X1,6,0,0.0
2026-08-10T08:40:52,leasing,BMW,X2,1,0,0.0
2026-08-10T08:40:52,leasing,BMW,X3,1,0,0.0
2026-08-10T08:40:52,leasing,CITROEN,BERLINGO,6,0,0.0
2026-08-10T08:40:52,leasing,CITROEN,C3,6,0,0.0
2026-08-10T08:40:52,leasing,CITROEN,C3 AIRCROSS,6,0,0.0
2026-08-10T08:40:52,leasing,CITROEN,C4,4,0,0.0
2026-08-10T08:40:52,leasing,CITROEN,C5 AIRCROSS,15,0,0.0
2026-08-10T08:40:52,leasing,CITROEN,C5 X,4,0,0.0
2026-08-10T08:40:52,leasing,CITROEN,JUMPY,5,0,0.0
2026-08-10T08:40:52,leasing,CUPRA,FORMENTOR,3,0,0.0
2026-08-10T08:40:52,leasing,DACIA,JOGGER,1,0,0.0
2026-08-10T08:40:52,leasing,DACIA,SANDERO,1,0,0.0
2026-08-10T08:40:52,leasing,DS,DS3 CROSSBACK,2,1,0.5
2026-08-10T08:40:52,leasing,DS,DS4,1,0,0.0
2026-08-10T08:40:52,leasing,DS,DS7,2,0,0.0
2026-08-10T08:40:52,leasing,FIAT,500,1,0,0.0
2026-08-10T08:40:52,leasing,FORD,KUGA,6,0,0.0
2026-08-10T08:40:52,leasing,FORD,PUMA,1,0,0.0
2026-08-10T08:40:52,leasing,HYUNDAI,I30,1,0,0.0
2026-08-10T08:40:52,leasing,HYUNDAI,IONIQ,1,1,1.0
2026-08-10T08:40:52,leasing,HYUNDAI,SANTA FE,1,0,0.0
2026-08-10T08:40:52,leasing,HYUNDAI,TUCSON,8,0,0.0
2026-08-10T08:40:52,leasing,JEEP,AVENGER,3,3,1.0
2026-08-10T08:40:52,leasing,KIA,CEED,4,0,0.0
2026-08-10T08:40:52,leasing,KIA,EV6,1,1,1.0
2026-08-10T08:40:52,leasing,KIA,NIRO,1,0,0.0
2026-08-10T08:40:52,leasing,KIA,NIRO EV,9,9,1.0
2026-08-10T08:40:52,leasing,KIA,PICANTO,1,0,0.0
2026-08-10T08:40:52,leasing,KIA,PROCEED,1,0,0.0
2026-08-10T08:40:52,leasing,KIA,RIO,2,0,0.0
2026-08-10T08:40:52,leasing,KIA,SORENTO,1,0,0.0
2026-08-10T08:40:52,leasing,KIA,SPORTAGE,9,0,0.0
2026-08-10T08:40:52,leasing,KIA,STONIC,8,0,0.0
2026-08-10T08:40:52,leasing,KIA,XCEED,1,0,0.0
2026-08-10T08:40:52,leasing,MERCEDES-BENZ,CLA COUPE,1,0,0.0
2026-08-10T08:40:52,leasing,MERCEDES-BENZ,CLASSE A,3,0,0.0
2026-08-10T08:40:52,leasing,MERCEDES-BENZ,CLASSE CLA,2,0,0.0
2026-08-10T08:40:52,leasing,MINI,MINI,0,1,0.0
2026-08-10T08:40:52,leasing,NISSAN,JUKE,1,0,0.0
2026-08-10T08:40:52,leasing,NISSAN,LEAF,1,1,1.0
2026-08-10T08:40:52,leasing,NISSAN,QASHQAI,8,0,0.0
2026-08-10T08:40:52,leasing,NISSAN,X-TRAIL,1,0,0.0
2026-08-10T08:40:52,leasing,OPEL,ASTRA,1,0,0.0
2026-08-10T08:40:52,leasing,OPEL,CORSA,3,0,0.0
2026-08-10T08:40:52,leasing,OPEL,CROSSLAND,3,0,0.0
2026-08-10T08:40:52,leasing,OPEL,GRANDLAND,1,0,0.0
2026-08-10T08:40:52,leasing,PEUGEOT,2008,24,0,0.0
2026-08-10T08:40:52,leasing,PEUGEOT,208,9,0,0.0
2026-08-10T08:40:52,leasing,PEUGEOT,3008,29,0,0.0
2026-08-10T08:40:52,leasing,PEUGEOT,308,9,0,0.0
2026-08-10T08:40:52,leasing,PEUGEOT,308 SW,3,0,0.0
2026-08-10T08:40:52,leasing,PEUGEOT,408,1,0,0.0
2026-08-10T08:40:52,leasing,PEUGEOT,5008,15,0,0.0
2026-08-10T08:40:52,leasing,PEUGEOT,E-2008,14,14,1.0
2026-08-10T08:40:52,leasing,PEUGEOT,E-208,4,4,1.0
2026-08-10T08:40:52,leasing,PEUGEOT,EXPERT,3,0,0.0
2026-08-10T08:40:52,leasing,PEUGEOT,PARTNER,9,0,0.0
2026-08-10T08:40:52,leasing,RENAULT,ARKANA,15,0,0.0
2026-08-10T08:40:52,leasing,RENAULT,AUSTRAL,3,0,0.0
2026-08-10T08:40:52,leasing,RENAULT,CAPTUR,12,0,0.0
2026-08-10T08:40:52,leasing,RENAULT,CLIO,23,0,0.0
2026-08-10T08:40:52,leasing,RENAULT,ESPACE,2,0,0.0
2026-08-10T08:40:52,leasing,RENAULT,EXPRESS,16,0,0.0
2026-08-10T08:40:52,leasing,RENAULT,KANGOO,5,0,0.0
2026-08-10T08:40:52,leasing,RENAULT,MASTER,1,0,0.0
2026-08-10T08:40:52,leasing,RENAULT,MEGANE,12,0,0.0
2026-08-10T08:40:52,leasing,RENAULT,SCENIC,6,0,0.0
2026-08-10T08:40:52,leasing,RENAULT,TRAFIC,5,0,0.0
2026-08-10T08:40:52,leasing,RENAULT,ZOE,1,1,1.0
2026-08-10T08:40:52,leasing,SEAT,ARONA,1,0,0.0
2026-08-10T08:40:52,leasing,SKODA,ENYAQ,1,1,1.0
2026-08-10T08:40:52,leasing,SKODA,FABIA,5,0,0.0
2026-08-10T08:40:52,leasing,SKODA,KAMIQ,5,0,0.0
2026-08-10T08:40:52,leasing,SKODA,KODIAQ,2,0,0.0
2026-08-10T08:40:52,leasing,SUZUKI,SWIFT,1,0,0.0
2026-08-10T08:40:52,leasing,TESLA,MODEL 3,4,4,1.0
2026-08-10T08:40:52,leasing,TESLA,MODEL Y,11,11,1.0
2026-08-10T08:40:52,leasing,TOYOTA,AYGO X,4,0,0.0
2026-08-10T08:40:52,leasing,TOYOTA,C-HR,4,0,0.0
2026-08-10T08:40:52,leasing,TOYOTA,COROLLA,5,0,0.0
2026-08-10T08:40:52,leasing,TOYOTA,COROLLA TS,12,0,0.0
2026-08-10T08:40:52,leasing,TOYOTA,PROACE CITY,1,0,0.0
2026-08-10T08:40:52,leasing,TOYOTA,RAV4 HSD,3,0,0.0
2026-08-10T08:40:52,leasing,TOYOTA,RAV4 PLUG IN,3,0,0.0
2026-08-10T08:40:52,leasing,TOYOTA,YARIS,1,0,0.0
2026-08-10T08:40:52,leasing,TOYOTA,YARIS HYBRID,3,0,0.0
2026-08-10T08:40:52,leasing,VOLKSWAGEN,GOLF,9,0,0.0
2026-08-10T08:40:52,leasing,VOLKSWAGEN,ID.3,2,2,1.0
2026-08-10T08:40:52,leasing,VOLKSWAGEN,POLO,4,0,0.0
2026-08-10T08:40:52,leasing,VOLKSWAGEN,T-ROC,3,0,0.0
2026-08-10T08:40:52,leasing,VOLKSWAGEN,TIGUAN,4,0,0.0
2026-08-10T08:40:52,leasing,VOLKSWAGEN,TIGUAN ALLSPACE,1,0,0.0
2026-08-10T08:40:52,leasing,VOLKSWAGEN,TOURAN,2,0,0.0
2026-08-10T08:40:52,leasing,VOLKSWAGEN,TRANSPORTER,1,0,0.0
2026-08-10T08:40:52,cash,AUDI,A1 SPORTBACK,1,0,0.0
2026-08-10T08:40:52,cash,AUDI,A3 SPORTBACK,4,0,0.0
2026-08-10T08:40:52,cash,BMW,IX3,1,1,1.0
2026-08-10T08:40:52,cash,BMW,SERIE 1,6,0,0.0
2026-08-10T08:40:52,cash,BMW,SERIE 2 ACTIVE TOURE,2,0,0.0
2026-08-10T08:40:52,cash,BMW,SERIE 3,2,0,0.0
2026-08-10T08:40:52,cash,BMW,X1,7,0,0.0
2026-08-10T08:40:52,cash,BMW,X2,1,0,0.0
2026-08-10T08:40:52,cash,BMW,X3,1,0,0.0
2026-08-10T08:40:52,cash,BMW,X5,1,0,0.0
2026-08-10T08:40:52,cash,CITROEN,BERLINGO,7,0,0.0
2026-08-10T08:40:52,cash,CITROEN,C3,8,0,0.0
2026-08-10T08:40:52,cash,CITROEN,C3 AIRCROSS,6,0,0.0
2026-08-10T08:40:52,cash,CITROEN,C4,4,0,0.0
2026-08-10T08:40:52,cash,CITROEN,C5 AIRCROSS,15,0,0.0
2026-08-10T08:40:52,cash,CITROEN,C5 X,4,0,0.0
2026-08-10T08:40:52,cash,CITROEN,E-C4,1,1,1.0
2026-08-10T08:40:52,cash,CITROEN,JUMPY,5,0,0.0
2026-08-10T08:40:52,cash,CUPRA,FORMENTOR,3,0,0.0
2026-08-10T08:40:52,cash,DACIA,JOGGER,1,0,0.0
2026-08-10T08:40:52,cash,DACIA,SANDERO,2,0,0.0
2026-08-10T08:40:52,cash,DS,DS3 CROSSBACK,2,1,0.5
2026-08-10T08:40:52,cash,DS,DS4,1,0,0.0
2026-08-10T08:40:52,cash,DS,DS7,2,0,0.0
2026-08-10T08:40:52,cash,FIAT,500,1,0,0.0
2026-08-10T08:40:52,cash,FORD,KUGA,7,0,0.0
2026-08-10T08:40:52,cash,FORD,PUMA,1,0,0.0
2026-08-10T08:40:52,cash,FORD,TRANSIT CUSTOM,1,0,0.0
2026-08-10T08:40:52,cash,HYUNDAI,I30,1,0,0.0
2026-08-10T08:40:52,cash,HYUNDAI,IONIQ,1,1,1.0
2026-08-10T08:40:52,cash,HYUNDAI,SANTA FE,1,0,0.0
2026-08-10T08:40:52,cash,HYUNDAI,TUCSON,8,0,0.0
2026-08-10T08:40:52,cash,JEEP,AVENGER,3,3,1.0
2026-08-10T08:40:52,cash,KIA,CEED,4,0,0.0
2026-08-10T08:40:52,cash,KIA,EV6,1,1,1.0
2026-08-10T08:40:52,cash,KIA,NIRO,1,0,0.0
2026-08-10T08:40:52,cash,KIA,NIRO EV,9,9,1.0
2026-08-10T08:40:52,cash,KIA,PICANTO,1,0,0.0
2026-08-10T08:40:52,cash,KIA,PROCEED,1,0,0.0
2026-08-10T08:40:52,cash,KIA,RIO,2,0,0.0
2026-08-10T08:40:52,cash,KIA,SORENTO,1,0,0.0
2026-08-10T08:40:52,cash,KIA,SPORTAGE,9,0,0.0
2026-08-10T08:40:52,cash,KIA,STONIC,8,0,0.0
2026-08-10T08:40:52,cash,KIA,XCEED,1,0,0.0
2026-08-10T08:40:52,cash,LYNK,& CO LC01,1,0,0.0
2026-08-10T08:40:52,cash,MERCEDES-BENZ,CLA COUPE,1,0,0.0
2026-08-10T08:40:52,cash,MERCEDES-BENZ,CLASSE A,5,0,0.0
2026-08-10T08:40:52,cash,MERCEDES-BENZ,CLASSE CLA,2,0,0.0
2026-08-10T08:40:52,cash,MERCEDES-BENZ,EQA,1,1,1.0
2026-08-10T08:40:52,cash,MERCEDES-BENZ,GLB,1,0,0.0
2026-08-10T08:40:52,cash,NISSAN,JUKE,1,0,0.0
2026-08-10T08:40:52,cash,NISSAN,LEAF,1,1,1.0
2026-08-10T08:40:52,cash,NISSAN,QASHQAI,8,0,0.0
2026-08-10T08:40:52,cash,NISSAN,X-TRAIL,1,0,0.0
2026-08-10T08:40:52,cash,OPEL,ASTRA,1,0,0.0
2026-08-10T08:40:52,cash,OPEL,CORSA,3,0,0.0
2026-08-10T08:40:52,cash,OPEL,CROSSLAND,3,0,0.0
2026-08-10T08:40:52,cash,OPEL,GRANDLAND,1,0,0.0
2026-08-10T08:40:52,cash,OPEL,GRANDLAND X,1,0,0.0
2026-08-10T08:40:52,cash,PEUGEOT,108,1,0,0.0
2026-08-10T08:40:52,cash,PEUGEOT,2008,26,0,0.0
2026-08-10T08:40:52,cash,PEUGEOT,208,10,0,0.0
2026-08-10T08:40:52,cash,PEUGEOT,3008,33,0,0.0
2026-08-10T08:40:52,cash,PEUGEOT,308,9,0,0.0
2026-08-10T08:40:52,cash,PEUGEOT,308 SW,3,0,0.0
2026-08-10T08:40:52,cash,PEUGEOT,408,1,0,0.0
2026-08-10T08:40:52,cash,PEUGEOT,5008,15,0,0.0
2026-08-10T08:40:52,cash,PEUGEOT,E-2008,14,14,1.0
2026-08-10T08:40:52,cash,PEUGEOT,E-208,5,5,1.0
2026-08-10T08:40:52,cash,PEUGEOT,E-308,2,2,1.0
2026-08-10T08:40:52,cash,PEUGEOT,EXPERT,3,0,0.0
2026-08-10T08:40:52,cash,PEUGEOT,PARTNER,10,0,0.0
2026-08-10T08:40:52,cash,RENAULT,ARKANA,15,0,0.0
2026-08-10T08:40:52,cash,RENAULT,AUSTRAL,3,0,0.0
2026-08-10T08:40:52,cash,RENAULT,CAPTUR,13,0,0.0
2026-08-10T08:40:52,cash,RENAULT,CLIO,26,0,0.0
2026-08-10T08:40:52,cash,RENAULT,ESPACE,2,0,0.0
2026-08-10T08:40:52,cash,RENAULT,EXPRESS,16,0,0.0
2026-08-10T08:40:52,cash,RENAULT,KADJAR,1,0,0.0
2026-08-10T08:40:52,cash,RENAULT,KANGOO,5,0,0.0
2026-08-10T08:40:52,cash,RENAULT,MASTER,1,0,0.0
2026-08-10T08:40:52,cash,RENAULT,MEGANE,13,0,0.0
2026-08-10T08:40:52,cash,RENAULT,SCENIC,6,0,0.0
2026-08-10T08:40:52,cash,RENAULT,SYMBIOZ,1,0,0.0
2026-08-10T08:40:52,cash,RENAULT,TRAFIC,5,0,0.0
2026-08-10T08:40:52,cash,RENAULT,TWINGO,1,0,0.0
2026-08-10T08:40:52,cash,RENAULT,ZOE,1,1,1.0
2026-08-10T08:40:52,cash,SEAT,ARONA,1,0,0.0
2026-08-10T08:40:52,cash,SKODA,ENYAQ,1,1,1.0
2026-08-10T08:40:52,cash,SKODA,FABIA,5,0,0.0
2026-08-10T08:40:52,cash,SKODA,KAMIQ,5,0,0.0
2026-08-10T08:40:52,cash,SKODA,KAROQ,1,0,0.0
2026-08-10T08:40:52,cash,SKODA,KODIAQ,2,0,0.0
2026-08-10T08:40:52,cash,SUZUKI,SWIFT,1,0,0.0
2026-08-10T08:40:52,cash,TESLA,MODEL 3,6,6,1.0
2026-08-10T08:40:52,cash,TESLA,MODEL Y,11,11,1.0
2026-08-10T08:40:52,cash,TOYOTA,AYGO X,4,0,0.0
2026-08-10T08:40:52,cash,TOYOTA,C-HR,6,0,0.0
2026-08-10T08:40:52,cash,TOYOTA,COROLLA,5,0,0.0
2026-08-10T08:40:52,cash,TOYOTA,COROLLA TS,12,0,0.0
2026-08-10T08:40:52,cash,TOYOTA,PROACE CITY,1,0,0.0
2026-08-10T08:40:52,cash,TOYOTA,RAV4 HSD,4,0,0.0
2026-08-10T08:40:52,cash,TOYOTA,RAV4 PLUG IN,3,0,0.0
2026-08-10T08:40:52,cash,TOYOTA,YARIS,1,0,0.0
2026-08-10T08:40:52,cash,TOYOTA,YARIS HYBRID,3,0,0.0
2026-08-10T08:40:52,cash,VOLKSWAGEN,GOLF,9,0,0.0
2026-08-10T08:40:52,cash,VOLKSWAGEN,ID.3,2,2,1.0
2026-08-10T08:40:52,cash,VOLKSWAGEN,POLO,5,0,0.0
2026-08-10T08:40:52,cash,VOLKSWAGEN,T-ROC,4,0,0.0
2026-08-10T08:40:52,cash,VOLKSWAGEN,TIGUAN,4,0,0.0
2026-08-10T08:40:52,cash,VOLKSWAGEN,TIGUAN ALLSPACE,2,0,0.0
2026-08-10T08:40:52,cash,VOLKSWAGEN,TOURAN,2,0,0.0
2026-08-10T08:40:52,cash,VOLKSWAGEN,TRANSPORTER,1,0,0.0
2026-08-11T08:10:43,leasing,AUDI,A1 SPORTBACK,1,0,0.0
2026-08-11T08:10:43,leasing,AUDI,A3 SPORTBACK,4,0,0.0
2026-08-11T08:10:43,leasing,BMW,IX1,1,1,1.0
2026-08-11T08:10:43,leasing,BMW,IX3,1,1,1.0
2026-08-11T08:10:43,leasing,BMW,SERIE 1,7,0,0.0
2026-08-11T08:10:43,leasing,BMW,SERIE 2 ACTIVE TOURE,1,0,0.0
2026-08-11T08:10:43,leasing,BMW,SERIE 3,2,0,0.0
2026-08-11T08:10:43,leasing,BMW,X1,6,0,0.0
2026-08-11T08:10:43,leasing,BMW,X2,1,0,0.0
2026-08-11T08:10:43,leasing,BMW,X3,1,0,0.0
2026-08-11T08:10:43,leasing,CITROEN,BERLINGO,6,0,0.0
2026-08-11T08:10:43,leasing,CITROEN,C3,6,0,0.0
2026-08-11T08:10:43,leasing,CITROEN,C3 AIRCROSS,6,0,0.0
2026-08-11T08:10:43,leasing,CITROEN,C4,4,0,0.0
2026-08-11T08:10:43,leasing,CITROEN,C5 AIRCROSS,15,0,0.0
2026-08-11T08:10:43,leasing,CITROEN,C5 X,4,0,0.0
2026-08-11T08:10:43,leasing,CITROEN,JUMPY,5,0,0.0
2026-08-11T08:10:43,leasing,CUPRA,FORMENTOR,3,0,0.0
2026-08-11T08:10:43,leasing,DACIA,JOGGER,1,0,0.0
2026-08-11T08:10:43,leasing,DACIA,SANDERO,1,0,0.0
2026-08-11T08:10:43,leasing,DS,DS3 CROSSBACK,2,1,0.5
2026-08-11T08:10:43,leasing,DS,DS4,1,0,0.0
2026-08-11T08:10:43,leasing,DS,DS7,2,0,0.0
2026-08-11T08:10:43,leasing,FIAT,500,1,0,0.0
2026-08-11T08:10:43,leasing,FORD,KUGA,6,0,0.0
2026-08-11T08:10:43,leasing,FORD,PUMA,1,0,0.0
2026-08-11T08:10:43,leasing,HYUNDAI,I30,1,0,0.0
2026-08-11T08:10:43,leasing,HYUNDAI,IONIQ,1,1,1.0
2026-08-11T08:10:43,leasing,HYUNDAI,SANTA FE,1,0,0.0
2026-08-11T08:10:43,leasing,HYUNDAI,TUCSON,8,0,0.0
2026-08-11T08:10:43,leasing,JEEP,AVENGER,3,3,1.0
2026-08-11T08:10:43,leasing,KIA,CEED,4,0,0.0
2026-08-11T08:10:43,leasing,KIA,EV6,1,1,1.0
2026-08-11T08:10:43,leasing,KIA,NIRO,1,0,0.0
2026-08-11T08:10:43,leasing,KIA,NIRO EV,9,9,1.0
2026-08-11T08:10:43,leasing,KIA,PICANTO,1,0,0.0
2026-08-11T08:10:43,leasing,KIA,PROCEED,1,0,0.0
2026-08-11T08:10:43,leasing,KIA,RIO,2,0,0.0
2026-08-11T08:10:43,leasing,KIA,SORENTO,1,0,0.0
2026-08-11T08:10:43,leasing,KIA,SPORTAGE,11,0,0.0
2026-08-11T08:10:43,leasing,KIA,STONIC,8,0,0.0
2026-08-11T08:10:43,leasing,KIA,XCEED,1,0,0.0
2026-08-11T08:10:43,leasing,MERCEDES-BENZ,CLA COUPE,2,0,0.0
2026-08-11T08:10:43,leasing,MERCEDES-BENZ,CLASSE A,3,0,0.0
2026-08-11T08:10:43,leasing,MERCEDES-BENZ,CLASSE CLA,2,0,0.0
2026-08-11T08:10:43,leasing,NISSAN,JUKE,1,0,0.0
2026-08-11T08:10:43,leasing,NISSAN,LEAF,1,1,1.0
2026-08-11T08:10:43,leasing,NISSAN,QASHQAI,9,0,0.0
2026-08-11T08:10:43,leasing,NISSAN,X-TRAIL,1,0,0.0
2026-08-11T08:10:43,leasing,OPEL,ASTRA,1,0,0.0
2026-08-11T08:10:43,leasing,OPEL,CORSA,3,0,0.0
2026-08-11T08:10:43,leasing,OPEL,CROSSLAND,3,0,0.0
2026-08-11T08:10:43,leasing,OPEL,GRANDLAND,1,0,0.0
2026-08-11T08:10:43,leasing,PEUGEOT,2008,25,0,0.0
2026-08-11T08:10:43,leasing,PEUGEOT,208,9,0,0.0
2026-08-11T08:10:43,leasing,PEUGEOT,3008,29,0,0.0
2026-08-11T08:10:43,leasing,PEUGEOT,308,9,0,0.0
2026-08-11T08:10:43,leasing,PEUGEOT,308 SW,3,0,0.0
2026-08-11T08:10:43,leasing,PEUGEOT,408,1,0,0.0
2026-08-11T08:10:43,leasing,PEUGEOT,5008,15,0,0.0
2026-08-11T08:10:43,leasing,PEUGEOT,E-2008,12,12,1.0
2026-08-11T08:10:43,leasing,PEUGEOT,E-208,4,4,1.0
2026-08-11T08:10:43,leasing,PEUGEOT,EXPERT,3,0,0.0
2026-08-11T08:10:43,leasing,PEUGEOT,PARTNER,9,0,0.0
2026-08-11T08:10:43,leasing,RENAULT,ARKANA,18,0,0.0
2026-08-11T08:10:43,leasing,RENAULT,AUSTRAL,5,0,0.0
2026-08-11T08:10:43,leasing,RENAULT,CAPTUR,14,0,0.0
2026-08-11T08:10:43,leasing,RENAULT,CLIO,24,0,0.0
2026-08-11T08:10:43,leasing,RENAULT,ESPACE,2,0,0.0
2026-08-11T08:10:43,leasing,RENAULT,EXPRESS,16,0,0.0
2026-08-11T08:10:43,leasing,RENAULT,KANGOO,5,0,0.0
2026-08-11T08:10:43,leasing,RENAULT,MASTER,1,0,0.0
2026-08-11T08:10:43,leasing,RENAULT,MEGANE,12,0,0.0
2026-08-11T08:10:43,leasing,RENAULT,SCENIC,6,0,0.0
2026-08-11T08:10:43,leasing,RENAULT,TRAFIC,5,0,0.0
2026-08-11T08:10:43,leasing,RENAULT,ZOE,1,1,1.0
2026-08-11T08:10:43,leasing,SEAT,ARONA,1,0,0.0
2026-08-11T08:10:43,leasing,SKODA,ENYAQ,1,1,1.0
2026-08-11T08:10:43,leasing,SKODA,FABIA,5,0,0.0
2026-08-11T08:10:43,leasing,SKODA,KAMIQ,5,0,0.0
2026-08-11T08:10:43,leasing,SKODA,KODIAQ,2,0,0.0
2026-08-11T08:10:43,leasing,SUZUKI,SWIFT,1,0,0.0
2026-08-11T08:10:43,leasing,TESLA,MODEL 3,4,4,1.0
2026-08-11T08:10:43,leasing,TESLA,MODEL Y,9,9,1.0
2026-08-11T08:10:43,leasing,TOYOTA,AYGO X,4,0,0.0
2026-08-11T08:10:43,leasing,TOYOTA,C-HR,4,0,0.0
2026-08-11T08:10:43,leasing,TOYOTA,COROLLA,5,0,0.0
2026-08-11T08:10:43,leasing,TOYOTA,COROLLA TS,12,0,0.0
2026-08-11T08:10:43,leasing,TOYOTA,PROACE CITY,1,0,0.0
2026-08-11T08:10:43,leasing,TOYOTA,RAV4 HSD,2,0,0.0
2026-08-11T08:10:43,leasing,TOYOTA,RAV4 PLUG IN,4,0,0.0
2026-08-11T08:10:43,leasing,TOYOTA,YARIS,1,0,0.0
2026-08-11T08:10:43,leasing,TOYOTA,YARIS HYBRID,2,0,0.0
2026-08-11T08:10:43,leasing,VOLKSWAGEN,GOLF,8,0,0.0
2026-08-11T08:10:43,leasing,VOLKSWAGEN,ID.3,2,2,1.0
2026-08-11T08:10:43,leasing,VOLKSWAGEN,POLO,4,0,0.0
2026-08-11T08:10:43,leasing,VOLKSWAGEN,T-ROC,3,0,0.0
2026-08-11T08:10:43,leasing,VOLKSWAGEN,TIGUAN,4,0,0.0
2026-08-11T08:10:43,leasing,VOLKSWAGEN,TIGUAN ALLSPACE,2,0,0.0
2026-08-11T08:10:43,leasing,VOLKSWAGEN,TOURAN,3,0,0.0
2026-08-11T08:10:43,leasing,VOLKSWAGEN,TRANSPORTER,1,0,0.0
2026-08-11T08:10:43,leasing,VOLVO,XC60,1,0,0.0
2026-08-11T08:10:43,cash,AUDI,A1 SPORTBACK,1,0,0.0
2026-08-11T08:10:43,cash,AUDI,A3 SPORTBACK,4,0,0.0
2026-08-11T08:10:43,cash,BMW,IX1,1,1,1.0
2026-08-11T08:10:43,cash,BMW,IX3,1,1,1.0
2026-08-11T08:10:43,cash,BMW,SERIE 1,7,0,0.0
2026-08-11T08:10:43,cash,BMW,SERIE 2 ACTIVE TOURE,2,0,0.0
2026-08-11T08:10:43,cash,BMW,SERIE 3,2,0,0.0
2026-08-11T08:10:43,cash,BMW,X1,7,0,0.0
2026-08-11T08:10:43,cash,BMW,X2,1,0,0.0
2026-08-11T08:10:43,cash,BMW,X3,1,0,0.0
2026-08-11T08:10:43,cash,BMW,X5,1,0,0.0
2026-08-11T08:10:43,cash,CITROEN,BERLINGO,8,0,0.0
2026-08-11T08:10:43,cash,CITROEN,C3,9,0,0.0
2026-08-11T08:10:43,cash,CITROEN,C3 AIRCROSS,6,0,0.0
2026-08-11T08:10:43,cash,CITROEN,C4,4,0,0.0
2026-08-11T08:10:43,cash,CITROEN,C5 AIRCROSS,15,0,0.0
2026-08-11T08:10:43,cash,CITROEN,C5 X,4,0,0.0
2026-08-11T08:10:43,cash,CITROEN,E-C4,1,1,1.0
2026-08-11T08:10:43,cash,CITROEN,JUMPY,5,0,0.0
2026-08-11T08:10:43,cash,CUPRA,FORMENTOR,3,0,0.0
2026-08-11T08:10:43,cash,DACIA,JOGGER,1,0,0.0
2026-08-11T08:10:43,cash,DACIA,SANDERO,2,0,0.0
2026-08-11T08:10:43,cash,DS,DS3 CROSSBACK,2,1,0.5
2026-08-11T08:10:43,cash,DS,DS4,1,0,0.0
2026-08-11T08:10:43,cash,DS,DS7,3,0,0.0
2026-08-11T08:10:43,cash,FIAT,500,1,0,0.0
2026-08-11T08:10:43,cash,FORD,KUGA,7,0,0.0
2026-08-11T08:10:43,cash,FORD,PUMA,1,0,0.0
2026-08-11T08:10:43,cash,FORD,TRANSIT CUSTOM,1,0,0.0
2026-08-11T08:10:43,cash,HYUNDAI,I30,1,0,0.0
2026-08-11T08:10:43,cash,HYUNDAI,IONIQ,1,1,1.0
2026-08-11T08:10:43,cash,HYUNDAI,SANTA FE,1,0,0.0
2026-08-11T08:10:43,cash,HYUNDAI,TUCSON,8,0,0.0
2026-08-11T08:10:43,cash,JEEP,AVENGER,3,3,1.0
2026-08-11T08:10:43,cash,KIA,CEED,4,0,0.0
2026-08-11T08:10:43,cash,KIA,EV6,1,1,1.0
2026-08-11T08:10:43,cash,KIA,NIRO,1,0,0.0
2026-08-11T08:10:43,cash,KIA,NIRO EV,9,9,1.0
2026-08-11T08:10:43,cash,KIA,PICANTO,1,0,0.0
2026-08-11T08:10:43,cash,KIA,PROCEED,1,0,0.0
2026-08-11T08:10:43,cash,KIA,RIO,2,0,0.0
2026-08-11T08:10:43,cash,KIA,SORENTO,1,0,0.0
2026-08-11T08:10:43,cash,KIA,SPORTAGE,11,0,0.0
2026-08-11T08:10:43,cash,KIA,STONIC,8,0,0.0
2026-08-11T08:10:43,cash,KIA,XCEED,1,0,0.0
2026-08-11T08:10:43,cash,LYNK,& CO LC01,1,0,0.0
2026-08-11T08:10:43,cash,MERCEDES-BENZ,CLA COUPE,2,0,0.0
2026-08-11T08:10:43,cash,MERCEDES-BENZ,CLASSE A,5,0,0.0
2026-08-11T08:10:43,cash,MERCEDES-BENZ,CLASSE CLA,2,0,0.0
2026-08-11T08:10:43,cash,MERCEDES-BENZ,EQA,1,1,1.0
2026-08-11T08:10:43,cash,MERCEDES-BENZ,GLB,1,0,0.0
2026-08-11T08:10:43,cash,NISSAN,JUKE,1,0,0.0
2026-08-11T08:10:43,cash,NISSAN,LEAF,1,1,1.0
2026-08-11T08:10:43,cash,NISSAN,QASHQAI,9,0,0.0
2026-08-11T08:10:43,cash,NISSAN,X-TRAIL,1,0,0.0
2026-08-11T08:10:43,cash,OPEL,ASTRA,1,0,0.0
2026-08-11T08:10:43,cash,OPEL,CORSA,3,0,0.0
2026-08-11T08:10:43,cash,OPEL,CROSSLAND,3,0,0.0
2026-08-11T08:10:43,cash,OPEL,GRANDLAND,1,0,0.0
2026-08-11T08:10:43,cash,OPEL,GRANDLAND X,1,0,0.0
2026-08-11T08:10:43,cash,PEUGEOT,108,1,0,0.0
2026-08-11T08:10:43,cash,PEUGEOT,2008,27,0,0.0
2026-08-11T08:10:43,cash,PEUGEOT,208,10,0,0.0
2026-08-11T08:10:43,cash,PEUGEOT,3008,33,0,0.0
2026-08-11T08:10:43,cash,PEUGEOT,308,9,0,0.0
2026-08-11T08:10:43,cash,PEUGEOT,308 SW,3,0,0.0
2026-08-11T08:10:43,cash,PEUGEOT,408,1,0,0.0
2026-08-11T08:10:43,cash,PEUGEOT,5008,15,0,0.0
2026-08-11T08:10:43,cash,PEUGEOT,E-2008,12,12,1.0
2026-08-11T08:10:43,cash,PEUGEOT,E-208,5,5,1.0
2026-08-11T08:10:43,cash,PEUGEOT,E-308,2,2,1.0
2026-08-11T08:10:43,cash,PEUGEOT,EXPERT,3,0,0.0
2026-08-11T08:10:43,cash,PEUGEOT,PARTNER,10,0,0.0
2026-08-11T08:10:43,cash,RENAULT,ARKANA,18,0,0.0
2026-08-11T08:10:43,cash,RENAULT,AUSTRAL,5,0,0.0
2026-08-11T08:10:43,cash,RENAULT,CAPTUR,15,0,0.0
2026-08-11T08:10:43,cash,RENAULT,CLIO,27,0,0.0
2026-08-11T08:10:43,cash,RENAULT,ESPACE,2,0,0.0
2026-08-11T08:10:43,cash,RENAULT,EXPRESS,16,0,0.0
2026-08-11T08:10:43,cash,RENAULT,KADJAR,1,0,0.0
2026-08-11T08:10:43,cash,RENAULT,KANGOO,5,0,0.0
2026-08-11T08:10:43,cash,RENAULT,MASTER,1,0,0.0
2026-08-11T08:10:43,cash,RENAULT,MEGANE,15,0,0.0
2026-08-11T08:10:43,cash,RENAULT,MEGANE E-TECH,1,1,1.0
2026-08-11T08:10:43,cash,RENAULT,SCENIC,6,0,0.0
2026-08-11T08:10:43,cash,RENAULT,SYMBIOZ,1,0,0.0
2026-08-11T08:10:43,cash,RENAULT,TRAFIC,5,0,0.0
2026-08-11T08:10:43,cash,RENAULT,TWINGO,1,0,0.0
2026-08-11T08:10:43,cash,RENAULT,ZOE,1,1,1.0
2026-08-11T08:10:43,cash,SEAT,ARONA,1,0,0.0
2026-08-11T08:10:43,cash,SKODA,ENYAQ,1,1,1.0
2026-08-11T08:10:43,cash,SKODA,FABIA,5,0,0.0
2026-08-11T08:10:43,cash,SKODA,KAMIQ,5,0,0.0
2026-08-11T08:10:43,cash,SKODA,KAROQ,1,0,0.0
2026-08-11T08:10:43,cash,SKODA,KODIAQ,2,0,0.0
2026-08-11T08:10:43,cash,SUZUKI,SWIFT,1,0,0.0
2026-08-11T08:10:43,cash,TESLA,MODEL 3,6,6,1.0
2026-08-11T08:10:43,cash,TESLA,MODEL Y,9,9,1.0
2026-08-11T08:10:43,cash,TOYOTA,AYGO X,4,0,0.0
2026-08-11T08:10:43,cash,TOYOTA,C-HR,5,0,0.0
2026-08-11T08:10:43,cash,TOYOTA,COROLLA,5,0,0.0
2026-08-11T08:10:43,cash,TOYOTA,COROLLA TS,12,0,0.0
2026-08-11T08:10:43,cash,TOYOTA,PROACE CITY,1,0,0.0
2026-08-11T08:10:43,cash,TOYOTA,RAV4 HSD,3,0,0.0
2026-08-11T08:10:43,cash,TOYOTA,RAV4 PLUG IN,4,0,0.0
2026-08-11T08:10:43,cash,TOYOTA,YARIS,1,0,0.0
2026-08-11T08:10:43,cash,TOYOTA,YARIS HYBRID,2,0,0.0
2026-08-11T08:10:43,cash,VOLKSWAGEN,GOLF,8,0,0.0
2026-08-11T08:10:43,cash,VOLKSWAGEN,ID.3,2,2,1.0
2026-08-11T08:10:43,cash,VOLKSWAGEN,POLO,5,0,0.0
2026-08-11T08:10:43,cash,VOLKSWAGEN,T-ROC,4,0,0.0
2026-08-11T08:10:43,cash,VOLKSWAGEN,TIGUAN,4,0,0.0
2026-08-11T08:10:43,cash,VOLKSWAGEN,TIGUAN ALLSPACE,3,0,0.0
2026-08-11T08:10:43,cash,VOLKSWAGEN,TOURAN,3,0,0.0
2026-08-11T08:10:43,cash,VOLKSWAGEN,TRANSPORTER,1,0,0.0
2026-08-11T08:10:43,cash,VOLVO,XC60,1,0,0.0
2026-08-12T08:20:15,leasing,AUDI,A1 SPORTBACK,2,0,0.0
2026-08-12T08:20:15,leasing,AUDI,A3 SPORTBACK,3,0,0.0
2026-08-12T08:20:15,leasing,AUDI,Q4 E-TRON,1,1,1.0
2026-08-12T08:20:15,leasing,BMW,IX3,1,1,1.0
2026-08-12T08:20:15,leasing,BMW,SERIE 1,7,0,0.0
2026-08-12T08:20:15,leasing,BMW,SERIE 2 ACTIVE TOURE,1,0,0.0
2026-08-12T08:20:15,leasing,BMW,SERIE 3,2,0,0.0
2026-08-12T08:20:15,leasing,BMW,X1,6,0,0.0
2026-08-12T08:20:15,leasing,BMW,X2,1,0,0.0
2026-08-12T08:20:15,leasing,CITROEN,BERLINGO,7,0,0.0
2026-08-12T08:20:15,leasing,CITROEN,C3,7,0,0.0
2026-08-12T08:20:15,leasing,CITROEN,C3 AIRCROSS,6,0,0.0
2026-08-12T08:20:15,leasing,CITROEN,C4,4,0,0.0
2026-08-12T08:20:15,leasing,CITROEN,C5 AIRCROSS,16,0,0.0
2026-08-12T08:20:15,leasing,CITROEN,C5 X,4,0,0.0
2026-08-12T08:20:15,leasing,CITROEN,JUMPY,5,0,0.0
2026-08-12T08:20:15,leasing,CUPRA,FORMENTOR,3,0,0.0
2026-08-12T08:20:15,leasing,DACIA,JOGGER,1,0,0.0
2026-08-12T08:20:15,leasing,DACIA,SANDERO,1,0,0.0
2026-08-12T08:20:15,leasing,DS,DS3 CROSSBACK,2,1,0.5
2026-08-12T08:20:15,leasing,DS,DS4,2,0,0.0
2026-08-12T08:20:15,leasing,DS,DS7,3,0,0.0
2026-08-12T08:20:15,leasing,FIAT,500,1,0,0.0
2026-08-12T08:20:15,leasing,FORD,KUGA,6,0,0.0
2026-08-12T08:20:15,leasing,FORD,PUMA,1,0,0.0
2026-08-12T08:20:15,leasing,HYUNDAI,I30,1,0,0.0
2026-08-12T08:20:15,leasing,HYUNDAI,IONIQ,1,1,1.0
2026-08-12T08:20:15,leasing,HYUNDAI,SANTA FE,1,0,0.0
2026-08-12T08:20:15,leasing,HYUNDAI,TUCSON,8,0,0.0
2026-08-12T08:20:15,leasing,JEEP,AVENGER,3,3,1.0
2026-08-12T08:20:15,leasing,KIA,CEED,4,0,0.0
2026-08-12T08:20:15,leasing,KIA,EV6,1,1,1.0
2026-08-12T08:20:15,leasing,KIA,NIRO,1,0,0.0
2026-08-12T08:20:15,leasing,KIA,NIRO EV,10,10,1.0
2026-08-12T08:20:15,leasing,KIA,PICANTO,1,0,0.0
2026-08-12T08:20:15,leasing,KIA,PROCEED,1,0,0.0
2026-08-12T08:20:15,leasing,KIA,RIO,2,0,0.0
2026-08-12T08:20:15,leasing,KIA,SORENTO,1,0,0.0
2026-08-12T08:20:15,leasing,KIA,SPORTAGE,10,0,0.0
2026-08-12T08:20:15,leasing,KIA,STONIC,8,0,0.0
2026-08-12T08:20:15,leasing,KIA,XCEED,1,0,0.0
2026-08-12T08:20:15,leasing,MERCEDES-BENZ,CLA COUPE,1,0,0.0
2026-08-12T08:20:15,leasing,MERCEDES-BENZ,CLASSE A,3,0,0.0
2026-08-12T08:20:15,leasing,MERCEDES-BENZ,CLASSE CLA,3,0,0.0
2026-08-12T08:20:15,leasing,MERCEDES-BENZ,CLASSE GLA,1,0,0.0
2026-08-12T08:20:15,leasing,NISSAN,JUKE,1,0,0.0
2026-08-12T08:20:15,leasing,NISSAN,LEAF,1,1,1.0
2026-08-12T08:20:15,leasing,NISSAN,QASHQAI,9,0,0.0
2026-08-12T08:20:15,leasing,NISSAN,X-TRAIL,1,0,0.0
2026-08-12T08:20:15,leasing,OPEL,ASTRA,1,0,0.0
2026-08-12T08:20:15,leasing,OPEL,CORSA,3,0,0.0
2026-08-12T08:20:15,leasing,OPEL,CROSSLAND,3,0,0.0
2026-08-12T08:20:15,leasing,OPEL,GRANDLAND,1,0,0.0
2026-08-12T08:20:15,leasing,PEUGEOT,2008,24,0,0.0
2026-08-12T08:20:15,leasing,PEUGEOT,208,9,0,0.0
2026-08-12T08:20:15,leasing,PEUGEOT,3008,29,0,0.0
2026-08-12T08:20:15,leasing,PEUGEOT,308,9,0,0.0
2026-08-12T08:20:15,leasing,PEUGEOT,308 SW,3,0,0.0
2026-08-12T08:20:15,leasing,PEUGEOT,408,1,0,0.0
2026-08-12T08:20:15,leasing,PEUGEOT,5008,14,0,0.0
2026-08-12T08:20:15,leasing,PEUGEOT,E-2008,12,12,1.0
2026-08-12T08:20:15,leasing,PEUGEOT,E-208,2,2,1.0
2026-08-12T08:20:15,leasing,PEUGEOT,EXPERT,4,0,0.0
2026-08-12T08:20:15,leasing,PEUGEOT,PARTNER,9,0,0.0
2026-08-12T08:20:15,leasing,RENAULT,ARKANA,20,0,0.0
2026-08-12T08:20:15,leasing,RENAULT,AUSTRAL,6,0,0.0
2026-08-12T08:20:15,leasing,RENAULT,CAPTUR,14,0,0.0
2026-08-12T08:20:15,leasing,RENAULT,CLIO,25,0,0.0
2026-08-12T08:20:15,leasing,RENAULT,ESPACE,2,0,0.0
2026-08-12T08:20:15,leasing,RENAULT,EXPRESS,16,0,0.0
2026-08-12T08:20:15,leasing,RENAULT,KANGOO,5,0,0.0
2026-08-12T08:20:15,leasing,RENAULT,MASTER,1,0,0.0
2026-08-12T08:20:15,leasing,RENAULT,MEGANE,13,0,0.0
2026-08-12T08:20:15,leasing,RENAULT,MEGANE E-TECH,1,1,1.0
2026-08-12T08:20:15,leasing,RENAULT,SCENIC,6,0,0.0
2026-08-12T08:20:15,leasing,RENAULT,TRAFIC,5,0,0.0
2026-08-12T08:20:15,leasing,RENAULT,ZOE,1,1,1.0
2026-08-12T08:20:15,leasing,SEAT,ARONA,1,0,0.0
2026-08-12T08:20:15,leasing,SKODA,ENYAQ,1,1,1.0
2026-08-12T08:20:15,leasing,SKODA,FABIA,5,0,0.0
2026-08-12T08:20:15,leasing,SKODA,KAMIQ,5,0,0.0
2026-08-12T08:20:15,leasing,SKODA,KODIAQ,2,0,0.0
2026-08-12T08:20:15,leasing,SUZUKI,SWIFT,1,0,0.0
2026-08-12T08:20:15,leasing,TESLA,MODEL 3,4,4,1.0
2026-08-12T08:20:15,leasing,TESLA,MODEL Y,11,11,1.0
2026-08-12T08:20:15,leasing,TOYOTA,AYGO X,4,0,0.0
2026-08-12T08:20:15,leasing,TOYOTA,C-HR,4,0,0.0
2026-08-12T08:20:15,leasing,TOYOTA,COROLLA,5,0,0.0
2026-08-12T08:20:15,leasing,TOYOTA,COROLLA TS,12,0,0.0
2026-08-12T08:20:15,leasing,TOYOTA,PROACE CITY,1,0,0.0
2026-08-12T08:20:15,leasing,TOYOTA,RAV4 HSD,3,0,0.0
2026-08-12T08:20:15,leasing,TOYOTA,RAV4 PLUG IN,4,0,0.0
2026-08-12T08:20:15,leasing,TOYOTA,YARIS,1,0,0.0
2026-08-12T08:20:15,leasing,TOYOTA,YARIS HYBRID,2,0,0.0
2026-08-12T08:20:15,leasing,VOLKSWAGEN,GOLF,8,0,0.0
2026-08-12T08:20:15,leasing,VOLKSWAGEN,ID.3,2,2,1.0
2026-08-12T08:20:15,leasing,VOLKSWAGEN,POLO,4,0,0.0
2026-08-12T08:20:15,leasing,VOLKSWAGEN,T-ROC,3,0,0.0
2026-08-12T08:20:15,leasing,VOLKSWAGEN,TAIGO,1,0,0.0
2026-08-12T08:20:15,leasing,VOLKSWAGEN,TIGUAN,4,0,0.0
2026-08-12T08:20:15,leasing,VOLKSWAGEN,TIGUAN ALLSPACE,1,0,0.0
2026-08-12T08:20:15,leasing,VOLKSWAGEN,TOURAN,3,0,0.0
2026-08-12T08:20:15,leasing,VOLKSWAGEN,TRANSPORTER,1,0,0.0
2026-08-12T08:20:15,leasing,VOLVO,XC60,1,0,0.0
2026-08-12T08:20:15,cash,AUDI,A1 SPORTBACK,2,0,0.0
2026-08-12T08:20:15,cash,AUDI,A3 SPORTBACK,3,0,0.0
2026-08-12T08:20:15,cash,AUDI,Q4 E-TRON,1,1,1.0
2026-08-12T08:20:15,cash,BMW,IX3,1,1,1.0
2026-08-12T08:20:15,cash,BMW,SERIE 1,7,0,0.0
2026-08-12T08:20:15,cash,BMW,SERIE 2 ACTIVE TOURE,2,0,0.0
2026-08-12T08:20:15,cash,BMW,SERIE 3,2,0,0.0
2026-08-12T08:20:15,cash,BMW,X1,7,0,0.0
2026-08-12T08:20:15,cash,BMW,X2,1,0,0.0
2026-08-12T08:20:15,cash,BMW,X5,1,0,0.0
2026-08-12T08:20:15,cash,CITROEN,BERLINGO,8,0,0.0
2026-08-12T08:20:15,cash,CITROEN,C3,9,0,0.0
2026-08-12T08:20:15,cash,CITROEN,C3 AIRCROSS,6,0,0.0
2026-08-12T08:20:15,cash,CITROEN,C4,4,0,0.0
2026-08-12T08:20:15,cash,CITROEN,C5 AIRCROSS,16,0,0.0
2026-08-12T08:20:15,cash,CITROEN,C5 X,4,0,0.0
2026-08-12T08:20:15,cash,CITROEN,E-C4,1,1,1.0
2026-08-12T08:20:15,cash,CITROEN,JUMPY,5,0,0.0
2026-08-12T08:20:15,cash,CUPRA,FORMENTOR,3,0,0.0
2026-08-12T08:20:15,cash,DACIA,JOGGER,1,0,0.0
2026-08-12T08:20:15,cash,DACIA,SANDERO,2,0,0.0
2026-08-12T08:20:15,cash,DS,DS3 CROSSBACK,2,1,0.5
2026-08-12T08:20:15,cash,DS,DS4,2,0,0.0
2026-08-12T08:20:15,cash,DS,DS7,3,0,0.0
2026-08-12T08:20:15,cash,FIAT,500,1,0,0.0
2026-08-12T08:20:15,cash,FORD,KUGA,7,0,0.0
2026-08-12T08:20:15,cash,FORD,PUMA,1,0,0.0
2026-08-12T08:20:15,cash,FORD,TRANSIT CUSTOM,1,0,0.0
2026-08-12T08:20:15,cash,HYUNDAI,I30,1,0,0.0
2026-08-12T08:20:15,cash,HYUNDAI,IONIQ,1,1,1.0
2026-08-12T08:20:15,cash,HYUNDAI,SANTA FE,1,0,0.0
2026-08-12T08:20:15,cash,HYUNDAI,TUCSON,8,0,0.0
2026-08-12T08:20:15,cash,JEEP,AVENGER,3,3,1.0
2026-08-12T08:20:15,cash,KIA,CEED,4,0,0.0
2026-08-12T08:20:15,cash,KIA,EV6,1,1,1.0
2026-08-12T08:20:15,cash,KIA,NIRO,1,0,0.0
2026-08-12T08:20:15,cash,KIA,NIRO EV,10,10,1.0
2026-08-12T08:20:15,cash,KIA,PICANTO,1,0,0.0
2026-08-12T08:20:15,cash,KIA,PROCEED,1,0,0.0
2026-08-12T08:20:15,cash,KIA,RIO,2,0,0.0
2026-08-12T08:20:15,cash,KIA,SORENTO,1,0,0.0
2026-08-12T08:20:15,cash,KIA,SPORTAGE,10,0,0.0
2026-08-12T08:20:15,cash,KIA,STONIC,8,0,0.0
2026-08-12T08:20:15,cash,KIA,XCEED,1,0,0.0
2026-08-12T08:20:15,cash,LYNK,& CO LC01,1,0,0.0
2026-08-12T08:20:15,cash,MERCEDES-BENZ,CLA COUPE,1,0,0.0
2026-08-12T08:20:15,cash,MERCEDES-BENZ,CLASSE A,5,0,0.0
2026-08-12T08:20:15,cash,MERCEDES-BENZ,CLASSE CLA,3,0,0.0
2026-08-12T08:20:15,cash,MERCEDES-BENZ,CLASSE GLA,1,0,0.0
2026-08-12T08:20:15,cash,MERCEDES-BENZ,EQA,1,1,1.0
2026-08-12T08:20:15,cash,MERCEDES-BENZ,GLB,1,0,0.0
2026-08-12T08:20:15,cash,NISSAN,JUKE,1,0,0.0
2026-08-12T08:20:15,cash,NISSAN,LEAF,1,1,1.0
2026-08-12T08:20:15,cash,NISSAN,QASHQAI,9,0,0.0
2026-08-12T08:20:15,cash,NISSAN,X-TRAIL,1,0,0.0
2026-08-12T08:20:15,cash,OPEL,ASTRA,1,0,0.0
2026-08-12T08:20:15,cash,OPEL,CORSA,3,0,0.0
2026-08-12T08:20:15,cash,OPEL,CROSSLAND,3,0,0.0
2026-08-12T08:20:15,cash,OPEL,GRANDLAND,1,0,0.0
2026-08-12T08:20:15,cash,OPEL,GRANDLAND X,1,0,0.0
2026-08-12T08:20:15,cash,PEUGEOT,108,1,0,0.0
2026-08-12T08:20:15,cash,PEUGEOT,2008,26,0,0.0
2026-08-12T08:20:15,cash,PEUGEOT,208,10,0,0.0
2026-08-12T08:20:15,cash,PEUGEOT,3008,33,0,0.0
2026-08-12T08:20:15,cash,PEUGEOT,308,9,0,0.0
2026-08-12T08:20:15,cash,PEUGEOT,308 SW,3,0,0.0
2026-08-12T08:20:15,cash,PEUGEOT,408,1,0,0.0
2026-08-12T08:20:15,cash,PEUGEOT,5008,14,0,0.0
2026-08-12T08:20:15,cash,PEUGEOT,E-2008,12,12,1.0
2026-08-12T08:20:15,cash,PEUGEOT,E-208,3,3,1.0
2026-08-12T08:20:15,cash,PEUGEOT,E-308,2,2,1.0
2026-08-12T08:20:15,cash,PEUGEOT,EXPERT,4,0,0.0
2026-08-12T08:20:15,cash,PEUGEOT,PARTNER,10,0,0.0
2026-08-12T08:20:15,cash,RENAULT,ARKANA,20,0,0.0
2026-08-12T08:20:15,cash,RENAULT,AUSTRAL,6,0,0.0
2026-08-12T08:20:15,cash,RENAULT,CAPTUR,15,0,0.0
2026-08-12T08:20:15,cash,RENAULT,CLIO,28,0,0.0
2026-08-12T08:20:15,cash,RENAULT,ESPACE,2,0,0.0
2026-08-12T08:20:15,cash,RENAULT,EXPRESS,16,0,0.0
2026-08-12T08:20:15,cash,RENAULT,KADJAR,1,0,0.0
2026-08-12T08:20:15,cash,RENAULT,KANGOO,5,0,0.0
2026-08-12T08:20:15,cash,RENAULT,MASTER,1,0,0.0
2026-08-12T08:20:15,cash,RENAULT,MEGANE,15,0,0.0
2026-08-12T08:20:15,cash,RENAULT,MEGANE E-TECH,1,1,1.0
2026-08-12T08:20:15,cash,RENAULT,SCENIC,6,0,0.0
2026-08-12T08:20:15,cash,RENAULT,SYMBIOZ,1,0,0.0
2026-08-12T08:20:15,cash,RENAULT,TRAFIC,5,0,0.0
2026-08-12T08:20:15,cash,RENAULT,TWINGO,1,0,0.0
2026-08-12T08:20:15,cash,RENAULT,ZOE,1,1,1.0
2026-08-12T08:20:15,cash,SEAT,ARONA,1,0,0.0
2026-08-12T08:20:15,cash,SKODA,ENYAQ,1,1,1.0
2026-08-12T08:20:15,cash,SKODA,FABIA,5,0,0.0
2026-08-12T08:20:15,cash,SKODA,KAMIQ,5,0,0.0
2026-08-12T08:20:15,cash,SKODA,KAROQ,1,0,0.0
2026-08-12T08:20:15,cash,SKODA,KODIAQ,2,0,0.0
2026-08-12T08:20:15,cash,SUZUKI,SWIFT,1,0,0.0
2026-08-12T08:20:15,cash,TESLA,MODEL 3,6,6,1.0
2026-08-12T08:20:15,cash,TESLA,MODEL Y,11,11,1.0
2026-08-12T08:20:15,cash,TOYOTA,AYGO X,4,0,0.0
2026-08-12T08:20:15,cash,TOYOTA,C-HR,5,0,0.0
2026-08-12T08:20:15,cash,TOYOTA,COROLLA,5,0,0.0
2026-08-12T08:20:15,cash,TOYOTA,COROLLA TS,12,0,0.0
2026-08-12T08:20:15,cash,TOYOTA,PROACE CITY,1,0,0.0
2026-08-12T08:20:15,cash,TOYOTA,RAV4 HSD,4,0,0.0
2026-08-12T08:20:15,cash,TOYOTA,RAV4 PLUG IN,4,0,0.0
2026-08-12T08:20:15,cash,TOYOTA,YARIS,1,0,0.0
2026-08-12T08:20:15,cash,TOYOTA,YARIS HYBRID,2,0,0.0
2026-08-12T08:20:15,cash,VOLKSWAGEN,GOLF,8,0,0.0
2026-08-12T08:20:15,cash,VOLKSWAGEN,ID.3,2,2,1.0
2026-08-12T08:20:15,cash,VOLKSWAGEN,POLO,5,0,0.0
2026-08-12T08:20:15,cash,VOLKSWAGEN,T-ROC,4,0,0.0
2026-08-12T08:20:15,cash,VOLKSWAGEN,TAIGO,1,0,0.0
2026-08-12T08:20:15,cash,VOLKSWAGEN,TIGUAN,4,0,0.0
2026-08-12T08:20:15,cash,VOLKSWAGEN,TIGUAN ALLSPACE,2,0,0.0
2026-08-12T08:20:15,cash,VOLKSWAGEN,TOURAN,3,0,0.0
2026-08-12T08:20:15,cash,VOLKSWAGEN,TRANSPORTER,1,0,0.0
2026-08-12T08:20:15,cash,VOLVO,XC60,1,0,0.0
2026-08-13T08:23:03,leasing,AUDI,A1 SPORTBACK,2,0,0.0
2026-08-13T08:23:03,leasing,AUDI,A3 SPORTBACK,4,0,0.0
2026-08-13T08:23:03,leasing,BMW,IX3,1,1,1.0
2026-08-13T08:23:03,leasing,BMW,SERIE 1,6,0,0.0
2026-08-13T08:23:03,leasing,BMW,SERIE 2 ACTIVE TOURE,1,0,0.0
2026-08-13T08:23:03,leasing,BMW,SERIE 3,2,0,0.0
2026-08-13T08:23:03,leasing,BMW,X1,6,0,0.0
2026-08-13T08:23:03,leasing,BMW,X2,1,0,0.0
2026-08-13T08:23:03,leasing,BMW,X3,1,0,0.0
2026-08-13T08:23:03,leasing,CITROEN,BERLINGO,7,0,0.0
2026-08-13T08:23:03,leasing,CITROEN,C3,7,0,0.0
2026-08-13T08:23:03,leasing,CITROEN,C3 AIRCROSS,6,0,0.0
2026-08-13T08:23:03,leasing,CITROEN,C4,4,0,0.0
2026-08-13T08:23:03,leasing,CITROEN,C5 AIRCROSS,16,0,0.0
2026-08-13T08:23:03,leasing,CITROEN,C5 X,4,0,0.0
2026-08-13T08:23:03,leasing,CITROEN,JUMPY,5,0,0.0
2026-08-13T08:23:03,leasing,CUPRA,FORMENTOR,3,0,0.0
2026-08-13T08:23:03,leasing,DACIA,JOGGER,1,0,0.0
2026-08-13T08:23:03,leasing,DACIA,SANDERO,1,0,0.0
2026-08-13T08:23:03,leasing,DS,DS3 CROSSBACK,2,1,0.5
2026-08-13T08:23:03,leasing,DS,DS4,2,0,0.0
2026-08-13T08:23:03,leasing,DS,DS7,3,0,0.0
2026-08-13T08:23:03,leasing,FIAT,500,1,0,0.0
2026-08-13T08:23:03,leasing,FORD,KUGA,6,0,0.0
2026-08-13T08:23:03,leasing,FORD,PUMA,1,0,0.0
2026-08-13T08:23:03,leasing,HYUNDAI,I30,1,0,0.0
2026-08-13T08:23:03,leasing,HYUNDAI,IONIQ,1,1,1.0
2026-08-13T08:23:03,leasing,HYUNDAI,SANTA FE,1,0,0.0
2026-08-13T08:23:03,leasing,HYUNDAI,TUCSON,8,0,0.0
2026-08-13T08:23:03,leasing,JEEP,AVENGER,3,3,1.0
2026-08-13T08:23:03,leasing,KIA,CEED,4,0,0.0
2026-08-13T08:23:03,leasing,KIA,EV6,1,1,1.0
2026-08-13T08:23:03,leasing,KIA,NIRO,1,0,0.0
2026-08-13T08:23:03,leasing,KIA,NIRO EV,8,8,1.0
2026-08-13T08:23:03,leasing,KIA,PICANTO,1,0,0.0
2026-08-13T08:23:03,leasing,KIA,PROCEED,1,0,0.0
2026-08-13T08:23:03,leasing,KIA,RIO,2,0,0.0
2026-08-13T08:23:03,leasing,KIA,SORENTO,1,0,0.0
2026-08-13T08:23:03,leasing,KIA,SPORTAGE,9,0,0.0
2026-08-13T08:23:03,leasing,KIA,STONIC,8,0,0.0
2026-08-13T08:23:03,leasing,KIA,XCEED,1,0,0.0
2026-08-13T08:23:03,leasing,MERCEDES-BENZ,CLA COUPE,1,0,0.0
2026-08-13T08:23:03,leasing,MERCEDES-BENZ,CLASSE A,3,0,0.0
2026-08-13T08:23:03,leasing,MERCEDES-BENZ,CLASSE CLA,3,0,0.0
2026-08-13T08:23:03,leasing,MERCEDES-BENZ,CLASSE GLA,1,0,0.0
2026-08-13T08:23:03,leasing,NISSAN,JUKE,1,0,0.0
2026-08-13T08:23:03,leasing,NISSAN,LEAF,1,1,1.0
2026-08-13T08:23:03,leasing,NISSAN,QASHQAI,9,0,0.0
2026-08-13T08:23:03,leasing,NISSAN,X-TRAIL,1,0,0.0
2026-08-13T08:23:03,leasing,OPEL,ASTRA,1,0,0.0
2026-08-13T08:23:03,leasing,OPEL,CORSA,3,0,0.0
2026-08-13T08:23:03,leasing,OPEL,CROSSLAND,3,0,0.0
2026-08-13T08:23:03,leasing,OPEL,GRANDLAND,1,0,0.0
2026-08-13T08:23:03,leasing,PEUGEOT,2008,24,0,0.0
2026-08-13T08:23:03,leasing,PEUGEOT,208,10,0,0.0
2026-08-13T08:23:03,leasing,PEUGEOT,3008,29,0,0.0
2026-08-13T08:23:03,leasing,PEUGEOT,308,9,0,0.0
2026-08-13T08:23:03,leasing,PEUGEOT,308 SW,3,0,0.0
2026-08-13T08:23:03,leasing,PEUGEOT,408,1,0,0.0
2026-08-13T08:23:03,leasing,PEUGEOT,5008,15,0,0.0
2026-08-13T08:23:03,leasing,PEUGEOT,E-2008,13,13,1.0
2026-08-13T08:23:03,leasing,PEUGEOT,E-208,2,2,1.0
2026-08-13T08:23:03,leasing,PEUGEOT,EXPERT,4,0,0.0
2026-08-13T08:23:03,leasing,PEUGEOT,PARTNER,9,0,0.0
2026-08-13T08:23:03,leasing,RENAULT,ARKANA,20,0,0.0
2026-08-13T08:23:03,leasing,RENAULT,AUSTRAL,6,0,0.0
2026-08-13T08:23:03,leasing,RENAULT,CAPTUR,14,0,0.0
2026-08-13T08:23:03,leasing,RENAULT,CLIO,26,0,0.0
2026-08-13T08:23:03,leasing,RENAULT,ESPACE,3,0,0.0
2026-08-13T08:23:03,leasing,RENAULT,EXPRESS,16,0,0.0
2026-08-13T08:23:03,leasing,RENAULT,KANGOO,5,0,0.0
2026-08-13T08:23:03,leasing,RENAULT,MASTER,1,0,0.0
2026-08-13T08:23:03,leasing,RENAULT,MEGANE,13,0,0.0
2026-08-13T08:23:03,leasing,RENAULT,SCENIC,6,0,0.0
2026-08-13T08:23:03,leasing,RENAULT,TRAFIC,4,0,0.0
2026-08-13T08:23:03,leasing,RENAULT,TWINGO,1,1,1.0
2026-08-13T08:23:03,leasing,RENAULT,ZOE,1,1,1.0
2026-08-13T08:23:03,leasing,SEAT,ARONA,1,0,0.0
2026-08-13T08:23:03,leasing,SKODA,ENYAQ,1,1,1.0
2026-08-13T08:23:03,leasing,SKODA,FABIA,5,0,0.0
2026-08-13T08:23:03,leasing,SKODA,KAMIQ,6,0,0.0
2026-08-13T08:23:03,leasing,SKODA,KODIAQ,2,0,0.0
2026-08-13T08:23:03,leasing,SUZUKI,SWIFT,1,0,0.0
2026-08-13T08:23:03,leasing,TESLA,MODEL 3,4,4,1.0
2026-08-13T08:23:03,leasing,TESLA,MODEL Y,12,12,1.0
2026-08-13T08:23:03,leasing,TOYOTA,AYGO X,4,0,0.0
2026-08-13T08:23:03,leasing,TOYOTA,C-HR,4,0,0.0
2026-08-13T08:23:03,leasing,TOYOTA,COROLLA,5,0,0.0
2026-08-13T08:23:03,leasing,TOYOTA,COROLLA TS,12,0,0.0
2026-08-13T08:23:03,leasing,TOYOTA,PROACE CITY,1,0,0.0
2026-08-13T08:23:03,leasing,TOYOTA,RAV4 HSD,3,0,0.0
2026-08-13T08:23:03,leasing,TOYOTA,RAV4 PLUG IN,3,0,0.0
2026-08-13T08:23:03,leasing,TOYOTA,YARIS,1,0,0.0
2026-08-13T08:23:03,leasing,TOYOTA,YARIS HYBRID,2,0,0.0
2026-08-13T08:23:03,leasing,VOLKSWAGEN,GOLF,9,0,0.0
2026-08-13T08:23:03,leasing,VOLKSWAGEN,ID.3,2,2,1.0
2026-08-13T08:23:03,leasing,VOLKSWAGEN,POLO,4,0,0.0
2026-08-13T08:23:03,leasing,VOLKSWAGEN,T-ROC,3,0,0.0
2026-08-13T08:23:03,leasing,VOLKSWAGEN,TAIGO,1,0,0.0
2026-08-13T08:23:03,leasing,VOLKSWAGEN,TIGUAN,4,0,0.0
2026-08-13T08:23:03,leasing,VOLKSWAGEN,TIGUAN ALLSPACE,1,0,0.0
2026-08-13T08:23:03,leasing,VOLKSWAGEN,TOURAN,3,0,0.0
2026-08-13T08:23:03,leasing,VOLKSWAGEN,TRANSPORTER,1,0,0.0
2026-08-13T08:23:03,leasing,VOLVO,XC60,1,0,0.0
2026-08-13T08:23:03,cash,AUDI,A1 SPORTBACK,2,0,0.0
2026-08-13T08:23:03,cash,AUDI,A3 SPORTBACK,4,0,0.0
2026-08-13T08:23:03,cash,AUDI,Q3 SPORTBACK,1,0,0.0
2026-08-13T08:23:03,cash,BMW,IX3,1,1,1.0
2026-08-13T08:23:03,cash,BMW,SERIE 1,6,0,0.0
2026-08-13T08:23:03,cash,BMW,SERIE 2 ACTIVE TOURE,2,0,0.0
2026-08-13T08:23:03,cash,BMW,SERIE 3,2,0,0.0
2026-08-13T08:23:03,cash,BMW,X1,7,0,0.0
2026-08-13T08:23:03,cash,BMW,X2,1,0,0.0
2026-08-13T08:23:03,cash,BMW,X3,1,0,0.0
2026-08-13T08:23:03,cash,BMW,X5,1,0,0.0
2026-08-13T08:23:03,cash,CITROEN,BERLINGO,8,0,0.0
2026-08-13T08:23:03,cash,CITROEN,C3,9,0,0.0
2026-08-13T08:23:03,cash,CITROEN,C3 AIRCROSS,6,0,0.0
2026-08-13T08:23:03,cash,CITROEN,C4,4,0,0.0
2026-08-13T08:23:03,cash,CITROEN,C5 AIRCROSS,16,0,0.0
2026-08-13T08:23:03,cash,CITROEN,C5 X,4,0,0.0
2026-08-13T08:23:03,cash,CITROEN,E-C4,1,1,1.0
2026-08-13T08:23:03,cash,CITROEN,JUMPY,6,0,0.0
2026-08-13T08:23:03,cash,CUPRA,FORMENTOR,3,0,0.0
2026-08-13T08:23:03,cash,DACIA,JOGGER,1,0,0.0
2026-08-13T08:23:03,cash,DACIA,SANDERO,2,0,0.0
2026-08-13T08:23:03,cash,DS,DS3 CROSSBACK,2,1,0.5
2026-08-13T08:23:03,cash,DS,DS4,2,0,0.0
2026-08-13T08:23:03,cash,DS,DS7,3,0,0.0
2026-08-13T08:23:03,cash,FIAT,500,1,0,0.0
2026-08-13T08:23:03,cash,FORD,KUGA,7,0,0.0
2026-08-13T08:23:03,cash,FORD,PUMA,1,0,0.0
2026-08-13T08:23:03,cash,FORD,TRANSIT CUSTOM,1,0,0.0
2026-08-13T08:23:03,cash,HYUNDAI,I30,1,0,0.0
2026-08-13T08:23:03,cash,HYUNDAI,IONIQ,1,1,1.0
2026-08-13T08:23:03,cash,HYUNDAI,SANTA FE,1,0,0.0
2026-08-13T08:23:03,cash,HYUNDAI,TUCSON,8,0,0.0
2026-08-13T08:23:03,cash,JEEP,AVENGER,3,3,1.0
2026-08-13T08:23:03,cash,KIA,CEED,4,0,0.0
2026-08-13T08:23:03,cash,KIA,EV6,1,1,1.0
2026-08-13T08:23:03,cash,KIA,NIRO,1,0,0.0
2026-08-13T08:23:03,cash,KIA,NIRO EV,8,8,1.0
2026-08-13T08:23:03,cash,KIA,PICANTO,1,0,0.0
2026-08-13T08:23:03,cash,KIA,PROCEED,1,0,0.0
2026-08-13T08:23:03,cash,KIA,RIO,2,0,0.0
2026-08-13T08:23:03,cash,KIA,SORENTO,1,0,0.0
2026-08-13T08:23:03,cash,KIA,SPORTAGE,9,0,0.0
2026-08-13T08:23:03,cash,KIA,STONIC,8,0,0.0
2026-08-13T08:23:03,cash,KIA,XCEED,1,0,0.0
2026-08-13T08:23:03,cash,LYNK,& CO LC01,1,0,0.0
2026-08-13T08:23:03,cash,MERCEDES-BENZ,CLA COUPE,1,0,0.0
2026-08-13T08:23:03,cash,MERCEDES-BENZ,CLASSE A,5,0,0.0
2026-08-13T08:23:03,cash,MERCEDES-BENZ,CLASSE CLA,3,0,0.0
2026-08-13T08:23:03,cash,MERCEDES-BENZ,CLASSE GLA,1,0,0.0
2026-08-13T08:23:03,cash,MERCEDES-BENZ,EQA,1,1,1.0
2026-08-13T08:23:03,cash,MERCEDES-BENZ,GLB,1,0,0.0
2026-08-13T08:23:03,cash,NISSAN,JUKE,1,0,0.0
2026-08-13T08:23:03,cash,NISSAN,LEAF,1,1,1.0
2026-08-13T08:23:03,cash,NISSAN,QASHQAI,9,0,0.0
2026-08-13T08:23:03,cash,NISSAN,X-TRAIL,1,0,0.0
2026-08-13T08:23:03,cash,OPEL,ASTRA,1,0,0.0
2026-08-13T08:23:03,cash,OPEL,CORSA,3,0,0.0
2026-08-13T08:23:03,cash,OPEL,CROSSLAND,3,0,0.0
2026-08-13T08:23:03,cash,OPEL,GRANDLAND,1,0,0.0
2026-08-13T08:23:03,cash,OPEL,GRANDLAND X,1,0,0.0
2026-08-13T08:23:03,cash,PEUGEOT,108,1,0,0.0
2026-08-13T08:23:03,cash,PEUGEOT,2008,26,0,0.0
2026-08-13T08:23:03,cash,PEUGEOT,208,11,0,0.0
2026-08-13T08:23:03,cash,PEUGEOT,3008,33,0,0.0
2026-08-13T08:23:03,cash,PEUGEOT,308,9,0,0.0
2026-08-13T08:23:03,cash,PEUGEOT,308 SW,3,0,0.0
2026-08-13T08:23:03,cash,PEUGEOT,408,1,0,0.0
2026-08-13T08:23:03,cash,PEUGEOT,5008,15,0,0.0
2026-08-13T08:23:03,cash,PEUGEOT,E-2008,13,13,1.0
2026-08-13T08:23:03,cash,PEUGEOT,E-208,3,3,1.0
2026-08-13T08:23:03,cash,PEUGEOT,E-308,2,2,1.0
2026-08-13T08:23:03,cash,PEUGEOT,EXPERT,4,0,0.0
2026-08-13T08:23:03,cash,PEUGEOT,PARTNER,10,0,0.0
2026-08-13T08:23:03,cash,RENAULT,ARKANA,20,0,0.0
2026-08-13T08:23:03,cash,RENAULT,AUSTRAL,6,0,0.0
2026-08-13T08:23:03,cash,RENAULT,CAPTUR,15,0,0.0
2026-08-13T08:23:03,cash,RENAULT,CLIO,29,0,0.0
2026-08-13T08:23:03,cash,RENAULT,ESPACE,3,0,0.0
2026-08-13T08:23:03,cash,RENAULT,EXPRESS,16,0,0.0
2026-08-13T08:23:03,cash,RENAULT,KADJAR,1,0,0.0
2026-08-13T08:23:03,cash,RENAULT,KANGOO,5,0,0.0
2026-08-13T08:23:03,cash,RENAULT,MASTER,1,0,0.0
2026-08-13T08:23:03,cash,RENAULT,MEGANE,15,0,0.0
2026-08-13T08:23:03,cash,RENAULT,SCENIC,7,0,0.0
2026-08-13T08:23:03,cash,RENAULT,SYMBIOZ,1,0,0.0
2026-08-13T08:23:03,cash,RENAULT,TRAFIC,4,0,0.0
2026-08-13T08:23:03,cash,RENAULT,TWINGO,2,1,0.5
2026-08-13T08:23:03,cash,RENAULT,ZOE,1,1,1.0
2026-08-13T08:23:03,cash,SEAT,ARONA,1,0,0.0
2026-08-13T08:23:03,cash,SKODA,ENYAQ,1,1,1.0
2026-08-13T08:23:03,cash,SKODA,FABIA,5,0,0.0
2026-08-13T08:23:03,cash,SKODA,KAMIQ,6,0,0.0
2026-08-13T08:23:03,cash,SKODA,KAROQ,1,0,0.0
2026-08-13T08:23:03,cash,SKODA,KODIAQ,2,0,0.0
2026-08-13T08:23:03,cash,SUZUKI,SWIFT,1,0,0.0
2026-08-13T08:23:03,cash,TESLA,MODEL 3,6,6,1.0
2026-08-13T08:23:03,cash,TESLA,MODEL Y,12,12,1.0
2026-08-13T08:23:03,cash,TOYOTA,AYGO X,4,0,0.0
2026-08-13T08:23:03,cash,TOYOTA,C-HR,5,0,0.0
2026-08-13T08:23:03,cash,TOYOTA,COROLLA,5,0,0.0
2026-08-13T08:23:03,cash,TOYOTA,COROLLA TS,12,0,0.0
2026-08-13T08:23:03,cash,TOYOTA,PROACE CITY,1,0,0.0
2026-08-13T08:23:03,cash,TOYOTA,RAV4 HSD,4,0,0.0
2026-08-13T08:23:03,cash,TOYOTA,RAV4 PLUG IN,3,0,0.0
2026-08-13T08:23:03,cash,TOYOTA,YARIS,1,0,0.0
2026-08-13T08:23:03,cash,TOYOTA,YARIS HYBRID,2,0,0.0
2026-08-13T08:23:03,cash,VOLKSWAGEN,GOLF,9,0,0.0
2026-08-13T08:23:03,cash,VOLKSWAGEN,ID.3,2,2,1.0
2026-08-13T08:23:03,cash,VOLKSWAGEN,POLO,5,0,0.0
2026-08-13T08:23:03,cash,VOLKSWAGEN,T-ROC,4,0,0.0
2026-08-13T08:23:03,cash,VOLKSWAGEN,TAIGO,1,0,0.0
2026-08-13T08:23:03,cash,VOLKSWAGEN,TIGUAN,4,0,0.0
2026-08-13T08:23:03,cash,VOLKSWAGEN,TIGUAN ALLSPACE,2,0,0.0
2026-08-13T08:23:03,cash,VOLKSWAGEN,TOURAN,3,0,0.0
2026-08-13T08:23:03,cash,VOLKSWAGEN,TRANSPORTER,1,0,0.0
2026-08-13T08:23:03,cash,VOLVO,XC60,1,0,0.0
2026-08-14T08:18:02,leasing,AUDI,A1 SPORTBACK,1,0,0.0
2026-08-14T08:18:02,leasing,AUDI,A3 SPORTBACK,3,0,0.0
2026-08-14T08:18:02,leasing,AUDI,Q3,1,0,0.0
2026-08-14T08:18:02,leasing,BMW,IX1,1,1,1.0
2026-08-14T08:18:02,leasing,BMW,IX3,1,1,1.0
2026-08-14T08:18:02,leasing,BMW,SERIE 1,6,0,0.0
2026-08-14T08:18:02,leasing,BMW,SERIE 2 ACTIVE TOURE,1,0,0.0
2026-08-14T08:18:02,leasing,BMW,SERIE 3,2,0,0.0
2026-08-14T08:18:02,leasing,BMW,X1,7,0,0.0
2026-08-14T08:18:02,leasing,BMW,X2,1,0,0.0
2026-08-14T08:18:02,leasing,BMW,X3,1,0,0.0
2026-08-14T08:18:02,leasing,CITROEN,BERLINGO,7,0,0.0
2026-08-14T08:18:02,leasing,CITROEN,C3,7,0,0.0
2026-08-14T08:18:02,leasing,CITROEN,C3 AIRCROSS,6,0,0.0
2026-08-14T08:18:02,leasing,CITROEN,C4,4,0,0.0
2026-08-14T08:18:02,leasing,CITROEN,C5 AIRCROSS,16,0,0.0
2026-08-14T08:18:02,leasing,CITROEN,C5 X,4,0,0.0
2026-08-14T08:18:02,leasing,CITROEN,JUMPY,6,0,0.0
2026-08-14T08:18:02,leasing,CUPRA,FORMENTOR,3,0,0.0
2026-08-14T08:18:02,leasing,DACIA,JOGGER,1,0,0.0
2026-08-14T08:18:02,leasing,DACIA,SANDERO,2,0,0.0
2026-08-14T08:18:02,leasing,DS,DS3 CROSSBACK,1,0,0.0
2026-08-14T08:18:02,leasing,DS,DS4,2,0,0.0
2026-08-14T08:18:02,leasing,DS,DS7,3,0,0.0
2026-08-14T08:18:02,leasing,FIAT,500,1,0,0.0
2026-08-14T08:18:02,leasing,FORD,KUGA,5,0,0.0
2026-08-14T08:18:02,leasing,FORD,PUMA,1,0,0.0
2026-08-14T08:18:02,leasing,HYUNDAI,I30,1,0,0.0
2026-08-14T08:18:02,leasing,HYUNDAI,IONIQ,1,1,1.0
2026-08-14T08:18:02,leasing,HYUNDAI,KONA,1,0,0.0
2026-08-14T08:18:02,leasing,HYUNDAI,SANTA FE,2,0,0.0
2026-08-14T08:18:02,leasing,HYUNDAI,TUCSON,8,0,0.0
2026-08-14T08:18:02,leasing,JEEP,AVENGER,3,3,1.0
2026-08-14T08:18:02,leasing,KIA,CEED,4,0,0.0
2026-08-14T08:18:02,leasing,KIA,EV6,1,1,1.0
2026-08-14T08:18:02,leasing,KIA,NIRO,1,0,0.0
2026-08-14T08:18:02,leasing,KIA,NIRO EV,9,9,1.0
2026-08-14T08:18:02,leasing,KIA,PICANTO,1,0,0.0
2026-08-14T08:18:02,leasing,KIA,PROCEED,1,0,0.0
2026-08-14T08:18:02,leasing,KIA,RIO,2,0,0.0
2026-08-14T08:18:02,leasing,KIA,SORENTO,1,0,0.0
2026-08-14T08:18:02,leasing,KIA,SPORTAGE,10,0,0.0
2026-08-14T08:18:02,leasing,KIA,STONIC,8,0,0.0
2026-08-14T08:18:02,leasing,KIA,XCEED,1,0,0.0
2026-08-14T08:18:02,leasing,MERCEDES-BENZ,CLA COUPE,1,0,0.0
2026-08-14T08:18:02,leasing,MERCEDES-BENZ,CLASSE A,3,0,0.0
2026-08-14T08:18:02,leasing,MERCEDES-BENZ,CLASSE CLA,4,0,0.0
2026-08-14T08:18:02,leasing,MERCEDES-BENZ,CLASSE GLA,1,0,0.0
2026-08-14T08:18:02,leasing,MERCEDES-BENZ,EQA,1,1,1.0
2026-08-14T08:18:02,leasing,NISSAN,JUKE,1,0,0.0
2026-08-14T08:18:02,leasing,NISSAN,LEAF,1,1,1.0
2026-08-14T08:18:02,leasing,NISSAN,QASHQAI,9,0,0.0
2026-08-14T08:18:02,leasing,NISSAN,X-TRAIL,1,0,0.0
2026-08-14T08:18:02,leasing,OPEL,ASTRA,1,0,0.0
2026-08-14T08:18:02,leasing,OPEL,CORSA,3,0,0.0
2026-08-14T08:18:02,leasing,OPEL,CROSSLAND,3,0,0.0
2026-08-14T08:18:02,leasing,OPEL,GRANDLAND,1,0,0.0
2026-08-14T08:18:02,leasing,PEUGEOT,2008,24,0,0.0
2026-08-14T08:18:02,leasing,PEUGEOT,208,10,0,0.0
2026-08-14T08:18:02,leasing,PEUGEOT,3008,29,0,0.0
2026-08-14T08:18:02,leasing,PEUGEOT,308,9,0,0.0
2026-08-14T08:18:02,leasing,PEUGEOT,308 SW,3,0,0.0
2026-08-14T08:18:02,leasing,PEUGEOT,408,1,0,0.0
2026-08-14T08:18:02,leasing,PEUGEOT,5008,15,0,0.0
2026-08-14T08:18:02,leasing,PEUGEOT,E-2008,13,13,1.0
2026-08-14T08:18:02,leasing,PEUGEOT,E-208,2,2,1.0
2026-08-14T08:18:02,leasing,PEUGEOT,EXPERT,4,0,0.0
2026-08-14T08:18:02,leasing,PEUGEOT,PARTNER,9,0,0.0
2026-08-14T08:18:02,leasing,RENAULT,ARKANA,20,0,0.0
2026-08-14T08:18:02,leasing,RENAULT,AUSTRAL,8,0,0.0
2026-08-14T08:18:02,leasing,RENAULT,CAPTUR,14,0,0.0
2026-08-14T08:18:02,leasing,RENAULT,CLIO,25,0,0.0
2026-08-14T08:18:02,leasing,RENAULT,ESPACE,3,0,0.0
2026-08-14T08:18:02,leasing,RENAULT,EXPRESS,16,0,0.0
2026-08-14T08:18:02,leasing,RENAULT,KANGOO,5,0,0.0
2026-08-14T08:18:02,leasing,RENAULT,MASTER,1,0,0.0
2026-08-14T08:18:02,leasing,RENAULT,MEGANE,14,0,0.0
2026-08-14T08:18:02,leasing,RENAULT,SCENIC,7,0,0.0
2026-08-14T08:18:02,leasing,RENAULT,TRAFIC,3,0,0.0
2026-08-14T08:18:02,leasing,RENAULT,TWINGO,1,1,1.0
2026-08-14T08:18:02,leasing,RENAULT,ZOE,2,2,1.0
2026-08-14T08:18:02,leasing,SEAT,ARONA,1,0,0.0
2026-08-14T08:18:02,leasing,SKODA,ENYAQ,1,1,1.0
2026-08-14T08:18:02,leasing,SKODA,FABIA,5,0,0.0
2026-08-14T08:18:02,leasing,SKODA,KAMIQ,6,0,0.0
2026-08-14T08:18:02,leasing,SKODA,KODIAQ,2,0,0.0
2026-08-14T08:18:02,leasing,SUZUKI,SWIFT,1,0,0.0
2026-08-14T08:18:02,leasing,TESLA,MODEL 3,6,6,1.0
2026-08-14T08:18:02,leasing,TESLA,MODEL Y,13,13,1.0
2026-08-14T08:18:02,leasing,TOYOTA,AYGO X,4,0,0.0
2026-08-14T08:18:02,leasing,TOYOTA,C-HR,6,0,0.0
2026-08-14T08:18:02,leasing,TOYOTA,COROLLA,7,0,0.0
2026-08-14T08:18:02,leasing,TOYOTA,COROLLA TS,12,0,0.0
2026-08-14T08:18:02,leasing,TOYOTA,PROACE CITY,1,0,0.0
2026-08-14T08:18:02,leasing,TOYOTA,RAV4 HSD,3,0,0.0
2026-08-14T08:18:02,leasing,TOYOTA,RAV4 PLUG IN,3,0,0.0
2026-08-14T08:18:02,leasing,TOYOTA,YARIS,1,0,0.0
2026-08-14T08:18:02,leasing,TOYOTA,YARIS HYBRID,2,0,0.0
2026-08-14T08:18:02,leasing,VOLKSWAGEN,GOLF,9,0,0.0
2026-08-14T08:18:02,leasing,VOLKSWAGEN,ID.3,2,2,1.0
2026-08-14T08:18:02,leasing,VOLKSWAGEN,POLO,5,0,0.0
2026-08-14T08:18:02,leasing,VOLKSWAGEN,T-ROC,2,0,0.0
2026-08-14T08:18:02,leasing,VOLKSWAGEN,TAIGO,1,0,0.0
2026-08-14T08:18:02,leasing,VOLKSWAGEN,TIGUAN,5,0,0.0
2026-08-14T08:18:02,leasing,VOLKSWAGEN,TIGUAN ALLSPACE,1,0,0.0
2026-08-14T08:18:02,leasing,VOLKSWAGEN,TOURAN,3,0,0.0
2026-08-14T08:18:02,leasing,VOLKSWAGEN,TRANSPORTER,1,0,0.0
2026-08-14T08:18:02,leasing,VOLVO,XC60,1,0,0.0
2026-08-14T08:18:02,cash,AUDI,A1 SPORTBACK,1,0,0.0
2026-08-14T08:18:02,cash,AUDI,A3 SPORTBACK,3,0,0.0
2026-08-14T08:18:02,cash,AUDI,Q3,1,0,0.0
2026-08-14T08:18:02,cash,AUDI,Q3 SPORTBACK,1,0,0.0
2026-08-14T08:18:02,cash,BMW,IX1,1,1,1.0
2026-08-14T08:18:02,cash,BMW,IX3,1,1,1.0
2026-08-14T08:18:02,cash,BMW,SERIE 1,7,0,0.0
2026-08-14T08:18:02,cash,BMW,SERIE 2 ACTIVE TOURE,2,0,0.0
2026-08-14T08:18:02,cash,BMW,SERIE 3,3,0,0.0
2026-08-14T08:18:02,cash,BMW,X1,8,0,0.0
2026-08-14T08:18:02,cash,BMW,X2,1,0,0.0
2026-08-14T08:18:02,cash,BMW,X3,1,0,0.0
2026-08-14T08:18:02,cash,BMW,X5,1,0,0.0
2026-08-14T08:18:02,cash,CITROEN,BERLINGO,8,0,0.0
2026-08-14T08:18:02,cash,CITROEN,C3,9,0,0.0
2026-08-14T08:18:02,cash,CITROEN,C3 AIRCROSS,6,0,0.0
2026-08-14T08:18:02,cash,CITROEN,C4,4,0,0.0
2026-08-14T08:18:02,cash,CITROEN,C5 AIRCROSS,16,0,0.0
2026-08-14T08:18:02,cash,CITROEN,C5 X,4,0,0.0
2026-08-14T08:18:02,cash,CITROEN,E-C4,1,1,1.0
2026-08-14T08:18:02,cash,CITROEN,JUMPY,6,0,0.0
2026-08-14T08:18:02,cash,CUPRA,FORMENTOR,3,0,0.0
2026-08-14T08:18:02,cash,DACIA,JOGGER,1,0,0.0
2026-08-14T08:18:02,cash,DACIA,SANDERO,2,0,0.0
2026-08-14T08:18:02,cash,DS,DS3 CROSSBACK,1,0,0.0
2026-08-14T08:18:02,cash,DS,DS4,2,0,0.0
2026-08-14T08:18:02,cash,DS,DS7,3,0,0.0
2026-08-14T08:18:02,cash,FIAT,500,1,0,0.0
2026-08-14T08:18:02,cash,FORD,KUGA,6,0,0.0
2026-08-14T08:18:02,cash,FORD,PUMA,1,0,0.0
2026-08-14T08:18:02,cash,FORD,TRANSIT CUSTOM,1,0,0.0
2026-08-14T08:18:02,cash,HYUNDAI,I30,1,0,0.0
2026-08-14T08:18:02,cash,HYUNDAI,IONIQ,1,1,1.0
2026-08-14T08:18:02,cash,HYUNDAI,KONA,1,0,0.0
2026-08-14T08:18:02,cash,HYUNDAI,SANTA FE,2,0,0.0
2026-08-14T08:18:02,cash,HYUNDAI,TUCSON,8,0,0.0
2026-08-14T08:18:02,cash,JEEP,AVENGER,3,3,1.0
2026-08-14T08:18:02,cash,KIA,CEED,4,0,0.0
2026-08-14T08:18:02,cash,KIA,EV6,1,1,1.0
2026-08-14T08:18:02,cash,KIA,NIRO,1,0,0.0
2026-08-14T08:18:02,cash,KIA,NIRO EV,9,9,1.0
2026-08-14T08:18:02,cash,KIA,PICANTO,1,0,0.0
2026-08-14T08:18:02,cash,KIA,PROCEED,1,0,0.0
2026-08-14T08:18:02,cash,KIA,RIO,2,0,0.0
2026-08-14T08:18:02,cash,KIA,SORENTO,1,0,0.0
2026-08-14T08:18:02,cash,KIA,SPORTAGE,10,0,0.0
2026-08-14T08:18:02,cash,KIA,STONIC,8,0,0.0
2026-08-14T08:18:02,cash,KIA,XCEED,1,0,0.0
2026-08-14T08:18:02,cash,LYNK,& CO LC01,1,0,0.0
2026-08-14T08:18:02,cash,MERCEDES-BENZ,CLA COUPE,1,0,0.0
2026-08-14T08:18:02,cash,MERCEDES-BENZ,CLASSE A,5,0,0.0
2026-08-14T08:18:02,cash,MERCEDES-BENZ,CLASSE CLA,4,0,0.0
2026-08-14T08:18:02,cash,MERCEDES-BENZ,CLASSE GLA,1,0,0.0
2026-08-14T08:18:02,cash,MERCEDES-BENZ,EQA,2,2,1.0
2026-08-14T08:18:02,cash,MERCEDES-BENZ,GLB,1,0,0.0
2026-08-14T08:18:02,cash,NISSAN,JUKE,1,0,0.0
2026-08-14T08:18:02,cash,NISSAN,LEAF,1,1,1.0
2026-08-14T08:18:02,cash,NISSAN,QASHQAI,9,0,0.0
2026-08-14T08:18:02,cash,NISSAN,X-TRAIL,1,0,0.0
2026-08-14T08:18:02,cash,OPEL,ASTRA,1,0,0.0
2026-08-14T08:18:02,cash,OPEL,CORSA,3,0,0.0
2026-08-14T08:18:02,cash,OPEL,CROSSLAND,3,0,0.0
2026-08-14T08:18:02,cash,OPEL,GRANDLAND,1,0,0.0
2026-08-14T08:18:02,cash,OPEL,GRANDLAND X,1,0,0.0
2026-08-14T08:18:02,cash,PEUGEOT,108,1,0,0.0
2026-08-14T08:18:02,cash,PEUGEOT,2008,26,0,0.0
2026-08-14T08:18:02,cash,PEUGEOT,208,11,0,0.0
2026-08-14T08:18:02,cash,PEUGEOT,3008,33,0,0.0
2026-08-14T08:18:02,cash,PEUGEOT,308,9,0,0.0
2026-08-14T08:18:02,cash,PEUGEOT,308 SW,3,0,0.0
2026-08-14T08:18:02,cash,PEUGEOT,408,1,0,0.0
2026-08-14T08:18:02,cash,PEUGEOT,5008,15,0,0.0
2026-08-14T08:18:02,cash,PEUGEOT,E-2008,13,13,1.0
2026-08-14T08:18:02,cash,PEUGEOT,E-208,3,3,1.0
2026-08-14T08:18:02,cash,PEUGEOT,E-308,2,2,1.0
2026-08-14T08:18:02,cash,PEUGEOT,EXPERT,4,0,0.0
2026-08-14T08:18:02,cash,PEUGEOT,PARTNER,10,0,0.0
2026-08-14T08:18:02,cash,RENAULT,ARKANA,20,0,0.0
2026-08-14T08:18:02,cash,RENAULT,AUSTRAL,8,0,0.0
2026-08-14T08:18:02,cash,RENAULT,CAPTUR,15,0,0.0
2026-08-14T08:18:02,cash,RENAULT,CLIO,28,0,0.0
2026-08-14T08:18:02,cash,RENAULT,ESPACE,3,0,0.0
2026-08-14T08:18:02,cash,RENAULT,EXPRESS,16,0,0.0
2026-08-14T08:18:02,cash,RENAULT,KADJAR,1,0,0.0
2026-08-14T08:18:02,cash,RENAULT,KANGOO,5,0,0.0
2026-08-14T08:18:02,cash,RENAULT,MASTER,1,0,0.0
2026-08-14T08:18:02,cash,RENAULT,MEGANE,16,0,0.0
2026-08-14T08:18:02,cash,RENAULT,MEGANE E-TECH,1,1,1.0
2026-08-14T08:18:02,cash,RENAULT,SCENIC,8,0,0.0
2026-08-14T08:18:02,cash,RENAULT,SYMBIOZ,1,0,0.0
2026-08-14T08:18:02,cash,RENAULT,TRAFIC,3,0,0.0
2026-08-14T08:18:02,cash,RENAULT,TWINGO,2,1,0.5
2026-08-14T08:18:02,cash,RENAULT,ZOE,2,2,1.0
2026-08-14T08:18:02,cash,SEAT,ARONA,1,0,0.0
2026-08-14T08:18:02,cash,SKODA,ENYAQ,1,1,1.0
2026-08-14T08:18:02,cash,SKODA,FABIA,5,0,0.0
2026-08-14T08:18:02,cash,SKODA,KAMIQ,6,0,0.0
2026-08-14T08:18:02,cash,SKODA,KAROQ,1,0,0.0
2026-08-14T08:18:02,cash,SKODA,KODIAQ,2,0,0.0
2026-08-14T08:18:02,cash,SUZUKI,SWIFT,1,0,0.0
2026-08-14T08:18:02,cash,TESLA,MODEL 3,8,8,1.0
2026-08-14T08:18:02,cash,TESLA,MODEL Y,13,13,1.0
2026-08-14T08:18:02,cash,TOYOTA,AYGO X,4,0,0.0
2026-08-14T08:18:02,cash,TOYOTA,C-HR,7,0,0.0
2026-08-14T08:18:02,cash,TOYOTA,COROLLA,7,0,0.0
2026-08-14T08:18:02,cash,TOYOTA,COROLLA TS,12,0,0.0
2026-08-14T08:18:02,cash,TOYOTA,PROACE CITY,1,0,0.0
2026-08-14T08:18:02,cash,TOYOTA,RAV4 HSD,5,0,0.0
2026-08-14T08:18:02,cash,TOYOTA,RAV4 PLUG IN,3,0,0.0
2026-08-14T08:18:02,cash,TOYOTA,YARIS,1,0,0.0
2026-08-14T08:18:02,cash,TOYOTA,YARIS HYBRID,2,0,0.0
2026-08-14T08:18:02,cash,VOLKSWAGEN,GOLF,9,0,0.0
2026-08-14T08:18:02,cash,VOLKSWAGEN,ID.3,2,2,1.0
2026-08-14T08:18:02,cash,VOLKSWAGEN,POLO,7,0,0.0
2026-08-14T08:18:02,cash,VOLKSWAGEN,T-ROC,3,0,0.0
2026-08-14T08:18:02,cash,VOLKSWAGEN,TAIGO,1,0,0.0
2026-08-14T08:18:02,cash,VOLKSWAGEN,TIGUAN,6,0,0.0
2026-08-14T08:18:02,cash,VOLKSWAGEN,TIGUAN ALLSPACE,2,0,0.0
2026-08-14T08:18:02,cash,VOLKSWAGEN,TOURAN,3,0,0.0
2026-08-14T08:18:02,cash,VOLKSWAGEN,TRANSPORTER,1,0,0.0
2026-08-14T08:18:02,cash,VOLVO,XC60,1,0,0.0
2026-08-15T07:32:54,leasing,AUDI,A1 SPORTBACK,1,0,0.0
2026-08-15T07:32:54,leasing,AUDI,A3 SPORTBACK,4,0,0.0
2026-08-15T07:32:54,leasing,BMW,IX3,1,1,1.0
2026-08-15T07:32:54,leasing,BMW,SERIE 1,6,0,0.0
2026-08-15T07:32:54,leasing,BMW,SERIE 2 ACTIVE TOURE,1,0,0.0
2026-08-15T07:32:54,leasing,BMW,SERIE 3,2,0,0.0
2026-08-15T07:32:54,leasing,BMW,X1,7,0,0.0
2026-08-15T07:32:54,leasing,BMW,X2,1,0,0.0
2026-08-15T07:32:54,leasing,BMW,X3,1,0,0.0
2026-08-15T07:32:54,leasing,CITROEN,BERLINGO,7,0,0.0
2026-08-15T07:32:54,leasing,CITROEN,C3,7,0,0.0
2026-08-15T07:32:54,leasing,CITROEN,C3 AIRCROSS,6,0,0.0
2026-08-15T07:32:54,leasing,CITROEN,C4,4,0,0.0
2026-08-15T07:32:54,leasing,CITROEN,C5 AIRCROSS,16,0,0.0
2026-08-15T07:32:54,leasing,CITROEN,C5 X,4,0,0.0
2026-08-15T07:32:54,leasing,CITROEN,JUMPY,6,0,0.0
2026-08-15T07:32:54,leasing,CUPRA,FORMENTOR,3,0,0.0
2026-08-15T07:32:54,leasing,DACIA,JOGGER,1,0,0.0
2026-08-15T07:32:54,leasing,DACIA,SANDERO,2,0,0.0
2026-08-15T07:32:54,leasing,DS,DS3 CROSSBACK,1,0,0.0
2026-08-15T07:32:54,leasing,DS,DS4,2,0,0.0
2026-08-15T07:32:54,leasing,DS,DS7,3,0,0.0
2026-08-15T07:32:54,leasing,FIAT,500,1,0,0.0
2026-08-15T07:32:54,leasing,FORD,KUGA,5,0,0.0
2026-08-15T07:32:54,leasing,FORD,PUMA,1,0,0.0
2026-08-15T07:32:54,leasing,HYUNDAI,I30,1,0,0.0
2026-08-15T07:32:54,leasing,HYUNDAI,IONIQ,1,1,1.0
2026-08-15T07:32:54,leasing,HYUNDAI,KONA,1,0,0.0
2026-08-15T07:32:54,leasing,HYUNDAI,SANTA FE,2,0,0.0
2026-08-15T07:32:54,leasing,HYUNDAI,TUCSON,8,0,0.0
2026-08-15T07:32:54,leasing,JEEP,AVENGER,3,3,1.0
2026-08-15T07:32:54,leasing,KIA,CEED,4,0,0.0
2026-08-15T07:32:54,leasing,KIA,EV6,1,1,1.0
2026-08-15T07:32:54,leasing,KIA,NIRO,1,0,0.0
2026-08-15T07:32:54,leasing,KIA,NIRO EV,10,10,1.0
2026-08-15T07:32:54,leasing,KIA,PICANTO,1,0,0.0
2026-08-15T07:32:54,leasing,KIA,PROCEED,1,0,0.0
2026-08-15T07:32:54,leasing,KIA,RIO,2,0,0.0
2026-08-15T07:32:54,leasing,KIA,SORENTO,1,0,0.0
2026-08-15T07:32:54,leasing,KIA,SPORTAGE,10,0,0.0
2026-08-15T07:32:54,leasing,KIA,STONIC,8,0,0.0
2026-08-15T07:32:54,leasing,KIA,XCEED,1,0,0.0
2026-08-15T07:32:54,leasing,MERCEDES-BENZ,CLA COUPE,1,0,0.0
2026-08-15T07:32:54,leasing,MERCEDES-BENZ,CLASSE A,2,0,0.0
2026-08-15T07:32:54,leasing,MERCEDES-BENZ,CLASSE CLA,4,0,0.0
2026-08-15T07:32:54,leasing,MERCEDES-BENZ,CLASSE GLA,1,0,0.0
2026-08-15T07:32:54,leasing,MERCEDES-BENZ,EQA,1,1,1.0
2026-08-15T07:32:54,leasing,NISSAN,JUKE,1,0,0.0
2026-08-15T07:32:54,leasing,NISSAN,LEAF,1,1,1.0
2026-08-15T07:32:54,leasing,NISSAN,QASHQAI,10,0,0.0
2026-08-15T07:32:54,leasing,NISSAN,X-TRAIL,1,0,0.0
2026-08-15T07:32:54,leasing,OPEL,ASTRA,1,0,0.0
2026-08-15T07:32:54,leasing,OPEL,CORSA,3,0,0.0
2026-08-15T07:32:54,leasing,OPEL,CROSSLAND,3,0,0.0
2026-08-15T07:32:54,leasing,OPEL,GRANDLAND,1,0,0.0
2026-08-15T07:32:54,leasing,PEUGEOT,2008,24,0,0.0
2026-08-15T07:32:54,leasing,PEUGEOT,208,9,0,0.0
2026-08-15T07:32:54,leasing,PEUGEOT,3008,29,0,0.0
2026-08-15T07:32:54,leasing,PEUGEOT,308,9,0,0.0
2026-08-15T07:32:54,leasing,PEUGEOT,308 SW,3,0,0.0
2026-08-15T07:32:54,leasing,PEUGEOT,408,1,0,0.0
2026-08-15T07:32:54,leasing,PEUGEOT,5008,15,0,0.0
2026-08-15T07:32:54,leasing,PEUGEOT,E-2008,13,13,1.0
2026-08-15T07:32:54,leasing,PEUGEOT,E-208,1,1,1.0
2026-08-15T07:32:54,leasing,PEUGEOT,EXPERT,4,0,0.0
2026-08-15T07:32:54,leasing,PEUGEOT,PARTNER,10,0,0.0
2026-08-15T07:32:54,leasing,RENAULT,ARKANA,21,0,0.0
2026-08-15T07:32:54,leasing,RENAULT,AUSTRAL,8,0,0.0
2026-08-15T07:32:54,leasing,RENAULT,CAPTUR,15,0,0.0
2026-08-15T07:32:54,leasing,RENAULT,CLIO,26,0,0.0
2026-08-15T07:32:54,leasing,RENAULT,ESPACE,3,0,0.0
2026-08-15T07:32:54,leasing,RENAULT,EXPRESS,16,0,0.0
2026-08-15T07:32:54,leasing,RENAULT,KANGOO,5,0,0.0
2026-08-15T07:32:54,leasing,RENAULT,MASTER,1,0,0.0
2026-08-15T07:32:54,leasing,RENAULT,MEGANE,14,0,0.0
2026-08-15T07:32:54,leasing,RENAULT,MEGANE E-TECH,1,1,1.0
2026-08-15T07:32:54,leasing,RENAULT,SCENIC,7,0,0.0
2026-08-15T07:32:54,leasing,RENAULT,TRAFIC,3,0,0.0
2026-08-15T07:32:54,leasing,RENAULT,TWINGO,1,1,1.0
2026-08-15T07:32:54,leasing,RENAULT,ZOE,1,1,1.0
2026-08-15T07:32:54,leasing,SEAT,ARONA,1,0,0.0
2026-08-15T07:32:54,leasing,SKODA,ENYAQ,1,1,1.0
2026-08-15T07:32:54,leasing,SKODA,FABIA,4,0,0.0
2026-08-15T07:32:54,leasing,SKODA,KAMIQ,6,0,0.0
2026-08-15T07:32:54,leasing,SKODA,KODIAQ,2,0,0.0
2026-08-15T07:32:54,leasing,SUZUKI,SWIFT,1,0,0.0
2026-08-15T07:32:54,leasing,TESLA,MODEL 3,6,6,1.0
2026-08-15T07:32:54,leasing,TESLA,MODEL Y,13,13,1.0
2026-08-15T07:32:54,leasing,TOYOTA,AYGO X,5,0,0.0
2026-08-15T07:32:54,leasing,TOYOTA,C-HR,6,0,0.0
2026-08-15T07:32:54,leasing,TOYOTA,COROLLA,6,0,0.0
2026-08-15T07:32:54,leasing,TOYOTA,COROLLA TS,12,0,0.0
2026-08-15T07:32:54,leasing,TOYOTA,PROACE CITY,1,0,0.0
2026-08-15T07:32:54,leasing,TOYOTA,RAV4 HSD,3,0,0.0
2026-08-15T07:32:54,leasing,TOYOTA,RAV4 PLUG IN,3,0,0.0
2026-08-15T07:32:54,leasing,TOYOTA,YARIS,1,0,0.0
2026-08-15T07:32:54,leasing,TOYOTA,YARIS HYBRID,2,0,0.0
2026-08-15T07:32:54,leasing,VOLKSWAGEN,GOLF,9,0,0.0
2026-08-15T07:32:54,leasing,VOLKSWAGEN,ID.3,2,2,1.0
2026-08-15T07:32:54,leasing,VOLKSWAGEN,POLO,6,0,0.0
2026-08-15T07:32:54,leasing,VOLKSWAGEN,T-ROC,2,0,0.0
2026-08-15T07:32:54,leasing,VOLKSWAGEN,TAIGO,1,0,0.0
2026-08-15T07:32:54,leasing,VOLKSWAGEN,TIGUAN,7,0,0.0
2026-08-15T07:32:54,leasing,VOLKSWAGEN,TIGUAN ALLSPACE,2,0,0.0
2026-08-15T07:32:54,leasing,VOLKSWAGEN,TOURAN,3,0,0.0
2026-08-15T07:32:54,leasing,VOLKSWAGEN,TRANSPORTER,1,0,0.0
2026-08-15T07:32:54,cash,AUDI,A1 SPORTBACK,1,0,0.0
2026-08-15T07:32:54,cash,AUDI,A3 SPORTBACK,4,0,0.0
2026-08-15T07:32:54,cash,AUDI,Q3 SPORTBACK,1,0,0.0
2026-08-15T07:32:54,cash,BMW,IX3,1,1,1.0
2026-08-15T07:32:54,cash,BMW,SERIE 1,6,0,0.0
2026-08-15T07:32:54,cash,BMW,SERIE 2 ACTIVE TOURE,2,0,0.0
2026-08-15T07:32:54,cash,BMW,SERIE 3,3,0,0.0
2026-08-15T07:32:54,cash,BMW,X1,8,0,0.0
2026-08-15T07:32:54,cash,BMW,X2,1,0,0.0
2026-08-15T07:32:54,cash,BMW,X3,1,0,0.0
2026-08-15T07:32:54,cash,BMW,X5,1,0,0.0
2026-08-15T07:32:54,cash,CITROEN,BERLINGO,8,0,0.0
2026-08-15T07:32:54,cash,CITROEN,C3,9,0,0.0
2026-08-15T07:32:54,cash,CITROEN,C3 AIRCROSS,6,0,0.0
2026-08-15T07:32:54,cash,CITROEN,C4,4,0,0.0
2026-08-15T07:32:54,cash,CITROEN,C5 AIRCROSS,16,0,0.0
2026-08-15T07:32:54,cash,CITROEN,C5 X,4,0,0.0
2026-08-15T07:32:54,cash,CITROEN,E-C4,1,1,1.0
2026-08-15T07:32:54,cash,CITROEN,JUMPY,6,0,0.0
2026-08-15T07:32:54,cash,CUPRA,FORMENTOR,3,0,0.0
2026-08-15T07:32:54,cash,DACIA,JOGGER,1,0,0.0
2026-08-15T07:32:54,cash,DACIA,SANDERO,2,0,0.0
2026-08-15T07:32:54,cash,DS,DS3 CROSSBACK,1,0,0.0
2026-08-15T07:32:54,cash,DS,DS4,2,0,0.0
2026-08-15T07:32:54,cash,DS,DS7,3,0,0.0
2026-08-15T07:32:54,cash,FIAT,500,1,0,0.0
2026-08-15T07:32:54,cash,FORD,KUGA,6,0,0.0
2026-08-15T07:32:54,cash,FORD,PUMA,1,0,0.0
2026-08-15T07:32:54,cash,FORD,TRANSIT CUSTOM,1,0,0.0
2026-08-15T07:32:54,cash,HYUNDAI,I30,1,0,0.0
2026-08-15T07:32:54,cash,HYUNDAI,IONIQ,1,1,1.0
2026-08-15T07:32:54,cash,HYUNDAI,KONA,1,0,0.0
2026-08-15T07:32:54,cash,HYUNDAI,SANTA FE,2,0,0.0
2026-08-15T07:32:54,cash,HYUNDAI,TUCSON,8,0,0.0
2026-08-15T07:32:54,cash,JEEP,AVENGER,3,3,1.0
2026-08-15T07:32:54,cash,KIA,CEED,4,0,0.0
2026-08-15T07:32:54,cash,KIA,EV6,1,1,1.0
2026-08-15T07:32:54,cash,KIA,NIRO,1,0,0.0
2026-08-15T07:32:54,cash,KIA,NIRO EV,10,10,1.0
2026-08-15T07:32:54,cash,KIA,PICANTO,1,0,0.0
2026-08-15T07:32:54,cash,KIA,PROCEED,1,0,0.0
2026-08-15T07:32:54,cash,KIA,RIO,2,0,0.0
2026-08-15T07:32:54,cash,KIA,SORENTO,1,0,0.0
2026-08-15T07:32:54,cash,KIA,SPORTAGE,10,0,0.0
2026-08-15T07:32:54,cash,KIA,STONIC,8,0,0.0
2026-08-15T07:32:54,cash,KIA,XCEED,1,0,0.0
2026-08-15T07:32:54,cash,LYNK,& CO LC01,1,0,0.0
2026-08-15T07:32:54,cash,MERCEDES-BENZ,CLA COUPE,1,0,0.0
2026-08-15T07:32:54,cash,MERCEDES-BENZ,CLASSE A,4,0,0.0
2026-08-15T07:32:54,cash,MERCEDES-BENZ,CLASSE CLA,4,0,0.0
2026-08-15T07:32:54,cash,MERCEDES-BENZ,CLASSE GLA,1,0,0.0
2026-08-15T07:32:54,cash,MERCEDES-BENZ,EQA,2,2,1.0
2026-08-15T07:32:54,cash,MERCEDES-BENZ,GLB,1,0,0.0
2026-08-15T07:32:54,cash,NISSAN,JUKE,1,0,0.0
2026-08-15T07:32:54,cash,NISSAN,LEAF,1,1,1.0
2026-08-15T07:32:54,cash,NISSAN,QASHQAI,10,0,0.0
2026-08-15T07:32:54,cash,NISSAN,X-TRAIL,1,0,0.0
2026-08-15T07:32:54,cash,OPEL,ASTRA,1,0,0.0
2026-08-15T07:32:54,cash,OPEL,CORSA,3,0,0.0
2026-08-15T07:32:54,cash,OPEL,CROSSLAND,3,0,0.0
2026-08-15T07:32:54,cash,OPEL,GRANDLAND,1,0,0.0
2026-08-15T07:32:54,cash,OPEL,GRANDLAND X,1,0,0.0
2026-08-15T07:32:54,cash,PEUGEOT,108,1,0,0.0
2026-08-15T07:32:54,cash,PEUGEOT,2008,26,0,0.0
2026-08-15T07:32:54,cash,PEUGEOT,208,10,0,0.0
2026-08-15T07:32:54,cash,PEUGEOT,3008,33,0,0.0
2026-08-15T07:32:54,cash,PEUGEOT,308,9,0,0.0
2026-08-15T07:32:54,cash,PEUGEOT,308 SW,3,0,0.0
2026-08-15T07:32:54,cash,PEUGEOT,408,1,0,0.0
2026-08-15T07:32:54,cash,PEUGEOT,5008,15,0,0.0
2026-08-15T07:32:54,cash,PEUGEOT,E-2008,13,13,1.0
2026-08-15T07:32:54,cash,PEUGEOT,E-208,2,2,1.0
2026-08-15T07:32:54,cash,PEUGEOT,E-308,2,2,1.0
2026-08-15T07:32:54,cash,PEUGEOT,EXPERT,4,0,0.0
2026-08-15T07:32:54,cash,PEUGEOT,PARTNER,11,0,0.0
2026-08-15T07:32:54,cash,RENAULT,ARKANA,21,0,0.0
2026-08-15T07:32:54,cash,RENAULT,AUSTRAL,8,0,0.0
2026-08-15T07:32:54,cash,RENAULT,CAPTUR,16,0,0.0
2026-08-15T07:32:54,cash,RENAULT,CLIO,29,0,0.0
2026-08-15T07:32:54,cash,RENAULT,ESPACE,3,0,0.0
2026-08-15T07:32:54,cash,RENAULT,EXPRESS,16,0,0.0
2026-08-15T07:32:54,cash,RENAULT,KADJAR,1,0,0.0
2026-08-15T07:32:54,cash,RENAULT,KANGOO,5,0,0.0
2026-08-15T07:32:54,cash,RENAULT,MASTER,1,0,0.0
2026-08-15T07:32:54,cash,RENAULT,MEGANE,16,0,0.0
2026-08-15T07:32:54,cash,RENAULT,MEGANE E-TECH,1,1,1.0
2026-08-15T07:32:54,cash,RENAULT,SCENIC,8,0,0.0
2026-08-15T07:32:54,cash,RENAULT,SYMBIOZ,1,0,0.0
2026-08-15T07:32:54,cash,RENAULT,TRAFIC,3,0,0.0
2026-08-15T07:32:54,cash,RENAULT,TWINGO,2,1,0.5
2026-08-15T07:32:54,cash,RENAULT,ZOE,1,1,1.0
2026-08-15T07:32:54,cash,SEAT,ARONA,1,0,0.0
2026-08-15T07:32:54,cash,SKODA,ENYAQ,1,1,1.0
2026-08-15T07:32:54,cash,SKODA,FABIA,4,0,0.0
2026-08-15T07:32:54,cash,SKODA,KAMIQ,6,0,0.0
2026-08-15T07:32:54,cash,SKODA,KAROQ,1,0,0.0
2026-08-15T07:32:54,cash,SKODA,KODIAQ,2,0,0.0
2026-08-15T07:32:54,cash,SUZUKI,SWIFT,1,0,0.0
2026-08-15T07:32:54,cash,TESLA,MODEL 3,8,8,1.0
2026-08-15T07:32:54,cash,TESLA,MODEL Y,13,13,1.0
2026-08-15T07:32:54,cash,TOYOTA,AYGO X,5,0,0.0
2026-08-15T07:32:54,cash,TOYOTA,C-HR,7,0,0.0
2026-08-15T07:32:54,cash,TOYOTA,COROLLA,6,0,0.0
2026-08-15T07:32:54,cash,TOYOTA,COROLLA TS,12,0,0.0
2026-08-15T07:32:54,cash,TOYOTA,PROACE CITY,1,0,0.0
2026-08-15T07:32:54,cash,TOYOTA,RAV4 HSD,5,0,0.0
2026-08-15T07:32:54,cash,TOYOTA,RAV4 PLUG IN,3,0,0.0
2026-08-15T07:32:54,cash,TOYOTA,YARIS,1,0,0.0
2026-08-15T07:32:54,cash,TOYOTA,YARIS HYBRID,2,0,0.0
2026-08-15T07:32:54,cash,VOLKSWAGEN,GOLF,9,0,0.0
2026-08-15T07:32:54,cash,VOLKSWAGEN,ID.3,2,2,1.0
2026-08-15T07:32:54,cash,VOLKSWAGEN,POLO,7,0,0.0
2026-08-15T07:32:54,cash,VOLKSWAGEN,T-ROC,3,0,0.0
2026-08-15T07:32:54,cash,VOLKSWAGEN,TAIGO,1,0,0.0
2026-08-15T07:32:54,cash,VOLKSWAGEN,TIGUAN,7,0,0.0
2026-08-15T07:32:54,cash,VOLKSWAGEN,TIGUAN ALLSPACE,3,0,0.0
2026-08-15T07:32:54,cash,VOLKSWAGEN,TOURAN,3,0,0.0
2026-08-15T07:32:54,cash,VOLKSWAGEN,TRANSPORTER,1,0,0.0
2026-08-16T07:33:42,leasing,AUDI,A1 SPORTBACK,1,0,0.0
2026-08-16T07:33:42,leasing,AUDI,A3 SPORTBACK,4,0,0.0
2026-08-16T07:33:42,leasing,BMW,IX3,1,1,1.0
2026-08-16T07:33:42,leasing,BMW,SERIE 1,6,0,0.0
2026-08-16T07:33:42,leasing,BMW,SERIE 2 ACTIVE TOURE,1,0,0.0
2026-08-16T07:33:42,leasing,BMW,SERIE 3,2,0,0.0
2026-08-16T07:33:42,leasing,BMW,X1,7,0,0.0
2026-08-16T07:33:42,leasing,BMW,X2,1,0,0.0
2026-08-16T07:33:42,leasing,BMW,X3,1,0,0.0
2026-08-16T07:33:42,leasing,CITROEN,BERLINGO,7,0,0.0
2026-08-16T07:33:42,leasing,CITROEN,C3,7,0,0.0
2026-08-16T07:33:42,leasing,CITROEN,C3 AIRCROSS,6,0,0.0
2026-08-16T07:33:42,leasing,CITROEN,C4,4,0,0.0
2026-08-16T07:33:42,leasing,CITROEN,C5 AIRCROSS,16,0,0.0
2026-08-16T07:33:42,leasing,CITROEN,C5 X,4,0,0.0
2026-08-16T07:33:42,leasing,CITROEN,JUMPY,6,0,0.0
2026-08-16T07:33:42,leasing,CUPRA,FORMENTOR,3,0,0.0
2026-08-16T07:33:42,leasing,DACIA,JOGGER,1,0,0.0
2026-08-16T07:33:42,leasing,DACIA,SANDERO,2,0,0.0
2026-08-16T07:33:42,leasing,DS,DS3 CROSSBACK,1,0,0.0
2026-08-16T07:33:42,leasing,DS,DS4,2,0,0.0
2026-08-16T07:33:42,leasing,DS,DS7,3,0,0.0
2026-08-16T07:33:42,leasing,FIAT,500,1,0,0.0
2026-08-16T07:33:42,leasing,FORD,KUGA,5,0,0.0
2026-08-16T07:33:42,leasing,FORD,PUMA,1,0,0.0
2026-08-16T07:33:42,leasing,HYUNDAI,I30,1,0,0.0
2026-08-16T07:33:42,leasing,HYUNDAI,IONIQ,1,1,1.0
2026-08-16T07:33:42,leasing,HYUNDAI,KONA,1,0,0.0
2026-08-16T07:33:42,leasing,HYUNDAI,SANTA FE,2,0,0.0
2026-08-16T07:33:42,leasing,HYUNDAI,TUCSON,8,0,0.0
2026-08-16T07:33:42,leasing,JEEP,AVENGER,3,3,1.0
2026-08-16T07:33:42,leasing,KIA,CEED,4,0,0.0
2026-08-16T07:33:42,leasing,KIA,EV6,1,1,1.0
2026-08-16T07:33:42,leasing,KIA,NIRO,1,0,0.0
2026-08-16T07:33:42,leasing,KIA,NIRO EV,10,10,1.0
2026-08-16T07:33:42,leasing,KIA,PICANTO,1,0,0.0
2026-08-16T07:33:42,leasing,KIA,PROCEED,1,0,0.0
2026-08-16T07:33:42,leasing,KIA,RIO,2,0,0.0
2026-08-16T07:33:42,leasing,KIA,SORENTO,1,0,0.0
2026-08-16T07:33:42,leasing,KIA,SPORTAGE,10,0,0.0
2026-08-16T07:33:42,leasing,KIA,STONIC,8,0,0.0
2026-08-16T07:33:42,leasing,KIA,XCEED,1,0,0.0
2026-08-16T07:33:42,leasing,MERCEDES-BENZ,CLA COUPE,1,0,0.0
2026-08-16T07:33:42,leasing,MERCEDES-BENZ,CLASSE A,2,0,0.0
2026-08-16T07:33:42,leasing,MERCEDES-BENZ,CLASSE CLA,4,0,0.0
2026-08-16T07:33:42,leasing,MERCEDES-BENZ,CLASSE GLA,1,0,0.0
2026-08-16T07:33:42,leasing,MERCEDES-BENZ,EQA,1,1,1.0
2026-08-16T07:33:42,leasing,NISSAN,JUKE,1,0,0.0
2026-08-16T07:33:42,leasing,NISSAN,LEAF,1,1,1.0
2026-08-16T07:33:42,leasing,NISSAN,QASHQAI,10,0,0.0
2026-08-16T07:33:42,leasing,NISSAN,X-TRAIL,1,0,0.0
2026-08-16T07:33:42,leasing,OPEL,ASTRA,1,0,0.0
2026-08-16T07:33:42,leasing,OPEL,CORSA,3,0,0.0
2026-08-16T07:33:42,leasing,OPEL,CROSSLAND,3,0,0.0
2026-08-16T07:33:42,leasing,OPEL,GRANDLAND,1,0,0.0
2026-08-16T07:33:42,leasing,PEUGEOT,2008,24,0,0.0
2026-08-16T07:33:42,leasing,PEUGEOT,208,9,0,0.0
2026-08-16T07:33:42,leasing,PEUGEOT,3008,29,0,0.0
2026-08-16T07:33:42,leasing,PEUGEOT,308,9,0,0.0
2026-08-16T07:33:42,leasing,PEUGEOT,308 SW,3,0,0.0
2026-08-16T07:33:42,leasing,PEUGEOT,408,1,0,0.0
2026-08-16T07:33:42,leasing,PEUGEOT,5008,15,0,0.0
2026-08-16T07:33:42,leasing,PEUGEOT,E-2008,13,13,1.0
2026-08-16T07:33:42,leasing,PEUGEOT,E-208,1,1,1.0
2026-08-16T07:33:42,leasing,PEUGEOT,EXPERT,4,0,0.0
2026-08-16T07:33:42,leasing,PEUGEOT,PARTNER,10,0,0.0
2026-08-16T07:33:42,leasing,RENAULT,ARKANA,21,0,0.0
2026-08-16T07:33:42,leasing,RENAULT,AUSTRAL,8,0,0.0
2026-08-16T07:33:42,leasing,RENAULT,CAPTUR,15,0,0.0
2026-08-16T07:33:42,leasing,RENAULT,CLIO,26,0,0.0
2026-08-16T07:33:42,leasing,RENAULT,ESPACE,3,0,0.0
2026-08-16T07:33:42,leasing,RENAULT,EXPRESS,16,0,0.0
2026-08-16T07:33:42,leasing,RENAULT,KANGOO,5,0,0.0
2026-08-16T07:33:42,leasing,RENAULT,MASTER,1,0,0.0
2026-08-16T07:33:42,leasing,RENAULT,MEGANE,14,0,0.0
2026-08-16T07:33:42,leasing,RENAULT,MEGANE E-TECH,1,1,1.0
2026-08-16T07:33:42,leasing,RENAULT,SCENIC,7,0,0.0
2026-08-16T07:33:42,leasing,RENAULT,TRAFIC,3,0,0.0
2026-08-16T07:33:42,leasing,RENAULT,TWINGO,1,1,1.0
2026-08-16T07:33:42,leasing,RENAULT,ZOE,1,1,1.0
2026-08-16T07:33:42,leasing,SEAT,ARONA,1,0,0.0
2026-08-16T07:33:42,leasing,SKODA,ENYAQ,1,1,1.0
2026-08-16T07:33:42,leasing,SKODA,FABIA,4,0,0.0
2026-08-16T07:33:42,leasing,SKODA,KAMIQ,6,0,0.0
2026-08-16T07:33:42,leasing,SKODA,KODIAQ,2,0,0.0
2026-08-16T07:33:42,leasing,SUZUKI,SWIFT,1,0,0.0
2026-08-16T07:33:42,leasing,TESLA,MODEL 3,6,6,1.0
2026-08-16T07:33:42,leasing,TESLA,MODEL Y,13,13,1.0
2026-08-16T07:33:42,leasing,TOYOTA,AYGO X,5,0,0.0
2026-08-16T07:33:42,leasing,TOYOTA,C-HR,6,0,0.0
2026-08-16T07:33:42,leasing,TOYOTA,COROLLA,6,0,0.0
2026-08-16T07:33:42,leasing,TOYOTA,COROLLA TS,12,0,0.0
2026-08-16T07:33:42,leasing,TOYOTA,PROACE CITY,1,0,0.0
2026-08-16T07:33:42,leasing,TOYOTA,RAV4 HSD,3,0,0.0
2026-08-16T07:33:42,leasing,TOYOTA,RAV4 PLUG IN,3,0,0.0
2026-08-16T07:33:42,leasing,TOYOTA,YARIS,1,0,0.0
2026-08-16T07:33:42,leasing,TOYOTA,YARIS HYBRID,2,0,0.0
2026-08-16T07:33:42,leasing,VOLKSWAGEN,GOLF,9,0,0.0
2026-08-16T07:33:42,leasing,VOLKSWAGEN,ID.3,2,2,1.0
2026-08-16T07:33:42,leasing,VOLKSWAGEN,POLO,6,0,0.0
2026-08-16T07:33:42,leasing,VOLKSWAGEN,T-ROC,2,0,0.0
2026-08-16T07:33:42,leasing,VOLKSWAGEN,TAIGO,1,0,0.0
2026-08-16T07:33:42,leasing,VOLKSWAGEN,TIGUAN,7,0,0.0
2026-08-16T07:33:42,leasing,VOLKSWAGEN,TIGUAN ALLSPACE,2,0,0.0
2026-08-16T07:33:42,leasing,VOLKSWAGEN,TOURAN,3,0,0.0
2026-08-16T07:33:42,leasing,VOLKSWAGEN,TRANSPORTER,1,0,0.0
2026-08-16T07:33:42,cash,AUDI,A1 SPORTBACK,1,0,0.0
2026-08-16T07:33:42,cash,AUDI,A3 SPORTBACK,4,0,0.0
2026-08-16T07:33:42,cash,AUDI,Q3 SPORTBACK,1,0,0.0
2026-08-16T07:33:42,cash,BMW,IX3,1,1,1.0
2026-08-16T07:33:42,cash,BMW,SERIE 1,6,0,0.0
2026-08-16T07:33:42,cash,BMW,SERIE 2 ACTIVE TOURE,2,0,0.0
2026-08-16T07:33:42,cash,BMW,SERIE 3,3,0,0.0
2026-08-16T07:33:42,cash,BMW,X1,8,0,0.0
2026-08-16T07:33:42,cash,BMW,X2,1,0,0.0
2026-08-16T07:33:42,cash,BMW,X3,1,0,0.0
2026-08-16T07:33:42,cash,BMW,X5,1,0,0.0
2026-08-16T07:33:42,cash,CITROEN,BERLINGO,8,0,0.0
2026-08-16T07:33:42,cash,CITROEN,C3,9,0,0.0
2026-08-16T07:33:42,cash,CITROEN,C3 AIRCROSS,6,0,0.0
2026-08-16T07:33:42,cash,CITROEN,C4,4,0,0.0
2026-08-16T07:33:42,cash,CITROEN,C5 AIRCROSS,16,0,0.0
2026-08-16T07:33:42,cash,CITROEN,C5 X,4,0,0.0
2026-08-16T07:33:42,cash,CITROEN,E-C4,1,1,1.0
2026-08-16T07:33:42,cash,CITROEN,JUMPY,6,0,0.0
2026-08-16T07:33:42,cash,CUPRA,FORMENTOR,3,0,0.0
2026-08-16T07:33:42,cash,DACIA,JOGGER,1,0,0.0
2026-08-16T07:33:42,cash,DACIA,SANDERO,2,0,0.0
2026-08-16T07:33:42,cash,DS,DS3 CROSSBACK,1,0,0.0
2026-08-16T07:33:42,cash,DS,DS4,2,0,0.0
2026-08-16T07:33:42,cash,DS,DS7,3,0,0.0
2026-08-16T07:33:42,cash,FIAT,500,1,0,0.0
2026-08-16T07:33:42,cash,FORD,KUGA,6,0,0.0
2026-08-16T07:33:42,cash,FORD,PUMA,1,0,0.0
2026-08-16T07:33:42,cash,FORD,TRANSIT CUSTOM,1,0,0.0
2026-08-16T07:33:42,cash,HYUNDAI,I30,1,0,0.0
2026-08-16T07:33:42,cash,HYUNDAI,IONIQ,1,1,1.0
2026-08-16T07:33:42,cash,HYUNDAI,KONA,1,0,0.0
2026-08-16T07:33:42,cash,HYUNDAI,SANTA FE,2,0,0.0
2026-08-16T07:33:42,cash,HYUNDAI,TUCSON,8,0,0.0
2026-08-16T07:33:42,cash,JEEP,AVENGER,3,3,1.0
2026-08-16T07:33:42,cash,KIA,CEED,4,0,0.0
2026-08-16T07:33:42,cash,KIA,EV6,1,1,1.0
2026-08-16T07:33:42,cash,KIA,NIRO,1,0,0.0
2026-08-16T07:33:42,cash,KIA,NIRO EV,10,10,1.0
2026-08-16T07:33:42,cash,KIA,PICANTO,1,0,0.0
2026-08-16T07:33:42,cash,KIA,PROCEED,1,0,0.0
2026-08-16T07:33:42,cash,KIA,RIO,2,0,0.0
2026-08-16T07:33:42,cash,KIA,SORENTO,1,0,0.0
2026-08-16T07:33:42,cash,KIA,SPORTAGE,10,0,0.0
2026-08-16T07:33:42,cash,KIA,STONIC,8,0,0.0
2026-08-16T07:33:42,cash,KIA,XCEED,1,0,0.0
2026-08-16T07:33:42,cash,LYNK,& CO LC01,1,0,0.0
2026-08-16T07:33:42,cash,MERCEDES-BENZ,CLA COUPE,1,0,0.0
2026-08-16T07:33:42,cash,MERCEDES-BENZ,CLASSE A,4,0,0.0
2026-08-16T07:33:42,cash,MERCEDES-BENZ,CLASSE CLA,4,0,0.0
2026-08-16T07:33:42,cash,MERCEDES-BENZ,CLASSE GLA,1,0,0.0
2026-08-16T07:33:42,cash,MERCEDES-BENZ,EQA,2,2,1.0
2026-08-16T07:33:42,cash,MERCEDES-BENZ,GLB,1,0,0.0
2026-08-16T07:33:42,cash,NISSAN,JUKE,1,0,0.0
2026-08-16T07:33:42,cash,NISSAN,LEAF,1,1,1.0
2026-08-16T07:33:42,cash,NISSAN,QASHQAI,10,0,0.0
2026-08-16T07:33:42,cash,NISSAN,X-TRAIL,1,0,0.0
2026-08-16T07:33:42,cash,OPEL,ASTRA,1,0,0.0
2026-08-16T07:33:42,cash,OPEL,CORSA,3,0,0.0
2026-08-16T07:33:42,cash,OPEL,CROSSLAND,3,0,0.0
2026-08-16T07:33:42,cash,OPEL,GRANDLAND,1,0,0.0
2026-08-16T07:33:42,cash,OPEL,GRANDLAND X,1,0,0.0
2026-08-16T07:33:42,cash,PEUGEOT,108,1,0,0.0
2026-08-16T07:33:42,cash,PEUGEOT,2008,26,0,0.0
2026-08-16T07:33:42,cash,PEUGEOT,208,10,0,0.0
2026-08-16T07:33:42,cash,PEUGEOT,3008,33,0,0.0
2026-08-16T07:33:42,cash,PEUGEOT,308,9,0,0.0
2026-08-16T07:33:42,cash,PEUGEOT,308 SW,3,0,0.0
2026-08-16T07:33:42,cash,PEUGEOT,408,1,0,0.0
2026-08-16T07:33:42,cash,PEUGEOT,5008,15,0,0.0
2026-08-16T07:33:42,cash,PEUGEOT,E-2008,13,13,1.0
2026-08-16T07:33:42,cash,PEUGEOT,E-208,2,2,1.0
2026-08-16T07:33:42,cash,PEUGEOT,E-308,2,2,1.0
2026-08-16T07:33:42,cash,PEUGEOT,EXPERT,4,0,0.0
2026-08-16T07:33:42,cash,PEUGEOT,PARTNER,11,0,0.0
2026-08-16T07:33:42,cash,RENAULT,ARKANA,21,0,0.0
2026-08-16T07:33:42,cash,RENAULT,AUSTRAL,8,0,0.0
2026-08-16T07:33:42,cash,RENAULT,CAPTUR,16,0,0.0
2026-08-16T07:33:42,cash,RENAULT,CLIO,29,0,0.0
2026-08-16T07:33:42,cash,RENAULT,ESPACE,3,0,0.0
2026-08-16T07:33:42,cash,RENAULT,EXPRESS,16,0,0.0
2026-08-16T07:33:42,cash,RENAULT,KADJAR,1,0,0.0
2026-08-16T07:33:42,cash,RENAULT,KANGOO,5,0,0.0
2026-08-16T07:33:42,cash,RENAULT,MASTER,1,0,0.0
2026-08-16T07:33:42,cash,RENAULT,MEGANE,16,0,0.0
2026-08-16T07:33:42,cash,RENAULT,MEGANE E-TECH,1,1,1.0
2026-08-16T07:33:42,cash,RENAULT,SCENIC,8,0,0.0
2026-08-16T07:33:42,cash,RENAULT,SYMBIOZ,1,0,0.0
2026-08-16T07:33:42,cash,RENAULT,TRAFIC,3,0,0.0
2026-08-16T07:33:42,cash,RENAULT,TWINGO,2,1,0.5
2026-08-16T07:33:42,cash,RENAULT,ZOE,1,1,1.0
2026-08-16T07:33:42,cash,SEAT,ARONA,1,0,0.0
2026-08-16T07:33:42,cash,SKODA,ENYAQ,1,1,1.0
2026-08-16T07:33:42,cash,SKODA,FABIA,4,0,0.0
2026-08-16T07:33:42,cash,SKODA,KAMIQ,6,0,0.0
2026-08-16T07:33:42,cash,SKODA,KAROQ,1,0,0.0
2026-08-16T07:33:42,cash,SKODA,KODIAQ,2,0,0.0
2026-08-16T07:33:42,cash,SUZUKI,SWIFT,1,0,0.0
2026-08-16T07:33:42,cash,TESLA,MODEL 3,8,8,1.0
2026-08-16T07:33:42,cash,TESLA,MODEL Y,13,13,1.0
2026-08-16T07:33:42,cash,TOYOTA,AYGO X,5,0,0.0
2026-08-16T07:33:42,cash,TOYOTA,C-HR,7,0,0.0
2026-08-16T07:33:42,cash,TOYOTA,COROLLA,6,0,0.0
2026-08-16T07:33:42,cash,TOYOTA,COROLLA TS,12,0,0.0
2026-08-16T07:33:42,cash,TOYOTA,PROACE CITY,1,0,0.0
2026-08-16T07:33:42,cash,TOYOTA,RAV4 HSD,5,0,0.0
2026-08-16T07:33:42,cash,TOYOTA,RAV4 PLUG IN,3,0,0.0
2026-08-16T07:33:42,cash,TOYOTA,YARIS,1,0,0.0
2026-08-16T07:33:42,cash,TOYOTA,YARIS HYBRID,2,0,0.0
2026-08-16T07:33:42,cash,VOLKSWAGEN,GOLF,9,0,0.0
2026-08-16T07:33:42,cash,VOLKSWAGEN,ID.3,2,2,1.0
2026-08-16T07:33:42,cash,VOLKSWAGEN,POLO,7,0,0.0
2026-08-16T07:33:42,cash,VOLKSWAGEN,T-ROC,3,0,0.0
2026-08-16T07:33:42,cash,VOLKSWAGEN,TAIGO,1,0,0.0
2026-08-16T07:33:42,cash,VOLKSWAGEN,TIGUAN,7,0,0.0
2026-08-16T07:33:42,cash,VOLKSWAGEN,TIGUAN ALLSPACE,3,0,0.0
2026-08-16T07:33:42,cash,VOLKSWAGEN,TOURAN,3,0,0.0
2026-08-16T07:33:42,cash,VOLKSWAGEN,TRANSPORTER,1,0,0.0
