date_releve,marque,modele,nb_total,nb_electrique,proportion_electrique
2026-07-10T15:11:58,Alfa Romeo,Giulia,1,0,0.0
2026-07-10T15:11:58,Alfa Romeo,Junior,12,4,0.3333
2026-07-10T15:11:58,Alfa Romeo,Stelvio,1,0,0.0
2026-07-10T15:11:58,Alfa Romeo,Tonale,15,0,0.0
2026-07-10T15:11:58,Alpine,A290,1,1,1.0
2026-07-10T15:11:58,Audi,A1 Allstreet,1,0,0.0
2026-07-10T15:11:58,Audi,A1 Citycarver,1,0,0.0
2026-07-10T15:11:58,Audi,A1 Sportback,8,0,0.0
2026-07-10T15:11:58,Audi,A3 Berline,2,0,0.0
2026-07-10T15:11:58,Audi,A3 Sportback,21,0,0.0
2026-07-10T15:11:58,Audi,A4 Avant,3,0,0.0
2026-07-10T15:11:58,Audi,A5 Sportback,1,0,0.0
2026-07-10T15:11:58,Audi,A6 Avant,2,0,0.0
2026-07-10T15:11:58,Audi,E-TRON,3,3,1.0
2026-07-10T15:11:58,Audi,Q2,18,0,0.0
2026-07-10T15:11:58,Audi,Q3,2,0,0.0
2026-07-10T15:11:58,Audi,Q3 Sportback,2,0,0.0
2026-07-10T15:11:58,Audi,Q4 E-TRON,1,1,1.0
2026-07-10T15:11:58,Audi,Q5,2,0,0.0
2026-07-10T15:11:58,Audi,Q5 Sportback,1,0,0.0
2026-07-10T15:11:58,BMW,I3,1,1,1.0
2026-07-10T15:11:58,BMW,Série 1,19,0,0.0
2026-07-10T15:11:58,BMW,Série 2 Active Tourer,3,0,0.0
2026-07-10T15:11:58,BMW,Série 3 Touring,3,0,0.0
2026-07-10T15:11:58,BMW,Série 5 Touring,2,0,0.0
2026-07-10T15:11:58,BMW,X1,17,0,0.0
2026-07-10T15:11:58,BMW,X2,8,0,0.0
2026-07-10T15:11:58,BMW,X3,2,0,0.0
2026-07-10T15:11:58,BMW,Z4 ROADSTER,1,0,0.0
2026-07-10T15:11:58,BMW,i4,2,2,1.0
2026-07-10T15:11:58,BMW,iX1,2,2,1.0
2026-07-10T15:11:58,BYD,Atto 2,2,2,1.0
2026-07-10T15:11:58,BYD,DOLPHIN SURF,2,2,1.0
2026-07-10T15:11:58,BYD,Dolfin Surf,1,1,1.0
2026-07-10T15:11:58,BYD,Dolphin,1,1,1.0
2026-07-10T15:11:58,BYD,SEAL 6 TOURING,4,0,0.0
2026-07-10T15:11:58,BYD,Seal 6,3,0,0.0
2026-07-10T15:11:58,BYD,Seal 6 Touring,0,0,0.0
2026-07-10T15:11:58,BYD,Seal U,5,0,0.0
2026-07-10T15:11:58,Citroën,AMI,5,5,1.0
2026-07-10T15:11:58,Citroën,BERLINGO FOURGON ELECTRIC,1,1,1.0
2026-07-10T15:11:58,Citroën,Berlingo,9,4,0.4444
2026-07-10T15:11:58,Citroën,Berlingo Fourgon,1,0,0.0
2026-07-10T15:11:58,Citroën,Berlingo Van,1,0,0.0
2026-07-10T15:11:58,Citroën,C-Elysee,1,0,0.0
2026-07-10T15:11:58,Citroën,C-ZERO,1,1,1.0
2026-07-10T15:11:58,Citroën,C1,2,0,0.0
2026-07-10T15:11:58,Citroën,C3,53,8,0.1509
2026-07-10T15:11:58,Citroën,C3 Aircross,40,6,0.15
2026-07-10T15:11:58,Citroën,C4,60,12,0.2
2026-07-10T15:11:58,Citroën,C4 CACTUS BUSINESS,1,0,0.0
2026-07-10T15:11:58,Citroën,C4 Cactus,13,0,0.0
2026-07-10T15:11:58,Citroën,C4 Picasso,2,0,0.0
2026-07-10T15:11:58,Citroën,C4 X,4,1,0.25
2026-07-10T15:11:58,Citroën,C5 Aircross,69,0,0.0
2026-07-10T15:11:58,Citroën,C5 X,10,0,0.0
2026-07-10T15:11:58,Citroën,GRAND C4 SPACETOURER,3,0,0.0
2026-07-10T15:11:58,Citroën,Grand C4 Picasso,3,0,0.0
2026-07-10T15:11:58,Citroën,Grand C4 Spacetourer,0,0,0.0
2026-07-10T15:11:58,Citroën,JUMPY CABINE APPROFONDIE,1,0,0.0
2026-07-10T15:11:58,Citroën,Jumper Fourgon,1,0,0.0
2026-07-10T15:11:58,Cupra,Ateca,1,0,0.0
2026-07-10T15:11:58,Cupra,FORMENTOR,18,0,0.0
2026-07-10T15:11:58,Cupra,Leon,3,0,0.0
2026-07-10T15:11:58,Cupra,Leon Sportstourer,2,0,0.0
2026-07-10T15:11:58,Cupra,Terramar,2,0,0.0
2026-07-10T15:11:58,DS,DS3,2,0,0.0
2026-07-10T15:11:58,DS,DS3 CROSSBACK,13,2,0.1538
2026-07-10T15:11:58,DS,DS4,13,0,0.0
2026-07-10T15:11:58,DS,DS7,24,0,0.0
2026-07-10T15:11:58,DS,DS7 CROSSBACK,12,0,0.0
2026-07-10T15:11:58,DS,N 4,6,0,0.0
2026-07-10T15:11:58,Dacia,Bigster,32,0,0.0
2026-07-10T15:11:58,Dacia,Duster,84,0,0.0
2026-07-10T15:11:58,Dacia,JOGGER,6,0,0.0
2026-07-10T15:11:58,Dacia,Jogger,0,0,0.0
2026-07-10T15:11:58,Dacia,Lodgy,1,0,0.0
2026-07-10T15:11:58,Dacia,SPRING,17,17,1.0
2026-07-10T15:11:58,Dacia,Sandero,31,0,0.0
2026-07-10T15:11:58,Fiat,500,41,25,0.6098
2026-07-10T15:11:58,Fiat,500C,7,5,0.7143
2026-07-10T15:11:58,Fiat,500X,10,0,0.0
2026-07-10T15:11:58,Fiat,600,16,1,0.0625
2026-07-10T15:11:58,Fiat,DUCATO FOURGON,1,0,0.0
2026-07-10T15:11:58,Fiat,Panda,5,0,0.0
2026-07-10T15:11:58,Fiat,TIPO Station Wagon,1,0,0.0
2026-07-10T15:11:58,Fiat,Tipo,1,0,0.0
2026-07-10T15:11:58,Fiat,Tipo Cross,1,0,0.0
2026-07-10T15:11:58,Fiat,Tipo SW,1,0,0.0
2026-07-10T15:11:58,Ford,Ecosport,2,0,0.0
2026-07-10T15:11:58,Ford,Fiesta,13,0,0.0
2026-07-10T15:11:58,Ford,Focus,15,0,0.0
2026-07-10T15:11:58,Ford,Focus SW,7,0,0.0
2026-07-10T15:11:58,Ford,Fusion,1,0,0.0
2026-07-10T15:11:58,Ford,Kuga,8,0,0.0
2026-07-10T15:11:58,Ford,Mustang MACH-E,1,1,1.0
2026-07-10T15:11:58,Ford,PUMA,41,0,0.0
2026-07-10T15:11:58,Ford,Puma,0,0,0.0
2026-07-10T15:11:58,Ford,TOURNEO COURIER,1,0,0.0
2026-07-10T15:11:58,Ford,TRANSIT CONNECT FGN,2,0,0.0
2026-07-10T15:11:58,Honda,CR-V,2,0,0.0
2026-07-10T15:11:58,Honda,Civic,2,0,0.0
2026-07-10T15:11:58,Honda,HR-V,1,0,0.0
2026-07-10T15:11:58,Honda,Jazz,1,0,0.0
2026-07-10T15:11:58,Hyundai,BAYON,1,0,0.0
2026-07-10T15:11:58,Hyundai,Ioniq,2,1,0.5
2026-07-10T15:11:58,Hyundai,Kona,20,3,0.15
2026-07-10T15:11:58,Hyundai,Tucson,35,0,0.0
2026-07-10T15:11:58,Hyundai,i10,5,0,0.0
2026-07-10T15:11:58,Hyundai,i20,2,0,0.0
2026-07-10T15:11:58,Hyundai,i20 ACTIVE,1,0,0.0
2026-07-10T15:11:58,Hyundai,i30,1,0,0.0
2026-07-10T15:11:58,Infiniti,Q30,1,0,0.0
2026-07-10T15:11:58,Jaecoo,Jaecoo 7,4,0,0.0
2026-07-10T15:11:58,Jaguar,I-Pace,1,1,1.0
2026-07-10T15:11:58,Jeep,Avenger,23,11,0.4783
2026-07-10T15:11:58,Jeep,Compass,16,0,0.0
2026-07-10T15:11:58,Jeep,Renegade,18,0,0.0
2026-07-10T15:11:58,Kia,Ceed,5,0,0.0
2026-07-10T15:11:58,Kia,Ceed SW,1,0,0.0
2026-07-10T15:11:58,Kia,EV3,1,1,1.0
2026-07-10T15:11:58,Kia,Niro,4,2,0.5
2026-07-10T15:11:58,Kia,ProCeed,5,0,0.0
2026-07-10T15:11:58,Kia,Rio,2,0,0.0
2026-07-10T15:11:58,Kia,Soul,1,1,1.0
2026-07-10T15:11:58,Kia,Sportage,15,0,0.0
2026-07-10T15:11:58,Kia,Stonic,7,0,0.0
2026-07-10T15:11:58,Kia,XCEED,5,0,0.0
2026-07-10T15:11:58,Kia,Xceed,0,0,0.0
2026-07-10T15:11:58,Lancia,Ypsilon,2,1,0.5
2026-07-10T15:11:58,Lexus,UX,2,0,0.0
2026-07-10T15:11:58,Lynk&Co,01,4,0,0.0
2026-07-10T15:11:58,MG,EHS,17,0,0.0
2026-07-10T15:11:58,MG,MG3,19,0,0.0
2026-07-10T15:11:58,MG,MG4,10,10,1.0
2026-07-10T15:11:58,MG,MG5,3,3,1.0
2026-07-10T15:11:58,MG,MGS5,3,3,1.0
2026-07-10T15:11:58,MG,ZS,23,3,0.1304
2026-07-10T15:11:58,Mazda,CX-30,1,0,0.0
2026-07-10T15:11:58,Mazda,CX-5,2,0,0.0
2026-07-10T15:11:58,Mazda,CX-80,1,0,0.0
2026-07-10T15:11:58,Mazda,MX-30,2,2,1.0
2026-07-10T15:11:58,Mazda,MX-30 2020,1,1,1.0
2026-07-10T15:11:58,Mazda,MX-5,3,0,0.0
2026-07-10T15:11:58,Mazda,Mazda 3,3,0,0.0
2026-07-10T15:11:58,Mercedes,CLA,1,0,0.0
2026-07-10T15:11:58,Mercedes,CLA Shooting Brake,5,0,0.0
2026-07-10T15:11:58,Mercedes,CLASSE C BREAK,3,0,0.0
2026-07-10T15:11:58,Mercedes,CLK Cabriolet,1,0,0.0
2026-07-10T15:11:58,Mercedes,Classe A,15,0,0.0
2026-07-10T15:11:58,Mercedes,Classe B,3,0,0.0
2026-07-10T15:11:58,Mercedes,Classe C,3,0,0.0
2026-07-10T15:11:58,Mercedes,Classe C coupé,1,0,0.0
2026-07-10T15:11:58,Mercedes,Classe E Break,2,0,0.0
2026-07-10T15:11:58,Mercedes,Classe E Coupé,1,0,0.0
2026-07-10T15:11:58,Mercedes,GLA,4,0,0.0
2026-07-10T15:11:58,Mercedes,GLB,1,0,0.0
2026-07-10T15:11:58,Mini,Clubman,5,0,0.0
2026-07-10T15:11:58,Mini,Countryman,19,2,0.1053
2026-07-10T15:11:58,Mini,Mini,7,2,0.2857
2026-07-10T15:11:58,Mitsubishi,Space Star,1,0,0.0
2026-07-10T15:11:58,Nissan,Juke,24,0,0.0
2026-07-10T15:11:58,Nissan,Leaf,1,1,1.0
2026-07-10T15:11:58,Nissan,Micra,1,0,0.0
2026-07-10T15:11:58,Nissan,Qashqai,28,0,0.0
2026-07-10T15:11:58,Nissan,X-Trail,2,0,0.0
2026-07-10T15:11:58,Opel,ASTRA ELECTRIQUE,1,1,1.0
2026-07-10T15:11:58,Opel,Adam,1,0,0.0
2026-07-10T15:11:58,Opel,Astra,7,0,0.0
2026-07-10T15:11:58,Opel,Astra Sports Tourer,3,0,0.0
2026-07-10T15:11:58,Opel,COMBO CARGO,1,0,0.0
2026-07-10T15:11:58,Opel,Combo Fourgon,1,0,0.0
2026-07-10T15:11:58,Opel,Corsa,46,9,0.1957
2026-07-10T15:11:58,Opel,Crossland,9,0,0.0
2026-07-10T15:11:58,Opel,Crossland X,9,0,0.0
2026-07-10T15:11:58,Opel,FRONTERA,4,3,0.75
2026-07-10T15:11:58,Opel,GRANDLAND,3,0,0.0
2026-07-10T15:11:58,Opel,Grandland X,7,0,0.0
2026-07-10T15:11:58,Opel,INSIGNIA GRAND SPORT,1,0,0.0
2026-07-10T15:11:58,Opel,MOKKA ELECTRIQUE,1,1,1.0
2026-07-10T15:11:58,Opel,Mokka,38,19,0.5
2026-07-10T15:11:58,Opel,Mokka X,1,0,0.0
2026-07-10T15:11:58,Peugeot,107,1,0,0.0
2026-07-10T15:11:58,Peugeot,108,12,0,0.0
2026-07-10T15:11:58,Peugeot,2008,202,38,0.1881
2026-07-10T15:11:58,Peugeot,208,112,26,0.2321
2026-07-10T15:11:58,Peugeot,208 AFFAIRE,3,0,0.0
2026-07-10T15:11:58,Peugeot,3008,155,4,0.0258
2026-07-10T15:11:58,Peugeot,308,87,6,0.069
2026-07-10T15:11:58,Peugeot,308 AFFAIRE,2,0,0.0
2026-07-10T15:11:58,Peugeot,308 SW,28,1,0.0357
2026-07-10T15:11:58,Peugeot,4008,1,0,0.0
2026-07-10T15:11:58,Peugeot,407 Berline,1,0,0.0
2026-07-10T15:11:58,Peugeot,408,31,3,0.0968
2026-07-10T15:11:58,Peugeot,5008,61,0,0.0
2026-07-10T15:11:58,Peugeot,508,7,0,0.0
2026-07-10T15:11:58,Peugeot,508 SW,9,0,0.0
2026-07-10T15:11:58,Peugeot,Boxer,1,0,0.0
2026-07-10T15:11:58,Peugeot,Boxer Fourgon,2,0,0.0
2026-07-10T15:11:58,Peugeot,Expert Fourgon,3,0,0.0
2026-07-10T15:11:58,Peugeot,RIFTER,0,0,0.0
2026-07-10T15:11:58,Peugeot,Rifter,5,0,0.0
2026-07-10T15:11:58,Renault,Arkana,32,0,0.0
2026-07-10T15:11:58,Renault,Austral,34,0,0.0
2026-07-10T15:11:58,Renault,Captur,81,0,0.0
2026-07-10T15:11:58,Renault,Clio 4,6,0,0.0
2026-07-10T15:11:58,Renault,Clio 4 Estate,1,0,0.0
2026-07-10T15:11:58,Renault,Clio 5,95,0,0.0
2026-07-10T15:11:58,Renault,Clio 6,7,0,0.0
2026-07-10T15:11:58,Renault,Clio Société,1,0,0.0
2026-07-10T15:11:58,Renault,EXPRESS VAN,2,0,0.0
2026-07-10T15:11:58,Renault,Espace 5,1,0,0.0
2026-07-10T15:11:58,Renault,Espace 6,4,0,0.0
2026-07-10T15:11:58,Renault,Grand Scenic 4,0,0,0.0
2026-07-10T15:11:58,Renault,Grand Scénic 4,6,0,0.0
2026-07-10T15:11:58,Renault,Kadjar,14,0,0.0
2026-07-10T15:11:58,Renault,Kangoo,2,0,0.0
2026-07-10T15:11:58,Renault,Kangoo Express,1,0,0.0
2026-07-10T15:11:58,Renault,Koleos,1,0,0.0
2026-07-10T15:11:58,Renault,Master Fourgon,1,0,0.0
2026-07-10T15:11:58,Renault,Mégane 4,20,0,0.0
2026-07-10T15:11:58,Renault,Mégane 4 Estate,6,0,0.0
2026-07-10T15:11:58,Renault,Mégane E-TECH,11,11,1.0
2026-07-10T15:11:58,Renault,R4,7,7,1.0
2026-07-10T15:11:58,Renault,R5,45,45,1.0
2026-07-10T15:11:58,Renault,Rafale,9,0,0.0
2026-07-10T15:11:58,Renault,Scénic 4,15,0,0.0
2026-07-10T15:11:58,Renault,Scénic E-Tech,11,11,1.0
2026-07-10T15:11:58,Renault,Symbioz,31,0,0.0
2026-07-10T15:11:58,Renault,TWINGO,1,1,1.0
2026-07-10T15:11:58,Renault,TWINGO E-TECH ELECTRIQUE,1,1,1.0
2026-07-10T15:11:58,Renault,Talisman Estate,1,0,0.0
2026-07-10T15:11:58,Renault,Trafic,3,0,0.0
2026-07-10T15:11:58,Renault,Twingo 3,11,6,0.5455
2026-07-10T15:11:58,Renault,Twizy,1,1,1.0
2026-07-10T15:11:58,Renault,Wind,1,0,0.0
2026-07-10T15:11:58,Renault,Zoé,15,15,1.0
2026-07-10T15:11:58,Seat,Arona,9,0,0.0
2026-07-10T15:11:58,Seat,Ateca,11,0,0.0
2026-07-10T15:11:58,Seat,Ibiza,5,0,0.0
2026-07-10T15:11:58,Seat,Leon,3,0,0.0
2026-07-10T15:11:58,Seat,Leon ST,3,0,0.0
2026-07-10T15:11:58,Skoda,ENYAQ,2,2,1.0
2026-07-10T15:11:58,Skoda,FABIA COMBI,1,0,0.0
2026-07-10T15:11:58,Skoda,Fabia,1,0,0.0
2026-07-10T15:11:58,Skoda,KAMIQ,0,0,0.0
2026-07-10T15:11:58,Skoda,Kamiq,3,0,0.0
2026-07-10T15:11:58,Skoda,Karoq,5,0,0.0
2026-07-10T15:11:58,Skoda,Kodiaq,3,0,0.0
2026-07-10T15:11:58,Skoda,OCTAVIA COMBI,0,0,0.0
2026-07-10T15:11:58,Skoda,Octavia,2,0,0.0
2026-07-10T15:11:58,Skoda,Octavia Combi,9,0,0.0
2026-07-10T15:11:58,Skoda,Scala,2,0,0.0
2026-07-10T15:11:58,Skoda,Superb Combi,1,0,0.0
2026-07-10T15:11:58,Smart,FORFOUR,2,2,1.0
2026-07-10T15:11:58,Smart,FORTWO,1,0,0.0
2026-07-10T15:11:58,Smart,Fortwo Coupé,1,1,1.0
2026-07-10T15:11:58,Smart,Fortwo EQ,2,2,1.0
2026-07-10T15:11:58,Suzuki,BALENO,1,0,0.0
2026-07-10T15:11:58,Suzuki,Ignis,3,0,0.0
2026-07-10T15:11:58,Suzuki,SX4 S-Cross,2,0,0.0
2026-07-10T15:11:58,Suzuki,Swift,3,0,0.0
2026-07-10T15:11:58,Tesla,MODEL 3,9,9,1.0
2026-07-10T15:11:58,Tesla,MODEL X,2,2,1.0
2026-07-10T15:11:58,Tesla,MODEL Y,9,9,1.0
2026-07-10T15:11:58,Toyota,Aygo,4,0,0.0
2026-07-10T15:11:58,Toyota,Aygo X,7,0,0.0
2026-07-10T15:11:58,Toyota,C-HR,23,0,0.0
2026-07-10T15:11:58,Toyota,Corolla,5,0,0.0
2026-07-10T15:11:58,Toyota,Corolla Cross,2,0,0.0
2026-07-10T15:11:58,Toyota,Corolla Sw,1,0,0.0
2026-07-10T15:11:58,Toyota,Corolla Touring Sports,17,0,0.0
2026-07-10T15:11:58,Toyota,Prius,1,0,0.0
2026-07-10T15:11:58,Toyota,RAV 4,5,0,0.0
2026-07-10T15:11:58,Toyota,YARIS CROSS,6,0,0.0
2026-07-10T15:11:58,Toyota,Yaris,5,0,0.0
2026-07-10T15:11:58,Toyota,Yaris 3,3,0,0.0
2026-07-10T15:11:58,Toyota,Yaris 4,12,0,0.0
2026-07-10T15:11:58,Volkswagen,Caddy Fourgon,1,0,0.0
2026-07-10T15:11:58,Volkswagen,Coccinelle,1,0,0.0
2026-07-10T15:11:58,Volkswagen,E-UP,1,1,1.0
2026-07-10T15:11:58,Volkswagen,Golf,2,0,0.0
2026-07-10T15:11:58,Volkswagen,Golf 7,7,1,0.1429
2026-07-10T15:11:58,Volkswagen,Golf 7 SW,1,0,0.0
2026-07-10T15:11:58,Volkswagen,Golf 8,27,0,0.0
2026-07-10T15:11:58,Volkswagen,Golf 8 SW,8,0,0.0
2026-07-10T15:11:58,Volkswagen,Golf SW,1,0,0.0
2026-07-10T15:11:58,Volkswagen,Golf Sportsvan,2,0,0.0
2026-07-10T15:11:58,Volkswagen,ID.3,1,1,1.0
2026-07-10T15:11:58,Volkswagen,ID.4,1,1,1.0
2026-07-10T15:11:58,Volkswagen,ID.5,1,1,1.0
2026-07-10T15:11:58,Volkswagen,Passat,4,0,0.0
2026-07-10T15:11:58,Volkswagen,Passat SW,2,0,0.0
2026-07-10T15:11:58,Volkswagen,Polo,17,0,0.0
2026-07-10T15:11:58,Volkswagen,T-CROSS,19,0,0.0
2026-07-10T15:11:58,Volkswagen,T-Cross,0,0,0.0
2026-07-10T15:11:58,Volkswagen,T-Roc,33,0,0.0
2026-07-10T15:11:58,Volkswagen,T-Roc Cabriolet,2,0,0.0
2026-07-10T15:11:58,Volkswagen,TAIGO,10,0,0.0
2026-07-10T15:11:58,Volkswagen,TIGUAN,0,0,0.0
2026-07-10T15:11:58,Volkswagen,Taigo,0,0,0.0
2026-07-10T15:11:58,Volkswagen,Tayron,3,0,0.0
2026-07-10T15:11:58,Volkswagen,Tiguan,22,0,0.0
2026-07-10T15:11:58,Volkswagen,Tiguan Allspace,3,0,0.0
2026-07-10T15:11:58,Volkswagen,Touran,2,0,0.0
2026-07-10T15:11:58,Volkswagen,Up,2,1,0.5
2026-07-10T15:11:58,Volvo,EX30,1,1,1.0
2026-07-10T15:11:58,Volvo,S90,1,0,0.0
2026-07-10T15:11:58,Volvo,V40,1,0,0.0
2026-07-10T15:11:58,Volvo,V60 Cross Country,1,0,0.0
2026-07-10T15:11:58,Volvo,XC40,11,1,0.0909
2026-07-10T15:11:58,Volvo,XC60,6,0,0.0
2026-07-10T15:11:58,Volvo,XC90,1,0,0.0
2026-07-10T15:11:58,XPENG,G6,1,1,1.0
2026-07-11T09:28:40,Alfa Romeo,Giulia,1,0,0.0
2026-07-11T09:28:40,Alfa Romeo,Junior,11,4,0.3636
2026-07-11T09:28:40,Alfa Romeo,Stelvio,1,0,0.0
2026-07-11T09:28:40,Alfa Romeo,Tonale,16,0,0.0
2026-07-11T09:28:40,Alpine,A290,1,1,1.0
2026-07-11T09:28:40,Audi,A1 Allstreet,1,0,0.0
2026-07-11T09:28:40,Audi,A1 Citycarver,1,0,0.0
2026-07-11T09:28:40,Audi,A1 Sportback,8,0,0.0
2026-07-11T09:28:40,Audi,A3 Berline,2,0,0.0
2026-07-11T09:28:40,Audi,A3 Sportback,23,0,0.0
2026-07-11T09:28:40,Audi,A4 Avant,3,0,0.0
2026-07-11T09:28:40,Audi,A5 Sportback,1,0,0.0
2026-07-11T09:28:40,Audi,A6 Avant,2,0,0.0
2026-07-11T09:28:40,Audi,E-TRON,3,3,1.0
2026-07-11T09:28:40,Audi,Q2,18,0,0.0
2026-07-11T09:28:40,Audi,Q3,2,0,0.0
2026-07-11T09:28:40,Audi,Q3 Sportback,1,0,0.0
2026-07-11T09:28:40,Audi,Q4 E-TRON,1,1,1.0
2026-07-11T09:28:40,Audi,Q5,2,0,0.0
2026-07-11T09:28:40,Audi,Q5 Sportback,1,0,0.0
2026-07-11T09:28:40,BMW,I3,1,1,1.0
2026-07-11T09:28:40,BMW,Série 1,18,0,0.0
2026-07-11T09:28:40,BMW,Série 2 Active Tourer,4,0,0.0
2026-07-11T09:28:40,BMW,Série 3 Touring,3,0,0.0
2026-07-11T09:28:40,BMW,Série 5 Touring,2,0,0.0
2026-07-11T09:28:40,BMW,X1,17,0,0.0
2026-07-11T09:28:40,BMW,X2,7,0,0.0
2026-07-11T09:28:40,BMW,X3,4,0,0.0
2026-07-11T09:28:40,BMW,Z4 ROADSTER,1,0,0.0
2026-07-11T09:28:40,BMW,i4,2,2,1.0
2026-07-11T09:28:40,BMW,iX1,2,2,1.0
2026-07-11T09:28:40,BYD,Atto 2,2,2,1.0
2026-07-11T09:28:40,BYD,DOLPHIN SURF,2,2,1.0
2026-07-11T09:28:40,BYD,Dolfin Surf,1,1,1.0
2026-07-11T09:28:40,BYD,Dolphin,1,1,1.0
2026-07-11T09:28:40,BYD,SEAL 6 TOURING,4,0,0.0
2026-07-11T09:28:40,BYD,Seal 6,3,0,0.0
2026-07-11T09:28:40,BYD,Seal 6 Touring,0,0,0.0
2026-07-11T09:28:40,BYD,Seal U,5,0,0.0
2026-07-11T09:28:40,Citroën,AMI,4,4,1.0
2026-07-11T09:28:40,Citroën,Berlingo,9,4,0.4444
2026-07-11T09:28:40,Citroën,Berlingo Fourgon,1,0,0.0
2026-07-11T09:28:40,Citroën,C-Elysee,1,0,0.0
2026-07-11T09:28:40,Citroën,C-ZERO,1,1,1.0
2026-07-11T09:28:40,Citroën,C1,2,0,0.0
2026-07-11T09:28:40,Citroën,C3,55,8,0.1455
2026-07-11T09:28:40,Citroën,C3 Aircross,39,6,0.1538
2026-07-11T09:28:40,Citroën,C4,62,11,0.1774
2026-07-11T09:28:40,Citroën,C4 CACTUS BUSINESS,1,0,0.0
2026-07-11T09:28:40,Citroën,C4 Cactus,13,0,0.0
2026-07-11T09:28:40,Citroën,C4 Picasso,4,0,0.0
2026-07-11T09:28:40,Citroën,C4 X,4,1,0.25
2026-07-11T09:28:40,Citroën,C5 Aircross,68,0,0.0
2026-07-11T09:28:40,Citroën,C5 X,9,0,0.0
2026-07-11T09:28:40,Citroën,GRAND C4 SPACETOURER,3,0,0.0
2026-07-11T09:28:40,Citroën,Grand C4 Picasso,3,0,0.0
2026-07-11T09:28:40,Citroën,Grand C4 Spacetourer,0,0,0.0
2026-07-11T09:28:40,Citroën,JUMPY CABINE APPROFONDIE,1,0,0.0
2026-07-11T09:28:40,Citroën,Jumper Fourgon,1,0,0.0
2026-07-11T09:28:40,Cupra,Ateca,1,0,0.0
2026-07-11T09:28:40,Cupra,FORMENTOR,17,0,0.0
2026-07-11T09:28:40,Cupra,Leon,3,0,0.0
2026-07-11T09:28:40,Cupra,Leon Sportstourer,2,0,0.0
2026-07-11T09:28:40,Cupra,Terramar,2,0,0.0
2026-07-11T09:28:40,DS,DS3,3,0,0.0
2026-07-11T09:28:40,DS,DS3 CROSSBACK,13,2,0.1538
2026-07-11T09:28:40,DS,DS4,14,0,0.0
2026-07-11T09:28:40,DS,DS7,24,0,0.0
2026-07-11T09:28:40,DS,DS7 CROSSBACK,13,0,0.0
2026-07-11T09:28:40,DS,DS7 Crossback,0,0,0.0
2026-07-11T09:28:40,DS,N 4,6,0,0.0
2026-07-11T09:28:40,Dacia,Bigster,30,0,0.0
2026-07-11T09:28:40,Dacia,Duster,84,0,0.0
2026-07-11T09:28:40,Dacia,JOGGER,8,0,0.0
2026-07-11T09:28:40,Dacia,Jogger,0,0,0.0
2026-07-11T09:28:40,Dacia,Lodgy,1,0,0.0
2026-07-11T09:28:40,Dacia,SPRING,17,17,1.0
2026-07-11T09:28:40,Dacia,Sandero,33,0,0.0
2026-07-11T09:28:40,Fiat,500,40,25,0.625
2026-07-11T09:28:40,Fiat,500C,7,5,0.7143
2026-07-11T09:28:40,Fiat,500X,10,0,0.0
2026-07-11T09:28:40,Fiat,600,14,1,0.0714
2026-07-11T09:28:40,Fiat,DUCATO FOURGON,1,0,0.0
2026-07-11T09:28:40,Fiat,Panda,5,0,0.0
2026-07-11T09:28:40,Fiat,TIPO Station Wagon,1,0,0.0
2026-07-11T09:28:40,Fiat,Tipo,1,0,0.0
2026-07-11T09:28:40,Fiat,Tipo Cross,1,0,0.0
2026-07-11T09:28:40,Ford,Ecosport,2,0,0.0
2026-07-11T09:28:40,Ford,Fiesta,14,0,0.0
2026-07-11T09:28:40,Ford,Focus,15,0,0.0
2026-07-11T09:28:40,Ford,Focus SW,7,0,0.0
2026-07-11T09:28:40,Ford,Fusion,1,0,0.0
2026-07-11T09:28:40,Ford,Kuga,8,0,0.0
2026-07-11T09:28:40,Ford,Mustang MACH-E,1,1,1.0
2026-07-11T09:28:40,Ford,PUMA,39,0,0.0
2026-07-11T09:28:40,Ford,Puma,0,0,0.0
2026-07-11T09:28:40,Ford,TOURNEO COURIER,1,0,0.0
2026-07-11T09:28:40,Ford,TRANSIT CONNECT FGN,2,0,0.0
2026-07-11T09:28:40,Honda,CR-V,2,0,0.0
2026-07-11T09:28:40,Honda,Civic,2,0,0.0
2026-07-11T09:28:40,Honda,HR-V,1,0,0.0
2026-07-11T09:28:40,Honda,Jazz,1,0,0.0
2026-07-11T09:28:40,Hyundai,BAYON,1,0,0.0
2026-07-11T09:28:40,Hyundai,Ioniq,2,1,0.5
2026-07-11T09:28:40,Hyundai,Kona,20,3,0.15
2026-07-11T09:28:40,Hyundai,Tucson,33,0,0.0
2026-07-11T09:28:40,Hyundai,i10,5,0,0.0
2026-07-11T09:28:40,Hyundai,i20,2,0,0.0
2026-07-11T09:28:40,Hyundai,i20 ACTIVE,1,0,0.0
2026-07-11T09:28:40,Hyundai,i30,1,0,0.0
2026-07-11T09:28:40,Infiniti,Q30,1,0,0.0
2026-07-11T09:28:40,Jaecoo,Jaecoo 7,4,0,0.0
2026-07-11T09:28:40,Jaguar,I-Pace,1,1,1.0
2026-07-11T09:28:40,Jeep,Avenger,23,11,0.4783
2026-07-11T09:28:40,Jeep,Compass,16,0,0.0
2026-07-11T09:28:40,Jeep,Renegade,17,0,0.0
2026-07-11T09:28:40,Kia,Ceed,5,0,0.0
2026-07-11T09:28:40,Kia,Ceed SW,2,0,0.0
2026-07-11T09:28:40,Kia,EV3,1,1,1.0
2026-07-11T09:28:40,Kia,Niro,4,2,0.5
2026-07-11T09:28:40,Kia,ProCeed,5,0,0.0
2026-07-11T09:28:40,Kia,Rio,2,0,0.0
2026-07-11T09:28:40,Kia,Soul,1,1,1.0
2026-07-11T09:28:40,Kia,Sportage,15,0,0.0
2026-07-11T09:28:40,Kia,Stonic,7,0,0.0
2026-07-11T09:28:40,Kia,Venga,1,0,0.0
2026-07-11T09:28:40,Kia,XCEED,5,0,0.0
2026-07-11T09:28:40,Kia,Xceed,0,0,0.0
2026-07-11T09:28:40,Lancia,Ypsilon,2,1,0.5
2026-07-11T09:28:40,Lexus,UX,2,0,0.0
2026-07-11T09:28:40,Lynk&Co,01,2,0,0.0
2026-07-11T09:28:40,MG,EHS,17,0,0.0
2026-07-11T09:28:40,MG,MG3,20,0,0.0
2026-07-11T09:28:40,MG,MG4,10,10,1.0
2026-07-11T09:28:40,MG,MG5,2,2,1.0
2026-07-11T09:28:40,MG,MGS5,3,3,1.0
2026-07-11T09:28:40,MG,ZS,22,3,0.1364
2026-07-11T09:28:40,Mazda,CX-30,1,0,0.0
2026-07-11T09:28:40,Mazda,CX-5,2,0,0.0
2026-07-11T09:28:40,Mazda,CX-80,1,0,0.0
2026-07-11T09:28:40,Mazda,MX-30,2,2,1.0
2026-07-11T09:28:40,Mazda,MX-30 2020,1,1,1.0
2026-07-11T09:28:40,Mazda,MX-5,3,0,0.0
2026-07-11T09:28:40,Mazda,Mazda 3,3,0,0.0
2026-07-11T09:28:40,Mercedes,CLA,1,0,0.0
2026-07-11T09:28:40,Mercedes,CLA Shooting Brake,6,0,0.0
2026-07-11T09:28:40,Mercedes,CLASSE C BREAK,3,0,0.0
2026-07-11T09:28:40,Mercedes,CLK Cabriolet,1,0,0.0
2026-07-11T09:28:40,Mercedes,Classe A,14,0,0.0
2026-07-11T09:28:40,Mercedes,Classe B,3,0,0.0
2026-07-11T09:28:40,Mercedes,Classe C,3,0,0.0
2026-07-11T09:28:40,Mercedes,Classe C coupé,1,0,0.0
2026-07-11T09:28:40,Mercedes,Classe E Break,1,0,0.0
2026-07-11T09:28:40,Mercedes,Classe E Coupé,1,0,0.0
2026-07-11T09:28:40,Mercedes,GLA,4,0,0.0
2026-07-11T09:28:40,Mercedes,GLB,1,0,0.0
2026-07-11T09:28:40,Mini,Clubman,5,0,0.0
2026-07-11T09:28:40,Mini,Countryman,19,2,0.1053
2026-07-11T09:28:40,Mini,Mini,7,2,0.2857
2026-07-11T09:28:40,Mitsubishi,Space Star,1,0,0.0
2026-07-11T09:28:40,Nissan,Juke,25,0,0.0
2026-07-11T09:28:40,Nissan,Leaf,1,1,1.0
2026-07-11T09:28:40,Nissan,Micra,1,0,0.0
2026-07-11T09:28:40,Nissan,Qashqai,28,0,0.0
2026-07-11T09:28:40,Nissan,X-Trail,3,0,0.0
2026-07-11T09:28:40,Opel,ASTRA ELECTRIQUE,1,1,1.0
2026-07-11T09:28:40,Opel,Adam,1,0,0.0
2026-07-11T09:28:40,Opel,Astra,8,0,0.0
2026-07-11T09:28:40,Opel,Astra Sports Tourer,3,0,0.0
2026-07-11T09:28:40,Opel,COMBO CARGO,1,0,0.0
2026-07-11T09:28:40,Opel,Combo Fourgon,1,0,0.0
2026-07-11T09:28:40,Opel,Corsa,41,7,0.1707
2026-07-11T09:28:40,Opel,Crossland,9,0,0.0
2026-07-11T09:28:40,Opel,Crossland X,8,0,0.0
2026-07-11T09:28:40,Opel,FRONTERA,5,4,0.8
2026-07-11T09:28:40,Opel,GRANDLAND,3,0,0.0
2026-07-11T09:28:40,Opel,Grandland X,7,0,0.0
2026-07-11T09:28:40,Opel,INSIGNIA GRAND SPORT,1,0,0.0
2026-07-11T09:28:40,Opel,MOKKA ELECTRIQUE,1,1,1.0
2026-07-11T09:28:40,Opel,Mokka,35,17,0.4857
2026-07-11T09:28:40,Opel,Mokka X,1,0,0.0
2026-07-11T09:28:40,Peugeot,107,1,0,0.0
2026-07-11T09:28:40,Peugeot,108,11,0,0.0
2026-07-11T09:28:40,Peugeot,2008,201,39,0.194
2026-07-11T09:28:40,Peugeot,208,112,26,0.2321
2026-07-11T09:28:40,Peugeot,208 AFFAIRE,4,1,0.25
2026-07-11T09:28:40,Peugeot,3008,154,4,0.026
2026-07-11T09:28:40,Peugeot,308,86,6,0.0698
2026-07-11T09:28:40,Peugeot,308 AFFAIRE,2,0,0.0
2026-07-11T09:28:40,Peugeot,308 SW,28,1,0.0357
2026-07-11T09:28:40,Peugeot,4008,1,0,0.0
2026-07-11T09:28:40,Peugeot,407 Berline,1,0,0.0
2026-07-11T09:28:40,Peugeot,408,29,3,0.1034
2026-07-11T09:28:40,Peugeot,5008,60,0,0.0
2026-07-11T09:28:40,Peugeot,508,7,0,0.0
2026-07-11T09:28:40,Peugeot,508 SW,9,0,0.0
2026-07-11T09:28:40,Peugeot,Boxer,1,0,0.0
2026-07-11T09:28:40,Peugeot,Boxer Fourgon,2,0,0.0
2026-07-11T09:28:40,Peugeot,Expert Fourgon,3,0,0.0
2026-07-11T09:28:40,Peugeot,RIFTER,0,0,0.0
2026-07-11T09:28:40,Peugeot,Rifter,5,0,0.0
2026-07-11T09:28:40,Renault,Arkana,30,0,0.0
2026-07-11T09:28:40,Renault,Austral,32,0,0.0
2026-07-11T09:28:40,Renault,Captur,78,0,0.0
2026-07-11T09:28:40,Renault,Clio 4,6,0,0.0
2026-07-11T09:28:40,Renault,Clio 4 Estate,1,0,0.0
2026-07-11T09:28:40,Renault,Clio 5,96,0,0.0
2026-07-11T09:28:40,Renault,Clio 6,7,0,0.0
2026-07-11T09:28:40,Renault,Clio Société,1,0,0.0
2026-07-11T09:28:40,Renault,EXPRESS VAN,2,0,0.0
2026-07-11T09:28:40,Renault,Espace 5,1,0,0.0
2026-07-11T09:28:40,Renault,Espace 6,4,0,0.0
2026-07-11T09:28:40,Renault,Grand Scenic 4,0,0,0.0
2026-07-11T09:28:40,Renault,Grand Scénic 4,9,0,0.0
2026-07-11T09:28:40,Renault,KANGOO VAN E-TECH ELECTRIQUE,1,1,1.0
2026-07-11T09:28:40,Renault,Kadjar,11,0,0.0
2026-07-11T09:28:40,Renault,Kangoo,2,0,0.0
2026-07-11T09:28:40,Renault,Koleos,1,0,0.0
2026-07-11T09:28:40,Renault,Master Fourgon,1,0,0.0
2026-07-11T09:28:40,Renault,Mégane,1,0,0.0
2026-07-11T09:28:40,Renault,Mégane 4,20,0,0.0
2026-07-11T09:28:40,Renault,Mégane 4 Estate,7,0,0.0
2026-07-11T09:28:40,Renault,Mégane E-TECH,11,11,1.0
2026-07-11T09:28:40,Renault,R4,7,7,1.0
2026-07-11T09:28:40,Renault,R5,43,43,1.0
2026-07-11T09:28:40,Renault,Rafale,9,0,0.0
2026-07-11T09:28:40,Renault,Scénic 4,15,0,0.0
2026-07-11T09:28:40,Renault,Scénic E-Tech,12,12,1.0
2026-07-11T09:28:40,Renault,Symbioz,30,0,0.0
2026-07-11T09:28:40,Renault,TWINGO,1,1,1.0
2026-07-11T09:28:40,Renault,TWINGO E-TECH ELECTRIQUE,1,1,1.0
2026-07-11T09:28:40,Renault,Talisman Estate,1,0,0.0
2026-07-11T09:28:40,Renault,Trafic,3,0,0.0
2026-07-11T09:28:40,Renault,Twingo 3,11,6,0.5455
2026-07-11T09:28:40,Renault,Twizy,1,1,1.0
2026-07-11T09:28:40,Renault,Wind,1,0,0.0
2026-07-11T09:28:40,Renault,Zoé,15,15,1.0
2026-07-11T09:28:40,Seat,Arona,8,0,0.0
2026-07-11T09:28:40,Seat,Ateca,11,0,0.0
2026-07-11T09:28:40,Seat,Ibiza,7,0,0.0
2026-07-11T09:28:40,Seat,Leon,3,0,0.0
2026-07-11T09:28:40,Seat,Leon ST,3,0,0.0
2026-07-11T09:28:40,Skoda,ENYAQ,2,2,1.0
2026-07-11T09:28:40,Skoda,FABIA COMBI,1,0,0.0
2026-07-11T09:28:40,Skoda,Fabia,2,0,0.0
2026-07-11T09:28:40,Skoda,KAMIQ,0,0,0.0
2026-07-11T09:28:40,Skoda,Kamiq,3,0,0.0
2026-07-11T09:28:40,Skoda,Karoq,5,0,0.0
2026-07-11T09:28:40,Skoda,Kodiaq,3,0,0.0
2026-07-11T09:28:40,Skoda,OCTAVIA COMBI,0,0,0.0
2026-07-11T09:28:40,Skoda,Octavia,2,0,0.0
2026-07-11T09:28:40,Skoda,Octavia Combi,10,0,0.0
2026-07-11T09:28:40,Skoda,Scala,2,0,0.0
2026-07-11T09:28:40,Skoda,Superb Combi,1,0,0.0
2026-07-11T09:28:40,Smart,FORFOUR,2,2,1.0
2026-07-11T09:28:40,Smart,FORTWO,0,0,0.0
2026-07-11T09:28:40,Smart,Fortwo EQ,2,2,1.0
2026-07-11T09:28:40,Suzuki,BALENO,1,0,0.0
2026-07-11T09:28:40,Suzuki,Ignis,3,0,0.0
2026-07-11T09:28:40,Suzuki,SX4 S-Cross,2,0,0.0
2026-07-11T09:28:40,Suzuki,Swift,3,0,0.0
2026-07-11T09:28:40,Tesla,MODEL 3,12,12,1.0
2026-07-11T09:28:40,Tesla,MODEL X,2,2,1.0
2026-07-11T09:28:40,Tesla,MODEL Y,9,9,1.0
2026-07-11T09:28:40,Toyota,Aygo,4,0,0.0
2026-07-11T09:28:40,Toyota,Aygo X,7,0,0.0
2026-07-11T09:28:40,Toyota,C-HR,24,0,0.0
2026-07-11T09:28:40,Toyota,Corolla,6,0,0.0
2026-07-11T09:28:40,Toyota,Corolla Cross,2,0,0.0
2026-07-11T09:28:40,Toyota,Corolla Sw,1,0,0.0
2026-07-11T09:28:40,Toyota,Corolla Touring Sports,16,0,0.0
2026-07-11T09:28:40,Toyota,Prius,1,0,0.0
2026-07-11T09:28:40,Toyota,RAV 4,5,0,0.0
2026-07-11T09:28:40,Toyota,YARIS CROSS,6,0,0.0
2026-07-11T09:28:40,Toyota,Yaris,6,0,0.0
2026-07-11T09:28:40,Toyota,Yaris 3,3,0,0.0
2026-07-11T09:28:40,Toyota,Yaris 4,12,0,0.0
2026-07-11T09:28:40,Volkswagen,Caddy Fourgon,1,0,0.0
2026-07-11T09:28:40,Volkswagen,Coccinelle,1,0,0.0
2026-07-11T09:28:40,Volkswagen,E-UP,1,1,1.0
2026-07-11T09:28:40,Volkswagen,Golf,3,0,0.0
2026-07-11T09:28:40,Volkswagen,Golf 7,6,1,0.1667
2026-07-11T09:28:40,Volkswagen,Golf 7 SW,1,0,0.0
2026-07-11T09:28:40,Volkswagen,Golf 8,29,0,0.0
2026-07-11T09:28:40,Volkswagen,Golf 8 SW,9,0,0.0
2026-07-11T09:28:40,Volkswagen,Golf SW,1,0,0.0
2026-07-11T09:28:40,Volkswagen,Golf Sportsvan,2,0,0.0
2026-07-11T09:28:40,Volkswagen,ID.3,1,1,1.0
2026-07-11T09:28:40,Volkswagen,ID.4,1,1,1.0
2026-07-11T09:28:40,Volkswagen,ID.5,1,1,1.0
2026-07-11T09:28:40,Volkswagen,Passat,4,0,0.0
2026-07-11T09:28:40,Volkswagen,Passat SW,2,0,0.0
2026-07-11T09:28:40,Volkswagen,Polo,16,0,0.0
2026-07-11T09:28:40,Volkswagen,T-CROSS,20,0,0.0
2026-07-11T09:28:40,Volkswagen,T-Cross,0,0,0.0
2026-07-11T09:28:40,Volkswagen,T-Roc,33,0,0.0
2026-07-11T09:28:40,Volkswagen,T-Roc Cabriolet,2,0,0.0
2026-07-11T09:28:40,Volkswagen,TAIGO,12,0,0.0
2026-07-11T09:28:40,Volkswagen,TIGUAN,0,0,0.0
2026-07-11T09:28:40,Volkswagen,Taigo,0,0,0.0
2026-07-11T09:28:40,Volkswagen,Tayron,4,0,0.0
2026-07-11T09:28:40,Volkswagen,Tiguan,23,0,0.0
2026-07-11T09:28:40,Volkswagen,Tiguan Allspace,2,0,0.0
2026-07-11T09:28:40,Volkswagen,Touran,2,0,0.0
2026-07-11T09:28:40,Volkswagen,Up,2,1,0.5
2026-07-11T09:28:40,Volvo,EX30,1,1,1.0
2026-07-11T09:28:40,Volvo,S90,1,0,0.0
2026-07-11T09:28:40,Volvo,V40,1,0,0.0
2026-07-11T09:28:40,Volvo,V60,1,0,0.0
2026-07-11T09:28:40,Volvo,V60 Cross Country,1,0,0.0
2026-07-11T09:28:40,Volvo,XC40,11,1,0.0909
2026-07-11T09:28:40,Volvo,XC60,6,0,0.0
2026-07-11T09:28:40,Volvo,XC90,1,0,0.0
2026-07-11T09:28:40,XPENG,G6,1,1,1.0
2026-07-12T09:50:37,Alpine,A290,1,1,1.0
2026-07-12T09:50:37,Audi,A1 Allstreet,1,0,0.0
2026-07-12T09:50:37,Audi,A1 Citycarver,1,0,0.0
2026-07-12T09:50:37,Audi,A1 Sportback,8,0,0.0
2026-07-12T09:50:37,Audi,A3 Berline,2,0,0.0
2026-07-12T09:50:37,Audi,A3 Sportback,21,0,0.0
2026-07-12T09:50:37,Audi,A4 Avant,3,0,0.0
2026-07-12T09:50:37,Audi,A5 Sportback,1,0,0.0
2026-07-12T09:50:37,Audi,A6 Avant,2,0,0.0
2026-07-12T09:50:37,Audi,E-TRON,3,3,1.0
2026-07-12T09:50:37,Audi,Q2,18,0,0.0
2026-07-12T09:50:37,Audi,Q3,2,0,0.0
2026-07-12T09:50:37,Audi,Q3 Sportback,1,0,0.0
2026-07-12T09:50:37,Audi,Q4 E-TRON,1,1,1.0
2026-07-12T09:50:37,Audi,Q5,2,0,0.0
2026-07-12T09:50:37,BMW,I3,1,1,1.0
2026-07-12T09:50:37,BMW,Série 1,18,0,0.0
2026-07-12T09:50:37,BMW,Série 2 Active Tourer,4,0,0.0
2026-07-12T09:50:37,BMW,Série 3 Touring,3,0,0.0
2026-07-12T09:50:37,BMW,Série 5 Touring,2,0,0.0
2026-07-12T09:50:37,BMW,X1,17,0,0.0
2026-07-12T09:50:37,BMW,X2,6,0,0.0
2026-07-12T09:50:37,BMW,X3,4,0,0.0
2026-07-12T09:50:37,BMW,i4,2,2,1.0
2026-07-12T09:50:37,BMW,iX1,2,2,1.0
2026-07-12T09:50:37,BYD,Atto 2,2,2,1.0
2026-07-12T09:50:37,BYD,DOLPHIN SURF,2,2,1.0
2026-07-12T09:50:37,BYD,Dolfin Surf,1,1,1.0
2026-07-12T09:50:37,BYD,Dolphin,1,1,1.0
2026-07-12T09:50:37,BYD,SEAL 6 TOURING,4,0,0.0
2026-07-12T09:50:37,BYD,Seal 6,3,0,0.0
2026-07-12T09:50:37,BYD,Seal 6 Touring,0,0,0.0
2026-07-12T09:50:37,BYD,Seal U,4,0,0.0
2026-07-12T09:50:37,Citroën,AMI,3,3,1.0
2026-07-12T09:50:37,Citroën,Berlingo,7,4,0.5714
2026-07-12T09:50:37,Citroën,Berlingo Fourgon,1,0,0.0
2026-07-12T09:50:37,Citroën,C-ZERO,1,1,1.0
2026-07-12T09:50:37,Citroën,C1,1,0,0.0
2026-07-12T09:50:37,Citroën,C3,50,8,0.16
2026-07-12T09:50:37,Citroën,C3 Aircross,37,6,0.1622
2026-07-12T09:50:37,Citroën,C4,61,11,0.1803
2026-07-12T09:50:37,Citroën,C4 CACTUS BUSINESS,1,0,0.0
2026-07-12T09:50:37,Citroën,C4 Cactus,13,0,0.0
2026-07-12T09:50:37,Citroën,C4 Picasso,4,0,0.0
2026-07-12T09:50:37,Citroën,C4 X,4,1,0.25
2026-07-12T09:50:37,Citroën,C5 Aircross,66,0,0.0
2026-07-12T09:50:37,Citroën,C5 X,9,0,0.0
2026-07-12T09:50:37,Citroën,GRAND C4 SPACETOURER,3,0,0.0
2026-07-12T09:50:37,Citroën,Grand C4 Picasso,3,0,0.0
2026-07-12T09:50:37,Citroën,Grand C4 Spacetourer,0,0,0.0
2026-07-12T09:50:37,Citroën,JUMPY CABINE APPROFONDIE,1,0,0.0
2026-07-12T09:50:37,Citroën,Jumper Fourgon,1,0,0.0
2026-07-12T09:50:37,Cupra,Ateca,1,0,0.0
2026-07-12T09:50:37,Cupra,FORMENTOR,18,0,0.0
2026-07-12T09:50:37,Cupra,Leon,1,0,0.0
2026-07-12T09:50:37,Cupra,Leon Sportstourer,2,0,0.0
2026-07-12T09:50:37,Cupra,Terramar,2,0,0.0
2026-07-12T09:50:37,DS,DS3,3,0,0.0
2026-07-12T09:50:37,DS,DS3 CROSSBACK,11,1,0.0909
2026-07-12T09:50:37,DS,DS4,14,0,0.0
2026-07-12T09:50:37,DS,DS7,25,0,0.0
2026-07-12T09:50:37,DS,DS7 CROSSBACK,13,0,0.0
2026-07-12T09:50:37,DS,DS7 Crossback,0,0,0.0
2026-07-12T09:50:37,DS,N 4,6,0,0.0
2026-07-12T09:50:37,Dacia,Bigster,28,0,0.0
2026-07-12T09:50:37,Dacia,Duster,80,0,0.0
2026-07-12T09:50:37,Dacia,JOGGER,7,0,0.0
2026-07-12T09:50:37,Dacia,Jogger,0,0,0.0
2026-07-12T09:50:37,Dacia,Lodgy,1,0,0.0
2026-07-12T09:50:37,Dacia,SPRING,16,16,1.0
2026-07-12T09:50:37,Dacia,Sandero,31,0,0.0
2026-07-12T09:50:37,Fiat,500,38,24,0.6316
2026-07-12T09:50:37,Fiat,500C,6,5,0.8333
2026-07-12T09:50:37,Fiat,500X,8,0,0.0
2026-07-12T09:50:37,Fiat,600,14,1,0.0714
2026-07-12T09:50:37,Fiat,DUCATO FOURGON,1,0,0.0
2026-07-12T09:50:37,Fiat,Panda,5,0,0.0
2026-07-12T09:50:37,Fiat,TIPO Station Wagon,1,0,0.0
2026-07-12T09:50:37,Fiat,Tipo,1,0,0.0
2026-07-12T09:50:37,Fiat,Tipo Cross,1,0,0.0
2026-07-12T09:50:37,Ford,Ecosport,2,0,0.0
2026-07-12T09:50:37,Ford,Fiesta,12,0,0.0
2026-07-12T09:50:37,Ford,Focus,15,0,0.0
2026-07-12T09:50:37,Ford,Focus SW,6,0,0.0
2026-07-12T09:50:37,Ford,Fusion,1,0,0.0
2026-07-12T09:50:37,Ford,Kuga,9,0,0.0
2026-07-12T09:50:37,Ford,Mustang MACH-E,1,1,1.0
2026-07-12T09:50:37,Ford,PUMA,38,0,0.0
2026-07-12T09:50:37,Ford,Puma,0,0,0.0
2026-07-12T09:50:37,Ford,TOURNEO COURIER,1,0,0.0
2026-07-12T09:50:37,Ford,TRANSIT CONNECT FGN,2,0,0.0
2026-07-12T09:50:37,Honda,CR-V,2,0,0.0
2026-07-12T09:50:37,Honda,Civic,2,0,0.0
2026-07-12T09:50:37,Honda,HR-V,1,0,0.0
2026-07-12T09:50:37,Honda,Jazz,1,0,0.0
2026-07-12T09:50:37,Hyundai,BAYON,1,0,0.0
2026-07-12T09:50:37,Hyundai,Ioniq,2,1,0.5
2026-07-12T09:50:37,Hyundai,Kona,19,2,0.1053
2026-07-12T09:50:37,Hyundai,Tucson,33,0,0.0
2026-07-12T09:50:37,Hyundai,i10,5,0,0.0
2026-07-12T09:50:37,Hyundai,i20,2,0,0.0
2026-07-12T09:50:37,Infiniti,Q30,1,0,0.0
2026-07-12T09:50:37,Jaecoo,Jaecoo 7,4,0,0.0
2026-07-12T09:50:37,Jaguar,I-Pace,1,1,1.0
2026-07-12T09:50:37,Jeep,Avenger,23,11,0.4783
2026-07-12T09:50:37,Jeep,Compass,14,0,0.0
2026-07-12T09:50:37,Jeep,Renegade,15,0,0.0
2026-07-12T09:50:37,Kia,Ceed,5,0,0.0
2026-07-12T09:50:37,Kia,Ceed SW,2,0,0.0
2026-07-12T09:50:37,Kia,EV3,1,1,1.0
2026-07-12T09:50:37,Kia,Niro,4,2,0.5
2026-07-12T09:50:37,Kia,ProCeed,5,0,0.0
2026-07-12T09:50:37,Kia,Rio,2,0,0.0
2026-07-12T09:50:37,Kia,Soul,1,1,1.0
2026-07-12T09:50:37,Kia,Sportage,15,0,0.0
2026-07-12T09:50:37,Kia,Stonic,7,0,0.0
2026-07-12T09:50:37,Kia,Venga,1,0,0.0
2026-07-12T09:50:37,Kia,XCEED,5,0,0.0
2026-07-12T09:50:37,Kia,Xceed,0,0,0.0
2026-07-12T09:50:37,Lancia,Ypsilon,2,1,0.5
2026-07-12T09:50:37,Lexus,UX,2,0,0.0
2026-07-12T09:50:37,Lynk&Co,01,2,0,0.0
2026-07-12T09:50:37,MG,EHS,17,0,0.0
2026-07-12T09:50:37,MG,MG3,20,0,0.0
2026-07-12T09:50:37,MG,MG4,9,9,1.0
2026-07-12T09:50:37,MG,MG5,2,2,1.0
2026-07-12T09:50:37,MG,MGS5,2,2,1.0
2026-07-12T09:50:37,MG,ZS,22,3,0.1364
2026-07-12T09:50:37,Mazda,CX-30,1,0,0.0
2026-07-12T09:50:37,Mazda,CX-5,2,0,0.0
2026-07-12T09:50:37,Mazda,CX-80,1,0,0.0
2026-07-12T09:50:37,Mazda,MX-30,2,2,1.0
2026-07-12T09:50:37,Mazda,MX-30 2020,1,1,1.0
2026-07-12T09:50:37,Mazda,MX-5,3,0,0.0
2026-07-12T09:50:37,Mazda,Mazda 3,2,0,0.0
2026-07-12T09:50:37,Mercedes,CLA,1,0,0.0
2026-07-12T09:50:37,Mercedes,CLA Shooting Brake,6,0,0.0
2026-07-12T09:50:37,Mercedes,CLASSE C BREAK,3,0,0.0
2026-07-12T09:50:37,Mercedes,CLK Cabriolet,1,0,0.0
2026-07-12T09:50:37,Mercedes,Classe A,12,0,0.0
2026-07-12T09:50:37,Mercedes,Classe B,3,0,0.0
2026-07-12T09:50:37,Mercedes,Classe C,3,0,0.0
2026-07-12T09:50:37,Mercedes,Classe C coupé,1,0,0.0
2026-07-12T09:50:37,Mercedes,Classe E Break,1,0,0.0
2026-07-12T09:50:37,Mercedes,Classe E Coupé,1,0,0.0
2026-07-12T09:50:37,Mercedes,GLA,4,0,0.0
2026-07-12T09:50:37,Mercedes,GLB,1,0,0.0
2026-07-12T09:50:37,Mini,Clubman,5,0,0.0
2026-07-12T09:50:37,Mini,Countryman,17,1,0.0588
2026-07-12T09:50:37,Mini,Mini,7,2,0.2857
2026-07-12T09:50:37,Mitsubishi,Space Star,1,0,0.0
2026-07-12T09:50:37,Nissan,Juke,22,0,0.0
2026-07-12T09:50:37,Nissan,Leaf,1,1,1.0
2026-07-12T09:50:37,Nissan,Micra,1,0,0.0
2026-07-12T09:50:37,Nissan,Qashqai,27,0,0.0
2026-07-12T09:50:37,Nissan,X-Trail,3,0,0.0
2026-07-12T09:50:37,Opel,ASTRA ELECTRIQUE,1,1,1.0
2026-07-12T09:50:37,Opel,Adam,1,0,0.0
2026-07-12T09:50:37,Opel,Astra,8,0,0.0
2026-07-12T09:50:37,Opel,Astra Sports Tourer,3,0,0.0
2026-07-12T09:50:37,Opel,COMBO CARGO,1,0,0.0
2026-07-12T09:50:37,Opel,Combo Fourgon,1,0,0.0
2026-07-12T09:50:37,Opel,Corsa,40,8,0.2
2026-07-12T09:50:37,Opel,Crossland,8,0,0.0
2026-07-12T09:50:37,Opel,Crossland X,8,0,0.0
2026-07-12T09:50:37,Opel,FRONTERA,5,4,0.8
2026-07-12T09:50:37,Opel,GRANDLAND,3,0,0.0
2026-07-12T09:50:37,Opel,Grandland X,7,0,0.0
2026-07-12T09:50:37,Opel,INSIGNIA GRAND SPORT,1,0,0.0
2026-07-12T09:50:37,Opel,MOKKA ELECTRIQUE,1,1,1.0
2026-07-12T09:50:37,Opel,Mokka,31,14,0.4516
2026-07-12T09:50:37,Opel,Mokka X,1,0,0.0
2026-07-12T09:50:37,Peugeot,107,1,0,0.0
2026-07-12T09:50:37,Peugeot,108,11,0,0.0
2026-07-12T09:50:37,Peugeot,2008,191,37,0.1937
2026-07-12T09:50:37,Peugeot,208,102,26,0.2549
2026-07-12T09:50:37,Peugeot,208 AFFAIRE,4,1,0.25
2026-07-12T09:50:37,Peugeot,3008,144,4,0.0278
2026-07-12T09:50:37,Peugeot,308,81,6,0.0741
2026-07-12T09:50:37,Peugeot,308 AFFAIRE,2,0,0.0
2026-07-12T09:50:37,Peugeot,308 SW,24,1,0.0417
2026-07-12T09:50:37,Peugeot,4008,1,0,0.0
2026-07-12T09:50:37,Peugeot,407 Berline,1,0,0.0
2026-07-12T09:50:37,Peugeot,408,29,3,0.1034
2026-07-12T09:50:37,Peugeot,5008,59,0,0.0
2026-07-12T09:50:37,Peugeot,508,7,0,0.0
2026-07-12T09:50:37,Peugeot,508 SW,7,0,0.0
2026-07-12T09:50:37,Peugeot,Boxer,1,0,0.0
2026-07-12T09:50:37,Peugeot,Boxer Fourgon,2,0,0.0
2026-07-12T09:50:37,Peugeot,Expert Fourgon,3,0,0.0
2026-07-12T09:50:37,Peugeot,RIFTER,0,0,0.0
2026-07-12T09:50:37,Peugeot,Rifter,4,0,0.0
2026-07-12T09:50:37,Renault,Arkana,27,0,0.0
2026-07-12T09:50:37,Renault,Austral,31,0,0.0
2026-07-12T09:50:37,Renault,Captur,72,0,0.0
2026-07-12T09:50:37,Renault,Clio 4,5,0,0.0
2026-07-12T09:50:37,Renault,Clio 4 Estate,1,0,0.0
2026-07-12T09:50:37,Renault,Clio 5,92,0,0.0
2026-07-12T09:50:37,Renault,Clio 6,6,0,0.0
2026-07-12T09:50:37,Renault,Clio Société,1,0,0.0
2026-07-12T09:50:37,Renault,EXPRESS VAN,2,0,0.0
2026-07-12T09:50:37,Renault,Espace 5,1,0,0.0
2026-07-12T09:50:37,Renault,Espace 6,4,0,0.0
2026-07-12T09:50:37,Renault,Grand Scenic 4,0,0,0.0
2026-07-12T09:50:37,Renault,Grand Scénic 4,7,0,0.0
2026-07-12T09:50:37,Renault,KANGOO VAN E-TECH ELECTRIQUE,1,1,1.0
2026-07-12T09:50:37,Renault,Kadjar,11,0,0.0
2026-07-12T09:50:37,Renault,Kangoo,2,0,0.0
2026-07-12T09:50:37,Renault,Koleos,1,0,0.0
2026-07-12T09:50:37,Renault,Master Fourgon,1,0,0.0
2026-07-12T09:50:37,Renault,Mégane,1,0,0.0
2026-07-12T09:50:37,Renault,Mégane 4,20,0,0.0
2026-07-12T09:50:37,Renault,Mégane 4 Estate,7,0,0.0
2026-07-12T09:50:37,Renault,Mégane E-TECH,9,9,1.0
2026-07-12T09:50:37,Renault,R4,7,7,1.0
2026-07-12T09:50:37,Renault,R5,40,40,1.0
2026-07-12T09:50:37,Renault,Rafale,9,0,0.0
2026-07-12T09:50:37,Renault,Scénic 4,15,0,0.0
2026-07-12T09:50:37,Renault,Scénic E-Tech,11,11,1.0
2026-07-12T09:50:37,Renault,Symbioz,30,0,0.0
2026-07-12T09:50:37,Renault,TWINGO,1,1,1.0
2026-07-12T09:50:37,Renault,TWINGO E-TECH ELECTRIQUE,1,1,1.0
2026-07-12T09:50:37,Renault,Talisman Estate,1,0,0.0
2026-07-12T09:50:37,Renault,Trafic,3,0,0.0
2026-07-12T09:50:37,Renault,Twingo 3,10,6,0.6
2026-07-12T09:50:37,Renault,Wind,1,0,0.0
2026-07-12T09:50:37,Renault,Zoé,15,15,1.0
2026-07-12T09:50:37,Seat,Arona,8,0,0.0
2026-07-12T09:50:37,Seat,Ateca,10,0,0.0
2026-07-12T09:50:37,Seat,Ibiza,7,0,0.0
2026-07-12T09:50:37,Seat,Leon,3,0,0.0
2026-07-12T09:50:37,Seat,Leon ST,3,0,0.0
2026-07-12T09:50:37,Skoda,ENYAQ,2,2,1.0
2026-07-12T09:50:37,Skoda,FABIA COMBI,1,0,0.0
2026-07-12T09:50:37,Skoda,Fabia,2,0,0.0
2026-07-12T09:50:37,Skoda,KAMIQ,0,0,0.0
2026-07-12T09:50:37,Skoda,Kamiq,3,0,0.0
2026-07-12T09:50:37,Skoda,Karoq,3,0,0.0
2026-07-12T09:50:37,Skoda,Kodiaq,3,0,0.0
2026-07-12T09:50:37,Skoda,OCTAVIA COMBI,0,0,0.0
2026-07-12T09:50:37,Skoda,Octavia,1,0,0.0
2026-07-12T09:50:37,Skoda,Octavia Combi,10,0,0.0
2026-07-12T09:50:37,Skoda,Scala,2,0,0.0
2026-07-12T09:50:37,Skoda,Superb Combi,1,0,0.0
2026-07-12T09:50:37,Smart,FORFOUR,2,2,1.0
2026-07-12T09:50:37,Smart,Fortwo EQ,2,2,1.0
2026-07-12T09:50:37,Suzuki,BALENO,1,0,0.0
2026-07-12T09:50:37,Suzuki,Ignis,3,0,0.0
2026-07-12T09:50:37,Suzuki,SX4 S-Cross,2,0,0.0
2026-07-12T09:50:37,Suzuki,Swift,3,0,0.0
2026-07-12T09:50:37,Tesla,MODEL 3,11,11,1.0
2026-07-12T09:50:37,Tesla,MODEL X,2,2,1.0
2026-07-12T09:50:37,Tesla,MODEL Y,8,8,1.0
2026-07-12T09:50:37,Toyota,Aygo,1,0,0.0
2026-07-12T09:50:37,Toyota,Aygo X,7,0,0.0
2026-07-12T09:50:37,Toyota,C-HR,23,0,0.0
2026-07-12T09:50:37,Toyota,Corolla,6,0,0.0
2026-07-12T09:50:37,Toyota,Corolla Cross,2,0,0.0
2026-07-12T09:50:37,Toyota,Corolla Sw,1,0,0.0
2026-07-12T09:50:37,Toyota,Corolla Touring Sports,16,0,0.0
2026-07-12T09:50:37,Toyota,Prius,1,0,0.0
2026-07-12T09:50:37,Toyota,RAV 4,5,0,0.0
2026-07-12T09:50:37,Toyota,YARIS CROSS,6,0,0.0
2026-07-12T09:50:37,Toyota,Yaris,5,0,0.0
2026-07-12T09:50:37,Toyota,Yaris 3,2,0,0.0
2026-07-12T09:50:37,Toyota,Yaris 4,12,0,0.0
2026-07-12T09:50:37,Volkswagen,Caddy Fourgon,1,0,0.0
2026-07-12T09:50:37,Volkswagen,Coccinelle,1,0,0.0
2026-07-12T09:50:37,Volkswagen,E-UP,1,1,1.0
2026-07-12T09:50:37,Volkswagen,Golf,3,0,0.0
2026-07-12T09:50:37,Volkswagen,Golf 7,6,1,0.1667
2026-07-12T09:50:37,Volkswagen,Golf 8,26,0,0.0
2026-07-12T09:50:37,Volkswagen,Golf 8 SW,9,0,0.0
2026-07-12T09:50:37,Volkswagen,Golf Sportsvan,2,0,0.0
2026-07-12T09:50:37,Volkswagen,ID.3,1,1,1.0
2026-07-12T09:50:37,Volkswagen,ID.4,1,1,1.0
2026-07-12T09:50:37,Volkswagen,ID.5,1,1,1.0
2026-07-12T09:50:37,Volkswagen,Passat,4,0,0.0
2026-07-12T09:50:37,Volkswagen,Passat SW,2,0,0.0
2026-07-12T09:50:37,Volkswagen,Polo,16,0,0.0
2026-07-12T09:50:37,Volkswagen,T-CROSS,19,0,0.0
2026-07-12T09:50:37,Volkswagen,T-Cross,0,0,0.0
2026-07-12T09:50:37,Volkswagen,T-Roc,34,0,0.0
2026-07-12T09:50:37,Volkswagen,T-Roc Cabriolet,2,0,0.0
2026-07-12T09:50:37,Volkswagen,TAIGO,11,0,0.0
2026-07-12T09:50:37,Volkswagen,TIGUAN,0,0,0.0
2026-07-12T09:50:37,Volkswagen,Taigo,0,0,0.0
2026-07-12T09:50:37,Volkswagen,Tayron,4,0,0.0
2026-07-12T09:50:37,Volkswagen,Tiguan,21,0,0.0
2026-07-12T09:50:37,Volkswagen,Tiguan Allspace,2,0,0.0
2026-07-12T09:50:37,Volkswagen,Touran,2,0,0.0
2026-07-12T09:50:37,Volkswagen,Up,2,1,0.5
2026-07-12T09:50:37,Volvo,EX30,1,1,1.0
2026-07-12T09:50:37,Volvo,S90,1,0,0.0
2026-07-12T09:50:37,Volvo,V40,1,0,0.0
2026-07-12T09:50:37,Volvo,V60,1,0,0.0
2026-07-12T09:50:37,Volvo,V60 Cross Country,1,0,0.0
2026-07-12T09:50:37,Volvo,XC40,10,1,0.1
2026-07-12T09:50:37,Volvo,XC60,6,0,0.0
2026-07-12T09:50:37,Volvo,XC90,1,0,0.0
2026-07-12T09:50:37,XPENG,G6,1,1,1.0
2026-07-13T08:13:23,Alfa Romeo,Giulia,1,0,0.0
2026-07-13T08:13:23,Alfa Romeo,Junior,12,4,0.3333
2026-07-13T08:13:23,Alfa Romeo,Stelvio,1,0,0.0
2026-07-13T08:13:23,Alfa Romeo,Tonale,15,0,0.0
2026-07-13T08:13:23,Alpine,A290,1,1,1.0
2026-07-13T08:13:23,Audi,A1 Allstreet,1,0,0.0
2026-07-13T08:13:23,Audi,A1 Citycarver,1,0,0.0
2026-07-13T08:13:23,Audi,A1 Sportback,8,0,0.0
2026-07-13T08:13:23,Audi,A3 Berline,1,0,0.0
2026-07-13T08:13:23,Audi,A3 Sportback,21,0,0.0
2026-07-13T08:13:23,Audi,A4 Avant,3,0,0.0
2026-07-13T08:13:23,Audi,A5 Sportback,1,0,0.0
2026-07-13T08:13:23,Audi,A6 Avant,2,0,0.0
2026-07-13T08:13:23,Audi,E-TRON,3,3,1.0
2026-07-13T08:13:23,Audi,Q2,18,0,0.0
2026-07-13T08:13:23,Audi,Q3,2,0,0.0
2026-07-13T08:13:23,Audi,Q3 Sportback,1,0,0.0
2026-07-13T08:13:23,Audi,Q4 E-TRON,1,1,1.0
2026-07-13T08:13:23,Audi,Q5,2,0,0.0
2026-07-13T08:13:23,BMW,I3,1,1,1.0
2026-07-13T08:13:23,BMW,Série 1,17,0,0.0
2026-07-13T08:13:23,BMW,Série 2 Active Tourer,4,0,0.0
2026-07-13T08:13:23,BMW,Série 3 Touring,3,0,0.0
2026-07-13T08:13:23,BMW,Série 5 Touring,2,0,0.0
2026-07-13T08:13:23,BMW,X1,18,0,0.0
2026-07-13T08:13:23,BMW,X2,6,0,0.0
2026-07-13T08:13:23,BMW,X3,4,0,0.0
2026-07-13T08:13:23,BMW,i4,2,2,1.0
2026-07-13T08:13:23,BMW,iX1,2,2,1.0
2026-07-13T08:13:23,BYD,Atto 2,2,2,1.0
2026-07-13T08:13:23,BYD,DOLPHIN SURF,1,1,1.0
2026-07-13T08:13:23,BYD,Dolfin Surf,1,1,1.0
2026-07-13T08:13:23,BYD,Dolphin,1,1,1.0
2026-07-13T08:13:23,BYD,SEAL 6 TOURING,4,0,0.0
2026-07-13T08:13:23,BYD,Seal 6,3,0,0.0
2026-07-13T08:13:23,BYD,Seal 6 Touring,0,0,0.0
2026-07-13T08:13:23,BYD,Seal U,3,0,0.0
2026-07-13T08:13:23,Citroën,AMI,3,3,1.0
2026-07-13T08:13:23,Citroën,Berlingo,7,4,0.5714
2026-07-13T08:13:23,Citroën,Berlingo Fourgon,1,0,0.0
2026-07-13T08:13:23,Citroën,C-ZERO,1,1,1.0
2026-07-13T08:13:23,Citroën,C1,1,0,0.0
2026-07-13T08:13:23,Citroën,C3,52,8,0.1538
2026-07-13T08:13:23,Citroën,C3 Aircross,37,6,0.1622
2026-07-13T08:13:23,Citroën,C4,61,10,0.1639
2026-07-13T08:13:23,Citroën,C4 CACTUS BUSINESS,1,0,0.0
2026-07-13T08:13:23,Citroën,C4 Cactus,13,0,0.0
2026-07-13T08:13:23,Citroën,C4 Picasso,4,0,0.0
2026-07-13T08:13:23,Citroën,C4 X,3,1,0.3333
2026-07-13T08:13:23,Citroën,C5 Aircross,68,0,0.0
2026-07-13T08:13:23,Citroën,C5 X,9,0,0.0
2026-07-13T08:13:23,Citroën,E-C4,1,1,1.0
2026-07-13T08:13:23,Citroën,GRAND C4 SPACETOURER,3,0,0.0
2026-07-13T08:13:23,Citroën,Grand C4 Picasso,3,0,0.0
2026-07-13T08:13:23,Citroën,Grand C4 Spacetourer,0,0,0.0
2026-07-13T08:13:23,Citroën,JUMPY CABINE APPROFONDIE,1,0,0.0
2026-07-13T08:13:23,Citroën,Jumper Fourgon,1,0,0.0
2026-07-13T08:13:23,Cupra,Ateca,1,0,0.0
2026-07-13T08:13:23,Cupra,FORMENTOR,18,0,0.0
2026-07-13T08:13:23,Cupra,Leon,1,0,0.0
2026-07-13T08:13:23,Cupra,Leon Sportstourer,2,0,0.0
2026-07-13T08:13:23,Cupra,Terramar,2,0,0.0
2026-07-13T08:13:23,DS,DS3,3,0,0.0
2026-07-13T08:13:23,DS,DS3 CROSSBACK,11,1,0.0909
2026-07-13T08:13:23,DS,DS4,15,0,0.0
2026-07-13T08:13:23,DS,DS7,25,0,0.0
2026-07-13T08:13:23,DS,DS7 CROSSBACK,13,0,0.0
2026-07-13T08:13:23,DS,DS7 Crossback,0,0,0.0
2026-07-13T08:13:23,DS,N 4,6,0,0.0
2026-07-13T08:13:23,Dacia,Bigster,28,0,0.0
2026-07-13T08:13:23,Dacia,Duster,81,0,0.0
2026-07-13T08:13:23,Dacia,JOGGER,7,0,0.0
2026-07-13T08:13:23,Dacia,Jogger,0,0,0.0
2026-07-13T08:13:23,Dacia,Lodgy,1,0,0.0
2026-07-13T08:13:23,Dacia,SPRING,16,16,1.0
2026-07-13T08:13:23,Dacia,Sandero,32,0,0.0
2026-07-13T08:13:23,Fiat,500,38,24,0.6316
2026-07-13T08:13:23,Fiat,500C,6,5,0.8333
2026-07-13T08:13:23,Fiat,500X,8,0,0.0
2026-07-13T08:13:23,Fiat,600,14,1,0.0714
2026-07-13T08:13:23,Fiat,DUCATO FOURGON,1,0,0.0
2026-07-13T08:13:23,Fiat,Panda,5,0,0.0
2026-07-13T08:13:23,Fiat,TIPO Station Wagon,1,0,0.0
2026-07-13T08:13:23,Fiat,Tipo,1,0,0.0
2026-07-13T08:13:23,Fiat,Tipo Cross,1,0,0.0
2026-07-13T08:13:23,Ford,Ecosport,2,0,0.0
2026-07-13T08:13:23,Ford,Fiesta,12,0,0.0
2026-07-13T08:13:23,Ford,Focus,14,0,0.0
2026-07-13T08:13:23,Ford,Focus SW,6,0,0.0
2026-07-13T08:13:23,Ford,Fusion,1,0,0.0
2026-07-13T08:13:23,Ford,Kuga,9,0,0.0
2026-07-13T08:13:23,Ford,Mustang MACH-E,1,1,1.0
2026-07-13T08:13:23,Ford,PUMA,38,0,0.0
2026-07-13T08:13:23,Ford,Puma,0,0,0.0
2026-07-13T08:13:23,Ford,TOURNEO COURIER,1,0,0.0
2026-07-13T08:13:23,Ford,TRANSIT CONNECT FGN,2,0,0.0
2026-07-13T08:13:23,Honda,CR-V,2,0,0.0
2026-07-13T08:13:23,Honda,Civic,2,0,0.0
2026-07-13T08:13:23,Honda,HR-V,1,0,0.0
2026-07-13T08:13:23,Honda,Jazz,1,0,0.0
2026-07-13T08:13:23,Hyundai,BAYON,1,0,0.0
2026-07-13T08:13:23,Hyundai,Ioniq,2,1,0.5
2026-07-13T08:13:23,Hyundai,Kona,19,2,0.1053
2026-07-13T08:13:23,Hyundai,Tucson,34,0,0.0
2026-07-13T08:13:23,Hyundai,i10,5,0,0.0
2026-07-13T08:13:23,Hyundai,i20,2,0,0.0
2026-07-13T08:13:23,Infiniti,Q30,1,0,0.0
2026-07-13T08:13:23,Jaecoo,Jaecoo 7,4,0,0.0
2026-07-13T08:13:23,Jaguar,I-Pace,1,1,1.0
2026-07-13T08:13:23,Jeep,Avenger,23,11,0.4783
2026-07-13T08:13:23,Jeep,Compass,14,0,0.0
2026-07-13T08:13:23,Jeep,Renegade,15,0,0.0
2026-07-13T08:13:23,Kia,Ceed,5,0,0.0
2026-07-13T08:13:23,Kia,Ceed SW,2,0,0.0
2026-07-13T08:13:23,Kia,EV3,1,1,1.0
2026-07-13T08:13:23,Kia,Niro,4,2,0.5
2026-07-13T08:13:23,Kia,ProCeed,5,0,0.0
2026-07-13T08:13:23,Kia,Rio,2,0,0.0
2026-07-13T08:13:23,Kia,Soul,1,1,1.0
2026-07-13T08:13:23,Kia,Sportage,15,0,0.0
2026-07-13T08:13:23,Kia,Stonic,7,0,0.0
2026-07-13T08:13:23,Kia,Venga,1,0,0.0
2026-07-13T08:13:23,Kia,XCEED,5,0,0.0
2026-07-13T08:13:23,Kia,Xceed,0,0,0.0
2026-07-13T08:13:23,Lancia,Ypsilon,1,0,0.0
2026-07-13T08:13:23,Lexus,UX,2,0,0.0
2026-07-13T08:13:23,Lynk&Co,01,2,0,0.0
2026-07-13T08:13:23,MG,EHS,17,0,0.0
2026-07-13T08:13:23,MG,MG3,21,0,0.0
2026-07-13T08:13:23,MG,MG4,9,9,1.0
2026-07-13T08:13:23,MG,MG5,2,2,1.0
2026-07-13T08:13:23,MG,MGS5,3,3,1.0
2026-07-13T08:13:23,MG,ZS,22,3,0.1364
2026-07-13T08:13:23,Mazda,CX-30,1,0,0.0
2026-07-13T08:13:23,Mazda,CX-5,2,0,0.0
2026-07-13T08:13:23,Mazda,CX-80,1,0,0.0
2026-07-13T08:13:23,Mazda,MX-30,2,2,1.0
2026-07-13T08:13:23,Mazda,MX-30 2020,1,1,1.0
2026-07-13T08:13:23,Mazda,MX-5,3,0,0.0
2026-07-13T08:13:23,Mazda,Mazda 3,2,0,0.0
2026-07-13T08:13:23,Mercedes,CLA,1,0,0.0
2026-07-13T08:13:23,Mercedes,CLA Shooting Brake,6,0,0.0
2026-07-13T08:13:23,Mercedes,CLASSE C BREAK,3,0,0.0
2026-07-13T08:13:23,Mercedes,CLK Cabriolet,1,0,0.0
2026-07-13T08:13:23,Mercedes,Classe A,12,0,0.0
2026-07-13T08:13:23,Mercedes,Classe B,3,0,0.0
2026-07-13T08:13:23,Mercedes,Classe C,3,0,0.0
2026-07-13T08:13:23,Mercedes,Classe C coupé,1,0,0.0
2026-07-13T08:13:23,Mercedes,Classe E Break,1,0,0.0
2026-07-13T08:13:23,Mercedes,Classe E Coupé,1,0,0.0
2026-07-13T08:13:23,Mercedes,GLA,4,0,0.0
2026-07-13T08:13:23,Mercedes,GLB,1,0,0.0
2026-07-13T08:13:23,Mini,Clubman,5,0,0.0
2026-07-13T08:13:23,Mini,Countryman,17,1,0.0588
2026-07-13T08:13:23,Mini,Mini,7,2,0.2857
2026-07-13T08:13:23,Mitsubishi,Space Star,1,0,0.0
2026-07-13T08:13:23,Nissan,Juke,22,0,0.0
2026-07-13T08:13:23,Nissan,Leaf,1,1,1.0
2026-07-13T08:13:23,Nissan,Micra,1,0,0.0
2026-07-13T08:13:23,Nissan,Qashqai,29,0,0.0
2026-07-13T08:13:23,Nissan,X-Trail,3,0,0.0
2026-07-13T08:13:23,Opel,ASTRA ELECTRIQUE,1,1,1.0
2026-07-13T08:13:23,Opel,Adam,1,0,0.0
2026-07-13T08:13:23,Opel,Astra,8,0,0.0
2026-07-13T08:13:23,Opel,Astra Sports Tourer,3,0,0.0
2026-07-13T08:13:23,Opel,COMBO CARGO,1,0,0.0
2026-07-13T08:13:23,Opel,Combo Fourgon,1,0,0.0
2026-07-13T08:13:23,Opel,Corsa,42,8,0.1905
2026-07-13T08:13:23,Opel,Crossland,8,0,0.0
2026-07-13T08:13:23,Opel,Crossland X,8,0,0.0
2026-07-13T08:13:23,Opel,FRONTERA,5,4,0.8
2026-07-13T08:13:23,Opel,GRANDLAND,3,0,0.0
2026-07-13T08:13:23,Opel,Grandland X,7,0,0.0
2026-07-13T08:13:23,Opel,INSIGNIA GRAND SPORT,1,0,0.0
2026-07-13T08:13:23,Opel,MOKKA ELECTRIQUE,1,1,1.0
2026-07-13T08:13:23,Opel,Mokka,30,13,0.4333
2026-07-13T08:13:23,Opel,Mokka X,1,0,0.0
2026-07-13T08:13:23,Peugeot,107,1,0,0.0
2026-07-13T08:13:23,Peugeot,108,10,0,0.0
2026-07-13T08:13:23,Peugeot,2008,193,37,0.1917
2026-07-13T08:13:23,Peugeot,208,102,26,0.2549
2026-07-13T08:13:23,Peugeot,208 AFFAIRE,4,1,0.25
2026-07-13T08:13:23,Peugeot,3008,144,4,0.0278
2026-07-13T08:13:23,Peugeot,308,79,6,0.0759
2026-07-13T08:13:23,Peugeot,308 AFFAIRE,2,0,0.0
2026-07-13T08:13:23,Peugeot,308 SW,23,1,0.0435
2026-07-13T08:13:23,Peugeot,4008,1,0,0.0
2026-07-13T08:13:23,Peugeot,407 Berline,1,0,0.0
2026-07-13T08:13:23,Peugeot,408,28,3,0.1071
2026-07-13T08:13:23,Peugeot,5008,59,0,0.0
2026-07-13T08:13:23,Peugeot,508,7,0,0.0
2026-07-13T08:13:23,Peugeot,508 SW,7,0,0.0
2026-07-13T08:13:23,Peugeot,Boxer,1,0,0.0
2026-07-13T08:13:23,Peugeot,Boxer Fourgon,2,0,0.0
2026-07-13T08:13:23,Peugeot,Expert Fourgon,3,0,0.0
2026-07-13T08:13:23,Peugeot,RIFTER,0,0,0.0
2026-07-13T08:13:23,Peugeot,Rifter,4,0,0.0
2026-07-13T08:13:23,Renault,Arkana,27,0,0.0
2026-07-13T08:13:23,Renault,Austral,31,0,0.0
2026-07-13T08:13:23,Renault,Captur,74,0,0.0
2026-07-13T08:13:23,Renault,Clio 4,5,0,0.0
2026-07-13T08:13:23,Renault,Clio 4 Estate,1,0,0.0
2026-07-13T08:13:23,Renault,Clio 5,90,0,0.0
2026-07-13T08:13:23,Renault,Clio 6,6,0,0.0
2026-07-13T08:13:23,Renault,Clio Société,1,0,0.0
2026-07-13T08:13:23,Renault,EXPRESS VAN,2,0,0.0
2026-07-13T08:13:23,Renault,Espace 5,1,0,0.0
2026-07-13T08:13:23,Renault,Espace 6,3,0,0.0
2026-07-13T08:13:23,Renault,Grand Scenic 4,0,0,0.0
2026-07-13T08:13:23,Renault,Grand Scénic 4,7,0,0.0
2026-07-13T08:13:23,Renault,KANGOO VAN E-TECH ELECTRIQUE,1,1,1.0
2026-07-13T08:13:23,Renault,Kadjar,12,0,0.0
2026-07-13T08:13:23,Renault,Kangoo,2,0,0.0
2026-07-13T08:13:23,Renault,Koleos,1,0,0.0
2026-07-13T08:13:23,Renault,Master Fourgon,1,0,0.0
2026-07-13T08:13:23,Renault,Mégane,1,0,0.0
2026-07-13T08:13:23,Renault,Mégane 4,20,0,0.0
2026-07-13T08:13:23,Renault,Mégane 4 Estate,7,0,0.0
2026-07-13T08:13:23,Renault,Mégane E-TECH,9,9,1.0
2026-07-13T08:13:23,Renault,R4,12,12,1.0
2026-07-13T08:13:23,Renault,R5,40,40,1.0
2026-07-13T08:13:23,Renault,Rafale,9,0,0.0
2026-07-13T08:13:23,Renault,Scénic 4,15,0,0.0
2026-07-13T08:13:23,Renault,Scénic E-Tech,11,11,1.0
2026-07-13T08:13:23,Renault,Symbioz,31,0,0.0
2026-07-13T08:13:23,Renault,TWINGO,1,1,1.0
2026-07-13T08:13:23,Renault,TWINGO E-TECH ELECTRIQUE,1,1,1.0
2026-07-13T08:13:23,Renault,Talisman,1,0,0.0
2026-07-13T08:13:23,Renault,Talisman Estate,1,0,0.0
2026-07-13T08:13:23,Renault,Trafic,2,0,0.0
2026-07-13T08:13:23,Renault,Twingo 3,10,6,0.6
2026-07-13T08:13:23,Renault,Wind,1,0,0.0
2026-07-13T08:13:23,Renault,Zoé,15,15,1.0
2026-07-13T08:13:23,Seat,Arona,7,0,0.0
2026-07-13T08:13:23,Seat,Ateca,10,0,0.0
2026-07-13T08:13:23,Seat,Ibiza,7,0,0.0
2026-07-13T08:13:23,Seat,Leon,3,0,0.0
2026-07-13T08:13:23,Seat,Leon ST,3,0,0.0
2026-07-13T08:13:23,Skoda,ENYAQ,1,1,1.0
2026-07-13T08:13:23,Skoda,FABIA COMBI,1,0,0.0
2026-07-13T08:13:23,Skoda,Fabia,2,0,0.0
2026-07-13T08:13:23,Skoda,KAMIQ,0,0,0.0
2026-07-13T08:13:23,Skoda,Kamiq,3,0,0.0
2026-07-13T08:13:23,Skoda,Karoq,3,0,0.0
2026-07-13T08:13:23,Skoda,Kodiaq,2,0,0.0
2026-07-13T08:13:23,Skoda,OCTAVIA COMBI,0,0,0.0
2026-07-13T08:13:23,Skoda,Octavia,1,0,0.0
2026-07-13T08:13:23,Skoda,Octavia Combi,9,0,0.0
2026-07-13T08:13:23,Skoda,Scala,2,0,0.0
2026-07-13T08:13:23,Skoda,Superb Combi,1,0,0.0
2026-07-13T08:13:23,Smart,FORFOUR,2,2,1.0
2026-07-13T08:13:23,Smart,Fortwo EQ,2,2,1.0
2026-07-13T08:13:23,Suzuki,BALENO,1,0,0.0
2026-07-13T08:13:23,Suzuki,Ignis,3,0,0.0
2026-07-13T08:13:23,Suzuki,SX4 S-Cross,2,0,0.0
2026-07-13T08:13:23,Suzuki,Swift,2,0,0.0
2026-07-13T08:13:23,Tesla,MODEL 3,10,10,1.0
2026-07-13T08:13:23,Tesla,MODEL X,2,2,1.0
2026-07-13T08:13:23,Tesla,MODEL Y,8,8,1.0
2026-07-13T08:13:23,Toyota,Aygo,1,0,0.0
2026-07-13T08:13:23,Toyota,Aygo X,7,0,0.0
2026-07-13T08:13:23,Toyota,C-HR,22,0,0.0
2026-07-13T08:13:23,Toyota,Corolla,6,0,0.0
2026-07-13T08:13:23,Toyota,Corolla Cross,2,0,0.0
2026-07-13T08:13:23,Toyota,Corolla Sw,1,0,0.0
2026-07-13T08:13:23,Toyota,Corolla Touring Sports,16,0,0.0
2026-07-13T08:13:23,Toyota,Prius,1,0,0.0
2026-07-13T08:13:23,Toyota,RAV 4,5,0,0.0
2026-07-13T08:13:23,Toyota,YARIS CROSS,5,0,0.0
2026-07-13T08:13:23,Toyota,Yaris,6,0,0.0
2026-07-13T08:13:23,Toyota,Yaris 3,2,0,0.0
2026-07-13T08:13:23,Toyota,Yaris 4,12,0,0.0
2026-07-13T08:13:23,Volkswagen,Caddy Fourgon,1,0,0.0
2026-07-13T08:13:23,Volkswagen,Coccinelle,1,0,0.0
2026-07-13T08:13:23,Volkswagen,E-UP,1,1,1.0
2026-07-13T08:13:23,Volkswagen,Golf,3,0,0.0
2026-07-13T08:13:23,Volkswagen,Golf 7,6,1,0.1667
2026-07-13T08:13:23,Volkswagen,Golf 8,26,0,0.0
2026-07-13T08:13:23,Volkswagen,Golf 8 SW,9,0,0.0
2026-07-13T08:13:23,Volkswagen,Golf Sportsvan,2,0,0.0
2026-07-13T08:13:23,Volkswagen,ID.3,1,1,1.0
2026-07-13T08:13:23,Volkswagen,ID.4,1,1,1.0
2026-07-13T08:13:23,Volkswagen,ID.5,1,1,1.0
2026-07-13T08:13:23,Volkswagen,Passat,4,0,0.0
2026-07-13T08:13:23,Volkswagen,Passat SW,2,0,0.0
2026-07-13T08:13:23,Volkswagen,Polo,15,0,0.0
2026-07-13T08:13:23,Volkswagen,T-CROSS,20,0,0.0
2026-07-13T08:13:23,Volkswagen,T-Cross,0,0,0.0
2026-07-13T08:13:23,Volkswagen,T-Roc,35,0,0.0
2026-07-13T08:13:23,Volkswagen,T-Roc Cabriolet,2,0,0.0
2026-07-13T08:13:23,Volkswagen,TAIGO,11,0,0.0
2026-07-13T08:13:23,Volkswagen,TIGUAN,0,0,0.0
2026-07-13T08:13:23,Volkswagen,Taigo,0,0,0.0
2026-07-13T08:13:23,Volkswagen,Tayron,4,0,0.0
2026-07-13T08:13:23,Volkswagen,Tiguan,21,0,0.0
2026-07-13T08:13:23,Volkswagen,Tiguan Allspace,2,0,0.0
2026-07-13T08:13:23,Volkswagen,Touran,2,0,0.0
2026-07-13T08:13:23,Volkswagen,Up,2,1,0.5
2026-07-13T08:13:23,Volvo,EX30,1,1,1.0
2026-07-13T08:13:23,Volvo,S90,1,0,0.0
2026-07-13T08:13:23,Volvo,V40,1,0,0.0
2026-07-13T08:13:23,Volvo,V60,1,0,0.0
2026-07-13T08:13:23,Volvo,V60 Cross Country,1,0,0.0
2026-07-13T08:13:23,Volvo,XC40,10,1,0.1
2026-07-13T08:13:23,Volvo,XC60,6,0,0.0
2026-07-13T08:13:23,Volvo,XC90,1,0,0.0
2026-07-13T08:13:23,XPENG,G6,1,1,1.0
2026-07-13T11:10:03,Alfa Romeo,Giulia,1,0,0.0
2026-07-13T11:10:03,Alfa Romeo,Junior,12,4,0.3333
2026-07-13T11:10:03,Alfa Romeo,Stelvio,2,0,0.0
2026-07-13T11:10:03,Alfa Romeo,Tonale,14,0,0.0
2026-07-13T11:10:03,Alpine,A290,1,1,1.0
2026-07-13T11:10:03,Audi,A1 Allstreet,1,0,0.0
2026-07-13T11:10:03,Audi,A1 Citycarver,1,0,0.0
2026-07-13T11:10:03,Audi,A1 Sportback,8,0,0.0
2026-07-13T11:10:03,Audi,A3 Berline,1,0,0.0
2026-07-13T11:10:03,Audi,A3 Sportback,21,0,0.0
2026-07-13T11:10:03,Audi,A4 Avant,3,0,0.0
2026-07-13T11:10:03,Audi,A5 Sportback,1,0,0.0
2026-07-13T11:10:03,Audi,A6 Avant,2,0,0.0
2026-07-13T11:10:03,Audi,E-TRON,3,3,1.0
2026-07-13T11:10:03,Audi,Q2,17,0,0.0
2026-07-13T11:10:03,Audi,Q3,2,0,0.0
2026-07-13T11:10:03,Audi,Q3 Sportback,1,0,0.0
2026-07-13T11:10:03,Audi,Q4 E-TRON,1,1,1.0
2026-07-13T11:10:03,Audi,Q5,2,0,0.0
2026-07-13T11:10:03,BMW,I3,1,1,1.0
2026-07-13T11:10:03,BMW,Série 1,18,0,0.0
2026-07-13T11:10:03,BMW,Série 2 Active Tourer,4,0,0.0
2026-07-13T11:10:03,BMW,Série 3 Touring,3,0,0.0
2026-07-13T11:10:03,BMW,Série 5 Touring,2,0,0.0
2026-07-13T11:10:03,BMW,X1,17,0,0.0
2026-07-13T11:10:03,BMW,X2,6,0,0.0
2026-07-13T11:10:03,BMW,X3,4,0,0.0
2026-07-13T11:10:03,BMW,i4,2,2,1.0
2026-07-13T11:10:03,BMW,iX1,2,2,1.0
2026-07-13T11:10:03,BYD,Atto 2,2,2,1.0
2026-07-13T11:10:03,BYD,DOLPHIN SURF,1,1,1.0
2026-07-13T11:10:03,BYD,Dolfin Surf,1,1,1.0
2026-07-13T11:10:03,BYD,Dolphin,1,1,1.0
2026-07-13T11:10:03,BYD,SEAL 6 TOURING,4,0,0.0
2026-07-13T11:10:03,BYD,Seal 6,3,0,0.0
2026-07-13T11:10:03,BYD,Seal 6 Touring,0,0,0.0
2026-07-13T11:10:03,BYD,Seal U,2,0,0.0
2026-07-13T11:10:03,Citroën,AMI,3,3,1.0
2026-07-13T11:10:03,Citroën,Berlingo,7,4,0.5714
2026-07-13T11:10:03,Citroën,Berlingo Fourgon,1,0,0.0
2026-07-13T11:10:03,Citroën,C-ZERO,1,1,1.0
2026-07-13T11:10:03,Citroën,C1,1,0,0.0
2026-07-13T11:10:03,Citroën,C3,53,8,0.1509
2026-07-13T11:10:03,Citroën,C3 Aircross,35,6,0.1714
2026-07-13T11:10:03,Citroën,C4,57,8,0.1404
2026-07-13T11:10:03,Citroën,C4 CACTUS BUSINESS,1,0,0.0
2026-07-13T11:10:03,Citroën,C4 Cactus,13,0,0.0
2026-07-13T11:10:03,Citroën,C4 Picasso,4,0,0.0
2026-07-13T11:10:03,Citroën,C4 X,4,1,0.25
2026-07-13T11:10:03,Citroën,C5 Aircross,71,0,0.0
2026-07-13T11:10:03,Citroën,C5 X,9,0,0.0
2026-07-13T11:10:03,Citroën,E-C4,1,1,1.0
2026-07-13T11:10:03,Citroën,GRAND C4 SPACETOURER,3,0,0.0
2026-07-13T11:10:03,Citroën,Grand C4 Picasso,3,0,0.0
2026-07-13T11:10:03,Citroën,Grand C4 Spacetourer,0,0,0.0
2026-07-13T11:10:03,Citroën,JUMPY CABINE APPROFONDIE,1,0,0.0
2026-07-13T11:10:03,Citroën,Jumper Fourgon,1,0,0.0
2026-07-13T11:10:03,Cupra,Ateca,1,0,0.0
2026-07-13T11:10:03,Cupra,Born,1,0,0.0
2026-07-13T11:10:03,Cupra,FORMENTOR,18,0,0.0
2026-07-13T11:10:03,Cupra,Leon,1,0,0.0
2026-07-13T11:10:03,Cupra,Leon Sportstourer,2,0,0.0
2026-07-13T11:10:03,Cupra,Terramar,2,0,0.0
2026-07-13T11:10:03,DS,DS3,5,0,0.0
2026-07-13T11:10:03,DS,DS3 CROSSBACK,11,1,0.0909
2026-07-13T11:10:03,DS,DS4,18,0,0.0
2026-07-13T11:10:03,DS,DS7,25,0,0.0
2026-07-13T11:10:03,DS,DS7 CROSSBACK,13,0,0.0
2026-07-13T11:10:03,DS,DS7 Crossback,0,0,0.0
2026-07-13T11:10:03,DS,N 4,6,0,0.0
2026-07-13T11:10:03,Dacia,Bigster,27,0,0.0
2026-07-13T11:10:03,Dacia,Duster,80,0,0.0
2026-07-13T11:10:03,Dacia,JOGGER,7,0,0.0
2026-07-13T11:10:03,Dacia,Jogger,0,0,0.0
2026-07-13T11:10:03,Dacia,Lodgy,1,0,0.0
2026-07-13T11:10:03,Dacia,SPRING,16,16,1.0
2026-07-13T11:10:03,Dacia,Sandero,31,0,0.0
2026-07-13T11:10:03,Fiat,500,38,24,0.6316
2026-07-13T11:10:03,Fiat,500C,6,5,0.8333
2026-07-13T11:10:03,Fiat,500X,8,0,0.0
2026-07-13T11:10:03,Fiat,600,14,1,0.0714
2026-07-13T11:10:03,Fiat,DUCATO FOURGON,1,0,0.0
2026-07-13T11:10:03,Fiat,Panda,5,0,0.0
2026-07-13T11:10:03,Fiat,TIPO Station Wagon,1,0,0.0
2026-07-13T11:10:03,Fiat,Tipo,1,0,0.0
2026-07-13T11:10:03,Fiat,Tipo Cross,1,0,0.0
2026-07-13T11:10:03,Fiat,Tipo SW,1,0,0.0
2026-07-13T11:10:03,Ford,Ecosport,2,0,0.0
2026-07-13T11:10:03,Ford,Fiesta,12,0,0.0
2026-07-13T11:10:03,Ford,Focus,13,0,0.0
2026-07-13T11:10:03,Ford,Focus SW,6,0,0.0
2026-07-13T11:10:03,Ford,Fusion,1,0,0.0
2026-07-13T11:10:03,Ford,Kuga,9,0,0.0
2026-07-13T11:10:03,Ford,Mustang MACH-E,1,1,1.0
2026-07-13T11:10:03,Ford,PUMA,37,0,0.0
2026-07-13T11:10:03,Ford,Puma,0,0,0.0
2026-07-13T11:10:03,Ford,TOURNEO COURIER,1,0,0.0
2026-07-13T11:10:03,Ford,TRANSIT CONNECT FGN,2,0,0.0
2026-07-13T11:10:03,Honda,CR-V,2,0,0.0
2026-07-13T11:10:03,Honda,Civic,2,0,0.0
2026-07-13T11:10:03,Honda,HR-V,1,0,0.0
2026-07-13T11:10:03,Honda,Jazz,1,0,0.0
2026-07-13T11:10:03,Hyundai,BAYON,1,0,0.0
2026-07-13T11:10:03,Hyundai,Ioniq,1,0,0.0
2026-07-13T11:10:03,Hyundai,Kona,19,2,0.1053
2026-07-13T11:10:03,Hyundai,Tucson,34,0,0.0
2026-07-13T11:10:03,Hyundai,i10,5,0,0.0
2026-07-13T11:10:03,Hyundai,i20,2,0,0.0
2026-07-13T11:10:03,Infiniti,Q30,1,0,0.0
2026-07-13T11:10:03,Jaecoo,Jaecoo 7,4,0,0.0
2026-07-13T11:10:03,Jaguar,I-Pace,1,1,1.0
2026-07-13T11:10:03,Jeep,Avenger,22,11,0.5
2026-07-13T11:10:03,Jeep,Compass,12,0,0.0
2026-07-13T11:10:03,Jeep,Renegade,14,0,0.0
2026-07-13T11:10:03,Kia,Ceed,5,0,0.0
2026-07-13T11:10:03,Kia,Ceed SW,2,0,0.0
2026-07-13T11:10:03,Kia,EV3,1,1,1.0
2026-07-13T11:10:03,Kia,Niro,4,2,0.5
2026-07-13T11:10:03,Kia,ProCeed,5,0,0.0
2026-07-13T11:10:03,Kia,Rio,2,0,0.0
2026-07-13T11:10:03,Kia,Soul,1,1,1.0
2026-07-13T11:10:03,Kia,Sportage,14,0,0.0
2026-07-13T11:10:03,Kia,Stonic,7,0,0.0
2026-07-13T11:10:03,Kia,Venga,1,0,0.0
2026-07-13T11:10:03,Kia,XCEED,5,0,0.0
2026-07-13T11:10:03,Kia,Xceed,0,0,0.0
2026-07-13T11:10:03,Lancia,Ypsilon,1,0,0.0
2026-07-13T11:10:03,Lexus,UX,2,0,0.0
2026-07-13T11:10:03,Lynk&Co,01,2,0,0.0
2026-07-13T11:10:03,MG,EHS,18,0,0.0
2026-07-13T11:10:03,MG,MG3,19,0,0.0
2026-07-13T11:10:03,MG,MG4,9,9,1.0
2026-07-13T11:10:03,MG,MG5,2,2,1.0
2026-07-13T11:10:03,MG,MGS5,3,3,1.0
2026-07-13T11:10:03,MG,MGS6,1,1,1.0
2026-07-13T11:10:03,MG,ZS,21,3,0.1429
2026-07-13T11:10:03,Mazda,CX-30,1,0,0.0
2026-07-13T11:10:03,Mazda,CX-5,2,0,0.0
2026-07-13T11:10:03,Mazda,CX-80,1,0,0.0
2026-07-13T11:10:03,Mazda,MX-30,2,2,1.0
2026-07-13T11:10:03,Mazda,MX-30 2020,1,1,1.0
2026-07-13T11:10:03,Mazda,MX-5,3,0,0.0
2026-07-13T11:10:03,Mazda,Mazda 3,2,0,0.0
2026-07-13T11:10:03,Mercedes,CLA,1,0,0.0
2026-07-13T11:10:03,Mercedes,CLA Shooting Brake,6,0,0.0
2026-07-13T11:10:03,Mercedes,CLASSE C BREAK,3,0,0.0
2026-07-13T11:10:03,Mercedes,CLK Cabriolet,1,0,0.0
2026-07-13T11:10:03,Mercedes,Classe A,12,0,0.0
2026-07-13T11:10:03,Mercedes,Classe B,3,0,0.0
2026-07-13T11:10:03,Mercedes,Classe C,3,0,0.0
2026-07-13T11:10:03,Mercedes,Classe C coupé,1,0,0.0
2026-07-13T11:10:03,Mercedes,Classe E Break,1,0,0.0
2026-07-13T11:10:03,Mercedes,Classe E Coupé,1,0,0.0
2026-07-13T11:10:03,Mercedes,GLA,4,0,0.0
2026-07-13T11:10:03,Mercedes,GLB,2,0,0.0
2026-07-13T11:10:03,Mini,Clubman,5,0,0.0
2026-07-13T11:10:03,Mini,Countryman,17,1,0.0588
2026-07-13T11:10:03,Mini,Mini,7,2,0.2857
2026-07-13T11:10:03,Mitsubishi,Space Star,1,0,0.0
2026-07-13T11:10:03,Nissan,Juke,23,0,0.0
2026-07-13T11:10:03,Nissan,Leaf,1,1,1.0
2026-07-13T11:10:03,Nissan,Micra,1,0,0.0
2026-07-13T11:10:03,Nissan,Qashqai,29,0,0.0
2026-07-13T11:10:03,Nissan,X-Trail,3,0,0.0
2026-07-13T11:10:03,Opel,ASTRA ELECTRIQUE,1,1,1.0
2026-07-13T11:10:03,Opel,Adam,1,0,0.0
2026-07-13T11:10:03,Opel,Astra,9,0,0.0
2026-07-13T11:10:03,Opel,Astra Sports Tourer,3,0,0.0
2026-07-13T11:10:03,Opel,COMBO CARGO,1,0,0.0
2026-07-13T11:10:03,Opel,Combo Fourgon,1,0,0.0
2026-07-13T11:10:03,Opel,Corsa,41,8,0.1951
2026-07-13T11:10:03,Opel,Crossland,8,0,0.0
2026-07-13T11:10:03,Opel,Crossland X,7,0,0.0
2026-07-13T11:10:03,Opel,FRONTERA,5,4,0.8
2026-07-13T11:10:03,Opel,GRANDLAND,4,0,0.0
2026-07-13T11:10:03,Opel,Grandland,0,0,0.0
2026-07-13T11:10:03,Opel,Grandland X,7,0,0.0
2026-07-13T11:10:03,Opel,INSIGNIA GRAND SPORT,1,0,0.0
2026-07-13T11:10:03,Opel,MOKKA ELECTRIQUE,1,1,1.0
2026-07-13T11:10:03,Opel,Mokka,30,13,0.4333
2026-07-13T11:10:03,Opel,Mokka X,1,0,0.0
2026-07-13T11:10:03,Peugeot,107,1,0,0.0
2026-07-13T11:10:03,Peugeot,108,10,0,0.0
2026-07-13T11:10:03,Peugeot,2008,196,38,0.1939
2026-07-13T11:10:03,Peugeot,208,99,25,0.2525
2026-07-13T11:10:03,Peugeot,208 AFFAIRE,4,1,0.25
2026-07-13T11:10:03,Peugeot,3008,148,4,0.027
2026-07-13T11:10:03,Peugeot,308,80,6,0.075
2026-07-13T11:10:03,Peugeot,308 AFFAIRE,2,0,0.0
2026-07-13T11:10:03,Peugeot,308 SW,21,1,0.0476
2026-07-13T11:10:03,Peugeot,4008,1,0,0.0
2026-07-13T11:10:03,Peugeot,407 Berline,1,0,0.0
2026-07-13T11:10:03,Peugeot,408,27,2,0.0741
2026-07-13T11:10:03,Peugeot,5008,60,0,0.0
2026-07-13T11:10:03,Peugeot,508,7,0,0.0
2026-07-13T11:10:03,Peugeot,508 SW,7,0,0.0
2026-07-13T11:10:03,Peugeot,Boxer,1,0,0.0
2026-07-13T11:10:03,Peugeot,Boxer Fourgon,2,0,0.0
2026-07-13T11:10:03,Peugeot,Expert Fourgon,3,0,0.0
2026-07-13T11:10:03,Peugeot,RIFTER,0,0,0.0
2026-07-13T11:10:03,Peugeot,Rifter,4,0,0.0
2026-07-13T11:10:03,Renault,Arkana,26,0,0.0
2026-07-13T11:10:03,Renault,Austral,31,0,0.0
2026-07-13T11:10:03,Renault,Captur,74,0,0.0
2026-07-13T11:10:03,Renault,Clio 4,6,0,0.0
2026-07-13T11:10:03,Renault,Clio 4 Estate,1,0,0.0
2026-07-13T11:10:03,Renault,Clio 5,85,0,0.0
2026-07-13T11:10:03,Renault,Clio 6,7,0,0.0
2026-07-13T11:10:03,Renault,Clio Société,1,0,0.0
2026-07-13T11:10:03,Renault,EXPRESS VAN,2,0,0.0
2026-07-13T11:10:03,Renault,Espace 5,1,0,0.0
2026-07-13T11:10:03,Renault,Espace 6,3,0,0.0
2026-07-13T11:10:03,Renault,Grand Scénic 4,6,0,0.0
2026-07-13T11:10:03,Renault,KANGOO VAN E-TECH ELECTRIQUE,1,1,1.0
2026-07-13T11:10:03,Renault,Kadjar,12,0,0.0
2026-07-13T11:10:03,Renault,Kangoo,2,0,0.0
2026-07-13T11:10:03,Renault,Koleos,1,0,0.0
2026-07-13T11:10:03,Renault,Master Fourgon,1,0,0.0
2026-07-13T11:10:03,Renault,Mégane,1,0,0.0
2026-07-13T11:10:03,Renault,Mégane 4,19,0,0.0
2026-07-13T11:10:03,Renault,Mégane 4 Estate,7,0,0.0
2026-07-13T11:10:03,Renault,Mégane E-TECH,9,9,1.0
2026-07-13T11:10:03,Renault,R4,11,11,1.0
2026-07-13T11:10:03,Renault,R5,40,40,1.0
2026-07-13T11:10:03,Renault,Rafale,9,0,0.0
2026-07-13T11:10:03,Renault,Scénic 4,15,0,0.0
2026-07-13T11:10:03,Renault,Scénic E-Tech,11,11,1.0
2026-07-13T11:10:03,Renault,Symbioz,32,0,0.0
2026-07-13T11:10:03,Renault,TWINGO,1,1,1.0
2026-07-13T11:10:03,Renault,TWINGO E-TECH ELECTRIQUE,2,2,1.0
2026-07-13T11:10:03,Renault,Talisman,1,0,0.0
2026-07-13T11:10:03,Renault,Talisman Estate,1,0,0.0
2026-07-13T11:10:03,Renault,Trafic,2,0,0.0
2026-07-13T11:10:03,Renault,Twingo 3,10,6,0.6
2026-07-13T11:10:03,Renault,Wind,1,0,0.0
2026-07-13T11:10:03,Renault,Zoé,15,15,1.0
2026-07-13T11:10:03,Seat,Arona,7,0,0.0
2026-07-13T11:10:03,Seat,Ateca,10,0,0.0
2026-07-13T11:10:03,Seat,Ibiza,6,0,0.0
2026-07-13T11:10:03,Seat,Leon,3,0,0.0
2026-07-13T11:10:03,Seat,Leon ST,2,0,0.0
2026-07-13T11:10:03,Skoda,ENYAQ,1,1,1.0
2026-07-13T11:10:03,Skoda,FABIA COMBI,1,0,0.0
2026-07-13T11:10:03,Skoda,Fabia,2,0,0.0
2026-07-13T11:10:03,Skoda,KAMIQ,0,0,0.0
2026-07-13T11:10:03,Skoda,Kamiq,3,0,0.0
2026-07-13T11:10:03,Skoda,Karoq,3,0,0.0
2026-07-13T11:10:03,Skoda,Kodiaq,2,0,0.0
2026-07-13T11:10:03,Skoda,OCTAVIA COMBI,0,0,0.0
2026-07-13T11:10:03,Skoda,Octavia,1,0,0.0
2026-07-13T11:10:03,Skoda,Octavia Combi,9,0,0.0
2026-07-13T11:10:03,Skoda,Scala,1,0,0.0
2026-07-13T11:10:03,Skoda,Superb Combi,1,0,0.0
2026-07-13T11:10:03,Smart,FORFOUR,2,2,1.0
2026-07-13T11:10:03,Smart,Fortwo EQ,2,2,1.0
2026-07-13T11:10:03,Suzuki,BALENO,1,0,0.0
2026-07-13T11:10:03,Suzuki,Ignis,3,0,0.0
2026-07-13T11:10:03,Suzuki,SX4 S-Cross,2,0,0.0
2026-07-13T11:10:03,Suzuki,Swift,2,0,0.0
2026-07-13T11:10:03,Tesla,MODEL 3,9,9,1.0
2026-07-13T11:10:03,Tesla,MODEL X,2,2,1.0
2026-07-13T11:10:03,Tesla,MODEL Y,8,8,1.0
2026-07-13T11:10:03,Toyota,Aygo,1,0,0.0
2026-07-13T11:10:03,Toyota,Aygo X,7,0,0.0
2026-07-13T11:10:03,Toyota,C-HR,24,0,0.0
2026-07-13T11:10:03,Toyota,Corolla,6,0,0.0
2026-07-13T11:10:03,Toyota,Corolla Cross,2,0,0.0
2026-07-13T11:10:03,Toyota,Corolla Sw,1,0,0.0
2026-07-13T11:10:03,Toyota,Corolla Touring Sports,16,0,0.0
2026-07-13T11:10:03,Toyota,Prius,1,0,0.0
2026-07-13T11:10:03,Toyota,RAV 4,5,0,0.0
2026-07-13T11:10:03,Toyota,YARIS CROSS,5,0,0.0
2026-07-13T11:10:03,Toyota,YARIS HYBRIDE,1,0,0.0
2026-07-13T11:10:03,Toyota,Yaris,6,0,0.0
2026-07-13T11:10:03,Toyota,Yaris 3,2,0,0.0
2026-07-13T11:10:03,Toyota,Yaris 4,12,0,0.0
2026-07-13T11:10:03,Volkswagen,Arteon Shooting Brake,1,0,0.0
2026-07-13T11:10:03,Volkswagen,Caddy Fourgon,1,0,0.0
2026-07-13T11:10:03,Volkswagen,Coccinelle,1,0,0.0
2026-07-13T11:10:03,Volkswagen,E-UP,1,1,1.0
2026-07-13T11:10:03,Volkswagen,Golf,3,0,0.0
2026-07-13T11:10:03,Volkswagen,Golf 7,6,1,0.1667
2026-07-13T11:10:03,Volkswagen,Golf 8,26,0,0.0
2026-07-13T11:10:03,Volkswagen,Golf 8 SW,9,0,0.0
2026-07-13T11:10:03,Volkswagen,Golf Sportsvan,2,0,0.0
2026-07-13T11:10:03,Volkswagen,ID.3,1,1,1.0
2026-07-13T11:10:03,Volkswagen,ID.4,1,1,1.0
2026-07-13T11:10:03,Volkswagen,ID.5,1,1,1.0
2026-07-13T11:10:03,Volkswagen,Passat,4,0,0.0
2026-07-13T11:10:03,Volkswagen,Passat SW,2,0,0.0
2026-07-13T11:10:03,Volkswagen,Polo,16,0,0.0
2026-07-13T11:10:03,Volkswagen,T-CROSS,21,0,0.0
2026-07-13T11:10:03,Volkswagen,T-Cross,0,0,0.0
2026-07-13T11:10:03,Volkswagen,T-Roc,35,0,0.0
2026-07-13T11:10:03,Volkswagen,T-Roc Cabriolet,3,0,0.0
2026-07-13T11:10:03,Volkswagen,TAIGO,11,0,0.0
2026-07-13T11:10:03,Volkswagen,TIGUAN,0,0,0.0
2026-07-13T11:10:03,Volkswagen,Taigo,0,0,0.0
2026-07-13T11:10:03,Volkswagen,Tayron,4,0,0.0
2026-07-13T11:10:03,Volkswagen,Tiguan,23,0,0.0
2026-07-13T11:10:03,Volkswagen,Tiguan Allspace,1,0,0.0
2026-07-13T11:10:03,Volkswagen,Touran,2,0,0.0
2026-07-13T11:10:03,Volkswagen,Up,2,1,0.5
2026-07-13T11:10:03,Volvo,EX30,1,1,1.0
2026-07-13T11:10:03,Volvo,S90,1,0,0.0
2026-07-13T11:10:03,Volvo,V40,2,0,0.0
2026-07-13T11:10:03,Volvo,V60,1,0,0.0
2026-07-13T11:10:03,Volvo,V60 Cross Country,1,0,0.0
2026-07-13T11:10:03,Volvo,XC40,10,1,0.1
2026-07-13T11:10:03,Volvo,XC60,6,0,0.0
2026-07-13T11:10:03,Volvo,XC90,1,0,0.0
2026-07-13T11:10:03,XPENG,G6,1,1,1.0
2026-07-14T09:57:41,Alfa Romeo,Giulia,1,0,0.0
2026-07-14T09:57:41,Alfa Romeo,Junior,12,4,0.3333
2026-07-14T09:57:41,Alfa Romeo,Stelvio,1,0,0.0
2026-07-14T09:57:41,Alfa Romeo,Tonale,11,0,0.0
2026-07-14T09:57:41,Alpine,A290,1,1,1.0
2026-07-14T09:57:41,Audi,A1 Allstreet,1,0,0.0
2026-07-14T09:57:41,Audi,A1 Sportback,7,0,0.0
2026-07-14T09:57:41,Audi,A3 Berline,1,0,0.0
2026-07-14T09:57:41,Audi,A3 Sportback,21,0,0.0
2026-07-14T09:57:41,Audi,A4 Avant,3,0,0.0
2026-07-14T09:57:41,Audi,A5 Sportback,1,0,0.0
2026-07-14T09:57:41,Audi,A6 Avant,2,0,0.0
2026-07-14T09:57:41,Audi,E-TRON,3,3,1.0
2026-07-14T09:57:41,Audi,Q2,16,0,0.0
2026-07-14T09:57:41,Audi,Q3,2,0,0.0
2026-07-14T09:57:41,Audi,Q3 Sportback,1,0,0.0
2026-07-14T09:57:41,Audi,Q4 E-TRON,1,1,1.0
2026-07-14T09:57:41,Audi,Q5,2,0,0.0
2026-07-14T09:57:41,BMW,I3,1,1,1.0
2026-07-14T09:57:41,BMW,Série 1,16,0,0.0
2026-07-14T09:57:41,BMW,Série 2 Active Tourer,4,0,0.0
2026-07-14T09:57:41,BMW,Série 2 Gran Coupé,1,0,0.0
2026-07-14T09:57:41,BMW,Série 3 Touring,2,0,0.0
2026-07-14T09:57:41,BMW,Série 5 Touring,2,0,0.0
2026-07-14T09:57:41,BMW,X1,17,0,0.0
2026-07-14T09:57:41,BMW,X2,7,0,0.0
2026-07-14T09:57:41,BMW,X3,4,0,0.0
2026-07-14T09:57:41,BMW,i4,2,2,1.0
2026-07-14T09:57:41,BMW,iX1,2,2,1.0
2026-07-14T09:57:41,BYD,Atto 2,2,2,1.0
2026-07-14T09:57:41,BYD,DOLPHIN SURF,1,1,1.0
2026-07-14T09:57:41,BYD,Dolfin Surf,1,1,1.0
2026-07-14T09:57:41,BYD,Dolphin,1,1,1.0
2026-07-14T09:57:41,BYD,SEAL 6 TOURING,5,0,0.0
2026-07-14T09:57:41,BYD,Seal 6,3,0,0.0
2026-07-14T09:57:41,BYD,Seal 6 Touring,0,0,0.0
2026-07-14T09:57:41,BYD,Seal U,4,0,0.0
2026-07-14T09:57:41,Citroën,AMI,4,4,1.0
2026-07-14T09:57:41,Citroën,Berlingo,5,4,0.8
2026-07-14T09:57:41,Citroën,Berlingo Fourgon,1,0,0.0
2026-07-14T09:57:41,Citroën,C1,1,0,0.0
2026-07-14T09:57:41,Citroën,C3,49,8,0.1633
2026-07-14T09:57:41,Citroën,C3 Aircross,35,6,0.1714
2026-07-14T09:57:41,Citroën,C4,58,8,0.1379
2026-07-14T09:57:41,Citroën,C4 CACTUS BUSINESS,1,0,0.0
2026-07-14T09:57:41,Citroën,C4 Cactus,14,0,0.0
2026-07-14T09:57:41,Citroën,C4 Picasso,4,0,0.0
2026-07-14T09:57:41,Citroën,C4 X,4,1,0.25
2026-07-14T09:57:41,Citroën,C5 Aircross,70,0,0.0
2026-07-14T09:57:41,Citroën,C5 X,9,0,0.0
2026-07-14T09:57:41,Citroën,GRAND C4 SPACETOURER,3,0,0.0
2026-07-14T09:57:41,Citroën,Grand C4 Picasso,3,0,0.0
2026-07-14T09:57:41,Citroën,Grand C4 Spacetourer,0,0,0.0
2026-07-14T09:57:41,Citroën,JUMPY CABINE APPROFONDIE,1,0,0.0
2026-07-14T09:57:41,Citroën,Jumper Fourgon,1,0,0.0
2026-07-14T09:57:41,Cupra,Ateca,1,0,0.0
2026-07-14T09:57:41,Cupra,Born,1,1,1.0
2026-07-14T09:57:41,Cupra,FORMENTOR,18,0,0.0
2026-07-14T09:57:41,Cupra,Formentor,0,0,0.0
2026-07-14T09:57:41,Cupra,LEON SPORTSTOURER,0,0,0.0
2026-07-14T09:57:41,Cupra,Leon,1,0,0.0
2026-07-14T09:57:41,Cupra,Leon Sportstourer,3,0,0.0
2026-07-14T09:57:41,Cupra,Terramar,2,0,0.0
2026-07-14T09:57:41,DS,DS3,5,0,0.0
2026-07-14T09:57:41,DS,DS3 CROSSBACK,10,1,0.1
2026-07-14T09:57:41,DS,DS4,18,0,0.0
2026-07-14T09:57:41,DS,DS7,24,0,0.0
2026-07-14T09:57:41,DS,DS7 CROSSBACK,12,0,0.0
2026-07-14T09:57:41,DS,DS7 Crossback,0,0,0.0
2026-07-14T09:57:41,DS,N 4,6,0,0.0
2026-07-14T09:57:41,Dacia,Bigster,28,0,0.0
2026-07-14T09:57:41,Dacia,Duster,65,0,0.0
2026-07-14T09:57:41,Dacia,JOGGER,8,0,0.0
2026-07-14T09:57:41,Dacia,Jogger,0,0,0.0
2026-07-14T09:57:41,Dacia,Lodgy,1,0,0.0
2026-07-14T09:57:41,Dacia,SPRING,18,18,1.0
2026-07-14T09:57:41,Dacia,Sandero,29,0,0.0
2026-07-14T09:57:41,Fiat,500,33,22,0.6667
2026-07-14T09:57:41,Fiat,500C,6,5,0.8333
2026-07-14T09:57:41,Fiat,500X,7,0,0.0
2026-07-14T09:57:41,Fiat,600,14,1,0.0714
2026-07-14T09:57:41,Fiat,DUCATO FOURGON,1,0,0.0
2026-07-14T09:57:41,Fiat,Panda,5,0,0.0
2026-07-14T09:57:41,Fiat,TIPO Station Wagon,1,0,0.0
2026-07-14T09:57:41,Fiat,Tipo,1,0,0.0
2026-07-14T09:57:41,Fiat,Tipo Cross,1,0,0.0
2026-07-14T09:57:41,Fiat,Tipo SW,1,0,0.0
2026-07-14T09:57:41,Ford,Ecosport,2,0,0.0
2026-07-14T09:57:41,Ford,Fiesta,11,0,0.0
2026-07-14T09:57:41,Ford,Focus,12,0,0.0
2026-07-14T09:57:41,Ford,Focus SW,6,0,0.0
2026-07-14T09:57:41,Ford,Kuga,9,0,0.0
2026-07-14T09:57:41,Ford,Mustang MACH-E,1,1,1.0
2026-07-14T09:57:41,Ford,PUMA,36,0,0.0
2026-07-14T09:57:41,Ford,Puma,0,0,0.0
2026-07-14T09:57:41,Ford,TOURNEO COURIER,1,0,0.0
2026-07-14T09:57:41,Ford,TRANSIT CONNECT FGN,2,0,0.0
2026-07-14T09:57:41,Honda,CR-V,2,0,0.0
2026-07-14T09:57:41,Honda,Civic,2,0,0.0
2026-07-14T09:57:41,Honda,HR-V,2,0,0.0
2026-07-14T09:57:41,Honda,Jazz,1,0,0.0
2026-07-14T09:57:41,Hyundai,BAYON,1,0,0.0
2026-07-14T09:57:41,Hyundai,Ioniq,1,0,0.0
2026-07-14T09:57:41,Hyundai,Kona,19,2,0.1053
2026-07-14T09:57:41,Hyundai,Tucson,37,0,0.0
2026-07-14T09:57:41,Hyundai,i10,5,0,0.0
2026-07-14T09:57:41,Hyundai,i20,2,0,0.0
2026-07-14T09:57:41,Jaecoo,Jaecoo 7,4,0,0.0
2026-07-14T09:57:41,Jaguar,I-Pace,1,1,1.0
2026-07-14T09:57:41,Jeep,Avenger,22,11,0.5
2026-07-14T09:57:41,Jeep,Compass,12,0,0.0
2026-07-14T09:57:41,Jeep,Renegade,14,0,0.0
2026-07-14T09:57:41,Kia,Ceed,5,0,0.0
2026-07-14T09:57:41,Kia,Ceed SW,2,0,0.0
2026-07-14T09:57:41,Kia,EV3,1,1,1.0
2026-07-14T09:57:41,Kia,Niro,4,1,0.25
2026-07-14T09:57:41,Kia,ProCeed,5,0,0.0
2026-07-14T09:57:41,Kia,Rio,2,0,0.0
2026-07-14T09:57:41,Kia,Soul,1,1,1.0
2026-07-14T09:57:41,Kia,Sportage,16,0,0.0
2026-07-14T09:57:41,Kia,Stonic,7,0,0.0
2026-07-14T09:57:41,Kia,Venga,1,0,0.0
2026-07-14T09:57:41,Kia,XCEED,5,0,0.0
2026-07-14T09:57:41,Kia,Xceed,0,0,0.0
2026-07-14T09:57:41,Lancia,Ypsilon,1,0,0.0
2026-07-14T09:57:41,Lexus,UX,2,0,0.0
2026-07-14T09:57:41,Lynk&Co,01,2,0,0.0
2026-07-14T09:57:41,MG,EHS,19,0,0.0
2026-07-14T09:57:41,MG,MG3,16,0,0.0
2026-07-14T09:57:41,MG,MG4,8,8,1.0
2026-07-14T09:57:41,MG,MG5,1,1,1.0
2026-07-14T09:57:41,MG,MGS5,3,3,1.0
2026-07-14T09:57:41,MG,MGS6,1,1,1.0
2026-07-14T09:57:41,MG,ZS,21,3,0.1429
2026-07-14T09:57:41,Mazda,CX-30,1,0,0.0
2026-07-14T09:57:41,Mazda,CX-5,2,0,0.0
2026-07-14T09:57:41,Mazda,CX-80,1,0,0.0
2026-07-14T09:57:41,Mazda,MX-30,2,2,1.0
2026-07-14T09:57:41,Mazda,MX-30 2020,1,1,1.0
2026-07-14T09:57:41,Mazda,MX-5,3,0,0.0
2026-07-14T09:57:41,Mazda,Mazda 3,1,0,0.0
2026-07-14T09:57:41,Mercedes,CLA,1,0,0.0
2026-07-14T09:57:41,Mercedes,CLA Shooting Brake,5,0,0.0
2026-07-14T09:57:41,Mercedes,CLASSE C BREAK,3,0,0.0
2026-07-14T09:57:41,Mercedes,CLK Cabriolet,1,0,0.0
2026-07-14T09:57:41,Mercedes,Classe A,11,0,0.0
2026-07-14T09:57:41,Mercedes,Classe B,3,0,0.0
2026-07-14T09:57:41,Mercedes,Classe C,2,0,0.0
2026-07-14T09:57:41,Mercedes,Classe C coupé,1,0,0.0
2026-07-14T09:57:41,Mercedes,Classe E Break,1,0,0.0
2026-07-14T09:57:41,Mercedes,Classe E Coupé,1,0,0.0
2026-07-14T09:57:41,Mercedes,GLA,5,0,0.0
2026-07-14T09:57:41,Mercedes,GLB,2,0,0.0
2026-07-14T09:57:41,Mini,Clubman,5,0,0.0
2026-07-14T09:57:41,Mini,Countryman,16,1,0.0625
2026-07-14T09:57:41,Mini,Mini,8,2,0.25
2026-07-14T09:57:41,Mitsubishi,Space Star,1,0,0.0
2026-07-14T09:57:41,Nissan,Juke,22,0,0.0
2026-07-14T09:57:41,Nissan,Leaf,2,2,1.0
2026-07-14T09:57:41,Nissan,Micra,1,0,0.0
2026-07-14T09:57:41,Nissan,Qashqai,27,0,0.0
2026-07-14T09:57:41,Nissan,X-Trail,3,0,0.0
2026-07-14T09:57:41,Opel,ASTRA ELECTRIQUE,1,1,1.0
2026-07-14T09:57:41,Opel,Adam,1,0,0.0
2026-07-14T09:57:41,Opel,Astra,8,0,0.0
2026-07-14T09:57:41,Opel,Astra Sports Tourer,3,0,0.0
2026-07-14T09:57:41,Opel,COMBO CARGO,1,0,0.0
2026-07-14T09:57:41,Opel,Combo Fourgon,1,0,0.0
2026-07-14T09:57:41,Opel,Corsa,37,7,0.1892
2026-07-14T09:57:41,Opel,Crossland,8,0,0.0
2026-07-14T09:57:41,Opel,Crossland X,6,0,0.0
2026-07-14T09:57:41,Opel,FRONTERA,5,4,0.8
2026-07-14T09:57:41,Opel,GRANDLAND,4,0,0.0
2026-07-14T09:57:41,Opel,Grandland,0,0,0.0
2026-07-14T09:57:41,Opel,Grandland X,7,0,0.0
2026-07-14T09:57:41,Opel,INSIGNIA GRAND SPORT,1,0,0.0
2026-07-14T09:57:41,Opel,MOKKA ELECTRIQUE,1,1,1.0
2026-07-14T09:57:41,Opel,Mokka,30,13,0.4333
2026-07-14T09:57:41,Opel,Mokka X,1,0,0.0
2026-07-14T09:57:41,Opel,VIVARO FOURGON,1,0,0.0
2026-07-14T09:57:41,Peugeot,107,1,0,0.0
2026-07-14T09:57:41,Peugeot,108,10,0,0.0
2026-07-14T09:57:41,Peugeot,2008,191,36,0.1885
2026-07-14T09:57:41,Peugeot,208,100,24,0.24
2026-07-14T09:57:41,Peugeot,208 AFFAIRE,4,1,0.25
2026-07-14T09:57:41,Peugeot,3008,146,4,0.0274
2026-07-14T09:57:41,Peugeot,308,75,6,0.08
2026-07-14T09:57:41,Peugeot,308 AFFAIRE,2,0,0.0
2026-07-14T09:57:41,Peugeot,308 SW,22,1,0.0455
2026-07-14T09:57:41,Peugeot,4008,1,0,0.0
2026-07-14T09:57:41,Peugeot,407 Berline,1,0,0.0
2026-07-14T09:57:41,Peugeot,408,25,1,0.04
2026-07-14T09:57:41,Peugeot,5008,56,0,0.0
2026-07-14T09:57:41,Peugeot,508,7,0,0.0
2026-07-14T09:57:41,Peugeot,508 SW,8,0,0.0
2026-07-14T09:57:41,Peugeot,Boxer,1,0,0.0
2026-07-14T09:57:41,Peugeot,Boxer Fourgon,2,0,0.0
2026-07-14T09:57:41,Peugeot,Expert Fourgon,2,0,0.0
2026-07-14T09:57:41,Peugeot,RIFTER,0,0,0.0
2026-07-14T09:57:41,Peugeot,Rifter,5,0,0.0
2026-07-14T09:57:41,Renault,Arkana,23,0,0.0
2026-07-14T09:57:41,Renault,Austral,30,0,0.0
2026-07-14T09:57:41,Renault,Captur,73,0,0.0
2026-07-14T09:57:41,Renault,Clio 4,6,0,0.0
2026-07-14T09:57:41,Renault,Clio 4 Estate,1,0,0.0
2026-07-14T09:57:41,Renault,Clio 5,79,0,0.0
2026-07-14T09:57:41,Renault,Clio 6,7,0,0.0
2026-07-14T09:57:41,Renault,Clio Société,1,0,0.0
2026-07-14T09:57:41,Renault,EXPRESS VAN,2,0,0.0
2026-07-14T09:57:41,Renault,Espace 5,1,0,0.0
2026-07-14T09:57:41,Renault,Espace 6,3,0,0.0
2026-07-14T09:57:41,Renault,Grand Scénic 4,5,0,0.0
2026-07-14T09:57:41,Renault,KANGOO VAN E-TECH ELECTRIQUE,1,1,1.0
2026-07-14T09:57:41,Renault,Kadjar,13,0,0.0
2026-07-14T09:57:41,Renault,Kangoo,2,0,0.0
2026-07-14T09:57:41,Renault,Koleos,1,0,0.0
2026-07-14T09:57:41,Renault,Mégane,1,0,0.0
2026-07-14T09:57:41,Renault,Mégane 4,20,0,0.0
2026-07-14T09:57:41,Renault,Mégane 4 Estate,7,0,0.0
2026-07-14T09:57:41,Renault,Mégane E-TECH,11,11,1.0
2026-07-14T09:57:41,Renault,R4,11,11,1.0
2026-07-14T09:57:41,Renault,R5,40,40,1.0
2026-07-14T09:57:41,Renault,Rafale,9,0,0.0
2026-07-14T09:57:41,Renault,Scenic 3,1,0,0.0
2026-07-14T09:57:41,Renault,Scénic 4,13,0,0.0
2026-07-14T09:57:41,Renault,Scénic E-Tech,11,11,1.0
2026-07-14T09:57:41,Renault,Symbioz,37,0,0.0
2026-07-14T09:57:41,Renault,TWINGO,1,1,1.0
2026-07-14T09:57:41,Renault,TWINGO E-TECH ELECTRIQUE,2,2,1.0
2026-07-14T09:57:41,Renault,Talisman,1,0,0.0
2026-07-14T09:57:41,Renault,Talisman Estate,1,0,0.0
2026-07-14T09:57:41,Renault,Trafic,3,0,0.0
2026-07-14T09:57:41,Renault,Twingo 3,11,6,0.5455
2026-07-14T09:57:41,Renault,Wind,1,0,0.0
2026-07-14T09:57:41,Renault,Zoé,15,15,1.0
2026-07-14T09:57:41,Seat,Arona,7,0,0.0
2026-07-14T09:57:41,Seat,Ateca,10,0,0.0
2026-07-14T09:57:41,Seat,Ibiza,6,0,0.0
2026-07-14T09:57:41,Seat,Leon,2,0,0.0
2026-07-14T09:57:41,Seat,Leon ST,2,0,0.0
2026-07-14T09:57:41,Skoda,ENYAQ,1,1,1.0
2026-07-14T09:57:41,Skoda,FABIA COMBI,1,0,0.0
2026-07-14T09:57:41,Skoda,Fabia,3,0,0.0
2026-07-14T09:57:41,Skoda,KAMIQ,0,0,0.0
2026-07-14T09:57:41,Skoda,Kamiq,3,0,0.0
2026-07-14T09:57:41,Skoda,Karoq,3,0,0.0
2026-07-14T09:57:41,Skoda,Kodiaq,1,0,0.0
2026-07-14T09:57:41,Skoda,OCTAVIA COMBI,0,0,0.0
2026-07-14T09:57:41,Skoda,Octavia,1,0,0.0
2026-07-14T09:57:41,Skoda,Octavia Combi,9,0,0.0
2026-07-14T09:57:41,Skoda,Scala,1,0,0.0
2026-07-14T09:57:41,Skoda,Superb Combi,1,0,0.0
2026-07-14T09:57:41,Smart,FORFOUR,2,2,1.0
2026-07-14T09:57:41,Smart,Fortwo EQ,2,2,1.0
2026-07-14T09:57:41,Suzuki,BALENO,1,0,0.0
2026-07-14T09:57:41,Suzuki,Ignis,4,0,0.0
2026-07-14T09:57:41,Suzuki,Swift,2,0,0.0
2026-07-14T09:57:41,Tesla,MODEL 3,6,6,1.0
2026-07-14T09:57:41,Tesla,MODEL X,2,2,1.0
2026-07-14T09:57:41,Tesla,MODEL Y,7,7,1.0
2026-07-14T09:57:41,Toyota,AURIS TOURING SPORTS,1,0,0.0
2026-07-14T09:57:41,Toyota,Aygo X,7,0,0.0
2026-07-14T09:57:41,Toyota,C-HR,23,0,0.0
2026-07-14T09:57:41,Toyota,Corolla,8,0,0.0
2026-07-14T09:57:41,Toyota,Corolla Cross,2,0,0.0
2026-07-14T09:57:41,Toyota,Corolla Sw,1,0,0.0
2026-07-14T09:57:41,Toyota,Corolla Touring Sports,15,0,0.0
2026-07-14T09:57:41,Toyota,Prius,1,0,0.0
2026-07-14T09:57:41,Toyota,RAV 4,5,0,0.0
2026-07-14T09:57:41,Toyota,YARIS CROSS,5,0,0.0
2026-07-14T09:57:41,Toyota,YARIS HYBRIDE,1,0,0.0
2026-07-14T09:57:41,Toyota,Yaris,8,0,0.0
2026-07-14T09:57:41,Toyota,Yaris 3,2,0,0.0
2026-07-14T09:57:41,Toyota,Yaris 4,12,0,0.0
2026-07-14T09:57:41,Volkswagen,Arteon Shooting Brake,1,0,0.0
2026-07-14T09:57:41,Volkswagen,Caddy Fourgon,1,0,0.0
2026-07-14T09:57:41,Volkswagen,Coccinelle,1,0,0.0
2026-07-14T09:57:41,Volkswagen,E-UP,1,1,1.0
2026-07-14T09:57:41,Volkswagen,Golf,6,0,0.0
2026-07-14T09:57:41,Volkswagen,Golf 7,6,1,0.1667
2026-07-14T09:57:41,Volkswagen,Golf 8,27,0,0.0
2026-07-14T09:57:41,Volkswagen,Golf 8 SW,9,0,0.0
2026-07-14T09:57:41,Volkswagen,Golf Sportsvan,2,0,0.0
2026-07-14T09:57:41,Volkswagen,ID.3,1,1,1.0
2026-07-14T09:57:41,Volkswagen,ID.4,1,1,1.0
2026-07-14T09:57:41,Volkswagen,ID.5,1,1,1.0
2026-07-14T09:57:41,Volkswagen,Passat,4,0,0.0
2026-07-14T09:57:41,Volkswagen,Passat SW,2,0,0.0
2026-07-14T09:57:41,Volkswagen,Polo,16,0,0.0
2026-07-14T09:57:41,Volkswagen,T-CROSS,21,0,0.0
2026-07-14T09:57:41,Volkswagen,T-Cross,0,0,0.0
2026-07-14T09:57:41,Volkswagen,T-Roc,35,0,0.0
2026-07-14T09:57:41,Volkswagen,T-Roc Cabriolet,3,0,0.0
2026-07-14T09:57:41,Volkswagen,TAIGO,10,0,0.0
2026-07-14T09:57:41,Volkswagen,TIGUAN,0,0,0.0
2026-07-14T09:57:41,Volkswagen,Taigo,0,0,0.0
2026-07-14T09:57:41,Volkswagen,Tayron,3,0,0.0
2026-07-14T09:57:41,Volkswagen,Tiguan,22,0,0.0
2026-07-14T09:57:41,Volkswagen,Tiguan Allspace,1,0,0.0
2026-07-14T09:57:41,Volkswagen,Touran,2,0,0.0
2026-07-14T09:57:41,Volkswagen,Up,2,1,0.5
2026-07-14T09:57:41,Volvo,C40,1,1,1.0
2026-07-14T09:57:41,Volvo,EX30,1,1,1.0
2026-07-14T09:57:41,Volvo,S90,1,0,0.0
2026-07-14T09:57:41,Volvo,V40,2,0,0.0
2026-07-14T09:57:41,Volvo,V60,1,0,0.0
2026-07-14T09:57:41,Volvo,V60 Cross Country,1,0,0.0
2026-07-14T09:57:41,Volvo,XC40,9,1,0.1111
2026-07-14T09:57:41,Volvo,XC60,6,0,0.0
2026-07-14T09:57:41,Volvo,XC90,1,0,0.0
2026-07-14T09:57:41,XPENG,G6,1,1,1.0
2026-07-15T07:36:37,Alfa Romeo,Giulia,1,0,0.0
2026-07-15T07:36:37,Alfa Romeo,Junior,12,4,0.3333
2026-07-15T07:36:37,Alfa Romeo,Stelvio,1,0,0.0
2026-07-15T07:36:37,Alfa Romeo,Tonale,10,0,0.0
2026-07-15T07:36:37,Alpine,A290,1,1,1.0
2026-07-15T07:36:37,Audi,A1 Allstreet,1,0,0.0
2026-07-15T07:36:37,Audi,A1 Sportback,9,0,0.0
2026-07-15T07:36:37,Audi,A3 Berline,1,0,0.0
2026-07-15T07:36:37,Audi,A3 Sportback,22,0,0.0
2026-07-15T07:36:37,Audi,A4 Avant,3,0,0.0
2026-07-15T07:36:37,Audi,A5 Sportback,1,0,0.0
2026-07-15T07:36:37,Audi,A6 Avant,2,0,0.0
2026-07-15T07:36:37,Audi,E-TRON,3,3,1.0
2026-07-15T07:36:37,Audi,Q2,17,0,0.0
2026-07-15T07:36:37,Audi,Q3,2,0,0.0
2026-07-15T07:36:37,Audi,Q3 Sportback,1,0,0.0
2026-07-15T07:36:37,Audi,Q4 E-TRON,1,1,1.0
2026-07-15T07:36:37,Audi,Q5,2,0,0.0
2026-07-15T07:36:37,BMW,I3,1,1,1.0
2026-07-15T07:36:37,BMW,Série 1,18,0,0.0
2026-07-15T07:36:37,BMW,Série 2 Active Tourer,4,0,0.0
2026-07-15T07:36:37,BMW,Série 2 Gran Coupé,1,0,0.0
2026-07-15T07:36:37,BMW,Série 2 Gran Tourer,1,0,0.0
2026-07-15T07:36:37,BMW,Série 3 Touring,2,0,0.0
2026-07-15T07:36:37,BMW,Série 5 Touring,1,0,0.0
2026-07-15T07:36:37,BMW,X1,19,0,0.0
2026-07-15T07:36:37,BMW,X2,5,0,0.0
2026-07-15T07:36:37,BMW,X3,3,0,0.0
2026-07-15T07:36:37,BMW,i4,2,2,1.0
2026-07-15T07:36:37,BMW,iX1,2,2,1.0
2026-07-15T07:36:37,BYD,Atto 2,2,2,1.0
2026-07-15T07:36:37,BYD,DOLPHIN SURF,1,1,1.0
2026-07-15T07:36:37,BYD,Dolfin Surf,1,1,1.0
2026-07-15T07:36:37,BYD,Dolphin,1,1,1.0
2026-07-15T07:36:37,BYD,SEAL 6 TOURING,4,0,0.0
2026-07-15T07:36:37,BYD,Seal 6,3,0,0.0
2026-07-15T07:36:37,BYD,Seal 6 Touring,0,0,0.0
2026-07-15T07:36:37,BYD,Seal U,4,0,0.0
2026-07-15T07:36:37,Citroën,AMI,3,3,1.0
2026-07-15T07:36:37,Citroën,Berlingo,5,4,0.8
2026-07-15T07:36:37,Citroën,Berlingo Fourgon,1,0,0.0
2026-07-15T07:36:37,Citroën,C1,1,0,0.0
2026-07-15T07:36:37,Citroën,C3,47,9,0.1915
2026-07-15T07:36:37,Citroën,C3 Aircross,33,6,0.1818
2026-07-15T07:36:37,Citroën,C4,58,8,0.1379
2026-07-15T07:36:37,Citroën,C4 CACTUS BUSINESS,1,0,0.0
2026-07-15T07:36:37,Citroën,C4 Cactus,14,0,0.0
2026-07-15T07:36:37,Citroën,C4 Picasso,4,0,0.0
2026-07-15T07:36:37,Citroën,C4 X,4,1,0.25
2026-07-15T07:36:37,Citroën,C5 Aircross,74,0,0.0
2026-07-15T07:36:37,Citroën,C5 X,9,0,0.0
2026-07-15T07:36:37,Citroën,GRAND C4 SPACETOURER,3,0,0.0
2026-07-15T07:36:37,Citroën,Grand C4 Picasso,3,0,0.0
2026-07-15T07:36:37,Citroën,Grand C4 Spacetourer,0,0,0.0
2026-07-15T07:36:37,Citroën,JUMPY CABINE APPROFONDIE,1,0,0.0
2026-07-15T07:36:37,Citroën,Jumper Fourgon,1,0,0.0
2026-07-15T07:36:37,Cupra,Ateca,1,0,0.0
2026-07-15T07:36:37,Cupra,Born,1,1,1.0
2026-07-15T07:36:37,Cupra,FORMENTOR,18,0,0.0
2026-07-15T07:36:37,Cupra,Formentor,0,0,0.0
2026-07-15T07:36:37,Cupra,LEON SPORTSTOURER,0,0,0.0
2026-07-15T07:36:37,Cupra,Leon,1,0,0.0
2026-07-15T07:36:37,Cupra,Leon Sportstourer,3,0,0.0
2026-07-15T07:36:37,Cupra,Terramar,2,0,0.0
2026-07-15T07:36:37,DS,DS3,5,0,0.0
2026-07-15T07:36:37,DS,DS3 CROSSBACK,9,1,0.1111
2026-07-15T07:36:37,DS,DS4,19,0,0.0
2026-07-15T07:36:37,DS,DS7,24,0,0.0
2026-07-15T07:36:37,DS,DS7 CROSSBACK,12,0,0.0
2026-07-15T07:36:37,DS,DS7 Crossback,0,0,0.0
2026-07-15T07:36:37,DS,N 4,6,0,0.0
2026-07-15T07:36:37,Dacia,Bigster,27,0,0.0
2026-07-15T07:36:37,Dacia,Dokker,1,0,0.0
2026-07-15T07:36:37,Dacia,Duster,66,0,0.0
2026-07-15T07:36:37,Dacia,JOGGER,8,0,0.0
2026-07-15T07:36:37,Dacia,Jogger,0,0,0.0
2026-07-15T07:36:37,Dacia,Lodgy,1,0,0.0
2026-07-15T07:36:37,Dacia,SPRING,18,18,1.0
2026-07-15T07:36:37,Dacia,Sandero,29,0,0.0
2026-07-15T07:36:37,Fiat,500,34,21,0.6176
2026-07-15T07:36:37,Fiat,500C,6,5,0.8333
2026-07-15T07:36:37,Fiat,500X,7,0,0.0
2026-07-15T07:36:37,Fiat,600,13,1,0.0769
2026-07-15T07:36:37,Fiat,DUCATO FOURGON,1,0,0.0
2026-07-15T07:36:37,Fiat,PANDINA,1,0,0.0
2026-07-15T07:36:37,Fiat,Panda,5,0,0.0
2026-07-15T07:36:37,Fiat,TIPO Station Wagon,0,0,0.0
2026-07-15T07:36:37,Fiat,Tipo,1,0,0.0
2026-07-15T07:36:37,Fiat,Tipo Cross,1,0,0.0
2026-07-15T07:36:37,Fiat,Tipo SW,1,0,0.0
2026-07-15T07:36:37,Ford,Ecosport,2,0,0.0
2026-07-15T07:36:37,Ford,Fiesta,12,0,0.0
2026-07-15T07:36:37,Ford,Focus,12,0,0.0
2026-07-15T07:36:37,Ford,Focus SW,7,0,0.0
2026-07-15T07:36:37,Ford,Kuga,8,0,0.0
2026-07-15T07:36:37,Ford,Mustang MACH-E,1,1,1.0
2026-07-15T07:36:37,Ford,PUMA,35,0,0.0
2026-07-15T07:36:37,Ford,Puma,0,0,0.0
2026-07-15T07:36:37,Ford,TOURNEO COURIER,1,0,0.0
2026-07-15T07:36:37,Ford,TRANSIT CONNECT FGN,2,0,0.0
2026-07-15T07:36:37,Honda,CR-V,2,0,0.0
2026-07-15T07:36:37,Honda,Civic,2,0,0.0
2026-07-15T07:36:37,Honda,HR-V,2,0,0.0
2026-07-15T07:36:37,Hyundai,BAYON,1,0,0.0
2026-07-15T07:36:37,Hyundai,Ioniq,1,0,0.0
2026-07-15T07:36:37,Hyundai,Kona,18,2,0.1111
2026-07-15T07:36:37,Hyundai,Tucson,38,0,0.0
2026-07-15T07:36:37,Hyundai,i10,5,0,0.0
2026-07-15T07:36:37,Hyundai,i20,2,0,0.0
2026-07-15T07:36:37,Jaecoo,Jaecoo 7,4,0,0.0
2026-07-15T07:36:37,Jeep,Avenger,22,11,0.5
2026-07-15T07:36:37,Jeep,Compass,12,0,0.0
2026-07-15T07:36:37,Jeep,Renegade,14,0,0.0
2026-07-15T07:36:37,Kia,Ceed,5,0,0.0
2026-07-15T07:36:37,Kia,Ceed SW,1,0,0.0
2026-07-15T07:36:37,Kia,EV3,1,1,1.0
2026-07-15T07:36:37,Kia,Niro,4,1,0.25
2026-07-15T07:36:37,Kia,ProCeed,4,0,0.0
2026-07-15T07:36:37,Kia,Rio,2,0,0.0
2026-07-15T07:36:37,Kia,Soul,1,1,1.0
2026-07-15T07:36:37,Kia,Sportage,16,0,0.0
2026-07-15T07:36:37,Kia,Stonic,6,0,0.0
2026-07-15T07:36:37,Kia,Venga,1,0,0.0
2026-07-15T07:36:37,Kia,XCEED,5,0,0.0
2026-07-15T07:36:37,Kia,Xceed,0,0,0.0
2026-07-15T07:36:37,Lancia,Ypsilon,1,0,0.0
2026-07-15T07:36:37,Lexus,UX,2,0,0.0
2026-07-15T07:36:37,Lynk&Co,01,2,0,0.0
2026-07-15T07:36:37,MG,EHS,20,0,0.0
2026-07-15T07:36:37,MG,MG3,16,0,0.0
2026-07-15T07:36:37,MG,MG4,8,8,1.0
2026-07-15T07:36:37,MG,MGS5,2,2,1.0
2026-07-15T07:36:37,MG,MGS6,1,1,1.0
2026-07-15T07:36:37,MG,ZS,20,2,0.1
2026-07-15T07:36:37,Mazda,CX-30,1,0,0.0
2026-07-15T07:36:37,Mazda,CX-5,2,0,0.0
2026-07-15T07:36:37,Mazda,CX-60,1,0,0.0
2026-07-15T07:36:37,Mazda,CX-80,1,0,0.0
2026-07-15T07:36:37,Mazda,MX-30,2,2,1.0
2026-07-15T07:36:37,Mazda,MX-30 2020,1,1,1.0
2026-07-15T07:36:37,Mazda,MX-5,3,0,0.0
2026-07-15T07:36:37,Mazda,Mazda 3,1,0,0.0
2026-07-15T07:36:37,Mercedes,CLA,1,0,0.0
2026-07-15T07:36:37,Mercedes,CLA Shooting Brake,5,0,0.0
2026-07-15T07:36:37,Mercedes,CLASSE C BREAK,3,0,0.0
2026-07-15T07:36:37,Mercedes,CLK Cabriolet,1,0,0.0
2026-07-15T07:36:37,Mercedes,Classe A,13,0,0.0
2026-07-15T07:36:37,Mercedes,Classe B,3,0,0.0
2026-07-15T07:36:37,Mercedes,Classe C,2,0,0.0
2026-07-15T07:36:37,Mercedes,Classe C coupé,1,0,0.0
2026-07-15T07:36:37,Mercedes,Classe E Break,1,0,0.0
2026-07-15T07:36:37,Mercedes,Classe E Coupé,1,0,0.0
2026-07-15T07:36:37,Mercedes,GLA,5,0,0.0
2026-07-15T07:36:37,Mercedes,GLB,2,0,0.0
2026-07-15T07:36:37,Mini,Clubman,5,0,0.0
2026-07-15T07:36:37,Mini,Countryman,14,1,0.0714
2026-07-15T07:36:37,Mini,Mini,8,2,0.25
2026-07-15T07:36:37,Mitsubishi,Space Star,1,0,0.0
2026-07-15T07:36:37,Nissan,Juke,21,0,0.0
2026-07-15T07:36:37,Nissan,Leaf,2,2,1.0
2026-07-15T07:36:37,Nissan,Micra,1,0,0.0
2026-07-15T07:36:37,Nissan,Qashqai,26,0,0.0
2026-07-15T07:36:37,Nissan,X-Trail,3,0,0.0
2026-07-15T07:36:37,Opel,ASTRA ELECTRIQUE,1,1,1.0
2026-07-15T07:36:37,Opel,Adam,1,0,0.0
2026-07-15T07:36:37,Opel,Astra,8,0,0.0
2026-07-15T07:36:37,Opel,Astra Sports Tourer,3,0,0.0
2026-07-15T07:36:37,Opel,COMBO CARGO,1,0,0.0
2026-07-15T07:36:37,Opel,Combo Fourgon,1,0,0.0
2026-07-15T07:36:37,Opel,Corsa,36,7,0.1944
2026-07-15T07:36:37,Opel,Crossland,8,0,0.0
2026-07-15T07:36:37,Opel,Crossland X,6,0,0.0
2026-07-15T07:36:37,Opel,FRONTERA,5,4,0.8
2026-07-15T07:36:37,Opel,GRANDLAND,4,0,0.0
2026-07-15T07:36:37,Opel,Grandland,0,0,0.0
2026-07-15T07:36:37,Opel,Grandland X,7,0,0.0
2026-07-15T07:36:37,Opel,INSIGNIA GRAND SPORT,1,0,0.0
2026-07-15T07:36:37,Opel,MOKKA ELECTRIQUE,1,1,1.0
2026-07-15T07:36:37,Opel,Mokka,31,14,0.4516
2026-07-15T07:36:37,Opel,Mokka X,1,0,0.0
2026-07-15T07:36:37,Opel,VIVARO FOURGON,1,0,0.0
2026-07-15T07:36:37,Peugeot,107,1,0,0.0
2026-07-15T07:36:37,Peugeot,108,10,0,0.0
2026-07-15T07:36:37,Peugeot,2008,190,36,0.1895
2026-07-15T07:36:37,Peugeot,208,96,24,0.25
2026-07-15T07:36:37,Peugeot,208 AFFAIRE,4,1,0.25
2026-07-15T07:36:37,Peugeot,3008,145,4,0.0276
2026-07-15T07:36:37,Peugeot,308,75,6,0.08
2026-07-15T07:36:37,Peugeot,308 AFFAIRE,2,0,0.0
2026-07-15T07:36:37,Peugeot,308 SW,22,1,0.0455
2026-07-15T07:36:37,Peugeot,407 Berline,1,0,0.0
2026-07-15T07:36:37,Peugeot,408,24,1,0.0417
2026-07-15T07:36:37,Peugeot,5008,54,0,0.0
2026-07-15T07:36:37,Peugeot,508,7,0,0.0
2026-07-15T07:36:37,Peugeot,508 SW,8,0,0.0
2026-07-15T07:36:37,Peugeot,Boxer,1,0,0.0
2026-07-15T07:36:37,Peugeot,Boxer Fourgon,2,0,0.0
2026-07-15T07:36:37,Peugeot,Expert Fourgon,2,0,0.0
2026-07-15T07:36:37,Peugeot,RIFTER,0,0,0.0
2026-07-15T07:36:37,Peugeot,Rifter,6,0,0.0
2026-07-15T07:36:37,Renault,Arkana,22,0,0.0
2026-07-15T07:36:37,Renault,Austral,27,0,0.0
2026-07-15T07:36:37,Renault,Captur,71,0,0.0
2026-07-15T07:36:37,Renault,Clio,1,0,0.0
2026-07-15T07:36:37,Renault,Clio 4,6,0,0.0
2026-07-15T07:36:37,Renault,Clio 4 Estate,1,0,0.0
2026-07-15T07:36:37,Renault,Clio 5,80,0,0.0
2026-07-15T07:36:37,Renault,Clio 6,6,0,0.0
2026-07-15T07:36:37,Renault,Clio Société,1,0,0.0
2026-07-15T07:36:37,Renault,EXPRESS VAN,2,0,0.0
2026-07-15T07:36:37,Renault,Espace 5,1,0,0.0
2026-07-15T07:36:37,Renault,Espace 6,3,0,0.0
2026-07-15T07:36:37,Renault,Grand Scénic 4,4,0,0.0
2026-07-15T07:36:37,Renault,Kadjar,14,0,0.0
2026-07-15T07:36:37,Renault,Kangoo,2,0,0.0
2026-07-15T07:36:37,Renault,Koleos,1,0,0.0
2026-07-15T07:36:37,Renault,Mégane,1,0,0.0
2026-07-15T07:36:37,Renault,Mégane 4,22,0,0.0
2026-07-15T07:36:37,Renault,Mégane 4 Estate,8,0,0.0
2026-07-15T07:36:37,Renault,Mégane E-TECH,10,10,1.0
2026-07-15T07:36:37,Renault,R4,11,11,1.0
2026-07-15T07:36:37,Renault,R5,41,41,1.0
2026-07-15T07:36:37,Renault,Rafale,8,0,0.0
2026-07-15T07:36:37,Renault,Scenic 3,1,0,0.0
2026-07-15T07:36:37,Renault,Scénic 4,13,0,0.0
2026-07-15T07:36:37,Renault,Scénic E-Tech,11,11,1.0
2026-07-15T07:36:37,Renault,Symbioz,37,0,0.0
2026-07-15T07:36:37,Renault,TWINGO,1,1,1.0
2026-07-15T07:36:37,Renault,TWINGO E-TECH ELECTRIQUE,2,2,1.0
2026-07-15T07:36:37,Renault,Talisman,1,0,0.0
2026-07-15T07:36:37,Renault,Talisman Estate,1,0,0.0
2026-07-15T07:36:37,Renault,Trafic,3,0,0.0
2026-07-15T07:36:37,Renault,Twingo 3,12,5,0.4167
2026-07-15T07:36:37,Renault,Wind,1,0,0.0
2026-07-15T07:36:37,Renault,Zoé,15,15,1.0
2026-07-15T07:36:37,Seat,Arona,8,0,0.0
2026-07-15T07:36:37,Seat,Ateca,10,0,0.0
2026-07-15T07:36:37,Seat,Ibiza,6,0,0.0
2026-07-15T07:36:37,Seat,Leon,2,0,0.0
2026-07-15T07:36:37,Seat,Leon ST,2,0,0.0
2026-07-15T07:36:37,Skoda,ENYAQ,1,1,1.0
2026-07-15T07:36:37,Skoda,FABIA COMBI,1,0,0.0
2026-07-15T07:36:37,Skoda,Fabia,3,0,0.0
2026-07-15T07:36:37,Skoda,KAMIQ,0,0,0.0
2026-07-15T07:36:37,Skoda,Kamiq,3,0,0.0
2026-07-15T07:36:37,Skoda,Karoq,2,0,0.0
2026-07-15T07:36:37,Skoda,Kodiaq,1,0,0.0
2026-07-15T07:36:37,Skoda,OCTAVIA COMBI,0,0,0.0
2026-07-15T07:36:37,Skoda,Octavia,1,0,0.0
2026-07-15T07:36:37,Skoda,Octavia Combi,9,0,0.0
2026-07-15T07:36:37,Skoda,Scala,1,0,0.0
2026-07-15T07:36:37,Skoda,Superb Combi,1,0,0.0
2026-07-15T07:36:37,Smart,FORFOUR,2,2,1.0
2026-07-15T07:36:37,Smart,Fortwo EQ,2,2,1.0
2026-07-15T07:36:37,Suzuki,BALENO,1,0,0.0
2026-07-15T07:36:37,Suzuki,Ignis,3,0,0.0
2026-07-15T07:36:37,Suzuki,Swift,2,0,0.0
2026-07-15T07:36:37,Tesla,MODEL 3,6,6,1.0
2026-07-15T07:36:37,Tesla,MODEL X,2,2,1.0
2026-07-15T07:36:37,Tesla,MODEL Y,7,7,1.0
2026-07-15T07:36:37,Toyota,AURIS TOURING SPORTS,1,0,0.0
2026-07-15T07:36:37,Toyota,Aygo X,7,0,0.0
2026-07-15T07:36:37,Toyota,C-HR,20,0,0.0
2026-07-15T07:36:37,Toyota,Corolla,7,0,0.0
2026-07-15T07:36:37,Toyota,Corolla Cross,2,0,0.0
2026-07-15T07:36:37,Toyota,Corolla Sw,1,0,0.0
2026-07-15T07:36:37,Toyota,Corolla Touring Sports,13,0,0.0
2026-07-15T07:36:37,Toyota,Prius,1,0,0.0
2026-07-15T07:36:37,Toyota,Proace City Verso,1,0,0.0
2026-07-15T07:36:37,Toyota,RAV 4,5,0,0.0
2026-07-15T07:36:37,Toyota,YARIS CROSS,4,0,0.0
2026-07-15T07:36:37,Toyota,YARIS HYBRIDE,1,0,0.0
2026-07-15T07:36:37,Toyota,Yaris,8,0,0.0
2026-07-15T07:36:37,Toyota,Yaris 3,2,0,0.0
2026-07-15T07:36:37,Toyota,Yaris 4,11,0,0.0
2026-07-15T07:36:37,Volkswagen,Arteon Shooting Brake,1,0,0.0
2026-07-15T07:36:37,Volkswagen,Caddy Fourgon,1,0,0.0
2026-07-15T07:36:37,Volkswagen,Coccinelle,1,0,0.0
2026-07-15T07:36:37,Volkswagen,E-UP,1,1,1.0
2026-07-15T07:36:37,Volkswagen,Golf,7,0,0.0
2026-07-15T07:36:37,Volkswagen,Golf 7,6,1,0.1667
2026-07-15T07:36:37,Volkswagen,Golf 8,26,0,0.0
2026-07-15T07:36:37,Volkswagen,Golf 8 SW,9,0,0.0
2026-07-15T07:36:37,Volkswagen,Golf Sportsvan,2,0,0.0
2026-07-15T07:36:37,Volkswagen,ID.3,0,0,0.0
2026-07-15T07:36:37,Volkswagen,ID.4,1,1,1.0
2026-07-15T07:36:37,Volkswagen,ID.5,1,1,1.0
2026-07-15T07:36:37,Volkswagen,Passat,5,0,0.0
2026-07-15T07:36:37,Volkswagen,Passat SW,2,0,0.0
2026-07-15T07:36:37,Volkswagen,Polo,18,0,0.0
2026-07-15T07:36:37,Volkswagen,T-CROSS,21,0,0.0
2026-07-15T07:36:37,Volkswagen,T-Cross,0,0,0.0
2026-07-15T07:36:37,Volkswagen,T-Roc,34,0,0.0
2026-07-15T07:36:37,Volkswagen,T-Roc Cabriolet,3,0,0.0
2026-07-15T07:36:37,Volkswagen,TAIGO,9,0,0.0
2026-07-15T07:36:37,Volkswagen,TIGUAN,0,0,0.0
2026-07-15T07:36:37,Volkswagen,Taigo,0,0,0.0
2026-07-15T07:36:37,Volkswagen,Tayron,3,0,0.0
2026-07-15T07:36:37,Volkswagen,Tiguan,23,0,0.0
2026-07-15T07:36:37,Volkswagen,Tiguan Allspace,1,0,0.0
2026-07-15T07:36:37,Volkswagen,Touran,2,0,0.0
2026-07-15T07:36:37,Volkswagen,Up,2,1,0.5
2026-07-15T07:36:37,Volvo,C40,1,1,1.0
2026-07-15T07:36:37,Volvo,EX30,2,2,1.0
2026-07-15T07:36:37,Volvo,S90,1,0,0.0
2026-07-15T07:36:37,Volvo,V40,2,0,0.0
2026-07-15T07:36:37,Volvo,V60,1,0,0.0
2026-07-15T07:36:37,Volvo,V60 Cross Country,2,0,0.0
2026-07-15T07:36:37,Volvo,XC40,9,1,0.1111
2026-07-15T07:36:37,Volvo,XC60,6,0,0.0
2026-07-15T07:36:37,Volvo,XC90,3,0,0.0
2026-07-15T07:36:37,XPENG,G6,1,1,1.0
2026-07-15T10:02:00,Alfa Romeo,Giulia,2,0,0.0
2026-07-15T10:02:00,Alfa Romeo,Junior,11,4,0.3636
2026-07-15T10:02:00,Alfa Romeo,Stelvio,1,0,0.0
2026-07-15T10:02:00,Alfa Romeo,Tonale,10,0,0.0
2026-07-15T10:02:00,Alpine,A290,1,1,1.0
2026-07-15T10:02:00,Audi,A1 Allstreet,1,0,0.0
2026-07-15T10:02:00,Audi,A1 Sportback,10,0,0.0
2026-07-15T10:02:00,Audi,A3 Berline,1,0,0.0
2026-07-15T10:02:00,Audi,A3 Sportback,22,0,0.0
2026-07-15T10:02:00,Audi,A4 Avant,3,0,0.0
2026-07-15T10:02:00,Audi,A5 Sportback,1,0,0.0
2026-07-15T10:02:00,Audi,A6 Avant,2,0,0.0
2026-07-15T10:02:00,Audi,E-TRON,3,3,1.0
2026-07-15T10:02:00,Audi,Q2,17,0,0.0
2026-07-15T10:02:00,Audi,Q3,2,0,0.0
2026-07-15T10:02:00,Audi,Q3 Sportback,1,0,0.0
2026-07-15T10:02:00,Audi,Q4 E-TRON,1,1,1.0
2026-07-15T10:02:00,Audi,Q5,2,0,0.0
2026-07-15T10:02:00,BMW,I3,1,1,1.0
2026-07-15T10:02:00,BMW,Série 1,19,0,0.0
2026-07-15T10:02:00,BMW,Série 2 Active Tourer,3,0,0.0
2026-07-15T10:02:00,BMW,Série 2 Gran Coupé,1,0,0.0
2026-07-15T10:02:00,BMW,Série 2 Gran Tourer,1,0,0.0
2026-07-15T10:02:00,BMW,Série 3 Touring,2,0,0.0
2026-07-15T10:02:00,BMW,Série 5 Touring,1,0,0.0
2026-07-15T10:02:00,BMW,X1,20,0,0.0
2026-07-15T10:02:00,BMW,X2,5,0,0.0
2026-07-15T10:02:00,BMW,X3,3,0,0.0
2026-07-15T10:02:00,BMW,i4,2,2,1.0
2026-07-15T10:02:00,BMW,iX1,2,2,1.0
2026-07-15T10:02:00,BYD,Atto 2,2,2,1.0
2026-07-15T10:02:00,BYD,DOLPHIN SURF,1,1,1.0
2026-07-15T10:02:00,BYD,Dolfin Surf,1,1,1.0
2026-07-15T10:02:00,BYD,Dolphin,1,1,1.0
2026-07-15T10:02:00,BYD,SEAL 6 TOURING,4,0,0.0
2026-07-15T10:02:00,BYD,Seal 6,3,0,0.0
2026-07-15T10:02:00,BYD,Seal 6 Touring,0,0,0.0
2026-07-15T10:02:00,BYD,Seal U,4,0,0.0
2026-07-15T10:02:00,Citroën,AMI,3,3,1.0
2026-07-15T10:02:00,Citroën,Berlingo,5,4,0.8
2026-07-15T10:02:00,Citroën,Berlingo Fourgon,1,0,0.0
2026-07-15T10:02:00,Citroën,C1,1,0,0.0
2026-07-15T10:02:00,Citroën,C3,50,8,0.16
2026-07-15T10:02:00,Citroën,C3 Aircross,33,6,0.1818
2026-07-15T10:02:00,Citroën,C4,54,7,0.1296
2026-07-15T10:02:00,Citroën,C4 CACTUS BUSINESS,1,0,0.0
2026-07-15T10:02:00,Citroën,C4 Cactus,14,0,0.0
2026-07-15T10:02:00,Citroën,C4 Picasso,4,0,0.0
2026-07-15T10:02:00,Citroën,C4 X,4,1,0.25
2026-07-15T10:02:00,Citroën,C5 Aircross,71,0,0.0
2026-07-15T10:02:00,Citroën,C5 X,9,0,0.0
2026-07-15T10:02:00,Citroën,GRAND C4 SPACETOURER,3,0,0.0
2026-07-15T10:02:00,Citroën,Grand C4 Picasso,3,0,0.0
2026-07-15T10:02:00,Citroën,Grand C4 Spacetourer,0,0,0.0
2026-07-15T10:02:00,Citroën,JUMPY CABINE APPROFONDIE,1,0,0.0
2026-07-15T10:02:00,Citroën,Jumper Fourgon,1,0,0.0
2026-07-15T10:02:00,Citroën,Jumpy,1,0,0.0
2026-07-15T10:02:00,Cupra,Ateca,1,0,0.0
2026-07-15T10:02:00,Cupra,Born,1,1,1.0
2026-07-15T10:02:00,Cupra,FORMENTOR,18,0,0.0
2026-07-15T10:02:00,Cupra,Formentor,0,0,0.0
2026-07-15T10:02:00,Cupra,Leon,1,0,0.0
2026-07-15T10:02:00,Cupra,Leon Sportstourer,2,0,0.0
2026-07-15T10:02:00,Cupra,Terramar,2,0,0.0
2026-07-15T10:02:00,DS,DS3,5,0,0.0
2026-07-15T10:02:00,DS,DS3 CROSSBACK,9,1,0.1111
2026-07-15T10:02:00,DS,DS4,18,0,0.0
2026-07-15T10:02:00,DS,DS7,24,0,0.0
2026-07-15T10:02:00,DS,DS7 CROSSBACK,12,0,0.0
2026-07-15T10:02:00,DS,DS7 Crossback,0,0,0.0
2026-07-15T10:02:00,DS,N 4,6,0,0.0
2026-07-15T10:02:00,Dacia,Bigster,26,0,0.0
2026-07-15T10:02:00,Dacia,Dokker,1,0,0.0
2026-07-15T10:02:00,Dacia,Duster,67,0,0.0
2026-07-15T10:02:00,Dacia,JOGGER,8,0,0.0
2026-07-15T10:02:00,Dacia,Jogger,0,0,0.0
2026-07-15T10:02:00,Dacia,SPRING,18,18,1.0
2026-07-15T10:02:00,Dacia,Sandero,28,0,0.0
2026-07-15T10:02:00,Fiat,500,34,21,0.6176
2026-07-15T10:02:00,Fiat,500C,6,5,0.8333
2026-07-15T10:02:00,Fiat,500X,8,0,0.0
2026-07-15T10:02:00,Fiat,600,12,1,0.0833
2026-07-15T10:02:00,Fiat,DOBLO CARGO,1,0,0.0
2026-07-15T10:02:00,Fiat,DUCATO FOURGON,1,0,0.0
2026-07-15T10:02:00,Fiat,PANDINA,1,0,0.0
2026-07-15T10:02:00,Fiat,Panda,4,0,0.0
2026-07-15T10:02:00,Fiat,Tipo,1,0,0.0
2026-07-15T10:02:00,Fiat,Tipo Cross,1,0,0.0
2026-07-15T10:02:00,Fiat,Tipo SW,1,0,0.0
2026-07-15T10:02:00,Ford,Ecosport,2,0,0.0
2026-07-15T10:02:00,Ford,Fiesta,12,0,0.0
2026-07-15T10:02:00,Ford,Focus,11,0,0.0
2026-07-15T10:02:00,Ford,Focus SW,7,0,0.0
2026-07-15T10:02:00,Ford,Kuga,10,0,0.0
2026-07-15T10:02:00,Ford,Mustang MACH-E,1,1,1.0
2026-07-15T10:02:00,Ford,PUMA,35,0,0.0
2026-07-15T10:02:00,Ford,Puma,0,0,0.0
2026-07-15T10:02:00,Ford,TOURNEO COURIER,1,0,0.0
2026-07-15T10:02:00,Ford,TRANSIT CONNECT FGN,2,0,0.0
2026-07-15T10:02:00,Honda,CR-V,1,0,0.0
2026-07-15T10:02:00,Honda,Civic,2,0,0.0
2026-07-15T10:02:00,Honda,HR-V,2,0,0.0
2026-07-15T10:02:00,Hyundai,BAYON,1,0,0.0
2026-07-15T10:02:00,Hyundai,Ioniq,1,0,0.0
2026-07-15T10:02:00,Hyundai,Kona,19,3,0.1579
2026-07-15T10:02:00,Hyundai,Tucson,37,0,0.0
2026-07-15T10:02:00,Hyundai,i10,5,0,0.0
2026-07-15T10:02:00,Hyundai,i20,2,0,0.0
2026-07-15T10:02:00,Jaecoo,Jaecoo 7,4,0,0.0
2026-07-15T10:02:00,Jeep,Avenger,21,11,0.5238
2026-07-15T10:02:00,Jeep,Compass,12,0,0.0
2026-07-15T10:02:00,Jeep,Renegade,13,0,0.0
2026-07-15T10:02:00,Kia,Ceed,5,0,0.0
2026-07-15T10:02:00,Kia,Ceed SW,1,0,0.0
2026-07-15T10:02:00,Kia,EV3,1,1,1.0
2026-07-15T10:02:00,Kia,Niro,4,1,0.25
2026-07-15T10:02:00,Kia,ProCeed,4,0,0.0
2026-07-15T10:02:00,Kia,Rio,2,0,0.0
2026-07-15T10:02:00,Kia,Soul,1,1,1.0
2026-07-15T10:02:00,Kia,Sportage,15,0,0.0
2026-07-15T10:02:00,Kia,Stonic,6,0,0.0
2026-07-15T10:02:00,Kia,Venga,1,0,0.0
2026-07-15T10:02:00,Kia,XCEED,5,0,0.0
2026-07-15T10:02:00,Kia,Xceed,0,0,0.0
2026-07-15T10:02:00,Lancia,Ypsilon,1,0,0.0
2026-07-15T10:02:00,Lexus,UX,2,0,0.0
2026-07-15T10:02:00,Lynk&Co,01,2,0,0.0
2026-07-15T10:02:00,MG,EHS,20,0,0.0
2026-07-15T10:02:00,MG,MG3,16,0,0.0
2026-07-15T10:02:00,MG,MG4,8,8,1.0
2026-07-15T10:02:00,MG,MGS5,2,2,1.0
2026-07-15T10:02:00,MG,MGS6,1,1,1.0
2026-07-15T10:02:00,MG,ZS,20,2,0.1
2026-07-15T10:02:00,Mazda,CX-30,1,0,0.0
2026-07-15T10:02:00,Mazda,CX-5,2,0,0.0
2026-07-15T10:02:00,Mazda,CX-60,1,0,0.0
2026-07-15T10:02:00,Mazda,CX-80,1,0,0.0
2026-07-15T10:02:00,Mazda,MX-30,2,2,1.0
2026-07-15T10:02:00,Mazda,MX-30 2020,1,1,1.0
2026-07-15T10:02:00,Mazda,MX-5,3,0,0.0
2026-07-15T10:02:00,Mazda,Mazda 3,1,0,0.0
2026-07-15T10:02:00,Mercedes,CLA,1,0,0.0
2026-07-15T10:02:00,Mercedes,CLA Shooting Brake,4,0,0.0
2026-07-15T10:02:00,Mercedes,CLASSE C BREAK,3,0,0.0
2026-07-15T10:02:00,Mercedes,CLK Cabriolet,1,0,0.0
2026-07-15T10:02:00,Mercedes,Classe A,13,0,0.0
2026-07-15T10:02:00,Mercedes,Classe B,3,0,0.0
2026-07-15T10:02:00,Mercedes,Classe C,2,0,0.0
2026-07-15T10:02:00,Mercedes,Classe C coupé,1,0,0.0
2026-07-15T10:02:00,Mercedes,Classe E Break,1,0,0.0
2026-07-15T10:02:00,Mercedes,Classe E Coupé,1,0,0.0
2026-07-15T10:02:00,Mercedes,GLA,5,0,0.0
2026-07-15T10:02:00,Mercedes,GLB,2,0,0.0
2026-07-15T10:02:00,Mini,Clubman,5,0,0.0
2026-07-15T10:02:00,Mini,Countryman,14,1,0.0714
2026-07-15T10:02:00,Mini,Mini,7,2,0.2857
2026-07-15T10:02:00,Mitsubishi,Space Star,1,0,0.0
2026-07-15T10:02:00,Nissan,Juke,20,0,0.0
2026-07-15T10:02:00,Nissan,Leaf,2,2,1.0
2026-07-15T10:02:00,Nissan,Micra,1,0,0.0
2026-07-15T10:02:00,Nissan,Qashqai,24,0,0.0
2026-07-15T10:02:00,Nissan,X-Trail,3,0,0.0
2026-07-15T10:02:00,Opel,ASTRA ELECTRIQUE,1,1,1.0
2026-07-15T10:02:00,Opel,Adam,1,0,0.0
2026-07-15T10:02:00,Opel,Astra,8,0,0.0
2026-07-15T10:02:00,Opel,Astra Sports Tourer,3,0,0.0
2026-07-15T10:02:00,Opel,COMBO CARGO,1,0,0.0
2026-07-15T10:02:00,Opel,Combo Fourgon,1,0,0.0
2026-07-15T10:02:00,Opel,Corsa,37,7,0.1892
2026-07-15T10:02:00,Opel,Crossland,7,0,0.0
2026-07-15T10:02:00,Opel,Crossland X,6,0,0.0
2026-07-15T10:02:00,Opel,FRONTERA,5,4,0.8
2026-07-15T10:02:00,Opel,GRANDLAND,4,0,0.0
2026-07-15T10:02:00,Opel,Grandland,0,0,0.0
2026-07-15T10:02:00,Opel,Grandland X,7,0,0.0
2026-07-15T10:02:00,Opel,INSIGNIA GRAND SPORT,1,0,0.0
2026-07-15T10:02:00,Opel,MOKKA ELECTRIQUE,1,1,1.0
2026-07-15T10:02:00,Opel,Mokka,30,14,0.4667
2026-07-15T10:02:00,Opel,Mokka X,1,0,0.0
2026-07-15T10:02:00,Opel,VIVARO FOURGON,1,0,0.0
2026-07-15T10:02:00,Peugeot,107,1,0,0.0
2026-07-15T10:02:00,Peugeot,108,10,0,0.0
2026-07-15T10:02:00,Peugeot,2008,190,36,0.1895
2026-07-15T10:02:00,Peugeot,208,97,24,0.2474
2026-07-15T10:02:00,Peugeot,208 AFFAIRE,4,1,0.25
2026-07-15T10:02:00,Peugeot,3008,144,4,0.0278
2026-07-15T10:02:00,Peugeot,308,74,6,0.0811
2026-07-15T10:02:00,Peugeot,308 AFFAIRE,2,0,0.0
2026-07-15T10:02:00,Peugeot,308 SW,22,1,0.0455
2026-07-15T10:02:00,Peugeot,407 Berline,1,0,0.0
2026-07-15T10:02:00,Peugeot,408,23,1,0.0435
2026-07-15T10:02:00,Peugeot,5008,54,0,0.0
2026-07-15T10:02:00,Peugeot,508,7,0,0.0
2026-07-15T10:02:00,Peugeot,508 SW,8,0,0.0
2026-07-15T10:02:00,Peugeot,Boxer,1,0,0.0
2026-07-15T10:02:00,Peugeot,Boxer Fourgon,2,0,0.0
2026-07-15T10:02:00,Peugeot,Expert Fourgon,2,0,0.0
2026-07-15T10:02:00,Peugeot,RIFTER,0,0,0.0
2026-07-15T10:02:00,Peugeot,Rifter,5,0,0.0
2026-07-15T10:02:00,Renault,Arkana,22,0,0.0
2026-07-15T10:02:00,Renault,Austral,26,0,0.0
2026-07-15T10:02:00,Renault,Captur,70,0,0.0
2026-07-15T10:02:00,Renault,Clio 4,6,0,0.0
2026-07-15T10:02:00,Renault,Clio 4 Estate,1,0,0.0
2026-07-15T10:02:00,Renault,Clio 5,83,0,0.0
2026-07-15T10:02:00,Renault,Clio 6,6,0,0.0
2026-07-15T10:02:00,Renault,Clio Société,1,0,0.0
2026-07-15T10:02:00,Renault,EXPRESS VAN,2,0,0.0
2026-07-15T10:02:00,Renault,Espace 5,1,0,0.0
2026-07-15T10:02:00,Renault,Espace 6,3,0,0.0
2026-07-15T10:02:00,Renault,Grand Scénic 4,4,0,0.0
2026-07-15T10:02:00,Renault,Kadjar,14,0,0.0
2026-07-15T10:02:00,Renault,Kangoo,2,0,0.0
2026-07-15T10:02:00,Renault,Koleos,1,0,0.0
2026-07-15T10:02:00,Renault,Mégane,1,0,0.0
2026-07-15T10:02:00,Renault,Mégane 3,1,0,0.0
2026-07-15T10:02:00,Renault,Mégane 4,21,0,0.0
2026-07-15T10:02:00,Renault,Mégane 4 Estate,8,0,0.0
2026-07-15T10:02:00,Renault,Mégane E-TECH,10,10,1.0
2026-07-15T10:02:00,Renault,R4,10,10,1.0
2026-07-15T10:02:00,Renault,R5,41,41,1.0
2026-07-15T10:02:00,Renault,Rafale,9,0,0.0
2026-07-15T10:02:00,Renault,Scenic 3,1,0,0.0
2026-07-15T10:02:00,Renault,Scénic 4,12,0,0.0
2026-07-15T10:02:00,Renault,Scénic E-Tech,11,11,1.0
2026-07-15T10:02:00,Renault,Symbioz,37,0,0.0
2026-07-15T10:02:00,Renault,TWINGO E-TECH ELECTRIQUE,2,2,1.0
2026-07-15T10:02:00,Renault,Talisman,1,0,0.0
2026-07-15T10:02:00,Renault,Talisman Estate,1,0,0.0
2026-07-15T10:02:00,Renault,Trafic,3,0,0.0
2026-07-15T10:02:00,Renault,Twingo 3,13,6,0.4615
2026-07-15T10:02:00,Renault,Wind,1,0,0.0
2026-07-15T10:02:00,Renault,Zoé,15,15,1.0
2026-07-15T10:02:00,Seat,Arona,8,0,0.0
2026-07-15T10:02:00,Seat,Ateca,11,0,0.0
2026-07-15T10:02:00,Seat,Ibiza,6,0,0.0
2026-07-15T10:02:00,Seat,Leon,2,0,0.0
2026-07-15T10:02:00,Seat,Leon ST,2,0,0.0
2026-07-15T10:02:00,Skoda,ENYAQ,1,1,1.0
2026-07-15T10:02:00,Skoda,FABIA COMBI,1,0,0.0
2026-07-15T10:02:00,Skoda,Fabia,3,0,0.0
2026-07-15T10:02:00,Skoda,KAMIQ,0,0,0.0
2026-07-15T10:02:00,Skoda,Kamiq,3,0,0.0
2026-07-15T10:02:00,Skoda,Karoq,2,0,0.0
2026-07-15T10:02:00,Skoda,Kodiaq,1,0,0.0
2026-07-15T10:02:00,Skoda,OCTAVIA COMBI,0,0,0.0
2026-07-15T10:02:00,Skoda,Octavia,2,0,0.0
2026-07-15T10:02:00,Skoda,Octavia Combi,9,0,0.0
2026-07-15T10:02:00,Skoda,Scala,1,0,0.0
2026-07-15T10:02:00,Skoda,Superb Combi,1,0,0.0
2026-07-15T10:02:00,Smart,FORFOUR,2,2,1.0
2026-07-15T10:02:00,Smart,Fortwo EQ,2,2,1.0
2026-07-15T10:02:00,Suzuki,Ignis,3,0,0.0
2026-07-15T10:02:00,Suzuki,Swift,2,0,0.0
2026-07-15T10:02:00,Tesla,MODEL 3,6,6,1.0
2026-07-15T10:02:00,Tesla,MODEL X,2,2,1.0
2026-07-15T10:02:00,Tesla,MODEL Y,7,7,1.0
2026-07-15T10:02:00,Toyota,AURIS TOURING SPORTS,1,0,0.0
2026-07-15T10:02:00,Toyota,Aygo X,8,0,0.0
2026-07-15T10:02:00,Toyota,C-HR,20,0,0.0
2026-07-15T10:02:00,Toyota,Corolla,7,0,0.0
2026-07-15T10:02:00,Toyota,Corolla Cross,2,0,0.0
2026-07-15T10:02:00,Toyota,Corolla Sw,1,0,0.0
2026-07-15T10:02:00,Toyota,Corolla Touring Sports,13,0,0.0
2026-07-15T10:02:00,Toyota,Prius,1,0,0.0
2026-07-15T10:02:00,Toyota,Proace City Verso,1,0,0.0
2026-07-15T10:02:00,Toyota,RAV 4,6,0,0.0
2026-07-15T10:02:00,Toyota,YARIS CROSS,4,0,0.0
2026-07-15T10:02:00,Toyota,YARIS HYBRIDE,1,0,0.0
2026-07-15T10:02:00,Toyota,Yaris,8,0,0.0
2026-07-15T10:02:00,Toyota,Yaris 3,2,0,0.0
2026-07-15T10:02:00,Toyota,Yaris 4,12,0,0.0
2026-07-15T10:02:00,Volkswagen,Arteon Shooting Brake,1,0,0.0
2026-07-15T10:02:00,Volkswagen,Caddy Fourgon,1,0,0.0
2026-07-15T10:02:00,Volkswagen,Coccinelle,1,0,0.0
2026-07-15T10:02:00,Volkswagen,E-UP,1,1,1.0
2026-07-15T10:02:00,Volkswagen,Golf,7,0,0.0
2026-07-15T10:02:00,Volkswagen,Golf 7,5,1,0.2
2026-07-15T10:02:00,Volkswagen,Golf 8,26,0,0.0
2026-07-15T10:02:00,Volkswagen,Golf 8 SW,9,0,0.0
2026-07-15T10:02:00,Volkswagen,Golf Sportsvan,2,0,0.0
2026-07-15T10:02:00,Volkswagen,ID.4,1,1,1.0
2026-07-15T10:02:00,Volkswagen,ID.5,1,1,1.0
2026-07-15T10:02:00,Volkswagen,Passat,5,0,0.0
2026-07-15T10:02:00,Volkswagen,Passat SW,2,0,0.0
2026-07-15T10:02:00,Volkswagen,Polo,18,0,0.0
2026-07-15T10:02:00,Volkswagen,T-CROSS,21,0,0.0
2026-07-15T10:02:00,Volkswagen,T-Cross,0,0,0.0
2026-07-15T10:02:00,Volkswagen,T-Roc,35,0,0.0
2026-07-15T10:02:00,Volkswagen,T-Roc Cabriolet,3,0,0.0
2026-07-15T10:02:00,Volkswagen,TAIGO,9,0,0.0
2026-07-15T10:02:00,Volkswagen,TIGUAN,0,0,0.0
2026-07-15T10:02:00,Volkswagen,Taigo,0,0,0.0
2026-07-15T10:02:00,Volkswagen,Tayron,3,0,0.0
2026-07-15T10:02:00,Volkswagen,Tiguan,23,0,0.0
2026-07-15T10:02:00,Volkswagen,Tiguan Allspace,1,0,0.0
2026-07-15T10:02:00,Volkswagen,Touran,2,0,0.0
2026-07-15T10:02:00,Volkswagen,Up,2,1,0.5
2026-07-15T10:02:00,Volvo,C40,1,1,1.0
2026-07-15T10:02:00,Volvo,EX30,2,2,1.0
2026-07-15T10:02:00,Volvo,S90,1,0,0.0
2026-07-15T10:02:00,Volvo,V40,1,0,0.0
2026-07-15T10:02:00,Volvo,V60,1,0,0.0
2026-07-15T10:02:00,Volvo,V60 Cross Country,2,0,0.0
2026-07-15T10:02:00,Volvo,XC40,9,1,0.1111
2026-07-15T10:02:00,Volvo,XC60,6,0,0.0
2026-07-15T10:02:00,Volvo,XC90,3,0,0.0
2026-07-15T10:02:00,XPENG,G6,1,1,1.0
2026-07-16T07:33:26,Alfa Romeo,Giulia,1,0,0.0
2026-07-16T07:33:26,Alfa Romeo,Junior,12,5,0.4167
2026-07-16T07:33:26,Alfa Romeo,Stelvio,1,0,0.0
2026-07-16T07:33:26,Alfa Romeo,Tonale,11,0,0.0
2026-07-16T07:33:26,Alpine,A290,1,1,1.0
2026-07-16T07:33:26,Audi,A1 Allstreet,1,0,0.0
2026-07-16T07:33:26,Audi,A1 Sportback,12,0,0.0
2026-07-16T07:33:26,Audi,A3 Sportback,20,0,0.0
2026-07-16T07:33:26,Audi,A4 Avant,3,0,0.0
2026-07-16T07:33:26,Audi,A6 Avant,2,0,0.0
2026-07-16T07:33:26,Audi,E-TRON,3,3,1.0
2026-07-16T07:33:26,Audi,Q2,16,0,0.0
2026-07-16T07:33:26,Audi,Q3,2,0,0.0
2026-07-16T07:33:26,Audi,Q4 E-TRON,1,1,1.0
2026-07-16T07:33:26,Audi,Q5,1,0,0.0
2026-07-16T07:33:26,BMW,I3,1,1,1.0
2026-07-16T07:33:26,BMW,Série 1,17,0,0.0
2026-07-16T07:33:26,BMW,Série 2 Active Tourer,3,0,0.0
2026-07-16T07:33:26,BMW,Série 2 Gran Coupé,1,0,0.0
2026-07-16T07:33:26,BMW,Série 2 Gran Tourer,1,0,0.0
2026-07-16T07:33:26,BMW,Série 3 Touring,2,0,0.0
2026-07-16T07:33:26,BMW,Série 5 Touring,1,0,0.0
2026-07-16T07:33:26,BMW,X1,18,0,0.0
2026-07-16T07:33:26,BMW,X2,3,0,0.0
2026-07-16T07:33:26,BMW,X3,3,0,0.0
2026-07-16T07:33:26,BMW,i4,3,3,1.0
2026-07-16T07:33:26,BMW,iX1,2,2,1.0
2026-07-16T07:33:26,BYD,Atto 2,2,2,1.0
2026-07-16T07:33:26,BYD,DOLPHIN SURF,1,1,1.0
2026-07-16T07:33:26,BYD,Dolfin Surf,1,1,1.0
2026-07-16T07:33:26,BYD,Dolphin,1,1,1.0
2026-07-16T07:33:26,BYD,SEAL 6 TOURING,4,0,0.0
2026-07-16T07:33:26,BYD,Seal 6,2,0,0.0
2026-07-16T07:33:26,BYD,Seal 6 Touring,0,0,0.0
2026-07-16T07:33:26,BYD,Seal U,5,0,0.0
2026-07-16T07:33:26,Citroën,AMI,3,3,1.0
2026-07-16T07:33:26,Citroën,Berlingo,6,4,0.6667
2026-07-16T07:33:26,Citroën,Berlingo Fourgon,1,0,0.0
2026-07-16T07:33:26,Citroën,C3,52,12,0.2308
2026-07-16T07:33:26,Citroën,C3 Aircross,33,6,0.1818
2026-07-16T07:33:26,Citroën,C4,57,9,0.1579
2026-07-16T07:33:26,Citroën,C4 CACTUS BUSINESS,1,0,0.0
2026-07-16T07:33:26,Citroën,C4 Cactus,14,0,0.0
2026-07-16T07:33:26,Citroën,C4 Picasso,4,0,0.0
2026-07-16T07:33:26,Citroën,C4 X,4,1,0.25
2026-07-16T07:33:26,Citroën,C5 Aircross,70,0,0.0
2026-07-16T07:33:26,Citroën,C5 X,9,0,0.0
2026-07-16T07:33:26,Citroën,GRAND C4 SPACETOURER,4,0,0.0
2026-07-16T07:33:26,Citroën,Grand C4 Picasso,3,0,0.0
2026-07-16T07:33:26,Citroën,Grand C4 Spacetourer,0,0,0.0
2026-07-16T07:33:26,Citroën,JUMPY CABINE APPROFONDIE,1,0,0.0
2026-07-16T07:33:26,Citroën,Jumper Fourgon,1,0,0.0
2026-07-16T07:33:26,Citroën,Jumpy,1,0,0.0
2026-07-16T07:33:26,Cupra,Ateca,1,0,0.0
2026-07-16T07:33:26,Cupra,Born,1,1,1.0
2026-07-16T07:33:26,Cupra,FORMENTOR,16,0,0.0
2026-07-16T07:33:26,Cupra,Formentor,0,0,0.0
2026-07-16T07:33:26,Cupra,Leon,1,0,0.0
2026-07-16T07:33:26,Cupra,Leon Sportstourer,2,0,0.0
2026-07-16T07:33:26,Cupra,Terramar,2,0,0.0
2026-07-16T07:33:26,DS,DS3,5,0,0.0
2026-07-16T07:33:26,DS,DS3 CROSSBACK,9,1,0.1111
2026-07-16T07:33:26,DS,DS4,19,0,0.0
2026-07-16T07:33:26,DS,DS7,24,0,0.0
2026-07-16T07:33:26,DS,DS7 CROSSBACK,11,0,0.0
2026-07-16T07:33:26,DS,DS7 Crossback,0,0,0.0
2026-07-16T07:33:26,DS,N 4,5,0,0.0
2026-07-16T07:33:26,Dacia,Bigster,29,0,0.0
2026-07-16T07:33:26,Dacia,Dokker,1,0,0.0
2026-07-16T07:33:26,Dacia,Duster,70,0,0.0
2026-07-16T07:33:26,Dacia,JOGGER,13,0,0.0
2026-07-16T07:33:26,Dacia,Jogger,0,0,0.0
2026-07-16T07:33:26,Dacia,SPRING,18,18,1.0
2026-07-16T07:33:26,Dacia,Sandero,29,0,0.0
2026-07-16T07:33:26,Fiat,500,34,18,0.5294
2026-07-16T07:33:26,Fiat,500C,6,5,0.8333
2026-07-16T07:33:26,Fiat,500X,8,0,0.0
2026-07-16T07:33:26,Fiat,500e,1,1,1.0
2026-07-16T07:33:26,Fiat,600,12,1,0.0833
2026-07-16T07:33:26,Fiat,DOBLO CARGO,1,0,0.0
2026-07-16T07:33:26,Fiat,DUCATO FOURGON,1,0,0.0
2026-07-16T07:33:26,Fiat,PANDINA,1,0,0.0
2026-07-16T07:33:26,Fiat,Panda,4,0,0.0
2026-07-16T07:33:26,Fiat,Tipo,1,0,0.0
2026-07-16T07:33:26,Fiat,Tipo Cross,1,0,0.0
2026-07-16T07:33:26,Fiat,Tipo SW,1,0,0.0
2026-07-16T07:33:26,Ford,Ecosport,2,0,0.0
2026-07-16T07:33:26,Ford,Fiesta,13,0,0.0
2026-07-16T07:33:26,Ford,Focus,10,0,0.0
2026-07-16T07:33:26,Ford,Focus SW,6,0,0.0
2026-07-16T07:33:26,Ford,Kuga,10,0,0.0
2026-07-16T07:33:26,Ford,Mustang MACH-E,1,1,1.0
2026-07-16T07:33:26,Ford,PUMA,33,0,0.0
2026-07-16T07:33:26,Ford,Puma,0,0,0.0
2026-07-16T07:33:26,Ford,TOURNEO COURIER,1,0,0.0
2026-07-16T07:33:26,Ford,TRANSIT CONNECT FGN,2,0,0.0
2026-07-16T07:33:26,Honda,CR-V,1,0,0.0
2026-07-16T07:33:26,Honda,Civic,2,0,0.0
2026-07-16T07:33:26,Honda,HR-V,2,0,0.0
2026-07-16T07:33:26,Hyundai,BAYON,1,0,0.0
2026-07-16T07:33:26,Hyundai,Kona,17,3,0.1765
2026-07-16T07:33:26,Hyundai,Tucson,35,0,0.0
2026-07-16T07:33:26,Hyundai,i10,4,0,0.0
2026-07-16T07:33:26,Hyundai,i20,2,0,0.0
2026-07-16T07:33:26,Jaecoo,Jaecoo 7,4,0,0.0
2026-07-16T07:33:26,Jeep,Avenger,19,10,0.5263
2026-07-16T07:33:26,Jeep,Compass,12,0,0.0
2026-07-16T07:33:26,Jeep,Renegade,16,0,0.0
2026-07-16T07:33:26,Kia,Ceed,5,0,0.0
2026-07-16T07:33:26,Kia,Ceed SW,1,0,0.0
2026-07-16T07:33:26,Kia,EV3,1,1,1.0
2026-07-16T07:33:26,Kia,Niro,4,1,0.25
2026-07-16T07:33:26,Kia,ProCeed,4,0,0.0
2026-07-16T07:33:26,Kia,Rio,2,0,0.0
2026-07-16T07:33:26,Kia,Soul,1,1,1.0
2026-07-16T07:33:26,Kia,Sportage,17,0,0.0
2026-07-16T07:33:26,Kia,Stonic,6,0,0.0
2026-07-16T07:33:26,Kia,Venga,1,0,0.0
2026-07-16T07:33:26,Kia,XCEED,5,0,0.0
2026-07-16T07:33:26,Kia,Xceed,0,0,0.0
2026-07-16T07:33:26,Lancia,Ypsilon,1,0,0.0
2026-07-16T07:33:26,Lexus,UX,1,0,0.0
2026-07-16T07:33:26,Lynk&Co,01,2,0,0.0
2026-07-16T07:33:26,MG,EHS,20,0,0.0
2026-07-16T07:33:26,MG,MG3,13,0,0.0
2026-07-16T07:33:26,MG,MG4,7,7,1.0
2026-07-16T07:33:26,MG,MGS5,3,3,1.0
2026-07-16T07:33:26,MG,MGS6,1,1,1.0
2026-07-16T07:33:26,MG,ZS,20,2,0.1
2026-07-16T07:33:26,Mazda,CX-30,1,0,0.0
2026-07-16T07:33:26,Mazda,CX-5,2,0,0.0
2026-07-16T07:33:26,Mazda,CX-60,1,0,0.0
2026-07-16T07:33:26,Mazda,CX-80,1,0,0.0
2026-07-16T07:33:26,Mazda,MX-30,2,2,1.0
2026-07-16T07:33:26,Mazda,MX-30 2020,1,1,1.0
2026-07-16T07:33:26,Mazda,MX-5,2,0,0.0
2026-07-16T07:33:26,Mazda,Mazda 3,2,0,0.0
2026-07-16T07:33:26,Mercedes,CLA,1,0,0.0
2026-07-16T07:33:26,Mercedes,CLA Shooting Brake,4,0,0.0
2026-07-16T07:33:26,Mercedes,CLASSE C BREAK,3,0,0.0
2026-07-16T07:33:26,Mercedes,Classe A,11,0,0.0
2026-07-16T07:33:26,Mercedes,Classe B,3,0,0.0
2026-07-16T07:33:26,Mercedes,Classe C,2,0,0.0
2026-07-16T07:33:26,Mercedes,Classe C coupé,1,0,0.0
2026-07-16T07:33:26,Mercedes,Classe E Break,1,0,0.0
2026-07-16T07:33:26,Mercedes,Classe E Coupé,1,0,0.0
2026-07-16T07:33:26,Mercedes,GLA,5,0,0.0
2026-07-16T07:33:26,Mercedes,GLB,2,0,0.0
2026-07-16T07:33:26,Mini,Clubman,5,0,0.0
2026-07-16T07:33:26,Mini,Countryman,15,1,0.0667
2026-07-16T07:33:26,Mini,Mini,7,2,0.2857
2026-07-16T07:33:26,Mitsubishi,Space Star,1,0,0.0
2026-07-16T07:33:26,Nissan,Juke,21,0,0.0
2026-07-16T07:33:26,Nissan,Leaf,2,2,1.0
2026-07-16T07:33:26,Nissan,Micra,2,0,0.0
2026-07-16T07:33:26,Nissan,Qashqai,25,0,0.0
2026-07-16T07:33:26,Nissan,X-Trail,2,0,0.0
2026-07-16T07:33:26,Opel,ASTRA ELECTRIQUE,1,1,1.0
2026-07-16T07:33:26,Opel,Adam,2,0,0.0
2026-07-16T07:33:26,Opel,Astra,8,0,0.0
2026-07-16T07:33:26,Opel,Astra Sports Tourer,3,0,0.0
2026-07-16T07:33:26,Opel,COMBO CARGO,1,0,0.0
2026-07-16T07:33:26,Opel,Combo Fourgon,0,0,0.0
2026-07-16T07:33:26,Opel,Corsa,38,7,0.1842
2026-07-16T07:33:26,Opel,Crossland,7,0,0.0
2026-07-16T07:33:26,Opel,Crossland X,6,0,0.0
2026-07-16T07:33:26,Opel,FRONTERA,5,4,0.8
2026-07-16T07:33:26,Opel,GRANDLAND,5,0,0.0
2026-07-16T07:33:26,Opel,Grandland,0,0,0.0
2026-07-16T07:33:26,Opel,Grandland X,6,0,0.0
2026-07-16T07:33:26,Opel,INSIGNIA GRAND SPORT,1,0,0.0
2026-07-16T07:33:26,Opel,MOKKA ELECTRIQUE,1,1,1.0
2026-07-16T07:33:26,Opel,Mokka,27,13,0.4815
2026-07-16T07:33:26,Opel,Mokka X,1,0,0.0
2026-07-16T07:33:26,Opel,VIVARO FOURGON,1,0,0.0
2026-07-16T07:33:26,Peugeot,107,1,0,0.0
2026-07-16T07:33:26,Peugeot,108,10,0,0.0
2026-07-16T07:33:26,Peugeot,2008,192,37,0.1927
2026-07-16T07:33:26,Peugeot,208,104,27,0.2596
2026-07-16T07:33:26,Peugeot,208 AFFAIRE,4,1,0.25
2026-07-16T07:33:26,Peugeot,3008,144,5,0.0347
2026-07-16T07:33:26,Peugeot,308,69,6,0.087
2026-07-16T07:33:26,Peugeot,308 AFFAIRE,2,0,0.0
2026-07-16T07:33:26,Peugeot,308 SW,22,1,0.0455
2026-07-16T07:33:26,Peugeot,407 Berline,1,0,0.0
2026-07-16T07:33:26,Peugeot,408,24,1,0.0417
2026-07-16T07:33:26,Peugeot,5008,54,0,0.0
2026-07-16T07:33:26,Peugeot,508,7,0,0.0
2026-07-16T07:33:26,Peugeot,508 SW,9,0,0.0
2026-07-16T07:33:26,Peugeot,Boxer,1,0,0.0
2026-07-16T07:33:26,Peugeot,Boxer Fourgon,2,0,0.0
2026-07-16T07:33:26,Peugeot,Expert Fourgon,2,0,0.0
2026-07-16T07:33:26,Peugeot,Rifter,4,0,0.0
2026-07-16T07:33:26,Renault,Arkana,21,0,0.0
2026-07-16T07:33:26,Renault,Austral,34,0,0.0
2026-07-16T07:33:26,Renault,Captur,75,0,0.0
2026-07-16T07:33:26,Renault,Clio 4,8,0,0.0
2026-07-16T07:33:26,Renault,Clio 4 Estate,1,0,0.0
2026-07-16T07:33:26,Renault,Clio 5,82,0,0.0
2026-07-16T07:33:26,Renault,Clio 6,6,0,0.0
2026-07-16T07:33:26,Renault,Clio Société,1,0,0.0
2026-07-16T07:33:26,Renault,EXPRESS VAN,2,0,0.0
2026-07-16T07:33:26,Renault,Espace 5,1,0,0.0
2026-07-16T07:33:26,Renault,Espace 6,2,0,0.0
2026-07-16T07:33:26,Renault,Grand Scénic 4,4,0,0.0
2026-07-16T07:33:26,Renault,Kadjar,17,0,0.0
2026-07-16T07:33:26,Renault,Kangoo,1,0,0.0
2026-07-16T07:33:26,Renault,Koleos,1,0,0.0
2026-07-16T07:33:26,Renault,Mégane,1,0,0.0
2026-07-16T07:33:26,Renault,Mégane 3,1,0,0.0
2026-07-16T07:33:26,Renault,Mégane 4,19,0,0.0
2026-07-16T07:33:26,Renault,Mégane 4 Estate,8,0,0.0
2026-07-16T07:33:26,Renault,Mégane E-TECH,8,8,1.0
2026-07-16T07:33:26,Renault,R4,9,9,1.0
2026-07-16T07:33:26,Renault,R5,47,47,1.0
2026-07-16T07:33:26,Renault,Rafale,9,0,0.0
2026-07-16T07:33:26,Renault,Scenic 3,1,0,0.0
2026-07-16T07:33:26,Renault,Scénic 4,12,0,0.0
2026-07-16T07:33:26,Renault,Scénic E-Tech,11,11,1.0
2026-07-16T07:33:26,Renault,Symbioz,37,0,0.0
2026-07-16T07:33:26,Renault,TRAFIC FOURGON,1,0,0.0
2026-07-16T07:33:26,Renault,TRAFIC FOURGON III,1,0,0.0
2026-07-16T07:33:26,Renault,TWINGO E-TECH ELECTRIQUE,2,2,1.0
2026-07-16T07:33:26,Renault,Talisman,1,0,0.0
2026-07-16T07:33:26,Renault,Talisman Estate,1,0,0.0
2026-07-16T07:33:26,Renault,Trafic,2,0,0.0
2026-07-16T07:33:26,Renault,Twingo 3,14,6,0.4286
2026-07-16T07:33:26,Renault,Wind,1,0,0.0
2026-07-16T07:33:26,Renault,Zoé,15,15,1.0
2026-07-16T07:33:26,Seat,Arona,8,0,0.0
2026-07-16T07:33:26,Seat,Ateca,11,0,0.0
2026-07-16T07:33:26,Seat,Ibiza,5,0,0.0
2026-07-16T07:33:26,Seat,Leon,3,0,0.0
2026-07-16T07:33:26,Seat,Leon ST,1,0,0.0
2026-07-16T07:33:26,Skoda,ENYAQ,1,1,1.0
2026-07-16T07:33:26,Skoda,FABIA COMBI,1,0,0.0
2026-07-16T07:33:26,Skoda,Fabia,3,0,0.0
2026-07-16T07:33:26,Skoda,KAMIQ,2,0,0.0
2026-07-16T07:33:26,Skoda,Kamiq,0,0,0.0
2026-07-16T07:33:26,Skoda,Karoq,2,0,0.0
2026-07-16T07:33:26,Skoda,Kodiaq,1,0,0.0
2026-07-16T07:33:26,Skoda,OCTAVIA COMBI,0,0,0.0
2026-07-16T07:33:26,Skoda,Octavia,2,0,0.0
2026-07-16T07:33:26,Skoda,Octavia Combi,9,0,0.0
2026-07-16T07:33:26,Skoda,Scala,1,0,0.0
2026-07-16T07:33:26,Skoda,Superb Combi,1,0,0.0
2026-07-16T07:33:26,Smart,FORFOUR,2,2,1.0
2026-07-16T07:33:26,Smart,Fortwo EQ,2,2,1.0
2026-07-16T07:33:26,Suzuki,Ignis,3,0,0.0
2026-07-16T07:33:26,Suzuki,Swift,2,0,0.0
2026-07-16T07:33:26,Tesla,MODEL 3,7,7,1.0
2026-07-16T07:33:26,Tesla,MODEL X,2,2,1.0
2026-07-16T07:33:26,Tesla,MODEL Y,7,7,1.0
2026-07-16T07:33:26,Toyota,AURIS TOURING SPORTS,1,0,0.0
2026-07-16T07:33:26,Toyota,Aygo X,8,0,0.0
2026-07-16T07:33:26,Toyota,C-HR,20,0,0.0
2026-07-16T07:33:26,Toyota,Corolla,8,0,0.0
2026-07-16T07:33:26,Toyota,Corolla Cross,2,0,0.0
2026-07-16T07:33:26,Toyota,Corolla Sw,1,0,0.0
2026-07-16T07:33:26,Toyota,Corolla Touring Sports,13,0,0.0
2026-07-16T07:33:26,Toyota,Prius,1,0,0.0
2026-07-16T07:33:26,Toyota,Proace City Verso,1,0,0.0
2026-07-16T07:33:26,Toyota,RAV 4,7,0,0.0
2026-07-16T07:33:26,Toyota,YARIS CROSS,2,0,0.0
2026-07-16T07:33:26,Toyota,YARIS HYBRIDE,1,0,0.0
2026-07-16T07:33:26,Toyota,Yaris,6,0,0.0
2026-07-16T07:33:26,Toyota,Yaris 3,2,0,0.0
2026-07-16T07:33:26,Toyota,Yaris 4,13,0,0.0
2026-07-16T07:33:26,Volkswagen,Arteon Shooting Brake,1,0,0.0
2026-07-16T07:33:26,Volkswagen,Coccinelle,1,0,0.0
2026-07-16T07:33:26,Volkswagen,E-UP,1,1,1.0
2026-07-16T07:33:26,Volkswagen,Golf,6,0,0.0
2026-07-16T07:33:26,Volkswagen,Golf 7,6,1,0.1667
2026-07-16T07:33:26,Volkswagen,Golf 8,26,0,0.0
2026-07-16T07:33:26,Volkswagen,Golf 8 SW,9,0,0.0
2026-07-16T07:33:26,Volkswagen,Golf Sportsvan,1,0,0.0
2026-07-16T07:33:26,Volkswagen,ID.4,1,1,1.0
2026-07-16T07:33:26,Volkswagen,ID.5,1,1,1.0
2026-07-16T07:33:26,Volkswagen,Passat,5,0,0.0
2026-07-16T07:33:26,Volkswagen,Passat SW,2,0,0.0
2026-07-16T07:33:26,Volkswagen,Polo,18,0,0.0
2026-07-16T07:33:26,Volkswagen,T-CROSS,20,0,0.0
2026-07-16T07:33:26,Volkswagen,T-Cross,0,0,0.0
2026-07-16T07:33:26,Volkswagen,T-Roc,36,0,0.0
2026-07-16T07:33:26,Volkswagen,T-Roc Cabriolet,3,0,0.0
2026-07-16T07:33:26,Volkswagen,TAIGO,7,0,0.0
2026-07-16T07:33:26,Volkswagen,TIGUAN,0,0,0.0
2026-07-16T07:33:26,Volkswagen,Taigo,0,0,0.0
2026-07-16T07:33:26,Volkswagen,Tayron,3,0,0.0
2026-07-16T07:33:26,Volkswagen,Tiguan,23,0,0.0
2026-07-16T07:33:26,Volkswagen,Tiguan Allspace,1,0,0.0
2026-07-16T07:33:26,Volkswagen,Touran,2,0,0.0
2026-07-16T07:33:26,Volkswagen,Up,2,1,0.5
2026-07-16T07:33:26,Volvo,C40,1,1,1.0
2026-07-16T07:33:26,Volvo,EX30,2,2,1.0
2026-07-16T07:33:26,Volvo,S90,1,0,0.0
2026-07-16T07:33:26,Volvo,V40,1,0,0.0
2026-07-16T07:33:26,Volvo,V60,1,0,0.0
2026-07-16T07:33:26,Volvo,V60 Cross Country,2,0,0.0
2026-07-16T07:33:26,Volvo,XC40,9,1,0.1111
2026-07-16T07:33:26,Volvo,XC60,5,0,0.0
2026-07-16T07:33:26,Volvo,XC90,3,0,0.0
2026-07-16T07:33:26,XPENG,G6,1,1,1.0
2026-07-16T10:08:07,Alfa Romeo,Giulia,1,0,0.0
2026-07-16T10:08:07,Alfa Romeo,Junior,12,5,0.4167
2026-07-16T10:08:07,Alfa Romeo,Stelvio,1,0,0.0
2026-07-16T10:08:07,Alfa Romeo,Tonale,11,0,0.0
2026-07-16T10:08:07,Alpine,A290,1,1,1.0
2026-07-16T10:08:07,Audi,A1 Allstreet,1,0,0.0
2026-07-16T10:08:07,Audi,A1 Sportback,12,0,0.0
2026-07-16T10:08:07,Audi,A3 Sportback,20,0,0.0
2026-07-16T10:08:07,Audi,A4 Avant,3,0,0.0
2026-07-16T10:08:07,Audi,A6 Avant,2,0,0.0
2026-07-16T10:08:07,Audi,E-TRON,3,3,1.0
2026-07-16T10:08:07,Audi,Q2,17,0,0.0
2026-07-16T10:08:07,Audi,Q3,2,0,0.0
2026-07-16T10:08:07,Audi,Q4 E-TRON,1,1,1.0
2026-07-16T10:08:07,Audi,Q5,1,0,0.0
2026-07-16T10:08:07,BMW,I3,1,1,1.0
2026-07-16T10:08:07,BMW,Série 1,16,0,0.0
2026-07-16T10:08:07,BMW,Série 2 Active Tourer,3,0,0.0
2026-07-16T10:08:07,BMW,Série 2 Gran Coupé,1,0,0.0
2026-07-16T10:08:07,BMW,Série 2 Gran Tourer,1,0,0.0
2026-07-16T10:08:07,BMW,Série 3 Touring,2,0,0.0
2026-07-16T10:08:07,BMW,Série 5 Touring,1,0,0.0
2026-07-16T10:08:07,BMW,X1,18,0,0.0
2026-07-16T10:08:07,BMW,X2,3,0,0.0
2026-07-16T10:08:07,BMW,X3,3,0,0.0
2026-07-16T10:08:07,BMW,i4,3,3,1.0
2026-07-16T10:08:07,BMW,iX1,2,2,1.0
2026-07-16T10:08:07,BYD,Atto 2,2,2,1.0
2026-07-16T10:08:07,BYD,DOLPHIN SURF,1,1,1.0
2026-07-16T10:08:07,BYD,Dolfin Surf,1,1,1.0
2026-07-16T10:08:07,BYD,Dolphin,1,1,1.0
2026-07-16T10:08:07,BYD,SEAL 6 TOURING,4,0,0.0
2026-07-16T10:08:07,BYD,Seal 6,2,0,0.0
2026-07-16T10:08:07,BYD,Seal 6 Touring,0,0,0.0
2026-07-16T10:08:07,BYD,Seal U,4,0,0.0
2026-07-16T10:08:07,Citroën,AMI,3,3,1.0
2026-07-16T10:08:07,Citroën,Berlingo,6,4,0.6667
2026-07-16T10:08:07,Citroën,Berlingo Fourgon,1,0,0.0
2026-07-16T10:08:07,Citroën,C3,50,13,0.26
2026-07-16T10:08:07,Citroën,C3 Aircross,32,5,0.1562
2026-07-16T10:08:07,Citroën,C4,59,10,0.1695
2026-07-16T10:08:07,Citroën,C4 CACTUS BUSINESS,1,0,0.0
2026-07-16T10:08:07,Citroën,C4 Cactus,14,0,0.0
2026-07-16T10:08:07,Citroën,C4 Picasso,4,0,0.0
2026-07-16T10:08:07,Citroën,C4 X,4,1,0.25
2026-07-16T10:08:07,Citroën,C5 Aircross,69,0,0.0
2026-07-16T10:08:07,Citroën,C5 X,9,0,0.0
2026-07-16T10:08:07,Citroën,GRAND C4 SPACETOURER,4,0,0.0
2026-07-16T10:08:07,Citroën,Grand C4 Picasso,3,0,0.0
2026-07-16T10:08:07,Citroën,Grand C4 Spacetourer,0,0,0.0
2026-07-16T10:08:07,Citroën,JUMPY CABINE APPROFONDIE,1,0,0.0
2026-07-16T10:08:07,Citroën,Jumper Fourgon,1,0,0.0
2026-07-16T10:08:07,Citroën,Jumpy,1,0,0.0
2026-07-16T10:08:07,Cupra,Ateca,1,0,0.0
2026-07-16T10:08:07,Cupra,Born,1,1,1.0
2026-07-16T10:08:07,Cupra,FORMENTOR,16,0,0.0
2026-07-16T10:08:07,Cupra,Formentor,0,0,0.0
2026-07-16T10:08:07,Cupra,Leon,1,0,0.0
2026-07-16T10:08:07,Cupra,Leon Sportstourer,2,0,0.0
2026-07-16T10:08:07,Cupra,Terramar,2,0,0.0
2026-07-16T10:08:07,DS,DS3,6,0,0.0
2026-07-16T10:08:07,DS,DS3 CROSSBACK,10,2,0.2
2026-07-16T10:08:07,DS,DS4,19,0,0.0
2026-07-16T10:08:07,DS,DS7,23,0,0.0
2026-07-16T10:08:07,DS,DS7 CROSSBACK,11,0,0.0
2026-07-16T10:08:07,DS,DS7 Crossback,0,0,0.0
2026-07-16T10:08:07,DS,N 4,5,0,0.0
2026-07-16T10:08:07,Dacia,Bigster,25,0,0.0
2026-07-16T10:08:07,Dacia,Dokker,1,0,0.0
2026-07-16T10:08:07,Dacia,Duster,70,0,0.0
2026-07-16T10:08:07,Dacia,JOGGER,14,0,0.0
2026-07-16T10:08:07,Dacia,Jogger,0,0,0.0
2026-07-16T10:08:07,Dacia,SPRING,18,18,1.0
2026-07-16T10:08:07,Dacia,Sandero,29,0,0.0
2026-07-16T10:08:07,Fiat,500,33,18,0.5455
2026-07-16T10:08:07,Fiat,500C,6,5,0.8333
2026-07-16T10:08:07,Fiat,500X,9,0,0.0
2026-07-16T10:08:07,Fiat,500e,1,1,1.0
2026-07-16T10:08:07,Fiat,600,12,1,0.0833
2026-07-16T10:08:07,Fiat,DOBLO CARGO,1,0,0.0
2026-07-16T10:08:07,Fiat,DUCATO FOURGON,1,0,0.0
2026-07-16T10:08:07,Fiat,PANDINA,1,0,0.0
2026-07-16T10:08:07,Fiat,Panda,5,0,0.0
2026-07-16T10:08:07,Fiat,Tipo,1,0,0.0
2026-07-16T10:08:07,Fiat,Tipo Cross,1,0,0.0
2026-07-16T10:08:07,Fiat,Tipo SW,1,0,0.0
2026-07-16T10:08:07,Ford,Ecosport,3,0,0.0
2026-07-16T10:08:07,Ford,Fiesta,13,0,0.0
2026-07-16T10:08:07,Ford,Focus,10,0,0.0
2026-07-16T10:08:07,Ford,Focus SW,7,0,0.0
2026-07-16T10:08:07,Ford,Kuga,11,0,0.0
2026-07-16T10:08:07,Ford,Mustang MACH-E,1,1,1.0
2026-07-16T10:08:07,Ford,PUMA,34,0,0.0
2026-07-16T10:08:07,Ford,Puma,0,0,0.0
2026-07-16T10:08:07,Ford,TRANSIT CONNECT FGN,2,0,0.0
2026-07-16T10:08:07,Honda,CR-V,1,0,0.0
2026-07-16T10:08:07,Honda,Civic,2,0,0.0
2026-07-16T10:08:07,Honda,HR-V,2,0,0.0
2026-07-16T10:08:07,Hyundai,BAYON,1,0,0.0
2026-07-16T10:08:07,Hyundai,Kona,18,3,0.1667
2026-07-16T10:08:07,Hyundai,Tucson,36,0,0.0
2026-07-16T10:08:07,Hyundai,i10,4,0,0.0
2026-07-16T10:08:07,Hyundai,i20,2,0,0.0
2026-07-16T10:08:07,Jaecoo,Jaecoo 7,4,0,0.0
2026-07-16T10:08:07,Jeep,Avenger,20,10,0.5
2026-07-16T10:08:07,Jeep,Compass,12,0,0.0
2026-07-16T10:08:07,Jeep,Renegade,16,0,0.0
2026-07-16T10:08:07,Kia,Ceed,5,0,0.0
2026-07-16T10:08:07,Kia,Ceed SW,1,0,0.0
2026-07-16T10:08:07,Kia,EV3,1,1,1.0
2026-07-16T10:08:07,Kia,Niro,4,1,0.25
2026-07-16T10:08:07,Kia,ProCeed,4,0,0.0
2026-07-16T10:08:07,Kia,Rio,2,0,0.0
2026-07-16T10:08:07,Kia,Soul,1,1,1.0
2026-07-16T10:08:07,Kia,Sportage,16,0,0.0
2026-07-16T10:08:07,Kia,Stonic,6,0,0.0
2026-07-16T10:08:07,Kia,Venga,1,0,0.0
2026-07-16T10:08:07,Kia,XCEED,5,0,0.0
2026-07-16T10:08:07,Kia,Xceed,0,0,0.0
2026-07-16T10:08:07,Lancia,Ypsilon,1,0,0.0
2026-07-16T10:08:07,Lexus,UX,1,0,0.0
2026-07-16T10:08:07,Lynk&Co,01,2,0,0.0
2026-07-16T10:08:07,MG,EHS,20,0,0.0
2026-07-16T10:08:07,MG,MG3,14,0,0.0
2026-07-16T10:08:07,MG,MG4,7,7,1.0
2026-07-16T10:08:07,MG,MGS5,3,3,1.0
2026-07-16T10:08:07,MG,MGS6,1,1,1.0
2026-07-16T10:08:07,MG,ZS,19,2,0.1053
2026-07-16T10:08:07,Mazda,CX-30,1,0,0.0
2026-07-16T10:08:07,Mazda,CX-5,2,0,0.0
2026-07-16T10:08:07,Mazda,CX-60,1,0,0.0
2026-07-16T10:08:07,Mazda,CX-80,1,0,0.0
2026-07-16T10:08:07,Mazda,MX-30,2,2,1.0
2026-07-16T10:08:07,Mazda,MX-30 2020,1,1,1.0
2026-07-16T10:08:07,Mazda,MX-5,2,0,0.0
2026-07-16T10:08:07,Mazda,Mazda 3,2,0,0.0
2026-07-16T10:08:07,Mercedes,CLA,1,0,0.0
2026-07-16T10:08:07,Mercedes,CLA Shooting Brake,5,0,0.0
2026-07-16T10:08:07,Mercedes,CLASSE C BREAK,3,0,0.0
2026-07-16T10:08:07,Mercedes,Classe A,10,0,0.0
2026-07-16T10:08:07,Mercedes,Classe B,3,0,0.0
2026-07-16T10:08:07,Mercedes,Classe C,2,0,0.0
2026-07-16T10:08:07,Mercedes,Classe C coupé,1,0,0.0
2026-07-16T10:08:07,Mercedes,Classe E Break,1,0,0.0
2026-07-16T10:08:07,Mercedes,Classe E Coupé,1,0,0.0
2026-07-16T10:08:07,Mercedes,GLA,5,0,0.0
2026-07-16T10:08:07,Mercedes,GLB,2,0,0.0
2026-07-16T10:08:07,Mini,Clubman,5,0,0.0
2026-07-16T10:08:07,Mini,Countryman,15,1,0.0667
2026-07-16T10:08:07,Mini,Mini,7,2,0.2857
2026-07-16T10:08:07,Mitsubishi,Space Star,1,0,0.0
2026-07-16T10:08:07,Nissan,Juke,21,0,0.0
2026-07-16T10:08:07,Nissan,Leaf,2,2,1.0
2026-07-16T10:08:07,Nissan,Micra,2,0,0.0
2026-07-16T10:08:07,Nissan,Qashqai,24,0,0.0
2026-07-16T10:08:07,Nissan,X-Trail,2,0,0.0
2026-07-16T10:08:07,Opel,ASTRA ELECTRIQUE,1,1,1.0
2026-07-16T10:08:07,Opel,Adam,2,0,0.0
2026-07-16T10:08:07,Opel,Astra,8,0,0.0
2026-07-16T10:08:07,Opel,Astra Sports Tourer,3,0,0.0
2026-07-16T10:08:07,Opel,COMBO CARGO,1,0,0.0
2026-07-16T10:08:07,Opel,Corsa,38,7,0.1842
2026-07-16T10:08:07,Opel,Crossland,6,0,0.0
2026-07-16T10:08:07,Opel,Crossland X,6,0,0.0
2026-07-16T10:08:07,Opel,FRONTERA,5,4,0.8
2026-07-16T10:08:07,Opel,GRANDLAND,5,0,0.0
2026-07-16T10:08:07,Opel,Grandland,0,0,0.0
2026-07-16T10:08:07,Opel,Grandland X,7,0,0.0
2026-07-16T10:08:07,Opel,INSIGNIA GRAND SPORT,1,0,0.0
2026-07-16T10:08:07,Opel,MOKKA ELECTRIQUE,1,1,1.0
2026-07-16T10:08:07,Opel,Mokka,27,13,0.4815
2026-07-16T10:08:07,Opel,Mokka X,1,0,0.0
2026-07-16T10:08:07,Opel,VIVARO FOURGON,1,0,0.0
2026-07-16T10:08:07,Peugeot,108,9,0,0.0
2026-07-16T10:08:07,Peugeot,2008,193,37,0.1917
2026-07-16T10:08:07,Peugeot,208,106,29,0.2736
2026-07-16T10:08:07,Peugeot,208 AFFAIRE,4,1,0.25
2026-07-16T10:08:07,Peugeot,3008,145,6,0.0414
2026-07-16T10:08:07,Peugeot,308,72,6,0.0833
2026-07-16T10:08:07,Peugeot,308 AFFAIRE,2,0,0.0
2026-07-16T10:08:07,Peugeot,308 SW,22,1,0.0455
2026-07-16T10:08:07,Peugeot,407 Berline,1,0,0.0
2026-07-16T10:08:07,Peugeot,408,23,1,0.0435
2026-07-16T10:08:07,Peugeot,5008,55,0,0.0
2026-07-16T10:08:07,Peugeot,508,7,0,0.0
2026-07-16T10:08:07,Peugeot,508 SW,9,0,0.0
2026-07-16T10:08:07,Peugeot,Boxer,1,0,0.0
2026-07-16T10:08:07,Peugeot,Boxer Fourgon,1,0,0.0
2026-07-16T10:08:07,Peugeot,Expert Fourgon,2,0,0.0
2026-07-16T10:08:07,Peugeot,Rifter,3,0,0.0
2026-07-16T10:08:07,Renault,Arkana,21,0,0.0
2026-07-16T10:08:07,Renault,Austral,32,0,0.0
2026-07-16T10:08:07,Renault,Captur,77,0,0.0
2026-07-16T10:08:07,Renault,Clio 4,9,0,0.0
2026-07-16T10:08:07,Renault,Clio 4 Estate,1,0,0.0
2026-07-16T10:08:07,Renault,Clio 5,83,0,0.0
2026-07-16T10:08:07,Renault,Clio 6,6,0,0.0
2026-07-16T10:08:07,Renault,Clio Société,1,0,0.0
2026-07-16T10:08:07,Renault,EXPRESS VAN,2,0,0.0
2026-07-16T10:08:07,Renault,Espace 5,1,0,0.0
2026-07-16T10:08:07,Renault,Espace 6,2,0,0.0
2026-07-16T10:08:07,Renault,Grand Scénic 4,5,0,0.0
2026-07-16T10:08:07,Renault,Kadjar,17,0,0.0
2026-07-16T10:08:07,Renault,Kangoo,1,0,0.0
2026-07-16T10:08:07,Renault,Koleos,1,0,0.0
2026-07-16T10:08:07,Renault,Mégane,1,0,0.0
2026-07-16T10:08:07,Renault,Mégane 3,1,0,0.0
2026-07-16T10:08:07,Renault,Mégane 4,22,0,0.0
2026-07-16T10:08:07,Renault,Mégane 4 Estate,8,0,0.0
2026-07-16T10:08:07,Renault,Mégane E-TECH,8,8,1.0
2026-07-16T10:08:07,Renault,R4,9,9,1.0
2026-07-16T10:08:07,Renault,R5,47,47,1.0
2026-07-16T10:08:07,Renault,Rafale,9,0,0.0
2026-07-16T10:08:07,Renault,Scénic 4,13,0,0.0
2026-07-16T10:08:07,Renault,Scénic E-Tech,11,11,1.0
2026-07-16T10:08:07,Renault,Symbioz,37,0,0.0
2026-07-16T10:08:07,Renault,TRAFIC FOURGON,1,0,0.0
2026-07-16T10:08:07,Renault,TRAFIC FOURGON III,1,0,0.0
2026-07-16T10:08:07,Renault,TWINGO E-TECH ELECTRIQUE,2,2,1.0
2026-07-16T10:08:07,Renault,Talisman,1,0,0.0
2026-07-16T10:08:07,Renault,Talisman Estate,1,0,0.0
2026-07-16T10:08:07,Renault,Trafic,2,0,0.0
2026-07-16T10:08:07,Renault,Twingo 3,15,6,0.4
2026-07-16T10:08:07,Renault,Wind,1,0,0.0
2026-07-16T10:08:07,Renault,ZOE E-tech Electrique,1,1,1.0
2026-07-16T10:08:07,Renault,Zoé,15,15,1.0
2026-07-16T10:08:07,Seat,Arona,8,0,0.0
2026-07-16T10:08:07,Seat,Ateca,12,0,0.0
2026-07-16T10:08:07,Seat,Ibiza,5,0,0.0
2026-07-16T10:08:07,Seat,Leon,3,0,0.0
2026-07-16T10:08:07,Seat,Leon ST,1,0,0.0
2026-07-16T10:08:07,Skoda,ENYAQ,1,1,1.0
2026-07-16T10:08:07,Skoda,FABIA COMBI,1,0,0.0
2026-07-16T10:08:07,Skoda,Fabia,3,0,0.0
2026-07-16T10:08:07,Skoda,KAMIQ,2,0,0.0
2026-07-16T10:08:07,Skoda,Kamiq,0,0,0.0
2026-07-16T10:08:07,Skoda,Karoq,2,0,0.0
2026-07-16T10:08:07,Skoda,Kodiaq,1,0,0.0
2026-07-16T10:08:07,Skoda,OCTAVIA COMBI,0,0,0.0
2026-07-16T10:08:07,Skoda,Octavia,2,0,0.0
2026-07-16T10:08:07,Skoda,Octavia Combi,9,0,0.0
2026-07-16T10:08:07,Skoda,Scala,2,0,0.0
2026-07-16T10:08:07,Skoda,Superb Combi,1,0,0.0
2026-07-16T10:08:07,Smart,FORFOUR,2,2,1.0
2026-07-16T10:08:07,Smart,Fortwo EQ,2,2,1.0
2026-07-16T10:08:07,Suzuki,Ignis,3,0,0.0
2026-07-16T10:08:07,Suzuki,Swift,4,0,0.0
2026-07-16T10:08:07,Tesla,MODEL 3,6,6,1.0
2026-07-16T10:08:07,Tesla,MODEL X,2,2,1.0
2026-07-16T10:08:07,Tesla,MODEL Y,6,6,1.0
2026-07-16T10:08:07,Toyota,AURIS TOURING SPORTS,1,0,0.0
2026-07-16T10:08:07,Toyota,Auris,1,0,0.0
2026-07-16T10:08:07,Toyota,Aygo X,9,0,0.0
2026-07-16T10:08:07,Toyota,C-HR,20,0,0.0
2026-07-16T10:08:07,Toyota,Corolla,8,0,0.0
2026-07-16T10:08:07,Toyota,Corolla Cross,2,0,0.0
2026-07-16T10:08:07,Toyota,Corolla Sw,1,0,0.0
2026-07-16T10:08:07,Toyota,Corolla Touring Sports,12,0,0.0
2026-07-16T10:08:07,Toyota,Prius,1,0,0.0
2026-07-16T10:08:07,Toyota,Proace City Verso,1,0,0.0
2026-07-16T10:08:07,Toyota,RAV 4,7,0,0.0
2026-07-16T10:08:07,Toyota,YARIS CROSS,2,0,0.0
2026-07-16T10:08:07,Toyota,YARIS HYBRIDE,1,0,0.0
2026-07-16T10:08:07,Toyota,Yaris,7,0,0.0
2026-07-16T10:08:07,Toyota,Yaris 3,1,0,0.0
2026-07-16T10:08:07,Toyota,Yaris 4,13,0,0.0
2026-07-16T10:08:07,Volkswagen,Arteon Shooting Brake,1,0,0.0
2026-07-16T10:08:07,Volkswagen,Coccinelle,1,0,0.0
2026-07-16T10:08:07,Volkswagen,E-UP,1,1,1.0
2026-07-16T10:08:07,Volkswagen,Golf,6,0,0.0
2026-07-16T10:08:07,Volkswagen,Golf 7,5,1,0.2
2026-07-16T10:08:07,Volkswagen,Golf 8,25,0,0.0
2026-07-16T10:08:07,Volkswagen,Golf 8 SW,8,0,0.0
2026-07-16T10:08:07,Volkswagen,Golf Sportsvan,1,0,0.0
2026-07-16T10:08:07,Volkswagen,ID.4,1,1,1.0
2026-07-16T10:08:07,Volkswagen,ID.5,1,1,1.0
2026-07-16T10:08:07,Volkswagen,Passat,5,0,0.0
2026-07-16T10:08:07,Volkswagen,Passat SW,2,0,0.0
2026-07-16T10:08:07,Volkswagen,Polo,16,0,0.0
2026-07-16T10:08:07,Volkswagen,T-CROSS,19,0,0.0
2026-07-16T10:08:07,Volkswagen,T-Cross,0,0,0.0
2026-07-16T10:08:07,Volkswagen,T-Roc,38,0,0.0
2026-07-16T10:08:07,Volkswagen,T-Roc Cabriolet,3,0,0.0
2026-07-16T10:08:07,Volkswagen,TAIGO,8,0,0.0
2026-07-16T10:08:07,Volkswagen,TIGUAN,0,0,0.0
2026-07-16T10:08:07,Volkswagen,Taigo,0,0,0.0
2026-07-16T10:08:07,Volkswagen,Tayron,3,0,0.0
2026-07-16T10:08:07,Volkswagen,Tiguan,23,0,0.0
2026-07-16T10:08:07,Volkswagen,Tiguan Allspace,1,0,0.0
2026-07-16T10:08:07,Volkswagen,Touran,3,0,0.0
2026-07-16T10:08:07,Volkswagen,Up,1,0,0.0
2026-07-16T10:08:07,Volvo,C40,1,1,1.0
2026-07-16T10:08:07,Volvo,EX30,2,2,1.0
2026-07-16T10:08:07,Volvo,S90,1,0,0.0
2026-07-16T10:08:07,Volvo,V40,1,0,0.0
2026-07-16T10:08:07,Volvo,V60,1,0,0.0
2026-07-16T10:08:07,Volvo,V60 Cross Country,2,0,0.0
2026-07-16T10:08:07,Volvo,XC40,9,1,0.1111
2026-07-16T10:08:07,Volvo,XC60,5,0,0.0
2026-07-16T10:08:07,Volvo,XC90,3,0,0.0
2026-07-16T10:08:07,XPENG,G6,1,1,1.0
2026-07-17T09:56:38,Alfa Romeo,Giulia,1,0,0.0
2026-07-17T09:56:38,Alfa Romeo,Junior,13,6,0.4615
2026-07-17T09:56:38,Alfa Romeo,Stelvio,1,0,0.0
2026-07-17T09:56:38,Alfa Romeo,Tonale,12,0,0.0
2026-07-17T09:56:38,Alpine,A290,1,1,1.0
2026-07-17T09:56:38,Audi,A1 Allstreet,1,0,0.0
2026-07-17T09:56:38,Audi,A1 Sportback,11,0,0.0
2026-07-17T09:56:38,Audi,A3 Sportback,17,0,0.0
2026-07-17T09:56:38,Audi,A4,1,0,0.0
2026-07-17T09:56:38,Audi,A4 Avant,3,0,0.0
2026-07-17T09:56:38,Audi,A6 Avant,2,0,0.0
2026-07-17T09:56:38,Audi,E-TRON,2,2,1.0
2026-07-17T09:56:38,Audi,Q2,17,0,0.0
2026-07-17T09:56:38,Audi,Q3,2,0,0.0
2026-07-17T09:56:38,Audi,Q3 Sportback,1,0,0.0
2026-07-17T09:56:38,Audi,Q4 E-TRON,1,1,1.0
2026-07-17T09:56:38,Audi,Q5,1,0,0.0
2026-07-17T09:56:38,BMW,I3,1,1,1.0
2026-07-17T09:56:38,BMW,Série 1,18,0,0.0
2026-07-17T09:56:38,BMW,Série 2 Active Tourer,2,0,0.0
2026-07-17T09:56:38,BMW,Série 2 Gran Coupé,1,0,0.0
2026-07-17T09:56:38,BMW,Série 2 Gran Tourer,1,0,0.0
2026-07-17T09:56:38,BMW,Série 3,1,0,0.0
2026-07-17T09:56:38,BMW,Série 3 Touring,2,0,0.0
2026-07-17T09:56:38,BMW,Série 5 Touring,1,0,0.0
2026-07-17T09:56:38,BMW,X1,17,0,0.0
2026-07-17T09:56:38,BMW,X2,5,0,0.0
2026-07-17T09:56:38,BMW,X3,2,0,0.0
2026-07-17T09:56:38,BMW,X5,1,0,0.0
2026-07-17T09:56:38,BMW,i4,3,3,1.0
2026-07-17T09:56:38,BMW,iX1,2,2,1.0
2026-07-17T09:56:38,BYD,Atto 2,2,2,1.0
2026-07-17T09:56:38,BYD,DOLPHIN SURF,1,1,1.0
2026-07-17T09:56:38,BYD,Dolfin Surf,1,1,1.0
2026-07-17T09:56:38,BYD,Dolphin,1,1,1.0
2026-07-17T09:56:38,BYD,SEAL 6 TOURING,3,0,0.0
2026-07-17T09:56:38,BYD,Seal 6,2,0,0.0
2026-07-17T09:56:38,BYD,Seal 6 Touring,0,0,0.0
2026-07-17T09:56:38,BYD,Seal U,3,0,0.0
2026-07-17T09:56:38,BYD,Sealion 7,2,2,1.0
2026-07-17T09:56:38,Citroën,AMI,3,3,1.0
2026-07-17T09:56:38,Citroën,Berlingo,6,4,0.6667
2026-07-17T09:56:38,Citroën,Berlingo Fourgon,2,0,0.0
2026-07-17T09:56:38,Citroën,C1,1,0,0.0
2026-07-17T09:56:38,Citroën,C3,54,12,0.2222
2026-07-17T09:56:38,Citroën,C3 Aircross,35,5,0.1429
2026-07-17T09:56:38,Citroën,C4,57,10,0.1754
2026-07-17T09:56:38,Citroën,C4 CACTUS BUSINESS,1,0,0.0
2026-07-17T09:56:38,Citroën,C4 Cactus,13,0,0.0
2026-07-17T09:56:38,Citroën,C4 Picasso,5,0,0.0
2026-07-17T09:56:38,Citroën,C4 X,3,1,0.3333
2026-07-17T09:56:38,Citroën,C5 Aircross,66,0,0.0
2026-07-17T09:56:38,Citroën,C5 X,8,0,0.0
2026-07-17T09:56:38,Citroën,GRAND C4 SPACETOURER,4,0,0.0
2026-07-17T09:56:38,Citroën,Grand C4 Picasso,3,0,0.0
2026-07-17T09:56:38,Citroën,Grand C4 Spacetourer,0,0,0.0
2026-07-17T09:56:38,Citroën,JUMPY CABINE APPROFONDIE,1,0,0.0
2026-07-17T09:56:38,Citroën,Jumper Fourgon,1,0,0.0
2026-07-17T09:56:38,Citroën,Jumpy,1,0,0.0
2026-07-17T09:56:38,Cupra,Ateca,1,0,0.0
2026-07-17T09:56:38,Cupra,FORMENTOR,21,0,0.0
2026-07-17T09:56:38,Cupra,Leon,2,0,0.0
2026-07-17T09:56:38,Cupra,Leon Sportstourer,3,0,0.0
2026-07-17T09:56:38,Cupra,Terramar,2,0,0.0
2026-07-17T09:56:38,DS,DS3,6,0,0.0
2026-07-17T09:56:38,DS,DS3 CROSSBACK,10,2,0.2
2026-07-17T09:56:38,DS,DS4,22,0,0.0
2026-07-17T09:56:38,DS,DS7,23,0,0.0
2026-07-17T09:56:38,DS,DS7 CROSSBACK,11,0,0.0
2026-07-17T09:56:38,DS,DS7 Crossback,0,0,0.0
2026-07-17T09:56:38,DS,N 4,5,0,0.0
2026-07-17T09:56:38,Dacia,Bigster,22,0,0.0
2026-07-17T09:56:38,Dacia,Dokker,1,0,0.0
2026-07-17T09:56:38,Dacia,Duster,70,0,0.0
2026-07-17T09:56:38,Dacia,JOGGER,14,0,0.0
2026-07-17T09:56:38,Dacia,Jogger,0,0,0.0
2026-07-17T09:56:38,Dacia,SPRING,18,18,1.0
2026-07-17T09:56:38,Dacia,Sandero,28,0,0.0
2026-07-17T09:56:38,Fiat,500,33,18,0.5455
2026-07-17T09:56:38,Fiat,500C,7,6,0.8571
2026-07-17T09:56:38,Fiat,500X,9,0,0.0
2026-07-17T09:56:38,Fiat,500e,1,1,1.0
2026-07-17T09:56:38,Fiat,600,13,1,0.0769
2026-07-17T09:56:38,Fiat,DOBLO CARGO,1,0,0.0
2026-07-17T09:56:38,Fiat,DUCATO FOURGON,0,0,0.0
2026-07-17T09:56:38,Fiat,PANDINA,1,0,0.0
2026-07-17T09:56:38,Fiat,Panda,5,0,0.0
2026-07-17T09:56:38,Fiat,Tipo,1,0,0.0
2026-07-17T09:56:38,Fiat,Tipo Cross,1,0,0.0
2026-07-17T09:56:38,Ford,Ecosport,3,0,0.0
2026-07-17T09:56:38,Ford,Fiesta,11,0,0.0
2026-07-17T09:56:38,Ford,Focus,7,0,0.0
2026-07-17T09:56:38,Ford,Focus SW,7,0,0.0
2026-07-17T09:56:38,Ford,Kuga,13,0,0.0
2026-07-17T09:56:38,Ford,Mustang MACH-E,1,1,1.0
2026-07-17T09:56:38,Ford,PUMA,33,0,0.0
2026-07-17T09:56:38,Ford,Puma,0,0,0.0
2026-07-17T09:56:38,Ford,TRANSIT CONNECT FGN,2,0,0.0
2026-07-17T09:56:38,Honda,Civic,2,0,0.0
2026-07-17T09:56:38,Honda,HR-V,2,0,0.0
2026-07-17T09:56:38,Hyundai,BAYON,2,0,0.0
2026-07-17T09:56:38,Hyundai,Bayon,0,0,0.0
2026-07-17T09:56:38,Hyundai,IONIQ ELECTRIQUE,1,1,1.0
2026-07-17T09:56:38,Hyundai,Kona,17,3,0.1765
2026-07-17T09:56:38,Hyundai,Tucson,37,0,0.0
2026-07-17T09:56:38,Hyundai,i10,3,0,0.0
2026-07-17T09:56:38,Hyundai,i20,4,0,0.0
2026-07-17T09:56:38,Jaecoo,Jaecoo 7,4,0,0.0
2026-07-17T09:56:38,Jeep,Avenger,21,9,0.4286
2026-07-17T09:56:38,Jeep,Compass,13,0,0.0
2026-07-17T09:56:38,Jeep,Renegade,16,0,0.0
2026-07-17T09:56:38,Kia,Ceed,5,0,0.0
2026-07-17T09:56:38,Kia,Ceed SW,1,0,0.0
2026-07-17T09:56:38,Kia,EV3,1,1,1.0
2026-07-17T09:56:38,Kia,Niro,4,1,0.25
2026-07-17T09:56:38,Kia,ProCeed,4,0,0.0
2026-07-17T09:56:38,Kia,Rio,4,0,0.0
2026-07-17T09:56:38,Kia,Soul,1,1,1.0
2026-07-17T09:56:38,Kia,Sportage,15,0,0.0
2026-07-17T09:56:38,Kia,Stonic,6,0,0.0
2026-07-17T09:56:38,Kia,Venga,1,0,0.0
2026-07-17T09:56:38,Kia,XCEED,5,0,0.0
2026-07-17T09:56:38,Kia,Xceed,0,0,0.0
2026-07-17T09:56:38,Lancia,Ypsilon,1,0,0.0
2026-07-17T09:56:38,Lexus,UX,1,0,0.0
2026-07-17T09:56:38,Lynk&Co,01,3,0,0.0
2026-07-17T09:56:38,MG,EHS,19,0,0.0
2026-07-17T09:56:38,MG,MG3,13,0,0.0
2026-07-17T09:56:38,MG,MG4,7,7,1.0
2026-07-17T09:56:38,MG,MGS5,2,2,1.0
2026-07-17T09:56:38,MG,ZS,16,1,0.0625
2026-07-17T09:56:38,Mazda,CX-5,2,0,0.0
2026-07-17T09:56:38,Mazda,CX-60,1,0,0.0
2026-07-17T09:56:38,Mazda,CX-80,1,0,0.0
2026-07-17T09:56:38,Mazda,MX-30,2,2,1.0
2026-07-17T09:56:38,Mazda,MX-30 2020,1,1,1.0
2026-07-17T09:56:38,Mazda,MX-5,1,0,0.0
2026-07-17T09:56:38,Mazda,Mazda 3,2,0,0.0
2026-07-17T09:56:38,Mercedes,CLA,1,0,0.0
2026-07-17T09:56:38,Mercedes,CLA Shooting Brake,5,0,0.0
2026-07-17T09:56:38,Mercedes,CLASSE C BREAK,3,0,0.0
2026-07-17T09:56:38,Mercedes,Classe A,10,0,0.0
2026-07-17T09:56:38,Mercedes,Classe B,4,0,0.0
2026-07-17T09:56:38,Mercedes,Classe C,3,0,0.0
2026-07-17T09:56:38,Mercedes,Classe C coupé,1,0,0.0
2026-07-17T09:56:38,Mercedes,Classe E Coupé,1,0,0.0
2026-07-17T09:56:38,Mercedes,GLA,4,0,0.0
2026-07-17T09:56:38,Mercedes,GLB,1,0,0.0
2026-07-17T09:56:38,Mini,Clubman,4,0,0.0
2026-07-17T09:56:38,Mini,Countryman,15,1,0.0667
2026-07-17T09:56:38,Mini,Mini,7,2,0.2857
2026-07-17T09:56:38,Mitsubishi,Space Star,2,0,0.0
2026-07-17T09:56:38,Nissan,Juke,23,0,0.0
2026-07-17T09:56:38,Nissan,Leaf,2,2,1.0
2026-07-17T09:56:38,Nissan,Micra,4,0,0.0
2026-07-17T09:56:38,Nissan,Qashqai,23,0,0.0
2026-07-17T09:56:38,Nissan,X-Trail,2,0,0.0
2026-07-17T09:56:38,Opel,ASTRA ELECTRIQUE,1,1,1.0
2026-07-17T09:56:38,Opel,Adam,2,0,0.0
2026-07-17T09:56:38,Opel,Astra,8,0,0.0
2026-07-17T09:56:38,Opel,Astra Sports Tourer,3,0,0.0
2026-07-17T09:56:38,Opel,COMBO CARGO,1,0,0.0
2026-07-17T09:56:38,Opel,Combo Fourgon,1,0,0.0
2026-07-17T09:56:38,Opel,Corsa,38,7,0.1842
2026-07-17T09:56:38,Opel,Crossland,3,0,0.0
2026-07-17T09:56:38,Opel,Crossland X,5,0,0.0
2026-07-17T09:56:38,Opel,FRONTERA,5,4,0.8
2026-07-17T09:56:38,Opel,GRANDLAND,5,0,0.0
2026-07-17T09:56:38,Opel,Grandland,0,0,0.0
2026-07-17T09:56:38,Opel,Grandland X,8,0,0.0
2026-07-17T09:56:38,Opel,INSIGNIA GRAND SPORT,1,0,0.0
2026-07-17T09:56:38,Opel,MOKKA ELECTRIQUE,1,1,1.0
2026-07-17T09:56:38,Opel,Mokka,28,14,0.5
2026-07-17T09:56:38,Opel,Mokka X,1,0,0.0
2026-07-17T09:56:38,Opel,VIVARO FOURGON,1,0,0.0
2026-07-17T09:56:38,Peugeot,108,9,0,0.0
2026-07-17T09:56:38,Peugeot,2008,196,40,0.2041
2026-07-17T09:56:38,Peugeot,208,106,30,0.283
2026-07-17T09:56:38,Peugeot,208 AFFAIRE,5,1,0.2
2026-07-17T09:56:38,Peugeot,3008,141,6,0.0426
2026-07-17T09:56:38,Peugeot,308,69,6,0.087
2026-07-17T09:56:38,Peugeot,308 AFFAIRE,2,0,0.0
2026-07-17T09:56:38,Peugeot,308 SW,23,1,0.0435
2026-07-17T09:56:38,Peugeot,408,23,1,0.0435
2026-07-17T09:56:38,Peugeot,5008,54,0,0.0
2026-07-17T09:56:38,Peugeot,508,7,0,0.0
2026-07-17T09:56:38,Peugeot,508 SW,8,0,0.0
2026-07-17T09:56:38,Peugeot,Boxer,1,0,0.0
2026-07-17T09:56:38,Peugeot,Expert Fourgon,2,0,0.0
2026-07-17T09:56:38,Peugeot,Partner Tepee,1,0,0.0
2026-07-17T09:56:38,Peugeot,RIFTER,0,0,0.0
2026-07-17T09:56:38,Peugeot,Rifter,4,0,0.0
2026-07-17T09:56:38,Polestar,2,1,1,1.0
2026-07-17T09:56:38,Renault,Arkana,20,0,0.0
2026-07-17T09:56:38,Renault,Austral,30,0,0.0
2026-07-17T09:56:38,Renault,Captur,83,0,0.0
2026-07-17T09:56:38,Renault,Clio,1,0,0.0
2026-07-17T09:56:38,Renault,Clio 4,10,0,0.0
2026-07-17T09:56:38,Renault,Clio 5,65,0,0.0
2026-07-17T09:56:38,Renault,Clio 6,6,0,0.0
2026-07-17T09:56:38,Renault,Clio Société,1,0,0.0
2026-07-17T09:56:38,Renault,EXPRESS VAN,2,0,0.0
2026-07-17T09:56:38,Renault,Espace 5,1,0,0.0
2026-07-17T09:56:38,Renault,Espace 6,2,0,0.0
2026-07-17T09:56:38,Renault,Grand Scenic 4,0,0,0.0
2026-07-17T09:56:38,Renault,Grand Scénic 4,6,0,0.0
2026-07-17T09:56:38,Renault,Kadjar,19,0,0.0
2026-07-17T09:56:38,Renault,Kangoo,1,0,0.0
2026-07-17T09:56:38,Renault,Koleos,1,0,0.0
2026-07-17T09:56:38,Renault,Mégane,1,0,0.0
2026-07-17T09:56:38,Renault,Mégane 3,2,0,0.0
2026-07-17T09:56:38,Renault,Mégane 4,25,0,0.0
2026-07-17T09:56:38,Renault,Mégane 4 Estate,7,0,0.0
2026-07-17T09:56:38,Renault,Mégane E-TECH,10,10,1.0
2026-07-17T09:56:38,Renault,R4,9,9,1.0
2026-07-17T09:56:38,Renault,R5,48,48,1.0
2026-07-17T09:56:38,Renault,Rafale,8,0,0.0
2026-07-17T09:56:38,Renault,Scénic 4,14,0,0.0
2026-07-17T09:56:38,Renault,Scénic E-Tech,11,11,1.0
2026-07-17T09:56:38,Renault,Symbioz,39,0,0.0
2026-07-17T09:56:38,Renault,TRAFIC FOURGON,1,0,0.0
2026-07-17T09:56:38,Renault,TWINGO,1,1,1.0
2026-07-17T09:56:38,Renault,TWINGO E-TECH ELECTRIQUE,2,2,1.0
2026-07-17T09:56:38,Renault,Talisman,1,0,0.0
2026-07-17T09:56:38,Renault,Talisman Estate,1,0,0.0
2026-07-17T09:56:38,Renault,Trafic,2,0,0.0
2026-07-17T09:56:38,Renault,Twingo 3,18,8,0.4444
2026-07-17T09:56:38,Renault,Wind,1,0,0.0
2026-07-17T09:56:38,Renault,ZOE E-tech Electrique,1,1,1.0
2026-07-17T09:56:38,Renault,Zoé,14,14,1.0
2026-07-17T09:56:38,Seat,Arona,9,0,0.0
2026-07-17T09:56:38,Seat,Ateca,14,0,0.0
2026-07-17T09:56:38,Seat,Ibiza,5,0,0.0
2026-07-17T09:56:38,Seat,Leon,3,0,0.0
2026-07-17T09:56:38,Seat,Leon ST,1,0,0.0
2026-07-17T09:56:38,Skoda,ENYAQ,1,1,1.0
2026-07-17T09:56:38,Skoda,FABIA COMBI,1,0,0.0
2026-07-17T09:56:38,Skoda,Fabia,4,0,0.0
2026-07-17T09:56:38,Skoda,KAMIQ,2,0,0.0
2026-07-17T09:56:38,Skoda,Kamiq,0,0,0.0
2026-07-17T09:56:38,Skoda,Karoq,3,0,0.0
2026-07-17T09:56:38,Skoda,Kodiaq,1,0,0.0
2026-07-17T09:56:38,Skoda,OCTAVIA COMBI,0,0,0.0
2026-07-17T09:56:38,Skoda,Octavia,2,0,0.0
2026-07-17T09:56:38,Skoda,Octavia Combi,8,0,0.0
2026-07-17T09:56:38,Skoda,Scala,2,0,0.0
2026-07-17T09:56:38,Skoda,Superb Combi,2,0,0.0
2026-07-17T09:56:38,Smart,FORFOUR,2,2,1.0
2026-07-17T09:56:38,Smart,Fortwo EQ,2,2,1.0
2026-07-17T09:56:38,Suzuki,Ignis,3,0,0.0
2026-07-17T09:56:38,Suzuki,Swift,4,0,0.0
2026-07-17T09:56:38,Tesla,MODEL 3,7,7,1.0
2026-07-17T09:56:38,Tesla,MODEL X,3,3,1.0
2026-07-17T09:56:38,Tesla,MODEL Y,6,6,1.0
2026-07-17T09:56:38,Toyota,AURIS TOURING SPORTS,1,0,0.0
2026-07-17T09:56:38,Toyota,Aygo X,9,0,0.0
2026-07-17T09:56:38,Toyota,C-HR,20,0,0.0
2026-07-17T09:56:38,Toyota,Corolla,8,0,0.0
2026-07-17T09:56:38,Toyota,Corolla Cross,2,0,0.0
2026-07-17T09:56:38,Toyota,Corolla Sw,1,0,0.0
2026-07-17T09:56:38,Toyota,Corolla Touring Sports,14,0,0.0
2026-07-17T09:56:38,Toyota,Prius,1,0,0.0
2026-07-17T09:56:38,Toyota,Proace City Verso,1,0,0.0
2026-07-17T09:56:38,Toyota,RAV 4,6,0,0.0
2026-07-17T09:56:38,Toyota,YARIS CROSS,3,0,0.0
2026-07-17T09:56:38,Toyota,YARIS HYBRIDE,1,0,0.0
2026-07-17T09:56:38,Toyota,Yaris,7,0,0.0
2026-07-17T09:56:38,Toyota,Yaris 3,1,0,0.0
2026-07-17T09:56:38,Toyota,Yaris 4,12,0,0.0
2026-07-17T09:56:38,Volkswagen,Arteon Shooting Brake,1,0,0.0
2026-07-17T09:56:38,Volkswagen,Coccinelle,1,0,0.0
2026-07-17T09:56:38,Volkswagen,Golf,7,0,0.0
2026-07-17T09:56:38,Volkswagen,Golf 6,1,0,0.0
2026-07-17T09:56:38,Volkswagen,Golf 7,5,1,0.2
2026-07-17T09:56:38,Volkswagen,Golf 8,23,0,0.0
2026-07-17T09:56:38,Volkswagen,Golf 8 SW,8,0,0.0
2026-07-17T09:56:38,Volkswagen,Golf Sportsvan,1,0,0.0
2026-07-17T09:56:38,Volkswagen,ID.4,1,1,1.0
2026-07-17T09:56:38,Volkswagen,ID.5,1,1,1.0
2026-07-17T09:56:38,Volkswagen,Passat,5,0,0.0
2026-07-17T09:56:38,Volkswagen,Passat SW,1,0,0.0
2026-07-17T09:56:38,Volkswagen,Polo,16,0,0.0
2026-07-17T09:56:38,Volkswagen,T-CROSS,20,0,0.0
2026-07-17T09:56:38,Volkswagen,T-Cross,0,0,0.0
2026-07-17T09:56:38,Volkswagen,T-Roc,42,0,0.0
2026-07-17T09:56:38,Volkswagen,T-Roc Cabriolet,3,0,0.0
2026-07-17T09:56:38,Volkswagen,TAIGO,9,0,0.0
2026-07-17T09:56:38,Volkswagen,TIGUAN,0,0,0.0
2026-07-17T09:56:38,Volkswagen,Taigo,0,0,0.0
2026-07-17T09:56:38,Volkswagen,Tayron,3,0,0.0
2026-07-17T09:56:38,Volkswagen,Tiguan,20,0,0.0
2026-07-17T09:56:38,Volkswagen,Tiguan Allspace,1,0,0.0
2026-07-17T09:56:38,Volkswagen,Touran,3,0,0.0
2026-07-17T09:56:38,Volkswagen,Up,1,0,0.0
2026-07-17T09:56:38,Volvo,C40,1,1,1.0
2026-07-17T09:56:38,Volvo,EX30,2,2,1.0
2026-07-17T09:56:38,Volvo,V40,1,0,0.0
2026-07-17T09:56:38,Volvo,V60,1,0,0.0
2026-07-17T09:56:38,Volvo,V60 Cross Country,2,0,0.0
2026-07-17T09:56:38,Volvo,XC40,9,1,0.1111
2026-07-17T09:56:38,Volvo,XC60,5,0,0.0
2026-07-17T09:56:38,Volvo,XC90,3,0,0.0
2026-07-18T09:24:06,Alfa Romeo,Giulia,1,0,0.0
2026-07-18T09:24:06,Alfa Romeo,Junior,13,5,0.3846
2026-07-18T09:24:06,Alfa Romeo,Stelvio,1,0,0.0
2026-07-18T09:24:06,Alfa Romeo,Tonale,13,0,0.0
2026-07-18T09:24:06,Alpine,A290,1,1,1.0
2026-07-18T09:24:06,Audi,A1 Allstreet,1,0,0.0
2026-07-18T09:24:06,Audi,A1 Sportback,10,0,0.0
2026-07-18T09:24:06,Audi,A3 Sportback,15,0,0.0
2026-07-18T09:24:06,Audi,A4,1,0,0.0
2026-07-18T09:24:06,Audi,A4 Avant,4,0,0.0
2026-07-18T09:24:06,Audi,A6 Avant,2,0,0.0
2026-07-18T09:24:06,Audi,E-TRON,2,2,1.0
2026-07-18T09:24:06,Audi,Q2,19,0,0.0
2026-07-18T09:24:06,Audi,Q3,2,0,0.0
2026-07-18T09:24:06,Audi,Q3 Sportback,1,0,0.0
2026-07-18T09:24:06,Audi,Q4 E-TRON,1,1,1.0
2026-07-18T09:24:06,Audi,Q5,2,0,0.0
2026-07-18T09:24:06,BMW,I3,1,1,1.0
2026-07-18T09:24:06,BMW,IX,1,1,1.0
2026-07-18T09:24:06,BMW,Série 1,16,0,0.0
2026-07-18T09:24:06,BMW,Série 2 Active Tourer,2,0,0.0
2026-07-18T09:24:06,BMW,Série 2 Gran Coupé,1,0,0.0
2026-07-18T09:24:06,BMW,Série 2 Gran Tourer,1,0,0.0
2026-07-18T09:24:06,BMW,Série 3,1,0,0.0
2026-07-18T09:24:06,BMW,Série 3 Touring,2,0,0.0
2026-07-18T09:24:06,BMW,Série 5 Touring,1,0,0.0
2026-07-18T09:24:06,BMW,X1,17,0,0.0
2026-07-18T09:24:06,BMW,X2,5,0,0.0
2026-07-18T09:24:06,BMW,X3,2,0,0.0
2026-07-18T09:24:06,BMW,X5,1,0,0.0
2026-07-18T09:24:06,BMW,i4,3,3,1.0
2026-07-18T09:24:06,BMW,iX1,2,2,1.0
2026-07-18T09:24:06,BYD,Atto 2,2,2,1.0
2026-07-18T09:24:06,BYD,DOLPHIN SURF,1,1,1.0
2026-07-18T09:24:06,BYD,Dolfin Surf,1,1,1.0
2026-07-18T09:24:06,BYD,Dolphin,1,1,1.0
2026-07-18T09:24:06,BYD,SEAL 6 TOURING,3,0,0.0
2026-07-18T09:24:06,BYD,Seal 6,2,0,0.0
2026-07-18T09:24:06,BYD,Seal 6 Touring,0,0,0.0
2026-07-18T09:24:06,BYD,Seal U,2,0,0.0
2026-07-18T09:24:06,BYD,Sealion 7,1,1,1.0
2026-07-18T09:24:06,Citroën,AMI,3,3,1.0
2026-07-18T09:24:06,Citroën,Berlingo,5,3,0.6
2026-07-18T09:24:06,Citroën,Berlingo Fourgon,2,0,0.0
2026-07-18T09:24:06,Citroën,C1,1,0,0.0
2026-07-18T09:24:06,Citroën,C3,48,9,0.1875
2026-07-18T09:24:06,Citroën,C3 Aircross,31,5,0.1613
2026-07-18T09:24:06,Citroën,C4,59,9,0.1525
2026-07-18T09:24:06,Citroën,C4 CACTUS BUSINESS,1,0,0.0
2026-07-18T09:24:06,Citroën,C4 Cactus,9,0,0.0
2026-07-18T09:24:06,Citroën,C4 Picasso,5,0,0.0
2026-07-18T09:24:06,Citroën,C4 X,4,1,0.25
2026-07-18T09:24:06,Citroën,C5 Aircross,65,0,0.0
2026-07-18T09:24:06,Citroën,C5 X,6,0,0.0
2026-07-18T09:24:06,Citroën,GRAND C4 SPACETOURER,4,0,0.0
2026-07-18T09:24:06,Citroën,Grand C4 Picasso,3,0,0.0
2026-07-18T09:24:06,Citroën,Grand C4 Spacetourer,0,0,0.0
2026-07-18T09:24:06,Citroën,JUMPY CABINE APPROFONDIE,1,0,0.0
2026-07-18T09:24:06,Citroën,Jumper Fourgon,1,0,0.0
2026-07-18T09:24:06,Citroën,Jumpy,1,0,0.0
2026-07-18T09:24:06,Cupra,FORMENTOR,19,0,0.0
2026-07-18T09:24:06,Cupra,Leon,1,0,0.0
2026-07-18T09:24:06,Cupra,Leon Sportstourer,3,0,0.0
2026-07-18T09:24:06,Cupra,Terramar,2,0,0.0
2026-07-18T09:24:06,DS,DS3,4,0,0.0
2026-07-18T09:24:06,DS,DS3 CROSSBACK,11,2,0.1818
2026-07-18T09:24:06,DS,DS4,20,0,0.0
2026-07-18T09:24:06,DS,DS7,24,0,0.0
2026-07-18T09:24:06,DS,DS7 CROSSBACK,10,0,0.0
2026-07-18T09:24:06,DS,DS7 Crossback,0,0,0.0
2026-07-18T09:24:06,DS,N 4,5,0,0.0
2026-07-18T09:24:06,Dacia,Bigster,21,0,0.0
2026-07-18T09:24:06,Dacia,Dokker,1,0,0.0
2026-07-18T09:24:06,Dacia,Duster,70,0,0.0
2026-07-18T09:24:06,Dacia,JOGGER,15,0,0.0
2026-07-18T09:24:06,Dacia,Jogger,0,0,0.0
2026-07-18T09:24:06,Dacia,SPRING,19,19,1.0
2026-07-18T09:24:06,Dacia,Sandero,30,0,0.0
2026-07-18T09:24:06,Fiat,500,31,18,0.5806
2026-07-18T09:24:06,Fiat,500C,6,6,1.0
2026-07-18T09:24:06,Fiat,500X,10,0,0.0
2026-07-18T09:24:06,Fiat,500e,1,1,1.0
2026-07-18T09:24:06,Fiat,600,13,2,0.1538
2026-07-18T09:24:06,Fiat,DUCATO FOURGON,1,0,0.0
2026-07-18T09:24:06,Fiat,PANDINA,1,0,0.0
2026-07-18T09:24:06,Fiat,Panda,4,0,0.0
2026-07-18T09:24:06,Fiat,Tipo,1,0,0.0
2026-07-18T09:24:06,Fiat,Tipo Cross,1,0,0.0
2026-07-18T09:24:06,Fiat,Tipo Sw,1,0,0.0
2026-07-18T09:24:06,Ford,Ecosport,4,0,0.0
2026-07-18T09:24:06,Ford,Fiesta,11,0,0.0
2026-07-18T09:24:06,Ford,Focus,3,0,0.0
2026-07-18T09:24:06,Ford,Focus SW,6,0,0.0
2026-07-18T09:24:06,Ford,Kuga,12,0,0.0
2026-07-18T09:24:06,Ford,Mustang MACH-E,1,1,1.0
2026-07-18T09:24:06,Ford,PUMA,33,0,0.0
2026-07-18T09:24:06,Ford,Puma,0,0,0.0
2026-07-18T09:24:06,Ford,TRANSIT CONNECT FGN,2,0,0.0
2026-07-18T09:24:06,Honda,Civic,2,0,0.0
2026-07-18T09:24:06,Honda,HR-V,2,0,0.0
2026-07-18T09:24:06,Hyundai,BAYON,2,0,0.0
2026-07-18T09:24:06,Hyundai,Bayon,0,0,0.0
2026-07-18T09:24:06,Hyundai,IONIQ ELECTRIQUE,1,1,1.0
2026-07-18T09:24:06,Hyundai,Kona,16,2,0.125
2026-07-18T09:24:06,Hyundai,Tucson,40,0,0.0
2026-07-18T09:24:06,Hyundai,i10,3,0,0.0
2026-07-18T09:24:06,Hyundai,i20,4,0,0.0
2026-07-18T09:24:06,Jaecoo,Jaecoo 7,5,0,0.0
2026-07-18T09:24:06,Jeep,Avenger,16,7,0.4375
2026-07-18T09:24:06,Jeep,Compass,11,0,0.0
2026-07-18T09:24:06,Jeep,Renegade,16,0,0.0
2026-07-18T09:24:06,Kia,Ceed,4,0,0.0
2026-07-18T09:24:06,Kia,Ceed SW,1,0,0.0
2026-07-18T09:24:06,Kia,Niro,4,1,0.25
2026-07-18T09:24:06,Kia,Picanto,1,0,0.0
2026-07-18T09:24:06,Kia,ProCeed,4,0,0.0
2026-07-18T09:24:06,Kia,Rio,4,0,0.0
2026-07-18T09:24:06,Kia,Soul,1,1,1.0
2026-07-18T09:24:06,Kia,Sportage,14,0,0.0
2026-07-18T09:24:06,Kia,Stonic,7,0,0.0
2026-07-18T09:24:06,Kia,Venga,1,0,0.0
2026-07-18T09:24:06,Kia,XCEED,5,0,0.0
2026-07-18T09:24:06,Kia,Xceed,0,0,0.0
2026-07-18T09:24:06,Lancia,Ypsilon,1,0,0.0
2026-07-18T09:24:06,Lexus,UX,1,0,0.0
2026-07-18T09:24:06,Lynk&Co,01,4,0,0.0
2026-07-18T09:24:06,MG,EHS,18,0,0.0
2026-07-18T09:24:06,MG,MG3,8,0,0.0
2026-07-18T09:24:06,MG,MG4,4,4,1.0
2026-07-18T09:24:06,MG,MGS5,2,2,1.0
2026-07-18T09:24:06,MG,Marvel R,1,1,1.0
2026-07-18T09:24:06,MG,ZS,15,1,0.0667
2026-07-18T09:24:06,Mazda,CX-5,2,0,0.0
2026-07-18T09:24:06,Mazda,CX-60,1,0,0.0
2026-07-18T09:24:06,Mazda,CX-80,1,0,0.0
2026-07-18T09:24:06,Mazda,MX-30,1,1,1.0
2026-07-18T09:24:06,Mazda,MX-30 2020,1,1,1.0
2026-07-18T09:24:06,Mazda,MX-5,1,0,0.0
2026-07-18T09:24:06,Mazda,Mazda 2,1,0,0.0
2026-07-18T09:24:06,Mazda,Mazda 3,2,0,0.0
2026-07-18T09:24:06,Mercedes,CLA,1,0,0.0
2026-07-18T09:24:06,Mercedes,CLA Shooting Brake,5,0,0.0
2026-07-18T09:24:06,Mercedes,CLASSE C BREAK,3,0,0.0
2026-07-18T09:24:06,Mercedes,Classe A,13,0,0.0
2026-07-18T09:24:06,Mercedes,Classe B,4,0,0.0
2026-07-18T09:24:06,Mercedes,Classe C,3,0,0.0
2026-07-18T09:24:06,Mercedes,Classe C Break,0,0,0.0
2026-07-18T09:24:06,Mercedes,Classe C coupé,1,0,0.0
2026-07-18T09:24:06,Mercedes,Classe E Coupé,1,0,0.0
2026-07-18T09:24:06,Mercedes,EQA,1,1,1.0
2026-07-18T09:24:06,Mercedes,GLA,4,0,0.0
2026-07-18T09:24:06,Mercedes,GLB,1,0,0.0
2026-07-18T09:24:06,Mini,Clubman,4,0,0.0
2026-07-18T09:24:06,Mini,Countryman,16,1,0.0625
2026-07-18T09:24:06,Mini,Mini,7,2,0.2857
2026-07-18T09:24:06,Mitsubishi,Space Star,2,0,0.0
2026-07-18T09:24:06,Nissan,Juke,19,0,0.0
2026-07-18T09:24:06,Nissan,Leaf,2,2,1.0
2026-07-18T09:24:06,Nissan,Micra,4,0,0.0
2026-07-18T09:24:06,Nissan,Qashqai,25,0,0.0
2026-07-18T09:24:06,Nissan,X-Trail,2,0,0.0
2026-07-18T09:24:06,Omoda,5,1,1,1.0
2026-07-18T09:24:06,Opel,ASTRA ELECTRIQUE,1,1,1.0
2026-07-18T09:24:06,Opel,Astra,8,0,0.0
2026-07-18T09:24:06,Opel,Astra Sports Tourer,3,0,0.0
2026-07-18T09:24:06,Opel,COMBO CARGO,1,0,0.0
2026-07-18T09:24:06,Opel,Combo Fourgon,1,0,0.0
2026-07-18T09:24:06,Opel,Corsa,41,7,0.1707
2026-07-18T09:24:06,Opel,Crossland,3,0,0.0
2026-07-18T09:24:06,Opel,Crossland X,5,0,0.0
2026-07-18T09:24:06,Opel,FRONTERA,5,4,0.8
2026-07-18T09:24:06,Opel,GRANDLAND,4,0,0.0
2026-07-18T09:24:06,Opel,Grandland,0,0,0.0
2026-07-18T09:24:06,Opel,Grandland X,7,0,0.0
2026-07-18T09:24:06,Opel,INSIGNIA GRAND SPORT,1,0,0.0
2026-07-18T09:24:06,Opel,MOKKA ELECTRIQUE,1,1,1.0
2026-07-18T09:24:06,Opel,Mokka,27,13,0.4815
2026-07-18T09:24:06,Opel,Mokka X,1,0,0.0
2026-07-18T09:24:06,Opel,VIVARO FOURGON,1,0,0.0
2026-07-18T09:24:06,Peugeot,108,8,0,0.0
2026-07-18T09:24:06,Peugeot,2008,196,38,0.1939
2026-07-18T09:24:06,Peugeot,208,105,25,0.2381
2026-07-18T09:24:06,Peugeot,208 AFFAIRE,4,1,0.25
2026-07-18T09:24:06,Peugeot,3008,139,6,0.0432
2026-07-18T09:24:06,Peugeot,308,59,6,0.1017
2026-07-18T09:24:06,Peugeot,308 AFFAIRE,2,0,0.0
2026-07-18T09:24:06,Peugeot,308 SW,22,2,0.0909
2026-07-18T09:24:06,Peugeot,408,23,1,0.0435
2026-07-18T09:24:06,Peugeot,5008,53,0,0.0
2026-07-18T09:24:06,Peugeot,508,6,0,0.0
2026-07-18T09:24:06,Peugeot,508 SW,10,0,0.0
2026-07-18T09:24:06,Peugeot,Boxer,1,0,0.0
2026-07-18T09:24:06,Peugeot,Expert Fourgon,2,0,0.0
2026-07-18T09:24:06,Peugeot,RIFTER,0,0,0.0
2026-07-18T09:24:06,Peugeot,Rifter,3,0,0.0
2026-07-18T09:24:06,Polestar,2,1,1,1.0
2026-07-18T09:24:06,Renault,Arkana,19,0,0.0
2026-07-18T09:24:06,Renault,Austral,30,0,0.0
2026-07-18T09:24:06,Renault,Captur,84,0,0.0
2026-07-18T09:24:06,Renault,Clio 3,1,0,0.0
2026-07-18T09:24:06,Renault,Clio 4,8,0,0.0
2026-07-18T09:24:06,Renault,Clio 5,63,0,0.0
2026-07-18T09:24:06,Renault,Clio 6,6,0,0.0
2026-07-18T09:24:06,Renault,EXPRESS VAN,2,0,0.0
2026-07-18T09:24:06,Renault,Espace 5,1,0,0.0
2026-07-18T09:24:06,Renault,Espace 6,0,0,0.0
2026-07-18T09:24:06,Renault,Grand Scénic 4,5,0,0.0
2026-07-18T09:24:06,Renault,Kadjar,20,0,0.0
2026-07-18T09:24:06,Renault,Kangoo,1,0,0.0
2026-07-18T09:24:06,Renault,Koleos,1,0,0.0
2026-07-18T09:24:06,Renault,Master Fourgon,1,0,0.0
2026-07-18T09:24:06,Renault,Mégane,1,0,0.0
2026-07-18T09:24:06,Renault,Mégane 3,2,0,0.0
2026-07-18T09:24:06,Renault,Mégane 4,21,0,0.0
2026-07-18T09:24:06,Renault,Mégane 4 Estate,7,0,0.0
2026-07-18T09:24:06,Renault,Mégane E-TECH,10,10,1.0
2026-07-18T09:24:06,Renault,R4,10,10,1.0
2026-07-18T09:24:06,Renault,R5,46,46,1.0
2026-07-18T09:24:06,Renault,Rafale,8,0,0.0
2026-07-18T09:24:06,Renault,Scénic 4,13,0,0.0
2026-07-18T09:24:06,Renault,Scénic E-Tech,12,12,1.0
2026-07-18T09:24:06,Renault,Symbioz,42,0,0.0
2026-07-18T09:24:06,Renault,TRAFIC FOURGON,1,0,0.0
2026-07-18T09:24:06,Renault,TWINGO E-TECH ELECTRIQUE,2,2,1.0
2026-07-18T09:24:06,Renault,Talisman,2,0,0.0
2026-07-18T09:24:06,Renault,Talisman Estate,1,0,0.0
2026-07-18T09:24:06,Renault,Trafic,2,0,0.0
2026-07-18T09:24:06,Renault,Twingo 2,1,0,0.0
2026-07-18T09:24:06,Renault,Twingo 3,17,6,0.3529
2026-07-18T09:24:06,Renault,Wind,1,0,0.0
2026-07-18T09:24:06,Renault,ZOE E-tech Electrique,1,1,1.0
2026-07-18T09:24:06,Renault,Zoé,13,13,1.0
2026-07-18T09:24:06,Seat,Arona,8,0,0.0
2026-07-18T09:24:06,Seat,Ateca,13,0,0.0
2026-07-18T09:24:06,Seat,Ibiza,6,0,0.0
2026-07-18T09:24:06,Seat,Leon,3,0,0.0
2026-07-18T09:24:06,Seat,Leon ST,1,0,0.0
2026-07-18T09:24:06,Skoda,ENYAQ,1,1,1.0
2026-07-18T09:24:06,Skoda,FABIA COMBI,1,0,0.0
2026-07-18T09:24:06,Skoda,Fabia,4,0,0.0
2026-07-18T09:24:06,Skoda,KAMIQ,2,0,0.0
2026-07-18T09:24:06,Skoda,Kamiq,0,0,0.0
2026-07-18T09:24:06,Skoda,Karoq,3,0,0.0
2026-07-18T09:24:06,Skoda,Kodiaq,1,0,0.0
2026-07-18T09:24:06,Skoda,OCTAVIA COMBI,0,0,0.0
2026-07-18T09:24:06,Skoda,Octavia,2,0,0.0
2026-07-18T09:24:06,Skoda,Octavia Combi,8,0,0.0
2026-07-18T09:24:06,Skoda,Scala,2,0,0.0
2026-07-18T09:24:06,Skoda,Superb Combi,2,0,0.0
2026-07-18T09:24:06,Smart,FORFOUR,2,2,1.0
2026-07-18T09:24:06,Smart,Fortwo EQ,2,2,1.0
2026-07-18T09:24:06,Suzuki,Ignis,2,0,0.0
2026-07-18T09:24:06,Suzuki,S-Cross,1,0,0.0
2026-07-18T09:24:06,Suzuki,Swift,2,0,0.0
2026-07-18T09:24:06,Tesla,MODEL 3,7,7,1.0
2026-07-18T09:24:06,Tesla,MODEL X,2,2,1.0
2026-07-18T09:24:06,Tesla,MODEL Y,8,8,1.0
2026-07-18T09:24:06,Toyota,AURIS TOURING SPORTS,1,0,0.0
2026-07-18T09:24:06,Toyota,Aygo X,9,0,0.0
2026-07-18T09:24:06,Toyota,C-HR,17,0,0.0
2026-07-18T09:24:06,Toyota,Corolla,7,0,0.0
2026-07-18T09:24:06,Toyota,Corolla Cross,2,0,0.0
2026-07-18T09:24:06,Toyota,Corolla Sw,1,0,0.0
2026-07-18T09:24:06,Toyota,Corolla Touring Sports,14,0,0.0
2026-07-18T09:24:06,Toyota,Prius,1,0,0.0
2026-07-18T09:24:06,Toyota,Proace City Verso,1,0,0.0
2026-07-18T09:24:06,Toyota,RAV 4,6,0,0.0
2026-07-18T09:24:06,Toyota,YARIS CROSS,5,0,0.0
2026-07-18T09:24:06,Toyota,YARIS HYBRIDE,1,0,0.0
2026-07-18T09:24:06,Toyota,Yaris,6,0,0.0
2026-07-18T09:24:06,Toyota,Yaris 3,1,0,0.0
2026-07-18T09:24:06,Toyota,Yaris 4,12,0,0.0
2026-07-18T09:24:06,Volkswagen,Arteon Shooting Brake,1,0,0.0
2026-07-18T09:24:06,Volkswagen,Coccinelle,1,0,0.0
2026-07-18T09:24:06,Volkswagen,Golf,7,0,0.0
2026-07-18T09:24:06,Volkswagen,Golf 6,1,0,0.0
2026-07-18T09:24:06,Volkswagen,Golf 7,4,0,0.0
2026-07-18T09:24:06,Volkswagen,Golf 8,22,0,0.0
2026-07-18T09:24:06,Volkswagen,Golf 8 SW,8,0,0.0
2026-07-18T09:24:06,Volkswagen,Golf Sportsvan,1,0,0.0
2026-07-18T09:24:06,Volkswagen,ID.4,1,1,1.0
2026-07-18T09:24:06,Volkswagen,ID.5,1,1,1.0
2026-07-18T09:24:06,Volkswagen,Passat,5,0,0.0
2026-07-18T09:24:06,Volkswagen,Passat SW,1,0,0.0
2026-07-18T09:24:06,Volkswagen,Polo,14,0,0.0
2026-07-18T09:24:06,Volkswagen,T-CROSS,19,0,0.0
2026-07-18T09:24:06,Volkswagen,T-Cross,0,0,0.0
2026-07-18T09:24:06,Volkswagen,T-Roc,41,0,0.0
2026-07-18T09:24:06,Volkswagen,T-Roc Cabriolet,3,0,0.0
2026-07-18T09:24:06,Volkswagen,TAIGO,10,0,0.0
2026-07-18T09:24:06,Volkswagen,TIGUAN,0,0,0.0
2026-07-18T09:24:06,Volkswagen,Taigo,0,0,0.0
2026-07-18T09:24:06,Volkswagen,Tayron,3,0,0.0
2026-07-18T09:24:06,Volkswagen,Tiguan,21,0,0.0
2026-07-18T09:24:06,Volkswagen,Tiguan Allspace,1,0,0.0
2026-07-18T09:24:06,Volkswagen,Touran,3,0,0.0
2026-07-18T09:24:06,Volkswagen,Up,1,0,0.0
2026-07-18T09:24:06,Volvo,C40,1,1,1.0
2026-07-18T09:24:06,Volvo,EX30,2,2,1.0
2026-07-18T09:24:06,Volvo,V60,1,0,0.0
2026-07-18T09:24:06,Volvo,V60 Cross Country,2,0,0.0
2026-07-18T09:24:06,Volvo,XC40,9,1,0.1111
2026-07-18T09:24:06,Volvo,XC60,3,0,0.0
2026-07-18T09:24:06,Volvo,XC90,3,0,0.0
2026-07-19T09:51:14,Alfa Romeo,Giulia,1,0,0.0
2026-07-19T09:51:14,Alfa Romeo,Junior,13,5,0.3846
2026-07-19T09:51:14,Alfa Romeo,Stelvio,1,0,0.0
2026-07-19T09:51:14,Alfa Romeo,Tonale,13,0,0.0
2026-07-19T09:51:14,Alpine,A290,1,1,1.0
2026-07-19T09:51:14,Audi,A1 Allstreet,1,0,0.0
2026-07-19T09:51:14,Audi,A1 Sportback,9,0,0.0
2026-07-19T09:51:14,Audi,A3 Sportback,14,0,0.0
2026-07-19T09:51:14,Audi,A4,1,0,0.0
2026-07-19T09:51:14,Audi,A4 Avant,4,0,0.0
2026-07-19T09:51:14,Audi,A6 Avant,2,0,0.0
2026-07-19T09:51:14,Audi,E-TRON,2,2,1.0
2026-07-19T09:51:14,Audi,Q2,19,0,0.0
2026-07-19T09:51:14,Audi,Q3,2,0,0.0
2026-07-19T09:51:14,Audi,Q3 Sportback,1,0,0.0
2026-07-19T09:51:14,Audi,Q4 E-TRON,1,1,1.0
2026-07-19T09:51:14,Audi,Q5,2,0,0.0
2026-07-19T09:51:14,BMW,I3,1,1,1.0
2026-07-19T09:51:14,BMW,IX,1,1,1.0
2026-07-19T09:51:14,BMW,Série 1,16,0,0.0
2026-07-19T09:51:14,BMW,Série 2 Active Tourer,2,0,0.0
2026-07-19T09:51:14,BMW,Série 2 Gran Coupé,1,0,0.0
2026-07-19T09:51:14,BMW,Série 2 Gran Tourer,1,0,0.0
2026-07-19T09:51:14,BMW,Série 3,1,0,0.0
2026-07-19T09:51:14,BMW,Série 3 Touring,2,0,0.0
2026-07-19T09:51:14,BMW,Série 5 Touring,1,0,0.0
2026-07-19T09:51:14,BMW,X1,17,0,0.0
2026-07-19T09:51:14,BMW,X2,5,0,0.0
2026-07-19T09:51:14,BMW,X3,1,0,0.0
2026-07-19T09:51:14,BMW,X5,1,0,0.0
2026-07-19T09:51:14,BMW,i4,3,3,1.0
2026-07-19T09:51:14,BMW,iX1,2,2,1.0
2026-07-19T09:51:14,BYD,Atto 2,2,2,1.0
2026-07-19T09:51:14,BYD,DOLPHIN SURF,1,1,1.0
2026-07-19T09:51:14,BYD,Dolfin Surf,1,1,1.0
2026-07-19T09:51:14,BYD,Dolphin,1,1,1.0
2026-07-19T09:51:14,BYD,SEAL 6 TOURING,3,0,0.0
2026-07-19T09:51:14,BYD,Seal 6,2,0,0.0
2026-07-19T09:51:14,BYD,Seal 6 Touring,0,0,0.0
2026-07-19T09:51:14,BYD,Seal U,3,0,0.0
2026-07-19T09:51:14,BYD,Sealion 7,1,1,1.0
2026-07-19T09:51:14,Citroën,AMI,3,3,1.0
2026-07-19T09:51:14,Citroën,Berlingo,5,3,0.6
2026-07-19T09:51:14,Citroën,Berlingo Fourgon,2,0,0.0
2026-07-19T09:51:14,Citroën,C1,1,0,0.0
2026-07-19T09:51:14,Citroën,C3,44,8,0.1818
2026-07-19T09:51:14,Citroën,C3 Aircross,29,5,0.1724
2026-07-19T09:51:14,Citroën,C4,58,9,0.1552
2026-07-19T09:51:14,Citroën,C4 CACTUS BUSINESS,1,0,0.0
2026-07-19T09:51:14,Citroën,C4 Cactus,7,0,0.0
2026-07-19T09:51:14,Citroën,C4 Picasso,5,0,0.0
2026-07-19T09:51:14,Citroën,C4 X,4,1,0.25
2026-07-19T09:51:14,Citroën,C5 Aircross,63,0,0.0
2026-07-19T09:51:14,Citroën,C5 X,6,0,0.0
2026-07-19T09:51:14,Citroën,GRAND C4 SPACETOURER,4,0,0.0
2026-07-19T09:51:14,Citroën,Grand C4 Picasso,3,0,0.0
2026-07-19T09:51:14,Citroën,Grand C4 Spacetourer,0,0,0.0
2026-07-19T09:51:14,Citroën,JUMPY CABINE APPROFONDIE,1,0,0.0
2026-07-19T09:51:14,Citroën,Jumper Fourgon,1,0,0.0
2026-07-19T09:51:14,Citroën,Jumpy,1,0,0.0
2026-07-19T09:51:14,Cupra,FORMENTOR,18,0,0.0
2026-07-19T09:51:14,Cupra,LEON SPORTSTOURER,2,0,0.0
2026-07-19T09:51:14,Cupra,Leon,2,0,0.0
2026-07-19T09:51:14,Cupra,Terramar,2,0,0.0
2026-07-19T09:51:14,DS,DS3,4,0,0.0
2026-07-19T09:51:14,DS,DS3 CROSSBACK,11,2,0.1818
2026-07-19T09:51:14,DS,DS4,18,0,0.0
2026-07-19T09:51:14,DS,DS7,24,0,0.0
2026-07-19T09:51:14,DS,DS7 CROSSBACK,10,0,0.0
2026-07-19T09:51:14,DS,DS7 Crossback,0,0,0.0
2026-07-19T09:51:14,DS,N 4,5,0,0.0
2026-07-19T09:51:14,Dacia,Bigster,21,0,0.0
2026-07-19T09:51:14,Dacia,Dokker,1,0,0.0
2026-07-19T09:51:14,Dacia,Duster,66,0,0.0
2026-07-19T09:51:14,Dacia,JOGGER,16,0,0.0
2026-07-19T09:51:14,Dacia,Jogger,0,0,0.0
2026-07-19T09:51:14,Dacia,SPRING,20,20,1.0
2026-07-19T09:51:14,Dacia,Sandero,26,0,0.0
2026-07-19T09:51:14,Fiat,500,28,17,0.6071
2026-07-19T09:51:14,Fiat,500C,6,6,1.0
2026-07-19T09:51:14,Fiat,500X,9,0,0.0
2026-07-19T09:51:14,Fiat,500e,1,1,1.0
2026-07-19T09:51:14,Fiat,600,13,2,0.1538
2026-07-19T09:51:14,Fiat,DUCATO FOURGON,1,0,0.0
2026-07-19T09:51:14,Fiat,PANDINA,1,0,0.0
2026-07-19T09:51:14,Fiat,Panda,4,0,0.0
2026-07-19T09:51:14,Fiat,Tipo,1,0,0.0
2026-07-19T09:51:14,Fiat,Tipo Cross,1,0,0.0
2026-07-19T09:51:14,Fiat,Tipo Sw,1,0,0.0
2026-07-19T09:51:14,Ford,Ecosport,4,0,0.0
2026-07-19T09:51:14,Ford,Fiesta,10,0,0.0
2026-07-19T09:51:14,Ford,Focus,3,0,0.0
2026-07-19T09:51:14,Ford,Focus SW,5,0,0.0
2026-07-19T09:51:14,Ford,Kuga,11,0,0.0
2026-07-19T09:51:14,Ford,Mustang MACH-E,1,1,1.0
2026-07-19T09:51:14,Ford,PUMA,28,0,0.0
2026-07-19T09:51:14,Ford,Puma,0,0,0.0
2026-07-19T09:51:14,Ford,TRANSIT CONNECT FGN,2,0,0.0
2026-07-19T09:51:14,Honda,Civic,2,0,0.0
2026-07-19T09:51:14,Honda,HR-V,2,0,0.0
2026-07-19T09:51:14,Hyundai,BAYON,2,0,0.0
2026-07-19T09:51:14,Hyundai,Bayon,0,0,0.0
2026-07-19T09:51:14,Hyundai,IONIQ ELECTRIQUE,1,1,1.0
2026-07-19T09:51:14,Hyundai,Kona,16,2,0.125
2026-07-19T09:51:14,Hyundai,Tucson,38,0,0.0
2026-07-19T09:51:14,Hyundai,i10,3,0,0.0
2026-07-19T09:51:14,Hyundai,i20,4,0,0.0
2026-07-19T09:51:14,Jaecoo,Jaecoo 7,4,0,0.0
2026-07-19T09:51:14,Jeep,Avenger,18,7,0.3889
2026-07-19T09:51:14,Jeep,Compass,10,0,0.0
2026-07-19T09:51:14,Jeep,Renegade,16,0,0.0
2026-07-19T09:51:14,Kia,Ceed,4,0,0.0
2026-07-19T09:51:14,Kia,Ceed SW,1,0,0.0
2026-07-19T09:51:14,Kia,Niro,5,1,0.2
2026-07-19T09:51:14,Kia,Picanto,1,0,0.0
2026-07-19T09:51:14,Kia,ProCeed,4,0,0.0
2026-07-19T09:51:14,Kia,Rio,4,0,0.0
2026-07-19T09:51:14,Kia,Soul,1,1,1.0
2026-07-19T09:51:14,Kia,Sportage,13,0,0.0
2026-07-19T09:51:14,Kia,Stonic,6,0,0.0
2026-07-19T09:51:14,Kia,Venga,1,0,0.0
2026-07-19T09:51:14,Kia,XCEED,5,0,0.0
2026-07-19T09:51:14,Kia,Xceed,0,0,0.0
2026-07-19T09:51:14,Lancia,Ypsilon,1,0,0.0
2026-07-19T09:51:14,Lexus,UX,1,0,0.0
2026-07-19T09:51:14,Lynk&Co,01,4,0,0.0
2026-07-19T09:51:14,MG,EHS,17,0,0.0
2026-07-19T09:51:14,MG,MG3,8,0,0.0
2026-07-19T09:51:14,MG,MG4,4,4,1.0
2026-07-19T09:51:14,MG,MGS5,2,2,1.0
2026-07-19T09:51:14,MG,Marvel R,1,1,1.0
2026-07-19T09:51:14,MG,ZS,14,1,0.0714
2026-07-19T09:51:14,Mazda,CX-5,2,0,0.0
2026-07-19T09:51:14,Mazda,CX-60,1,0,0.0
2026-07-19T09:51:14,Mazda,CX-80,1,0,0.0
2026-07-19T09:51:14,Mazda,MX-30,1,1,1.0
2026-07-19T09:51:14,Mazda,MX-30 2020,1,1,1.0
2026-07-19T09:51:14,Mazda,MX-5,1,0,0.0
2026-07-19T09:51:14,Mazda,Mazda 2,1,0,0.0
2026-07-19T09:51:14,Mazda,Mazda 3,2,0,0.0
2026-07-19T09:51:14,Mercedes,CLA,1,0,0.0
2026-07-19T09:51:14,Mercedes,CLA Shooting Brake,5,0,0.0
2026-07-19T09:51:14,Mercedes,CLASSE C BREAK,3,0,0.0
2026-07-19T09:51:14,Mercedes,Classe A,12,0,0.0
2026-07-19T09:51:14,Mercedes,Classe B,4,0,0.0
2026-07-19T09:51:14,Mercedes,Classe C,3,0,0.0
2026-07-19T09:51:14,Mercedes,Classe C Break,0,0,0.0
2026-07-19T09:51:14,Mercedes,Classe C coupé,1,0,0.0
2026-07-19T09:51:14,Mercedes,Classe E Coupé,1,0,0.0
2026-07-19T09:51:14,Mercedes,EQA,1,1,1.0
2026-07-19T09:51:14,Mercedes,GLA,4,0,0.0
2026-07-19T09:51:14,Mercedes,GLB,1,0,0.0
2026-07-19T09:51:14,Mini,Clubman,4,0,0.0
2026-07-19T09:51:14,Mini,Countryman,14,1,0.0714
2026-07-19T09:51:14,Mini,Mini,7,2,0.2857
2026-07-19T09:51:14,Mitsubishi,Space Star,1,0,0.0
2026-07-19T09:51:14,Nissan,Juke,19,0,0.0
2026-07-19T09:51:14,Nissan,Leaf,2,2,1.0
2026-07-19T09:51:14,Nissan,Micra,4,0,0.0
2026-07-19T09:51:14,Nissan,Qashqai,24,0,0.0
2026-07-19T09:51:14,Nissan,X-Trail,2,0,0.0
2026-07-19T09:51:14,Omoda,5,1,1,1.0
2026-07-19T09:51:14,Opel,ASTRA ELECTRIQUE,1,1,1.0
2026-07-19T09:51:14,Opel,Astra,7,0,0.0
2026-07-19T09:51:14,Opel,Astra Sports Tourer,2,0,0.0
2026-07-19T09:51:14,Opel,COMBO CARGO,1,0,0.0
2026-07-19T09:51:14,Opel,Combo Fourgon,1,0,0.0
2026-07-19T09:51:14,Opel,Corsa,34,5,0.1471
2026-07-19T09:51:14,Opel,Crossland,3,0,0.0
2026-07-19T09:51:14,Opel,Crossland X,5,0,0.0
2026-07-19T09:51:14,Opel,FRONTERA,5,4,0.8
2026-07-19T09:51:14,Opel,GRANDLAND,4,0,0.0
2026-07-19T09:51:14,Opel,Grandland,0,0,0.0
2026-07-19T09:51:14,Opel,Grandland X,7,0,0.0
2026-07-19T09:51:14,Opel,INSIGNIA GRAND SPORT,1,0,0.0
2026-07-19T09:51:14,Opel,MOKKA ELECTRIQUE,1,1,1.0
2026-07-19T09:51:14,Opel,Mokka,26,12,0.4615
2026-07-19T09:51:14,Opel,Mokka X,1,0,0.0
2026-07-19T09:51:14,Opel,VIVARO FOURGON,1,0,0.0
2026-07-19T09:51:14,Peugeot,108,6,0,0.0
2026-07-19T09:51:14,Peugeot,2008,186,37,0.1989
2026-07-19T09:51:14,Peugeot,208,101,25,0.2475
2026-07-19T09:51:14,Peugeot,208 AFFAIRE,4,1,0.25
2026-07-19T09:51:14,Peugeot,3008,130,6,0.0462
2026-07-19T09:51:14,Peugeot,308,59,6,0.1017
2026-07-19T09:51:14,Peugeot,308 AFFAIRE,2,0,0.0
2026-07-19T09:51:14,Peugeot,308 SW,22,2,0.0909
2026-07-19T09:51:14,Peugeot,408,21,1,0.0476
2026-07-19T09:51:14,Peugeot,5008,50,0,0.0
2026-07-19T09:51:14,Peugeot,508,6,0,0.0
2026-07-19T09:51:14,Peugeot,508 SW,8,0,0.0
2026-07-19T09:51:14,Peugeot,Boxer,1,0,0.0
2026-07-19T09:51:14,Peugeot,Expert Fourgon,2,0,0.0
2026-07-19T09:51:14,Peugeot,RIFTER,0,0,0.0
2026-07-19T09:51:14,Peugeot,Rifter,3,0,0.0
2026-07-19T09:51:14,Polestar,2,1,1,1.0
2026-07-19T09:51:14,Renault,Arkana,17,0,0.0
2026-07-19T09:51:14,Renault,Austral,30,0,0.0
2026-07-19T09:51:14,Renault,Captur,79,0,0.0
2026-07-19T09:51:14,Renault,Clio 3,1,0,0.0
2026-07-19T09:51:14,Renault,Clio 4,6,0,0.0
2026-07-19T09:51:14,Renault,Clio 5,57,0,0.0
2026-07-19T09:51:14,Renault,Clio 6,6,0,0.0
2026-07-19T09:51:14,Renault,EXPRESS VAN,2,0,0.0
2026-07-19T09:51:14,Renault,Espace 5,1,0,0.0
2026-07-19T09:51:14,Renault,Grand Scénic 4,4,0,0.0
2026-07-19T09:51:14,Renault,Kadjar,19,0,0.0
2026-07-19T09:51:14,Renault,Kangoo,1,0,0.0
2026-07-19T09:51:14,Renault,Koleos,1,0,0.0
2026-07-19T09:51:14,Renault,Master Fourgon,1,0,0.0
2026-07-19T09:51:14,Renault,Mégane 3,2,0,0.0
2026-07-19T09:51:14,Renault,Mégane 4,20,0,0.0
2026-07-19T09:51:14,Renault,Mégane 4 Estate,7,0,0.0
2026-07-19T09:51:14,Renault,Mégane E-TECH,9,9,1.0
2026-07-19T09:51:14,Renault,R4,10,10,1.0
2026-07-19T09:51:14,Renault,R5,45,45,1.0
2026-07-19T09:51:14,Renault,Rafale,8,0,0.0
2026-07-19T09:51:14,Renault,Scénic 4,13,0,0.0
2026-07-19T09:51:14,Renault,Scénic E-Tech,12,12,1.0
2026-07-19T09:51:14,Renault,Symbioz,43,0,0.0
2026-07-19T09:51:14,Renault,TRAFIC FOURGON,1,0,0.0
2026-07-19T09:51:14,Renault,TWINGO E-TECH ELECTRIQUE,2,2,1.0
2026-07-19T09:51:14,Renault,Talisman,2,0,0.0
2026-07-19T09:51:14,Renault,Talisman Estate,1,0,0.0
2026-07-19T09:51:14,Renault,Trafic,2,0,0.0
2026-07-19T09:51:14,Renault,Twingo 2,1,0,0.0
2026-07-19T09:51:14,Renault,Twingo 3,17,6,0.3529
2026-07-19T09:51:14,Renault,Wind,1,0,0.0
2026-07-19T09:51:14,Renault,ZOE E-tech Electrique,1,1,1.0
2026-07-19T09:51:14,Renault,Zoé,13,13,1.0
2026-07-19T09:51:14,Seat,Arona,7,0,0.0
2026-07-19T09:51:14,Seat,Ateca,13,0,0.0
2026-07-19T09:51:14,Seat,Ibiza,6,0,0.0
2026-07-19T09:51:14,Seat,Leon,3,0,0.0
2026-07-19T09:51:14,Seat,Leon ST,1,0,0.0
2026-07-19T09:51:14,Skoda,ENYAQ,1,1,1.0
2026-07-19T09:51:14,Skoda,FABIA COMBI,1,0,0.0
2026-07-19T09:51:14,Skoda,Fabia,4,0,0.0
2026-07-19T09:51:14,Skoda,KAMIQ,2,0,0.0
2026-07-19T09:51:14,Skoda,Kamiq,0,0,0.0
2026-07-19T09:51:14,Skoda,Karoq,3,0,0.0
2026-07-19T09:51:14,Skoda,Kodiaq,1,0,0.0
2026-07-19T09:51:14,Skoda,OCTAVIA COMBI,0,0,0.0
2026-07-19T09:51:14,Skoda,Octavia,2,0,0.0
2026-07-19T09:51:14,Skoda,Octavia Combi,7,0,0.0
2026-07-19T09:51:14,Skoda,Scala,2,0,0.0
2026-07-19T09:51:14,Skoda,Superb Combi,2,0,0.0
2026-07-19T09:51:14,Smart,FORFOUR,2,2,1.0
2026-07-19T09:51:14,Smart,Fortwo EQ,2,2,1.0
2026-07-19T09:51:14,Suzuki,Ignis,2,0,0.0
2026-07-19T09:51:14,Suzuki,S-Cross,1,0,0.0
2026-07-19T09:51:14,Suzuki,Swift,2,0,0.0
2026-07-19T09:51:14,Tesla,MODEL 3,7,7,1.0
2026-07-19T09:51:14,Tesla,MODEL X,2,2,1.0
2026-07-19T09:51:14,Tesla,MODEL Y,8,8,1.0
2026-07-19T09:51:14,Toyota,AURIS TOURING SPORTS,1,0,0.0
2026-07-19T09:51:14,Toyota,Aygo X,8,0,0.0
2026-07-19T09:51:14,Toyota,C-HR,17,0,0.0
2026-07-19T09:51:14,Toyota,Corolla,7,0,0.0
2026-07-19T09:51:14,Toyota,Corolla Cross,1,0,0.0
2026-07-19T09:51:14,Toyota,Corolla Sw,1,0,0.0
2026-07-19T09:51:14,Toyota,Corolla Touring Sports,15,0,0.0
2026-07-19T09:51:14,Toyota,Prius,1,0,0.0
2026-07-19T09:51:14,Toyota,RAV 4,5,0,0.0
2026-07-19T09:51:14,Toyota,YARIS CROSS,7,0,0.0
2026-07-19T09:51:14,Toyota,YARIS HYBRIDE,1,0,0.0
2026-07-19T09:51:14,Toyota,Yaris,6,0,0.0
2026-07-19T09:51:14,Toyota,Yaris 3,1,0,0.0
2026-07-19T09:51:14,Toyota,Yaris 4,10,0,0.0
2026-07-19T09:51:14,Volkswagen,Arteon Shooting Brake,1,0,0.0
2026-07-19T09:51:14,Volkswagen,Coccinelle,1,0,0.0
2026-07-19T09:51:14,Volkswagen,Golf,7,0,0.0
2026-07-19T09:51:14,Volkswagen,Golf 6,1,0,0.0
2026-07-19T09:51:14,Volkswagen,Golf 7,4,0,0.0
2026-07-19T09:51:14,Volkswagen,Golf 8,20,0,0.0
2026-07-19T09:51:14,Volkswagen,Golf 8 SW,6,0,0.0
2026-07-19T09:51:14,Volkswagen,Golf Sportsvan,1,0,0.0
2026-07-19T09:51:14,Volkswagen,ID.4,1,1,1.0
2026-07-19T09:51:14,Volkswagen,ID.5,1,1,1.0
2026-07-19T09:51:14,Volkswagen,Passat,5,0,0.0
2026-07-19T09:51:14,Volkswagen,Passat SW,1,0,0.0
2026-07-19T09:51:14,Volkswagen,Polo,12,0,0.0
2026-07-19T09:51:14,Volkswagen,T-CROSS,18,0,0.0
2026-07-19T09:51:14,Volkswagen,T-Cross,0,0,0.0
2026-07-19T09:51:14,Volkswagen,T-Roc,40,0,0.0
2026-07-19T09:51:14,Volkswagen,T-Roc Cabriolet,3,0,0.0
2026-07-19T09:51:14,Volkswagen,TAIGO,10,0,0.0
2026-07-19T09:51:14,Volkswagen,TIGUAN,0,0,0.0
2026-07-19T09:51:14,Volkswagen,Taigo,0,0,0.0
2026-07-19T09:51:14,Volkswagen,Tayron,3,0,0.0
2026-07-19T09:51:14,Volkswagen,Tiguan,18,0,0.0
2026-07-19T09:51:14,Volkswagen,Tiguan Allspace,1,0,0.0
2026-07-19T09:51:14,Volkswagen,Touran,3,0,0.0
2026-07-19T09:51:14,Volkswagen,Up,1,0,0.0
2026-07-19T09:51:14,Volvo,C40,1,1,1.0
2026-07-19T09:51:14,Volvo,EX30,2,2,1.0
2026-07-19T09:51:14,Volvo,V60,1,0,0.0
2026-07-19T09:51:14,Volvo,V60 Cross Country,2,0,0.0
2026-07-19T09:51:14,Volvo,XC40,9,1,0.1111
2026-07-19T09:51:14,Volvo,XC60,3,0,0.0
2026-07-19T09:51:14,Volvo,XC90,3,0,0.0
2026-07-20T10:51:37,Alfa Romeo,Giulia,1,0,0.0
2026-07-20T10:51:37,Alfa Romeo,Junior,13,5,0.3846
2026-07-20T10:51:37,Alfa Romeo,Stelvio,1,0,0.0
2026-07-20T10:51:37,Alfa Romeo,Tonale,12,0,0.0
2026-07-20T10:51:37,Alpine,A290,1,1,1.0
2026-07-20T10:51:37,Audi,A1 Allstreet,1,0,0.0
2026-07-20T10:51:37,Audi,A1 Sportback,10,0,0.0
2026-07-20T10:51:37,Audi,A3 Berline,1,0,0.0
2026-07-20T10:51:37,Audi,A3 Sportback,14,0,0.0
2026-07-20T10:51:37,Audi,A4,1,0,0.0
2026-07-20T10:51:37,Audi,A4 Avant,4,0,0.0
2026-07-20T10:51:37,Audi,A6 Avant,1,0,0.0
2026-07-20T10:51:37,Audi,E-TRON,2,2,1.0
2026-07-20T10:51:37,Audi,Q2,19,0,0.0
2026-07-20T10:51:37,Audi,Q3,2,0,0.0
2026-07-20T10:51:37,Audi,Q3 Sportback,1,0,0.0
2026-07-20T10:51:37,Audi,Q4 E-TRON,1,1,1.0
2026-07-20T10:51:37,Audi,Q5,2,0,0.0
2026-07-20T10:51:37,BMW,I3,1,1,1.0
2026-07-20T10:51:37,BMW,IX,1,1,1.0
2026-07-20T10:51:37,BMW,Série 1,17,0,0.0
2026-07-20T10:51:37,BMW,Série 2 Active Tourer,2,0,0.0
2026-07-20T10:51:37,BMW,Série 2 Gran Coupé,1,0,0.0
2026-07-20T10:51:37,BMW,Série 2 Gran Tourer,1,0,0.0
2026-07-20T10:51:37,BMW,Série 3,1,0,0.0
2026-07-20T10:51:37,BMW,Série 3 Touring,2,0,0.0
2026-07-20T10:51:37,BMW,Série 5 Touring,1,0,0.0
2026-07-20T10:51:37,BMW,X1,18,0,0.0
2026-07-20T10:51:37,BMW,X2,5,0,0.0
2026-07-20T10:51:37,BMW,X3,1,0,0.0
2026-07-20T10:51:37,BMW,X5,1,0,0.0
2026-07-20T10:51:37,BMW,i4,3,3,1.0
2026-07-20T10:51:37,BMW,iX1,2,2,1.0
2026-07-20T10:51:37,BYD,Atto 2,2,2,1.0
2026-07-20T10:51:37,BYD,DOLPHIN SURF,1,1,1.0
2026-07-20T10:51:37,BYD,Dolfin Surf,1,1,1.0
2026-07-20T10:51:37,BYD,Dolphin,1,1,1.0
2026-07-20T10:51:37,BYD,SEAL 6 TOURING,5,0,0.0
2026-07-20T10:51:37,BYD,Seal 6,2,0,0.0
2026-07-20T10:51:37,BYD,Seal 6 Touring,0,0,0.0
2026-07-20T10:51:37,BYD,Seal U,4,0,0.0
2026-07-20T10:51:37,BYD,Sealion 7,1,1,1.0
2026-07-20T10:51:37,Citroën,AMI,3,3,1.0
2026-07-20T10:51:37,Citroën,BERLINGO FOURGON ELECTRIC,1,1,1.0
2026-07-20T10:51:37,Citroën,Berlingo,5,3,0.6
2026-07-20T10:51:37,Citroën,Berlingo Fourgon,2,0,0.0
2026-07-20T10:51:37,Citroën,C1,1,0,0.0
2026-07-20T10:51:37,Citroën,C3,42,8,0.1905
2026-07-20T10:51:37,Citroën,C3 Aircross,31,5,0.1613
2026-07-20T10:51:37,Citroën,C4,56,9,0.1607
2026-07-20T10:51:37,Citroën,C4 CACTUS BUSINESS,1,0,0.0
2026-07-20T10:51:37,Citroën,C4 Cactus,7,0,0.0
2026-07-20T10:51:37,Citroën,C4 Picasso,5,0,0.0
2026-07-20T10:51:37,Citroën,C4 X,3,1,0.3333
2026-07-20T10:51:37,Citroën,C5 Aircross,59,0,0.0
2026-07-20T10:51:37,Citroën,C5 X,7,0,0.0
2026-07-20T10:51:37,Citroën,GRAND C4 SPACETOURER,3,0,0.0
2026-07-20T10:51:37,Citroën,Grand C4 Picasso,3,0,0.0
2026-07-20T10:51:37,Citroën,Grand C4 Spacetourer,0,0,0.0
2026-07-20T10:51:37,Citroën,JUMPY CABINE APPROFONDIE,1,0,0.0
2026-07-20T10:51:37,Citroën,Jumper Fourgon,1,0,0.0
2026-07-20T10:51:37,Citroën,Jumpy,1,0,0.0
2026-07-20T10:51:37,Cupra,FORMENTOR,19,0,0.0
2026-07-20T10:51:37,Cupra,LEON SPORTSTOURER,1,0,0.0
2026-07-20T10:51:37,Cupra,Leon,2,0,0.0
2026-07-20T10:51:37,Cupra,Terramar,2,0,0.0
2026-07-20T10:51:37,DS,DS3,4,0,0.0
2026-07-20T10:51:37,DS,DS3 CROSSBACK,11,0,0.0
2026-07-20T10:51:37,DS,DS3 Crossback,0,1,0.0
2026-07-20T10:51:37,DS,DS4,18,0,0.0
2026-07-20T10:51:37,DS,DS7,24,0,0.0
2026-07-20T10:51:37,DS,DS7 CROSSBACK,10,0,0.0
2026-07-20T10:51:37,DS,DS7 Crossback,0,0,0.0
2026-07-20T10:51:37,DS,N 4,5,0,0.0
2026-07-20T10:51:37,Dacia,Bigster,26,0,0.0
2026-07-20T10:51:37,Dacia,Dokker,1,0,0.0
2026-07-20T10:51:37,Dacia,Duster,65,0,0.0
2026-07-20T10:51:37,Dacia,JOGGER,16,0,0.0
2026-07-20T10:51:37,Dacia,Jogger,0,0,0.0
2026-07-20T10:51:37,Dacia,SPRING,19,19,1.0
2026-07-20T10:51:37,Dacia,Sandero,28,0,0.0
2026-07-20T10:51:37,Fiat,500,27,17,0.6296
2026-07-20T10:51:37,Fiat,500C,6,6,1.0
2026-07-20T10:51:37,Fiat,500X,9,0,0.0
2026-07-20T10:51:37,Fiat,500e,1,1,1.0
2026-07-20T10:51:37,Fiat,600,14,2,0.1429
2026-07-20T10:51:37,Fiat,DUCATO FOURGON,1,0,0.0
2026-07-20T10:51:37,Fiat,PANDINA,1,0,0.0
2026-07-20T10:51:37,Fiat,Panda,3,0,0.0
2026-07-20T10:51:37,Fiat,Tipo,1,0,0.0
2026-07-20T10:51:37,Fiat,Tipo Cross,1,0,0.0
2026-07-20T10:51:37,Fiat,Tipo Sw,1,0,0.0
2026-07-20T10:51:37,Ford,Ecosport,4,0,0.0
2026-07-20T10:51:37,Ford,Fiesta,10,0,0.0
2026-07-20T10:51:37,Ford,Focus,4,0,0.0
2026-07-20T10:51:37,Ford,Focus SW,5,0,0.0
2026-07-20T10:51:37,Ford,Kuga,10,0,0.0
2026-07-20T10:51:37,Ford,Mustang MACH-E,1,1,1.0
2026-07-20T10:51:37,Ford,PUMA,26,0,0.0
2026-07-20T10:51:37,Ford,Puma,0,0,0.0
2026-07-20T10:51:37,Ford,TRANSIT CONNECT FGN,2,0,0.0
2026-07-20T10:51:37,Honda,Civic,2,0,0.0
2026-07-20T10:51:37,Honda,HR-V,2,0,0.0
2026-07-20T10:51:37,Hyundai,BAYON,2,0,0.0
2026-07-20T10:51:37,Hyundai,Bayon,0,0,0.0
2026-07-20T10:51:37,Hyundai,IONIQ ELECTRIQUE,1,1,1.0
2026-07-20T10:51:37,Hyundai,Kona,16,2,0.125
2026-07-20T10:51:37,Hyundai,Tucson,38,0,0.0
2026-07-20T10:51:37,Hyundai,i10,3,0,0.0
2026-07-20T10:51:37,Hyundai,i20,4,0,0.0
2026-07-20T10:51:37,Hyundai,i20 ACTIVE,1,0,0.0
2026-07-20T10:51:37,Hyundai,i30,1,0,0.0
2026-07-20T10:51:37,Jaecoo,Jaecoo 7,4,0,0.0
2026-07-20T10:51:37,Jeep,Avenger,18,7,0.3889
2026-07-20T10:51:37,Jeep,Compass,10,0,0.0
2026-07-20T10:51:37,Jeep,Renegade,16,0,0.0
2026-07-20T10:51:37,Kia,Ceed,4,0,0.0
2026-07-20T10:51:37,Kia,Ceed SW,1,0,0.0
2026-07-20T10:51:37,Kia,Niro,4,0,0.0
2026-07-20T10:51:37,Kia,Picanto,1,0,0.0
2026-07-20T10:51:37,Kia,ProCeed,4,0,0.0
2026-07-20T10:51:37,Kia,Rio,4,0,0.0
2026-07-20T10:51:37,Kia,Soul,1,1,1.0
2026-07-20T10:51:37,Kia,Sportage,14,0,0.0
2026-07-20T10:51:37,Kia,Stonic,6,0,0.0
2026-07-20T10:51:37,Kia,Venga,1,0,0.0
2026-07-20T10:51:37,Kia,XCEED,5,0,0.0
2026-07-20T10:51:37,Kia,Xceed,0,0,0.0
2026-07-20T10:51:37,Lancia,Ypsilon,1,0,0.0
2026-07-20T10:51:37,Lexus,UX,1,0,0.0
2026-07-20T10:51:37,Lynk&Co,01,3,0,0.0
2026-07-20T10:51:37,MG,EHS,17,0,0.0
2026-07-20T10:51:37,MG,MG3,9,0,0.0
2026-07-20T10:51:37,MG,MG4,4,4,1.0
2026-07-20T10:51:37,MG,MGS5,2,2,1.0
2026-07-20T10:51:37,MG,Marvel R,1,1,1.0
2026-07-20T10:51:37,MG,ZS,13,1,0.0769
2026-07-20T10:51:37,Mazda,CX-5,2,0,0.0
2026-07-20T10:51:37,Mazda,CX-60,1,0,0.0
2026-07-20T10:51:37,Mazda,CX-80,1,0,0.0
2026-07-20T10:51:37,Mazda,MX-30,1,1,1.0
2026-07-20T10:51:37,Mazda,MX-30 2020,1,1,1.0
2026-07-20T10:51:37,Mazda,MX-5,2,0,0.0
2026-07-20T10:51:37,Mazda,Mazda 2,1,0,0.0
2026-07-20T10:51:37,Mazda,Mazda 3,2,0,0.0
2026-07-20T10:51:37,Mercedes,CLA,1,0,0.0
2026-07-20T10:51:37,Mercedes,CLA Shooting Brake,4,0,0.0
2026-07-20T10:51:37,Mercedes,CLASSE C BREAK,3,0,0.0
2026-07-20T10:51:37,Mercedes,Classe A,11,0,0.0
2026-07-20T10:51:37,Mercedes,Classe B,4,0,0.0
2026-07-20T10:51:37,Mercedes,Classe C,3,0,0.0
2026-07-20T10:51:37,Mercedes,Classe C Break,0,0,0.0
2026-07-20T10:51:37,Mercedes,Classe C coupé,1,0,0.0
2026-07-20T10:51:37,Mercedes,Classe E Coupé,1,0,0.0
2026-07-20T10:51:37,Mercedes,EQA,1,1,1.0
2026-07-20T10:51:37,Mercedes,GLA,3,0,0.0
2026-07-20T10:51:37,Mercedes,GLB,1,0,0.0
2026-07-20T10:51:37,Mini,Clubman,5,0,0.0
2026-07-20T10:51:37,Mini,Countryman,14,1,0.0714
2026-07-20T10:51:37,Mini,Mini,7,2,0.2857
2026-07-20T10:51:37,Mitsubishi,Space Star,1,0,0.0
2026-07-20T10:51:37,Nissan,Juke,19,0,0.0
2026-07-20T10:51:37,Nissan,Leaf,3,3,1.0
2026-07-20T10:51:37,Nissan,Micra,4,0,0.0
2026-07-20T10:51:37,Nissan,Qashqai,27,0,0.0
2026-07-20T10:51:37,Nissan,X-Trail,1,0,0.0
2026-07-20T10:51:37,Omoda,5,1,1,1.0
2026-07-20T10:51:37,Opel,ASTRA ELECTRIQUE,1,1,1.0
2026-07-20T10:51:37,Opel,Astra,7,0,0.0
2026-07-20T10:51:37,Opel,Astra Sports Tourer,2,0,0.0
2026-07-20T10:51:37,Opel,COMBO CARGO,1,0,0.0
2026-07-20T10:51:37,Opel,Combo Fourgon,1,0,0.0
2026-07-20T10:51:37,Opel,Corsa,33,5,0.1515
2026-07-20T10:51:37,Opel,Crossland,3,0,0.0
2026-07-20T10:51:37,Opel,Crossland X,5,0,0.0
2026-07-20T10:51:37,Opel,FRONTERA,5,4,0.8
2026-07-20T10:51:37,Opel,GRANDLAND,4,0,0.0
2026-07-20T10:51:37,Opel,Grandland,0,0,0.0
2026-07-20T10:51:37,Opel,Grandland X,7,0,0.0
2026-07-20T10:51:37,Opel,INSIGNIA GRAND SPORT,1,0,0.0
2026-07-20T10:51:37,Opel,MOKKA ELECTRIQUE,1,1,1.0
2026-07-20T10:51:37,Opel,Mokka,27,12,0.4444
2026-07-20T10:51:37,Opel,Mokka X,1,0,0.0
2026-07-20T10:51:37,Opel,VIVARO FOURGON,1,0,0.0
2026-07-20T10:51:37,Peugeot,108,6,0,0.0
2026-07-20T10:51:37,Peugeot,2008,183,36,0.1967
2026-07-20T10:51:37,Peugeot,208,100,25,0.25
2026-07-20T10:51:37,Peugeot,208 AFFAIRE,4,1,0.25
2026-07-20T10:51:37,Peugeot,3008,127,6,0.0472
2026-07-20T10:51:37,Peugeot,308,57,6,0.1053
2026-07-20T10:51:37,Peugeot,308 AFFAIRE,2,0,0.0
2026-07-20T10:51:37,Peugeot,308 SW,23,2,0.087
2026-07-20T10:51:37,Peugeot,408,21,1,0.0476
2026-07-20T10:51:37,Peugeot,5008,50,0,0.0
2026-07-20T10:51:37,Peugeot,508,5,0,0.0
2026-07-20T10:51:37,Peugeot,508 SW,9,0,0.0
2026-07-20T10:51:37,Peugeot,Boxer,1,0,0.0
2026-07-20T10:51:37,Peugeot,Expert Fourgon,2,0,0.0
2026-07-20T10:51:37,Peugeot,RIFTER,2,0,0.0
2026-07-20T10:51:37,Peugeot,Rifter,0,0,0.0
2026-07-20T10:51:37,Polestar,2,1,1,1.0
2026-07-20T10:51:37,Renault,Arkana,17,0,0.0
2026-07-20T10:51:37,Renault,Austral,30,0,0.0
2026-07-20T10:51:37,Renault,Captur,80,0,0.0
2026-07-20T10:51:37,Renault,Clio 3,2,0,0.0
2026-07-20T10:51:37,Renault,Clio 4,7,0,0.0
2026-07-20T10:51:37,Renault,Clio 5,52,0,0.0
2026-07-20T10:51:37,Renault,Clio 6,6,0,0.0
2026-07-20T10:51:37,Renault,EXPRESS VAN,2,0,0.0
2026-07-20T10:51:37,Renault,Espace 5,1,0,0.0
2026-07-20T10:51:37,Renault,Grand Scénic 4,2,0,0.0
2026-07-20T10:51:37,Renault,Kadjar,19,0,0.0
2026-07-20T10:51:37,Renault,Kangoo,1,0,0.0
2026-07-20T10:51:37,Renault,Koleos,1,0,0.0
2026-07-20T10:51:37,Renault,Master Fourgon,1,0,0.0
2026-07-20T10:51:37,Renault,Mégane 3,2,0,0.0
2026-07-20T10:51:37,Renault,Mégane 4,19,0,0.0
2026-07-20T10:51:37,Renault,Mégane 4 Estate,7,0,0.0
2026-07-20T10:51:37,Renault,Mégane E-TECH,8,8,1.0
2026-07-20T10:51:37,Renault,R4,10,10,1.0
2026-07-20T10:51:37,Renault,R5,43,43,1.0
2026-07-20T10:51:37,Renault,Rafale,8,0,0.0
2026-07-20T10:51:37,Renault,Scénic 4,13,0,0.0
2026-07-20T10:51:37,Renault,Scénic E-Tech,12,12,1.0
2026-07-20T10:51:37,Renault,Symbioz,44,0,0.0
2026-07-20T10:51:37,Renault,TRAFIC FOURGON,1,0,0.0
2026-07-20T10:51:37,Renault,TWINGO E-TECH ELECTRIQUE,2,2,1.0
2026-07-20T10:51:37,Renault,Talisman,2,0,0.0
2026-07-20T10:51:37,Renault,Talisman Estate,1,0,0.0
2026-07-20T10:51:37,Renault,Trafic,2,0,0.0
2026-07-20T10:51:37,Renault,Twingo 2,1,0,0.0
2026-07-20T10:51:37,Renault,Twingo 3,18,6,0.3333
2026-07-20T10:51:37,Renault,Twizy,1,1,1.0
2026-07-20T10:51:37,Renault,Wind,1,0,0.0
2026-07-20T10:51:37,Renault,ZOE E-tech Electrique,1,1,1.0
2026-07-20T10:51:37,Renault,Zoé,14,14,1.0
2026-07-20T10:51:37,Seat,Arona,7,0,0.0
2026-07-20T10:51:37,Seat,Ateca,14,0,0.0
2026-07-20T10:51:37,Seat,Ibiza,6,0,0.0
2026-07-20T10:51:37,Seat,Leon,3,0,0.0
2026-07-20T10:51:37,Seat,Leon ST,1,0,0.0
2026-07-20T10:51:37,Skoda,ENYAQ,1,1,1.0
2026-07-20T10:51:37,Skoda,FABIA COMBI,1,0,0.0
2026-07-20T10:51:37,Skoda,Fabia,4,0,0.0
2026-07-20T10:51:37,Skoda,KAMIQ,2,0,0.0
2026-07-20T10:51:37,Skoda,Kamiq,0,0,0.0
2026-07-20T10:51:37,Skoda,Karoq,3,0,0.0
2026-07-20T10:51:37,Skoda,Kodiaq,1,0,0.0
2026-07-20T10:51:37,Skoda,OCTAVIA COMBI,0,0,0.0
2026-07-20T10:51:37,Skoda,Octavia,2,0,0.0
2026-07-20T10:51:37,Skoda,Octavia Combi,6,0,0.0
2026-07-20T10:51:37,Skoda,Scala,1,0,0.0
2026-07-20T10:51:37,Skoda,Superb Combi,2,0,0.0
2026-07-20T10:51:37,Smart,FORFOUR,2,2,1.0
2026-07-20T10:51:37,Smart,Fortwo EQ,2,2,1.0
2026-07-20T10:51:37,Suzuki,Ignis,2,0,0.0
2026-07-20T10:51:37,Suzuki,S-Cross,1,0,0.0
2026-07-20T10:51:37,Suzuki,Swift,2,0,0.0
2026-07-20T10:51:37,Tesla,MODEL 3,8,8,1.0
2026-07-20T10:51:37,Tesla,MODEL X,2,2,1.0
2026-07-20T10:51:37,Tesla,MODEL Y,8,8,1.0
2026-07-20T10:51:37,Toyota,AURIS TOURING SPORTS,1,0,0.0
2026-07-20T10:51:37,Toyota,Auris,1,0,0.0
2026-07-20T10:51:37,Toyota,Aygo,1,0,0.0
2026-07-20T10:51:37,Toyota,Aygo X,8,0,0.0
2026-07-20T10:51:37,Toyota,C-HR,19,0,0.0
2026-07-20T10:51:37,Toyota,Corolla,6,0,0.0
2026-07-20T10:51:37,Toyota,Corolla Cross,1,0,0.0
2026-07-20T10:51:37,Toyota,Corolla Sw,1,0,0.0
2026-07-20T10:51:37,Toyota,Corolla Touring Sports,15,0,0.0
2026-07-20T10:51:37,Toyota,Prius,1,0,0.0
2026-07-20T10:51:37,Toyota,RAV 4,5,0,0.0
2026-07-20T10:51:37,Toyota,YARIS CROSS,5,0,0.0
2026-07-20T10:51:37,Toyota,YARIS HYBRIDE,1,0,0.0
2026-07-20T10:51:37,Toyota,Yaris,7,0,0.0
2026-07-20T10:51:37,Toyota,Yaris 3,1,0,0.0
2026-07-20T10:51:37,Toyota,Yaris 4,9,0,0.0
2026-07-20T10:51:37,Volkswagen,Coccinelle,1,0,0.0
2026-07-20T10:51:37,Volkswagen,Golf,7,0,0.0
2026-07-20T10:51:37,Volkswagen,Golf 6,1,0,0.0
2026-07-20T10:51:37,Volkswagen,Golf 7,3,0,0.0
2026-07-20T10:51:37,Volkswagen,Golf 8,20,0,0.0
2026-07-20T10:51:37,Volkswagen,Golf 8 SW,6,0,0.0
2026-07-20T10:51:37,Volkswagen,Golf Sportsvan,1,0,0.0
2026-07-20T10:51:37,Volkswagen,ID.4,1,1,1.0
2026-07-20T10:51:37,Volkswagen,ID.5,1,1,1.0
2026-07-20T10:51:37,Volkswagen,Passat,3,0,0.0
2026-07-20T10:51:37,Volkswagen,Passat SW,1,0,0.0
2026-07-20T10:51:37,Volkswagen,Polo,13,0,0.0
2026-07-20T10:51:37,Volkswagen,Sharan,1,0,0.0
2026-07-20T10:51:37,Volkswagen,T-CROSS,17,0,0.0
2026-07-20T10:51:37,Volkswagen,T-Cross,0,0,0.0
2026-07-20T10:51:37,Volkswagen,T-Roc,40,0,0.0
2026-07-20T10:51:37,Volkswagen,T-Roc Cabriolet,3,0,0.0
2026-07-20T10:51:37,Volkswagen,TAIGO,10,0,0.0
2026-07-20T10:51:37,Volkswagen,TIGUAN,0,0,0.0
2026-07-20T10:51:37,Volkswagen,Taigo,0,0,0.0
2026-07-20T10:51:37,Volkswagen,Tayron,3,0,0.0
2026-07-20T10:51:37,Volkswagen,Tiguan,19,0,0.0
2026-07-20T10:51:37,Volkswagen,Tiguan Allspace,1,0,0.0
2026-07-20T10:51:37,Volkswagen,Touran,3,0,0.0
2026-07-20T10:51:37,Volkswagen,Up,1,0,0.0
2026-07-20T10:51:37,Volvo,C40,1,1,1.0
2026-07-20T10:51:37,Volvo,EX30,2,2,1.0
2026-07-20T10:51:37,Volvo,V60,2,0,0.0
2026-07-20T10:51:37,Volvo,V60 Cross Country,2,0,0.0
2026-07-20T10:51:37,Volvo,XC40,9,1,0.1111
2026-07-20T10:51:37,Volvo,XC60,3,0,0.0
2026-07-20T10:51:37,Volvo,XC90,3,0,0.0
2026-07-21T10:25:16,Alfa Romeo,Giulia,1,0,0.0
2026-07-21T10:25:16,Alfa Romeo,Junior,13,7,0.5385
2026-07-21T10:25:16,Alfa Romeo,Stelvio,1,0,0.0
2026-07-21T10:25:16,Alfa Romeo,Tonale,13,0,0.0
2026-07-21T10:25:16,Alpine,A290,1,1,1.0
2026-07-21T10:25:16,Audi,A1 Allstreet,1,0,0.0
2026-07-21T10:25:16,Audi,A1 Sportback,12,0,0.0
2026-07-21T10:25:16,Audi,A3 Berline,2,0,0.0
2026-07-21T10:25:16,Audi,A3 Sportback,13,0,0.0
2026-07-21T10:25:16,Audi,A4,1,0,0.0
2026-07-21T10:25:16,Audi,A4 Avant,4,0,0.0
2026-07-21T10:25:16,Audi,A6 Avant,1,0,0.0
2026-07-21T10:25:16,Audi,E-TRON,2,2,1.0
2026-07-21T10:25:16,Audi,Q2,18,0,0.0
2026-07-21T10:25:16,Audi,Q3,6,0,0.0
2026-07-21T10:25:16,Audi,Q3 Sportback,1,0,0.0
2026-07-21T10:25:16,Audi,Q4 E-TRON,1,1,1.0
2026-07-21T10:25:16,Audi,Q5,2,0,0.0
2026-07-21T10:25:16,BMW,I3,1,1,1.0
2026-07-21T10:25:16,BMW,IX,1,1,1.0
2026-07-21T10:25:16,BMW,Série 1,16,0,0.0
2026-07-21T10:25:16,BMW,Série 2 Active Tourer,2,0,0.0
2026-07-21T10:25:16,BMW,Série 2 Gran Coupé,1,0,0.0
2026-07-21T10:25:16,BMW,Série 3,1,0,0.0
2026-07-21T10:25:16,BMW,Série 3 Touring,2,0,0.0
2026-07-21T10:25:16,BMW,Série 5 Touring,1,0,0.0
2026-07-21T10:25:16,BMW,X1,17,0,0.0
2026-07-21T10:25:16,BMW,X2,6,0,0.0
2026-07-21T10:25:16,BMW,X3,4,0,0.0
2026-07-21T10:25:16,BMW,X5,1,0,0.0
2026-07-21T10:25:16,BMW,i4,3,3,1.0
2026-07-21T10:25:16,BMW,iX1,2,2,1.0
2026-07-21T10:25:16,BYD,Atto 2,2,2,1.0
2026-07-21T10:25:16,BYD,Dolfin Surf,1,1,1.0
2026-07-21T10:25:16,BYD,Dolphin,1,1,1.0
2026-07-21T10:25:16,BYD,SEAL 6 TOURING,5,0,0.0
2026-07-21T10:25:16,BYD,Seal 6,2,0,0.0
2026-07-21T10:25:16,BYD,Seal 6 Touring,0,0,0.0
2026-07-21T10:25:16,BYD,Seal U,4,0,0.0
2026-07-21T10:25:16,BYD,Sealion 7,2,2,1.0
2026-07-21T10:25:16,Citroën,AMI,3,3,1.0
2026-07-21T10:25:16,Citroën,BERLINGO FOURGON ELECTRIC,1,1,1.0
2026-07-21T10:25:16,Citroën,Berlingo,4,3,0.75
2026-07-21T10:25:16,Citroën,Berlingo Fourgon,3,0,0.0
2026-07-21T10:25:16,Citroën,C3,43,10,0.2326
2026-07-21T10:25:16,Citroën,C3 Aircross,30,4,0.1333
2026-07-21T10:25:16,Citroën,C4,59,8,0.1356
2026-07-21T10:25:16,Citroën,C4 CACTUS BUSINESS,1,0,0.0
2026-07-21T10:25:16,Citroën,C4 Cactus,6,0,0.0
2026-07-21T10:25:16,Citroën,C4 Picasso,5,0,0.0
2026-07-21T10:25:16,Citroën,C4 X,4,1,0.25
2026-07-21T10:25:16,Citroën,C5 Aircross,62,0,0.0
2026-07-21T10:25:16,Citroën,C5 X,7,0,0.0
2026-07-21T10:25:16,Citroën,GRAND C4 SPACETOURER,4,0,0.0
2026-07-21T10:25:16,Citroën,Grand C4 Picasso,2,0,0.0
2026-07-21T10:25:16,Citroën,Grand C4 Spacetourer,0,0,0.0
2026-07-21T10:25:16,Citroën,JUMPY CABINE APPROFONDIE,1,0,0.0
2026-07-21T10:25:16,Citroën,Jumper Fourgon,1,0,0.0
2026-07-21T10:25:16,Citroën,Jumpy,1,0,0.0
2026-07-21T10:25:16,Cupra,FORMENTOR,19,0,0.0
2026-07-21T10:25:16,Cupra,LEON SPORTSTOURER,2,0,0.0
2026-07-21T10:25:16,Cupra,Leon,3,0,0.0
2026-07-21T10:25:16,Cupra,Terramar,2,0,0.0
2026-07-21T10:25:16,DS,DS3,4,0,0.0
2026-07-21T10:25:16,DS,DS3 CROSSBACK,10,0,0.0
2026-07-21T10:25:16,DS,DS3 Cabriolet,1,0,0.0
2026-07-21T10:25:16,DS,DS3 Crossback,0,1,0.0
2026-07-21T10:25:16,DS,DS4,17,0,0.0
2026-07-21T10:25:16,DS,DS7,27,0,0.0
2026-07-21T10:25:16,DS,DS7 CROSSBACK,12,0,0.0
2026-07-21T10:25:16,DS,DS7 Crossback,0,0,0.0
2026-07-21T10:25:16,DS,N 4,5,0,0.0
2026-07-21T10:25:16,Dacia,Bigster,26,0,0.0
2026-07-21T10:25:16,Dacia,Dokker,1,0,0.0
2026-07-21T10:25:16,Dacia,Duster,65,0,0.0
2026-07-21T10:25:16,Dacia,JOGGER,17,0,0.0
2026-07-21T10:25:16,Dacia,Jogger,0,0,0.0
2026-07-21T10:25:16,Dacia,SPRING,18,18,1.0
2026-07-21T10:25:16,Dacia,Sandero,29,0,0.0
2026-07-21T10:25:16,Fiat,500,26,15,0.5769
2026-07-21T10:25:16,Fiat,500C,5,5,1.0
2026-07-21T10:25:16,Fiat,500X,7,0,0.0
2026-07-21T10:25:16,Fiat,500e,1,1,1.0
2026-07-21T10:25:16,Fiat,600,13,2,0.1538
2026-07-21T10:25:16,Fiat,DUCATO FOURGON,1,0,0.0
2026-07-21T10:25:16,Fiat,PANDINA,1,0,0.0
2026-07-21T10:25:16,Fiat,Panda,4,0,0.0
2026-07-21T10:25:16,Fiat,Tipo,1,0,0.0
2026-07-21T10:25:16,Fiat,Tipo Cross,1,0,0.0
2026-07-21T10:25:16,Fiat,Tipo Sw,1,0,0.0
2026-07-21T10:25:16,Ford,Ecosport,4,0,0.0
2026-07-21T10:25:16,Ford,Fiesta,9,0,0.0
2026-07-21T10:25:16,Ford,Focus,5,0,0.0
2026-07-21T10:25:16,Ford,Focus SW,5,0,0.0
2026-07-21T10:25:16,Ford,Kuga,10,0,0.0
2026-07-21T10:25:16,Ford,Mustang MACH-E,1,1,1.0
2026-07-21T10:25:16,Ford,PUMA,28,0,0.0
2026-07-21T10:25:16,Ford,Puma,0,0,0.0
2026-07-21T10:25:16,Ford,TOURNEO COURIER,1,0,0.0
2026-07-21T10:25:16,Ford,TRANSIT CONNECT FGN,3,0,0.0
2026-07-21T10:25:16,Honda,Civic,2,0,0.0
2026-07-21T10:25:16,Honda,HR-V,2,0,0.0
2026-07-21T10:25:16,Hyundai,BAYON,2,0,0.0
2026-07-21T10:25:16,Hyundai,Bayon,0,0,0.0
2026-07-21T10:25:16,Hyundai,IONIQ ELECTRIQUE,1,1,1.0
2026-07-21T10:25:16,Hyundai,Kona,19,3,0.1579
2026-07-21T10:25:16,Hyundai,Tucson,38,0,0.0
2026-07-21T10:25:16,Hyundai,i10,3,0,0.0
2026-07-21T10:25:16,Hyundai,i20,4,0,0.0
2026-07-21T10:25:16,Hyundai,i20 ACTIVE,1,0,0.0
2026-07-21T10:25:16,Hyundai,i30,1,0,0.0
2026-07-21T10:25:16,Jaecoo,Jaecoo 7,5,0,0.0
2026-07-21T10:25:16,Jeep,Avenger,17,6,0.3529
2026-07-21T10:25:16,Jeep,Compass,9,0,0.0
2026-07-21T10:25:16,Jeep,Renegade,17,0,0.0
2026-07-21T10:25:16,Kia,Ceed,4,0,0.0
2026-07-21T10:25:16,Kia,Ceed SW,1,0,0.0
2026-07-21T10:25:16,Kia,Niro,4,0,0.0
2026-07-21T10:25:16,Kia,Picanto,1,0,0.0
2026-07-21T10:25:16,Kia,ProCeed,4,0,0.0
2026-07-21T10:25:16,Kia,Rio,5,0,0.0
2026-07-21T10:25:16,Kia,Soul,1,1,1.0
2026-07-21T10:25:16,Kia,Sportage,12,0,0.0
2026-07-21T10:25:16,Kia,Stonic,6,0,0.0
2026-07-21T10:25:16,Kia,Venga,1,0,0.0
2026-07-21T10:25:16,Kia,XCEED,5,0,0.0
2026-07-21T10:25:16,Kia,Xceed,0,0,0.0
2026-07-21T10:25:16,Lancia,Ypsilon,1,0,0.0
2026-07-21T10:25:16,Lexus,UX,1,0,0.0
2026-07-21T10:25:16,Lynk&Co,01,3,0,0.0
2026-07-21T10:25:16,MG,EHS,19,0,0.0
2026-07-21T10:25:16,MG,MG3,12,0,0.0
2026-07-21T10:25:16,MG,MG4,4,4,1.0
2026-07-21T10:25:16,MG,MGS5,2,2,1.0
2026-07-21T10:25:16,MG,Marvel R,1,1,1.0
2026-07-21T10:25:16,MG,ZS,15,1,0.0667
2026-07-21T10:25:16,Mazda,CX-5,3,0,0.0
2026-07-21T10:25:16,Mazda,CX-60,1,0,0.0
2026-07-21T10:25:16,Mazda,MX-30,1,1,1.0
2026-07-21T10:25:16,Mazda,MX-30 2020,1,1,1.0
2026-07-21T10:25:16,Mazda,MX-5,2,0,0.0
2026-07-21T10:25:16,Mazda,Mazda 3,1,0,0.0
2026-07-21T10:25:16,Mercedes,CLA,1,0,0.0
2026-07-21T10:25:16,Mercedes,CLA Shooting Brake,4,0,0.0
2026-07-21T10:25:16,Mercedes,CLASSE C BREAK,3,0,0.0
2026-07-21T10:25:16,Mercedes,Classe A,9,0,0.0
2026-07-21T10:25:16,Mercedes,Classe B,4,0,0.0
2026-07-21T10:25:16,Mercedes,Classe C,3,0,0.0
2026-07-21T10:25:16,Mercedes,Classe C coupé,1,0,0.0
2026-07-21T10:25:16,Mercedes,Classe E Coupé,1,0,0.0
2026-07-21T10:25:16,Mercedes,GLA,3,0,0.0
2026-07-21T10:25:16,Mercedes,GLB,1,0,0.0
2026-07-21T10:25:16,Mini,Clubman,5,0,0.0
2026-07-21T10:25:16,Mini,Countryman,14,1,0.0714
2026-07-21T10:25:16,Mini,Mini,7,2,0.2857
2026-07-21T10:25:16,Mitsubishi,Space Star,1,0,0.0
2026-07-21T10:25:16,Nissan,Juke,18,0,0.0
2026-07-21T10:25:16,Nissan,Leaf,3,3,1.0
2026-07-21T10:25:16,Nissan,Micra,4,0,0.0
2026-07-21T10:25:16,Nissan,Pulsar,1,0,0.0
2026-07-21T10:25:16,Nissan,Qashqai,24,0,0.0
2026-07-21T10:25:16,Nissan,X-Trail,1,0,0.0
2026-07-21T10:25:16,Omoda,5,1,1,1.0
2026-07-21T10:25:16,Opel,ASTRA ELECTRIQUE,1,1,1.0
2026-07-21T10:25:16,Opel,Astra,6,0,0.0
2026-07-21T10:25:16,Opel,Astra Sports Tourer,2,0,0.0
2026-07-21T10:25:16,Opel,COMBO CARGO,1,0,0.0
2026-07-21T10:25:16,Opel,Combo Fourgon,1,0,0.0
2026-07-21T10:25:16,Opel,Corsa,33,6,0.1818
2026-07-21T10:25:16,Opel,Crossland,4,0,0.0
2026-07-21T10:25:16,Opel,Crossland X,4,0,0.0
2026-07-21T10:25:16,Opel,FRONTERA,5,4,0.8
2026-07-21T10:25:16,Opel,GRANDLAND,4,0,0.0
2026-07-21T10:25:16,Opel,Grandland,0,0,0.0
2026-07-21T10:25:16,Opel,Grandland X,6,0,0.0
2026-07-21T10:25:16,Opel,INSIGNIA GRAND SPORT,1,0,0.0
2026-07-21T10:25:16,Opel,MOKKA ELECTRIQUE,1,1,1.0
2026-07-21T10:25:16,Opel,Mokka,24,11,0.4583
2026-07-21T10:25:16,Opel,Mokka X,1,0,0.0
2026-07-21T10:25:16,Opel,VIVARO FOURGON,1,0,0.0
2026-07-21T10:25:16,Peugeot,107,1,0,0.0
2026-07-21T10:25:16,Peugeot,108,5,0,0.0
2026-07-21T10:25:16,Peugeot,2008,178,36,0.2022
2026-07-21T10:25:16,Peugeot,208,100,25,0.25
2026-07-21T10:25:16,Peugeot,208 AFFAIRE,4,1,0.25
2026-07-21T10:25:16,Peugeot,3008,131,6,0.0458
2026-07-21T10:25:16,Peugeot,308,63,6,0.0952
2026-07-21T10:25:16,Peugeot,308 AFFAIRE,2,0,0.0
2026-07-21T10:25:16,Peugeot,308 SW,26,2,0.0769
2026-07-21T10:25:16,Peugeot,408,22,2,0.0909
2026-07-21T10:25:16,Peugeot,5008,46,0,0.0
2026-07-21T10:25:16,Peugeot,508,5,0,0.0
2026-07-21T10:25:16,Peugeot,508 SW,9,0,0.0
2026-07-21T10:25:16,Peugeot,Boxer,1,0,0.0
2026-07-21T10:25:16,Peugeot,Expert Fourgon,2,0,0.0
2026-07-21T10:25:16,Peugeot,RIFTER,2,0,0.0
2026-07-21T10:25:16,Peugeot,Rifter,0,0,0.0
2026-07-21T10:25:16,Polestar,2,1,1,1.0
2026-07-21T10:25:16,Renault,Arkana,17,0,0.0
2026-07-21T10:25:16,Renault,Austral,28,0,0.0
2026-07-21T10:25:16,Renault,Captur,83,0,0.0
2026-07-21T10:25:16,Renault,Clio 3,2,0,0.0
2026-07-21T10:25:16,Renault,Clio 4,6,0,0.0
2026-07-21T10:25:16,Renault,Clio 5,50,0,0.0
2026-07-21T10:25:16,Renault,Clio 6,6,0,0.0
2026-07-21T10:25:16,Renault,Espace 5,2,0,0.0
2026-07-21T10:25:16,Renault,Grand Scénic 4,1,0,0.0
2026-07-21T10:25:16,Renault,Kadjar,18,0,0.0
2026-07-21T10:25:16,Renault,Kangoo,1,0,0.0
2026-07-21T10:25:16,Renault,Koleos,1,0,0.0
2026-07-21T10:25:16,Renault,Master Fourgon,1,0,0.0
2026-07-21T10:25:16,Renault,Mégane 3,1,0,0.0
2026-07-21T10:25:16,Renault,Mégane 4,19,0,0.0
2026-07-21T10:25:16,Renault,Mégane 4 Estate,7,0,0.0
2026-07-21T10:25:16,Renault,Mégane E-TECH,10,10,1.0
2026-07-21T10:25:16,Renault,R4,13,13,1.0
2026-07-21T10:25:16,Renault,R5,44,44,1.0
2026-07-21T10:25:16,Renault,Rafale,8,0,0.0
2026-07-21T10:25:16,Renault,Scénic 4,11,0,0.0
2026-07-21T10:25:16,Renault,Scénic E-Tech,12,12,1.0
2026-07-21T10:25:16,Renault,Symbioz,38,0,0.0
2026-07-21T10:25:16,Renault,TRAFIC FOURGON,1,0,0.0
2026-07-21T10:25:16,Renault,TWINGO,1,1,1.0
2026-07-21T10:25:16,Renault,TWINGO E-TECH ELECTRIQUE,2,2,1.0
2026-07-21T10:25:16,Renault,Talisman,2,0,0.0
2026-07-21T10:25:16,Renault,Trafic,2,0,0.0
2026-07-21T10:25:16,Renault,Twingo 2,1,0,0.0
2026-07-21T10:25:16,Renault,Twingo 3,17,5,0.2941
2026-07-21T10:25:16,Renault,Twizy,1,1,1.0
2026-07-21T10:25:16,Renault,Wind,1,0,0.0
2026-07-21T10:25:16,Renault,ZOE E-tech Electrique,1,1,1.0
2026-07-21T10:25:16,Renault,Zoé,12,12,1.0
2026-07-21T10:25:16,Seat,Arona,11,0,0.0
2026-07-21T10:25:16,Seat,Ateca,13,0,0.0
2026-07-21T10:25:16,Seat,Ibiza,8,0,0.0
2026-07-21T10:25:16,Seat,Leon,4,0,0.0
2026-07-21T10:25:16,Seat,Leon ST,1,0,0.0
2026-07-21T10:25:16,Skoda,ENYAQ,1,1,1.0
2026-07-21T10:25:16,Skoda,FABIA COMBI,1,0,0.0
2026-07-21T10:25:16,Skoda,Fabia,4,0,0.0
2026-07-21T10:25:16,Skoda,KAMIQ,2,0,0.0
2026-07-21T10:25:16,Skoda,Karoq,3,0,0.0
2026-07-21T10:25:16,Skoda,OCTAVIA COMBI,0,0,0.0
2026-07-21T10:25:16,Skoda,Octavia,1,0,0.0
2026-07-21T10:25:16,Skoda,Octavia Combi,7,0,0.0
2026-07-21T10:25:16,Skoda,Scala,1,0,0.0
2026-07-21T10:25:16,Skoda,Superb Combi,2,0,0.0
2026-07-21T10:25:16,Smart,FORFOUR,2,2,1.0
2026-07-21T10:25:16,Smart,Fortwo EQ,2,2,1.0
2026-07-21T10:25:16,Suzuki,Ignis,2,0,0.0
2026-07-21T10:25:16,Suzuki,S-Cross,0,0,0.0
2026-07-21T10:25:16,Suzuki,SWACE,1,0,0.0
2026-07-21T10:25:16,Suzuki,SX4 S-Cross,1,0,0.0
2026-07-21T10:25:16,Suzuki,Swift,2,0,0.0
2026-07-21T10:25:16,Suzuki,Vitara,1,0,0.0
2026-07-21T10:25:16,Tesla,MODEL 3,8,8,1.0
2026-07-21T10:25:16,Tesla,MODEL X,2,2,1.0
2026-07-21T10:25:16,Tesla,MODEL Y,8,8,1.0
2026-07-21T10:25:16,Toyota,AURIS TOURING SPORTS,1,0,0.0
2026-07-21T10:25:16,Toyota,Auris,1,0,0.0
2026-07-21T10:25:16,Toyota,Aygo,1,0,0.0
2026-07-21T10:25:16,Toyota,Aygo X,9,0,0.0
2026-07-21T10:25:16,Toyota,C-HR,19,0,0.0
2026-07-21T10:25:16,Toyota,Corolla,6,0,0.0
2026-07-21T10:25:16,Toyota,Corolla Cross,1,0,0.0
2026-07-21T10:25:16,Toyota,Corolla Sw,1,0,0.0
2026-07-21T10:25:16,Toyota,Corolla Touring Sports,16,0,0.0
2026-07-21T10:25:16,Toyota,Prius,1,0,0.0
2026-07-21T10:25:16,Toyota,RAV 4,4,0,0.0
2026-07-21T10:25:16,Toyota,YARIS CROSS,6,0,0.0
2026-07-21T10:25:16,Toyota,YARIS HYBRIDE,1,0,0.0
2026-07-21T10:25:16,Toyota,Yaris,9,0,0.0
2026-07-21T10:25:16,Toyota,Yaris 3,1,0,0.0
2026-07-21T10:25:16,Toyota,Yaris 4,8,0,0.0
2026-07-21T10:25:16,Volkswagen,Coccinelle,1,0,0.0
2026-07-21T10:25:16,Volkswagen,Golf,7,0,0.0
2026-07-21T10:25:16,Volkswagen,Golf 6,1,0,0.0
2026-07-21T10:25:16,Volkswagen,Golf 7,3,0,0.0
2026-07-21T10:25:16,Volkswagen,Golf 8,18,0,0.0
2026-07-21T10:25:16,Volkswagen,Golf 8 SW,7,0,0.0
2026-07-21T10:25:16,Volkswagen,Golf Sportsvan,1,0,0.0
2026-07-21T10:25:16,Volkswagen,ID.4,1,1,1.0
2026-07-21T10:25:16,Volkswagen,ID.5,1,1,1.0
2026-07-21T10:25:16,Volkswagen,Passat,3,0,0.0
2026-07-21T10:25:16,Volkswagen,Passat SW,1,0,0.0
2026-07-21T10:25:16,Volkswagen,Polo,13,0,0.0
2026-07-21T10:25:16,Volkswagen,Sharan,1,0,0.0
2026-07-21T10:25:16,Volkswagen,T-CROSS,19,0,0.0
2026-07-21T10:25:16,Volkswagen,T-Cross,0,0,0.0
2026-07-21T10:25:16,Volkswagen,T-Roc,40,0,0.0
2026-07-21T10:25:16,Volkswagen,T-Roc Cabriolet,2,0,0.0
2026-07-21T10:25:16,Volkswagen,TAIGO,8,0,0.0
2026-07-21T10:25:16,Volkswagen,TIGUAN,0,0,0.0
2026-07-21T10:25:16,Volkswagen,Tayron,3,0,0.0
2026-07-21T10:25:16,Volkswagen,Tiguan,17,0,0.0
2026-07-21T10:25:16,Volkswagen,Tiguan Allspace,1,0,0.0
2026-07-21T10:25:16,Volkswagen,Touran,4,0,0.0
2026-07-21T10:25:16,Volkswagen,Up,1,0,0.0
2026-07-21T10:25:16,Volvo,C40,1,1,1.0
2026-07-21T10:25:16,Volvo,EX30,2,2,1.0
2026-07-21T10:25:16,Volvo,V60,1,0,0.0
2026-07-21T10:25:16,Volvo,V60 Cross Country,2,0,0.0
2026-07-21T10:25:16,Volvo,XC40,11,1,0.0909
2026-07-21T10:25:16,Volvo,XC60,3,0,0.0
2026-07-21T10:25:16,Volvo,XC90,3,0,0.0
2026-07-22T10:24:40,Alfa Romeo,Giulia,1,0,0.0
2026-07-22T10:24:40,Alfa Romeo,Junior,15,9,0.6
2026-07-22T10:24:40,Alfa Romeo,Stelvio,1,0,0.0
2026-07-22T10:24:40,Alfa Romeo,Tonale,11,0,0.0
2026-07-22T10:24:40,Alpine,A290,1,1,1.0
2026-07-22T10:24:40,Audi,A1 Allstreet,1,0,0.0
2026-07-22T10:24:40,Audi,A1 Sportback,12,0,0.0
2026-07-22T10:24:40,Audi,A3 Berline,2,0,0.0
2026-07-22T10:24:40,Audi,A3 Sportback,13,0,0.0
2026-07-22T10:24:40,Audi,A4,1,0,0.0
2026-07-22T10:24:40,Audi,A4 Avant,4,0,0.0
2026-07-22T10:24:40,Audi,A6 Avant,1,0,0.0
2026-07-22T10:24:40,Audi,E-TRON,1,1,1.0
2026-07-22T10:24:40,Audi,Q2,18,0,0.0
2026-07-22T10:24:40,Audi,Q3,6,0,0.0
2026-07-22T10:24:40,Audi,Q3 Sportback,1,0,0.0
2026-07-22T10:24:40,Audi,Q4 E-TRON,1,1,1.0
2026-07-22T10:24:40,Audi,Q5,2,0,0.0
2026-07-22T10:24:40,Audi,Q5 Sportback,1,0,0.0
2026-07-22T10:24:40,BMW,I3,1,1,1.0
2026-07-22T10:24:40,BMW,IX,1,1,1.0
2026-07-22T10:24:40,BMW,Série 1,12,0,0.0
2026-07-22T10:24:40,BMW,Série 2 Active Tourer,1,0,0.0
2026-07-22T10:24:40,BMW,Série 2 Gran Coupé,1,0,0.0
2026-07-22T10:24:40,BMW,Série 3,1,0,0.0
2026-07-22T10:24:40,BMW,Série 3 Touring,2,0,0.0
2026-07-22T10:24:40,BMW,Série 5 Touring,1,0,0.0
2026-07-22T10:24:40,BMW,X1,16,0,0.0
2026-07-22T10:24:40,BMW,X2,6,0,0.0
2026-07-22T10:24:40,BMW,X3,3,0,0.0
2026-07-22T10:24:40,BMW,X5,1,0,0.0
2026-07-22T10:24:40,BMW,i4,3,3,1.0
2026-07-22T10:24:40,BMW,iX1,1,1,1.0
2026-07-22T10:24:40,BYD,Atto 2,2,2,1.0
2026-07-22T10:24:40,BYD,Dolfin Surf,1,1,1.0
2026-07-22T10:24:40,BYD,Dolphin,1,1,1.0
2026-07-22T10:24:40,BYD,SEAL 6 TOURING,4,0,0.0
2026-07-22T10:24:40,BYD,Seal,1,1,1.0
2026-07-22T10:24:40,BYD,Seal 6,2,0,0.0
2026-07-22T10:24:40,BYD,Seal U,3,0,0.0
2026-07-22T10:24:40,BYD,Sealion 7,2,2,1.0
2026-07-22T10:24:40,Citroën,AMI,3,3,1.0
2026-07-22T10:24:40,Citroën,BERLINGO FOURGON ELECTRIC,1,1,1.0
2026-07-22T10:24:40,Citroën,Berlingo,4,3,0.75
2026-07-22T10:24:40,Citroën,Berlingo Fourgon,2,0,0.0
2026-07-22T10:24:40,Citroën,C3,49,11,0.2245
2026-07-22T10:24:40,Citroën,C3 Aircross,35,5,0.1429
2026-07-22T10:24:40,Citroën,C4,56,8,0.1429
2026-07-22T10:24:40,Citroën,C4 CACTUS BUSINESS,1,0,0.0
2026-07-22T10:24:40,Citroën,C4 Cactus,4,0,0.0
2026-07-22T10:24:40,Citroën,C4 Picasso,5,0,0.0
2026-07-22T10:24:40,Citroën,C4 X,4,1,0.25
2026-07-22T10:24:40,Citroën,C5 Aircross,65,0,0.0
2026-07-22T10:24:40,Citroën,C5 X,7,0,0.0
2026-07-22T10:24:40,Citroën,GRAND C4 SPACETOURER,3,0,0.0
2026-07-22T10:24:40,Citroën,Grand C4 Picasso,3,0,0.0
2026-07-22T10:24:40,Citroën,Grand C4 Spacetourer,0,0,0.0
2026-07-22T10:24:40,Citroën,JUMPY CABINE APPROFONDIE,1,0,0.0
2026-07-22T10:24:40,Citroën,Jumper Fourgon,1,0,0.0
2026-07-22T10:24:40,Citroën,Jumpy,1,0,0.0
2026-07-22T10:24:40,Cupra,FORMENTOR,19,0,0.0
2026-07-22T10:24:40,Cupra,LEON SPORTSTOURER,2,0,0.0
2026-07-22T10:24:40,Cupra,Leon,3,0,0.0
2026-07-22T10:24:40,Cupra,Terramar,2,0,0.0
2026-07-22T10:24:40,DS,DS3,4,0,0.0
2026-07-22T10:24:40,DS,DS3 CROSSBACK,10,0,0.0
2026-07-22T10:24:40,DS,DS3 Crossback,0,1,0.0
2026-07-22T10:24:40,DS,DS4,19,0,0.0
2026-07-22T10:24:40,DS,DS7,27,0,0.0
2026-07-22T10:24:40,DS,DS7 CROSSBACK,14,0,0.0
2026-07-22T10:24:40,DS,DS7 Crossback,0,0,0.0
2026-07-22T10:24:40,DS,N 4,5,0,0.0
2026-07-22T10:24:40,Dacia,Bigster,21,0,0.0
2026-07-22T10:24:40,Dacia,Dokker,1,0,0.0
2026-07-22T10:24:40,Dacia,Duster,68,0,0.0
2026-07-22T10:24:40,Dacia,JOGGER,18,0,0.0
2026-07-22T10:24:40,Dacia,Jogger,0,0,0.0
2026-07-22T10:24:40,Dacia,SPRING,17,17,1.0
2026-07-22T10:24:40,Dacia,Sandero,27,0,0.0
2026-07-22T10:24:40,Fiat,500,27,14,0.5185
2026-07-22T10:24:40,Fiat,500C,6,6,1.0
2026-07-22T10:24:40,Fiat,500X,7,0,0.0
2026-07-22T10:24:40,Fiat,500e,2,2,1.0
2026-07-22T10:24:40,Fiat,600,12,2,0.1667
2026-07-22T10:24:40,Fiat,DUCATO FOURGON,1,0,0.0
2026-07-22T10:24:40,Fiat,PANDINA,1,0,0.0
2026-07-22T10:24:40,Fiat,Panda,5,0,0.0
2026-07-22T10:24:40,Fiat,Tipo,2,0,0.0
2026-07-22T10:24:40,Fiat,Tipo Cross,1,0,0.0
2026-07-22T10:24:40,Fiat,Tipo Sw,1,0,0.0
2026-07-22T10:24:40,Ford,Ecosport,4,0,0.0
2026-07-22T10:24:40,Ford,Fiesta,10,0,0.0
2026-07-22T10:24:40,Ford,Focus,5,0,0.0
2026-07-22T10:24:40,Ford,Focus SW,5,0,0.0
2026-07-22T10:24:40,Ford,Kuga,11,0,0.0
2026-07-22T10:24:40,Ford,Mustang MACH-E,1,1,1.0
2026-07-22T10:24:40,Ford,PUMA,26,0,0.0
2026-07-22T10:24:40,Ford,Puma,0,0,0.0
2026-07-22T10:24:40,Ford,TRANSIT CHASSIS DOUBLE CABINE,1,0,0.0
2026-07-22T10:24:40,Ford,TRANSIT CONNECT FGN,3,0,0.0
2026-07-22T10:24:40,Honda,Civic,3,0,0.0
2026-07-22T10:24:40,Honda,HR-V,1,0,0.0
2026-07-22T10:24:40,Hyundai,BAYON,3,0,0.0
2026-07-22T10:24:40,Hyundai,Bayon,0,0,0.0
2026-07-22T10:24:40,Hyundai,IONIQ ELECTRIQUE,1,1,1.0
2026-07-22T10:24:40,Hyundai,Kona,20,3,0.15
2026-07-22T10:24:40,Hyundai,Tucson,37,0,0.0
2026-07-22T10:24:40,Hyundai,i10,3,0,0.0
2026-07-22T10:24:40,Hyundai,i20,2,0,0.0
2026-07-22T10:24:40,Hyundai,i20 ACTIVE,1,0,0.0
2026-07-22T10:24:40,Hyundai,i30,1,0,0.0
2026-07-22T10:24:40,Hyundai,ix35,1,0,0.0
2026-07-22T10:24:40,Jaecoo,Jaecoo 7,4,0,0.0
2026-07-22T10:24:40,Jeep,Avenger,16,6,0.375
2026-07-22T10:24:40,Jeep,Compass,11,0,0.0
2026-07-22T10:24:40,Jeep,Renegade,18,0,0.0
2026-07-22T10:24:40,Kia,Ceed,4,0,0.0
2026-07-22T10:24:40,Kia,Ceed SW,1,0,0.0
2026-07-22T10:24:40,Kia,NIRO EV,1,1,1.0
2026-07-22T10:24:40,Kia,Niro,3,0,0.0
2026-07-22T10:24:40,Kia,Picanto,1,0,0.0
2026-07-22T10:24:40,Kia,ProCeed,4,0,0.0
2026-07-22T10:24:40,Kia,Rio,5,0,0.0
2026-07-22T10:24:40,Kia,Soul,1,1,1.0
2026-07-22T10:24:40,Kia,Sportage,12,0,0.0
2026-07-22T10:24:40,Kia,Stonic,6,0,0.0
2026-07-22T10:24:40,Kia,Venga,1,0,0.0
2026-07-22T10:24:40,Kia,XCEED,6,0,0.0
2026-07-22T10:24:40,Kia,Xceed,0,0,0.0
2026-07-22T10:24:40,Lancia,Ypsilon,1,0,0.0
2026-07-22T10:24:40,Lexus,LBX,1,0,0.0
2026-07-22T10:24:40,Lexus,UX,1,0,0.0
2026-07-22T10:24:40,Lynk&Co,01,3,0,0.0
2026-07-22T10:24:40,MG,EHS,17,0,0.0
2026-07-22T10:24:40,MG,MG3,11,0,0.0
2026-07-22T10:24:40,MG,MG4,2,2,1.0
2026-07-22T10:24:40,MG,MG5,1,1,1.0
2026-07-22T10:24:40,MG,MGS5,2,2,1.0
2026-07-22T10:24:40,MG,Marvel R,1,1,1.0
2026-07-22T10:24:40,MG,ZS,12,0,0.0
2026-07-22T10:24:40,Mazda,CX-5,3,0,0.0
2026-07-22T10:24:40,Mazda,CX-60,1,0,0.0
2026-07-22T10:24:40,Mazda,MX-30,1,1,1.0
2026-07-22T10:24:40,Mazda,MX-30 2020,1,1,1.0
2026-07-22T10:24:40,Mazda,MX-5,2,0,0.0
2026-07-22T10:24:40,Mazda,Mazda 3,1,0,0.0
2026-07-22T10:24:40,Mercedes,CLA,1,0,0.0
2026-07-22T10:24:40,Mercedes,CLA Shooting Brake,4,0,0.0
2026-07-22T10:24:40,Mercedes,CLASSE C BREAK,3,0,0.0
2026-07-22T10:24:40,Mercedes,Classe A,6,0,0.0
2026-07-22T10:24:40,Mercedes,Classe B,4,0,0.0
2026-07-22T10:24:40,Mercedes,Classe C,4,0,0.0
2026-07-22T10:24:40,Mercedes,Classe C coupé,1,0,0.0
2026-07-22T10:24:40,Mercedes,Classe E Coupé,1,0,0.0
2026-07-22T10:24:40,Mercedes,GLA,3,0,0.0
2026-07-22T10:24:40,Mercedes,GLB,1,0,0.0
2026-07-22T10:24:40,Mini,Clubman,5,0,0.0
2026-07-22T10:24:40,Mini,Countryman,13,1,0.0769
2026-07-22T10:24:40,Mini,Mini,9,4,0.4444
2026-07-22T10:24:40,Mitsubishi,Space Star,2,0,0.0
2026-07-22T10:24:40,Nissan,Juke,22,0,0.0
2026-07-22T10:24:40,Nissan,Leaf,3,3,1.0
2026-07-22T10:24:40,Nissan,Micra,4,0,0.0
2026-07-22T10:24:40,Nissan,Pulsar,1,0,0.0
2026-07-22T10:24:40,Nissan,Qashqai,26,0,0.0
2026-07-22T10:24:40,Nissan,X-Trail,2,0,0.0
2026-07-22T10:24:40,Omoda,5,1,1,1.0
2026-07-22T10:24:40,Opel,ASTRA ELECTRIQUE,1,1,1.0
2026-07-22T10:24:40,Opel,Astra,6,0,0.0
2026-07-22T10:24:40,Opel,Astra Sports Tourer,2,0,0.0
2026-07-22T10:24:40,Opel,COMBO CARGO,1,0,0.0
2026-07-22T10:24:40,Opel,Combo Fourgon,1,0,0.0
2026-07-22T10:24:40,Opel,Corsa,29,7,0.2414
2026-07-22T10:24:40,Opel,Crossland,6,0,0.0
2026-07-22T10:24:40,Opel,Crossland X,4,0,0.0
2026-07-22T10:24:40,Opel,FRONTERA,7,4,0.5714
2026-07-22T10:24:40,Opel,GRANDLAND,5,0,0.0
2026-07-22T10:24:40,Opel,Grandland,0,0,0.0
2026-07-22T10:24:40,Opel,Grandland X,6,0,0.0
2026-07-22T10:24:40,Opel,MOKKA ELECTRIQUE,1,1,1.0
2026-07-22T10:24:40,Opel,Mokka,25,10,0.4
2026-07-22T10:24:40,Opel,Mokka X,1,0,0.0
2026-07-22T10:24:40,Peugeot,107,1,0,0.0
2026-07-22T10:24:40,Peugeot,108,4,0,0.0
2026-07-22T10:24:40,Peugeot,2008,177,36,0.2034
2026-07-22T10:24:40,Peugeot,208,100,21,0.21
2026-07-22T10:24:40,Peugeot,208 AFFAIRE,4,1,0.25
2026-07-22T10:24:40,Peugeot,3008,138,6,0.0435
2026-07-22T10:24:40,Peugeot,308,55,6,0.1091
2026-07-22T10:24:40,Peugeot,308 AFFAIRE,2,0,0.0
2026-07-22T10:24:40,Peugeot,308 SW,32,2,0.0625
2026-07-22T10:24:40,Peugeot,407 Berline,1,0,0.0
2026-07-22T10:24:40,Peugeot,408,25,2,0.08
2026-07-22T10:24:40,Peugeot,5008,46,0,0.0
2026-07-22T10:24:40,Peugeot,508,5,0,0.0
2026-07-22T10:24:40,Peugeot,508 SW,8,0,0.0
2026-07-22T10:24:40,Peugeot,Boxer,1,0,0.0
2026-07-22T10:24:40,Peugeot,Expert Fourgon,3,0,0.0
2026-07-22T10:24:40,Peugeot,RIFTER,2,0,0.0
2026-07-22T10:24:40,Peugeot,Rifter,0,0,0.0
2026-07-22T10:24:40,Polestar,2,1,1,1.0
2026-07-22T10:24:40,Renault,Arkana,16,0,0.0
2026-07-22T10:24:40,Renault,Austral,27,0,0.0
2026-07-22T10:24:40,Renault,Captur,76,0,0.0
2026-07-22T10:24:40,Renault,Clio,1,0,0.0
2026-07-22T10:24:40,Renault,Clio 3,2,0,0.0
2026-07-22T10:24:40,Renault,Clio 4,6,0,0.0
2026-07-22T10:24:40,Renault,Clio 4 Estate,1,0,0.0
2026-07-22T10:24:40,Renault,Clio 5,52,0,0.0
2026-07-22T10:24:40,Renault,Clio 6,6,0,0.0
2026-07-22T10:24:40,Renault,Espace 5,3,0,0.0
2026-07-22T10:24:40,Renault,Grand Scénic 4,2,0,0.0
2026-07-22T10:24:40,Renault,Kadjar,19,0,0.0
2026-07-22T10:24:40,Renault,Kangoo,1,0,0.0
2026-07-22T10:24:40,Renault,Koleos,1,0,0.0
2026-07-22T10:24:40,Renault,Master Fourgon,1,0,0.0
2026-07-22T10:24:40,Renault,Mégane 3,1,0,0.0
2026-07-22T10:24:40,Renault,Mégane 4,18,0,0.0
2026-07-22T10:24:40,Renault,Mégane 4 Estate,6,0,0.0
2026-07-22T10:24:40,Renault,Mégane E-TECH,9,9,1.0
2026-07-22T10:24:40,Renault,R4,13,13,1.0
2026-07-22T10:24:40,Renault,R5,45,45,1.0
2026-07-22T10:24:40,Renault,Rafale,5,0,0.0
2026-07-22T10:24:40,Renault,Scénic 4,13,0,0.0
2026-07-22T10:24:40,Renault,Scénic E-Tech,12,12,1.0
2026-07-22T10:24:40,Renault,Symbioz,37,0,0.0
2026-07-22T10:24:40,Renault,TRAFIC FOURGON,1,0,0.0
2026-07-22T10:24:40,Renault,TWINGO,1,1,1.0
2026-07-22T10:24:40,Renault,TWINGO E-TECH ELECTRIQUE,2,2,1.0
2026-07-22T10:24:40,Renault,Talisman,2,0,0.0
2026-07-22T10:24:40,Renault,Trafic,2,0,0.0
2026-07-22T10:24:40,Renault,Twingo 2,1,0,0.0
2026-07-22T10:24:40,Renault,Twingo 3,18,5,0.2778
2026-07-22T10:24:40,Renault,Twizy,1,1,1.0
2026-07-22T10:24:40,Renault,Wind,1,0,0.0
2026-07-22T10:24:40,Renault,Zoé,13,13,1.0
2026-07-22T10:24:40,Seat,Arona,11,0,0.0
2026-07-22T10:24:40,Seat,Ateca,13,0,0.0
2026-07-22T10:24:40,Seat,Ibiza,6,0,0.0
2026-07-22T10:24:40,Seat,Leon,3,0,0.0
2026-07-22T10:24:40,Seat,Leon ST,1,0,0.0
2026-07-22T10:24:40,Skoda,ENYAQ,1,1,1.0
2026-07-22T10:24:40,Skoda,Fabia,4,0,0.0
2026-07-22T10:24:40,Skoda,KAMIQ,2,0,0.0
2026-07-22T10:24:40,Skoda,Karoq,3,0,0.0
2026-07-22T10:24:40,Skoda,OCTAVIA COMBI,0,0,0.0
2026-07-22T10:24:40,Skoda,Octavia,1,0,0.0
2026-07-22T10:24:40,Skoda,Octavia Combi,6,0,0.0
2026-07-22T10:24:40,Skoda,Scala,1,0,0.0
2026-07-22T10:24:40,Skoda,Superb Combi,2,0,0.0
2026-07-22T10:24:40,Smart,FORFOUR,2,2,1.0
2026-07-22T10:24:40,Smart,Fortwo EQ,2,2,1.0
2026-07-22T10:24:40,Suzuki,Ignis,1,0,0.0
2026-07-22T10:24:40,Suzuki,SWACE,1,0,0.0
2026-07-22T10:24:40,Suzuki,SX4 S-Cross,2,0,0.0
2026-07-22T10:24:40,Suzuki,Swift,3,0,0.0
2026-07-22T10:24:40,Suzuki,Vitara,1,0,0.0
2026-07-22T10:24:40,Tesla,MODEL 3,7,7,1.0
2026-07-22T10:24:40,Tesla,MODEL X,2,2,1.0
2026-07-22T10:24:40,Tesla,MODEL Y,8,8,1.0
2026-07-22T10:24:40,Toyota,AURIS TOURING SPORTS,1,0,0.0
2026-07-22T10:24:40,Toyota,Auris,1,0,0.0
2026-07-22T10:24:40,Toyota,Aygo,1,0,0.0
2026-07-22T10:24:40,Toyota,Aygo X,10,0,0.0
2026-07-22T10:24:40,Toyota,C-HR,18,0,0.0
2026-07-22T10:24:40,Toyota,Corolla,6,0,0.0
2026-07-22T10:24:40,Toyota,Corolla Cross,1,0,0.0
2026-07-22T10:24:40,Toyota,Corolla Sw,1,0,0.0
2026-07-22T10:24:40,Toyota,Corolla Touring Sports,14,0,0.0
2026-07-22T10:24:40,Toyota,Prius,1,0,0.0
2026-07-22T10:24:40,Toyota,RAV 4,4,0,0.0
2026-07-22T10:24:40,Toyota,YARIS CROSS,9,0,0.0
2026-07-22T10:24:40,Toyota,YARIS HYBRIDE,1,0,0.0
2026-07-22T10:24:40,Toyota,Yaris,7,0,0.0
2026-07-22T10:24:40,Toyota,Yaris 3,1,0,0.0
2026-07-22T10:24:40,Toyota,Yaris 4,9,0,0.0
2026-07-22T10:24:40,Volkswagen,Coccinelle,1,0,0.0
2026-07-22T10:24:40,Volkswagen,Golf,7,0,0.0
2026-07-22T10:24:40,Volkswagen,Golf 6,1,0,0.0
2026-07-22T10:24:40,Volkswagen,Golf 7,3,0,0.0
2026-07-22T10:24:40,Volkswagen,Golf 8,19,0,0.0
2026-07-22T10:24:40,Volkswagen,Golf 8 SW,7,0,0.0
2026-07-22T10:24:40,Volkswagen,Golf Sportsvan,2,0,0.0
2026-07-22T10:24:40,Volkswagen,ID.3,1,1,1.0
2026-07-22T10:24:40,Volkswagen,ID.5,1,1,1.0
2026-07-22T10:24:40,Volkswagen,Passat,3,0,0.0
2026-07-22T10:24:40,Volkswagen,Passat SW,1,0,0.0
2026-07-22T10:24:40,Volkswagen,Polo,14,0,0.0
2026-07-22T10:24:40,Volkswagen,Sharan,1,0,0.0
2026-07-22T10:24:40,Volkswagen,T-CROSS,19,0,0.0
2026-07-22T10:24:40,Volkswagen,T-Cross,0,0,0.0
2026-07-22T10:24:40,Volkswagen,T-Roc,39,0,0.0
2026-07-22T10:24:40,Volkswagen,T-Roc Cabriolet,2,0,0.0
2026-07-22T10:24:40,Volkswagen,TAIGO,10,0,0.0
2026-07-22T10:24:40,Volkswagen,TIGUAN,0,0,0.0
2026-07-22T10:24:40,Volkswagen,Taigo,0,0,0.0
2026-07-22T10:24:40,Volkswagen,Tayron,4,0,0.0
2026-07-22T10:24:40,Volkswagen,Tiguan,17,0,0.0
2026-07-22T10:24:40,Volkswagen,Tiguan Allspace,1,0,0.0
2026-07-22T10:24:40,Volkswagen,Touran,4,0,0.0
2026-07-22T10:24:40,Volkswagen,Up,1,0,0.0
2026-07-22T10:24:40,Volvo,EX30,2,2,1.0
2026-07-22T10:24:40,Volvo,V60,2,0,0.0
2026-07-22T10:24:40,Volvo,V60 Cross Country,2,0,0.0
2026-07-22T10:24:40,Volvo,XC40,11,2,0.1818
2026-07-22T10:24:40,Volvo,XC60,3,0,0.0
2026-07-22T10:24:40,Volvo,XC90,4,0,0.0
2026-07-23T10:21:56,Alfa Romeo,Giulia,1,0,0.0
2026-07-23T10:21:56,Alfa Romeo,Junior,15,9,0.6
2026-07-23T10:21:56,Alfa Romeo,Stelvio,1,0,0.0
2026-07-23T10:21:56,Alfa Romeo,Tonale,13,0,0.0
2026-07-23T10:21:56,Alpine,A290,1,1,1.0
2026-07-23T10:21:56,Audi,A1 Allstreet,1,0,0.0
2026-07-23T10:21:56,Audi,A1 Sportback,13,0,0.0
2026-07-23T10:21:56,Audi,A3 Berline,2,0,0.0
2026-07-23T10:21:56,Audi,A3 Sportback,14,0,0.0
2026-07-23T10:21:56,Audi,A4,1,0,0.0
2026-07-23T10:21:56,Audi,A4 Avant,4,0,0.0
2026-07-23T10:21:56,Audi,A6 Avant,1,0,0.0
2026-07-23T10:21:56,Audi,E-TRON,1,1,1.0
2026-07-23T10:21:56,Audi,Q2,17,0,0.0
2026-07-23T10:21:56,Audi,Q3,7,0,0.0
2026-07-23T10:21:56,Audi,Q3 Sportback,2,0,0.0
2026-07-23T10:21:56,Audi,Q4 E-TRON,1,1,1.0
2026-07-23T10:21:56,Audi,Q5,2,0,0.0
2026-07-23T10:21:56,Audi,Q5 Sportback,1,0,0.0
2026-07-23T10:21:56,BMW,I3,1,1,1.0
2026-07-23T10:21:56,BMW,IX,1,1,1.0
2026-07-23T10:21:56,BMW,Série 1,11,0,0.0
2026-07-23T10:21:56,BMW,Série 2 Active Tourer,1,0,0.0
2026-07-23T10:21:56,BMW,Série 2 Gran Coupé,1,0,0.0
2026-07-23T10:21:56,BMW,Série 3,1,0,0.0
2026-07-23T10:21:56,BMW,Série 3 Touring,2,0,0.0
2026-07-23T10:21:56,BMW,Série 5 Touring,1,0,0.0
2026-07-23T10:21:56,BMW,X1,17,0,0.0
2026-07-23T10:21:56,BMW,X2,7,0,0.0
2026-07-23T10:21:56,BMW,X3,4,0,0.0
2026-07-23T10:21:56,BMW,X5,1,0,0.0
2026-07-23T10:21:56,BMW,i4,3,3,1.0
2026-07-23T10:21:56,BMW,iX1,1,1,1.0
2026-07-23T10:21:56,BYD,Atto 2,4,1,0.25
2026-07-23T10:21:56,BYD,Dolfin Surf,1,1,1.0
2026-07-23T10:21:56,BYD,Dolphin,1,1,1.0
2026-07-23T10:21:56,BYD,SEAL 6 TOURING,4,0,0.0
2026-07-23T10:21:56,BYD,Seal,1,1,1.0
2026-07-23T10:21:56,BYD,Seal 6,2,0,0.0
2026-07-23T10:21:56,BYD,Seal U,1,0,0.0
2026-07-23T10:21:56,BYD,Sealion 7,3,3,1.0
2026-07-23T10:21:56,Citroën,AMI,3,3,1.0
2026-07-23T10:21:56,Citroën,BERLINGO FOURGON ELECTRIC,1,1,1.0
2026-07-23T10:21:56,Citroën,Berlingo,4,3,0.75
2026-07-23T10:21:56,Citroën,Berlingo Fourgon,2,0,0.0
2026-07-23T10:21:56,Citroën,C3,62,13,0.2097
2026-07-23T10:21:56,Citroën,C3 Aircross,37,4,0.1081
2026-07-23T10:21:56,Citroën,C4,53,8,0.1509
2026-07-23T10:21:56,Citroën,C4 CACTUS BUSINESS,1,0,0.0
2026-07-23T10:21:56,Citroën,C4 Cactus,4,0,0.0
2026-07-23T10:21:56,Citroën,C4 Picasso,3,0,0.0
2026-07-23T10:21:56,Citroën,C4 X,4,1,0.25
2026-07-23T10:21:56,Citroën,C5 Aircross,70,0,0.0
2026-07-23T10:21:56,Citroën,C5 X,7,0,0.0
2026-07-23T10:21:56,Citroën,GRAND C4 SPACETOURER,4,0,0.0
2026-07-23T10:21:56,Citroën,Grand C4 Picasso,3,0,0.0
2026-07-23T10:21:56,Citroën,Grand C4 Spacetourer,0,0,0.0
2026-07-23T10:21:56,Citroën,JUMPY CABINE APPROFONDIE,1,0,0.0
2026-07-23T10:21:56,Citroën,Jumper Fourgon,1,0,0.0
2026-07-23T10:21:56,Citroën,Jumpy,1,0,0.0
2026-07-23T10:21:56,Cupra,FORMENTOR,21,0,0.0
2026-07-23T10:21:56,Cupra,LEON SPORTSTOURER,2,0,0.0
2026-07-23T10:21:56,Cupra,Leon,5,0,0.0
2026-07-23T10:21:56,Cupra,Terramar,1,0,0.0
2026-07-23T10:21:56,DS,DS3,4,0,0.0
2026-07-23T10:21:56,DS,DS3 CROSSBACK,9,0,0.0
2026-07-23T10:21:56,DS,DS4,16,0,0.0
2026-07-23T10:21:56,DS,DS7,26,0,0.0
2026-07-23T10:21:56,DS,DS7 CROSSBACK,13,0,0.0
2026-07-23T10:21:56,DS,N 4,5,0,0.0
2026-07-23T10:21:56,Dacia,Bigster,25,0,0.0
2026-07-23T10:21:56,Dacia,Dokker,2,0,0.0
2026-07-23T10:21:56,Dacia,Duster,70,0,0.0
2026-07-23T10:21:56,Dacia,JOGGER,16,0,0.0
2026-07-23T10:21:56,Dacia,Jogger,0,0,0.0
2026-07-23T10:21:56,Dacia,SPRING,17,17,1.0
2026-07-23T10:21:56,Dacia,Sandero,23,0,0.0
2026-07-23T10:21:56,Fiat,500,28,15,0.5357
2026-07-23T10:21:56,Fiat,500 L,1,0,0.0
2026-07-23T10:21:56,Fiat,500C,7,6,0.8571
2026-07-23T10:21:56,Fiat,500X,9,0,0.0
2026-07-23T10:21:56,Fiat,500e,1,1,1.0
2026-07-23T10:21:56,Fiat,600,12,2,0.1667
2026-07-23T10:21:56,Fiat,DUCATO FOURGON,1,0,0.0
2026-07-23T10:21:56,Fiat,PANDINA,1,0,0.0
2026-07-23T10:21:56,Fiat,Panda,7,0,0.0
2026-07-23T10:21:56,Fiat,Tipo,2,0,0.0
2026-07-23T10:21:56,Fiat,Tipo Cross,1,0,0.0
2026-07-23T10:21:56,Fiat,Tipo Sw,1,0,0.0
2026-07-23T10:21:56,Ford,Ecosport,3,0,0.0
2026-07-23T10:21:56,Ford,Fiesta,11,0,0.0
2026-07-23T10:21:56,Ford,Focus,5,0,0.0
2026-07-23T10:21:56,Ford,Focus SW,4,0,0.0
2026-07-23T10:21:56,Ford,Kuga,10,0,0.0
2026-07-23T10:21:56,Ford,Mustang MACH-E,1,1,1.0
2026-07-23T10:21:56,Ford,PUMA,29,0,0.0
2026-07-23T10:21:56,Ford,Puma,0,0,0.0
2026-07-23T10:21:56,Ford,TRANSIT CHASSIS DOUBLE CABINE,1,0,0.0
2026-07-23T10:21:56,Ford,TRANSIT CONNECT FGN,3,0,0.0
2026-07-23T10:21:56,Honda,Civic,3,0,0.0
2026-07-23T10:21:56,Honda,HR-V,1,0,0.0
2026-07-23T10:21:56,Hyundai,BAYON,3,0,0.0
2026-07-23T10:21:56,Hyundai,Bayon,0,0,0.0
2026-07-23T10:21:56,Hyundai,IONIQ ELECTRIQUE,1,1,1.0
2026-07-23T10:21:56,Hyundai,Kona,20,3,0.15
2026-07-23T10:21:56,Hyundai,Tucson,34,0,0.0
2026-07-23T10:21:56,Hyundai,i10,3,0,0.0
2026-07-23T10:21:56,Hyundai,i20,1,0,0.0
2026-07-23T10:21:56,Hyundai,i20 ACTIVE,1,0,0.0
2026-07-23T10:21:56,Hyundai,i30,1,0,0.0
2026-07-23T10:21:56,Hyundai,i30 SW,1,0,0.0
2026-07-23T10:21:56,Hyundai,ix35,1,0,0.0
2026-07-23T10:21:56,Jaecoo,Jaecoo 7,3,0,0.0
2026-07-23T10:21:56,Jeep,Avenger,15,6,0.4
2026-07-23T10:21:56,Jeep,Compass,11,0,0.0
2026-07-23T10:21:56,Jeep,Renegade,18,0,0.0
2026-07-23T10:21:56,Kia,Ceed,3,0,0.0
2026-07-23T10:21:56,Kia,Ceed SW,1,0,0.0
2026-07-23T10:21:56,Kia,EV6,1,1,1.0
2026-07-23T10:21:56,Kia,NIRO EV,1,1,1.0
2026-07-23T10:21:56,Kia,Niro,3,0,0.0
2026-07-23T10:21:56,Kia,Picanto,1,0,0.0
2026-07-23T10:21:56,Kia,ProCeed,4,0,0.0
2026-07-23T10:21:56,Kia,Rio,5,0,0.0
2026-07-23T10:21:56,Kia,Soul,1,1,1.0
2026-07-23T10:21:56,Kia,Sportage,15,0,0.0
2026-07-23T10:21:56,Kia,Stonic,7,0,0.0
2026-07-23T10:21:56,Kia,Venga,1,0,0.0
2026-07-23T10:21:56,Kia,XCEED,6,0,0.0
2026-07-23T10:21:56,Kia,Xceed,0,0,0.0
2026-07-23T10:21:56,Lancia,Ypsilon,1,0,0.0
2026-07-23T10:21:56,Lexus,LBX,1,0,0.0
2026-07-23T10:21:56,Lexus,UX,1,0,0.0
2026-07-23T10:21:56,Lynk&Co,01,3,0,0.0
2026-07-23T10:21:56,MG,EHS,18,0,0.0
2026-07-23T10:21:56,MG,MG3,11,0,0.0
2026-07-23T10:21:56,MG,MG4,4,4,1.0
2026-07-23T10:21:56,MG,MG5,2,2,1.0
2026-07-23T10:21:56,MG,MGS5,1,1,1.0
2026-07-23T10:21:56,MG,Marvel R,1,1,1.0
2026-07-23T10:21:56,MG,ZS,13,0,0.0
2026-07-23T10:21:56,Mazda,CX-5,3,0,0.0
2026-07-23T10:21:56,Mazda,CX-60,1,0,0.0
2026-07-23T10:21:56,Mazda,MX-30,1,1,1.0
2026-07-23T10:21:56,Mazda,MX-30 2020,1,1,1.0
2026-07-23T10:21:56,Mazda,MX-5,2,0,0.0
2026-07-23T10:21:56,Mazda,Mazda 3,1,0,0.0
2026-07-23T10:21:56,Mercedes,CLA,1,0,0.0
2026-07-23T10:21:56,Mercedes,CLA Shooting Brake,4,0,0.0
2026-07-23T10:21:56,Mercedes,CLASSE C BREAK,3,0,0.0
2026-07-23T10:21:56,Mercedes,Classe A,6,0,0.0
2026-07-23T10:21:56,Mercedes,Classe B,4,0,0.0
2026-07-23T10:21:56,Mercedes,Classe C,4,0,0.0
2026-07-23T10:21:56,Mercedes,Classe C coupé,1,0,0.0
2026-07-23T10:21:56,Mercedes,Classe E Coupé,1,0,0.0
2026-07-23T10:21:56,Mercedes,GLA,3,0,0.0
2026-07-23T10:21:56,Mini,Clubman,5,0,0.0
2026-07-23T10:21:56,Mini,Countryman,14,1,0.0714
2026-07-23T10:21:56,Mini,Mini,8,4,0.5
2026-07-23T10:21:56,Mitsubishi,Space Star,2,0,0.0
2026-07-23T10:21:56,Nissan,Juke,19,0,0.0
2026-07-23T10:21:56,Nissan,Leaf,3,3,1.0
2026-07-23T10:21:56,Nissan,Micra,4,0,0.0
2026-07-23T10:21:56,Nissan,Pulsar,1,0,0.0
2026-07-23T10:21:56,Nissan,Qashqai,26,0,0.0
2026-07-23T10:21:56,Nissan,X-Trail,3,0,0.0
2026-07-23T10:21:56,Omoda,5,1,1,1.0
2026-07-23T10:21:56,Opel,ASTRA ELECTRIQUE,1,1,1.0
2026-07-23T10:21:56,Opel,Astra,5,0,0.0
2026-07-23T10:21:56,Opel,Astra Sports Tourer,2,0,0.0
2026-07-23T10:21:56,Opel,Combo Fourgon,1,0,0.0
2026-07-23T10:21:56,Opel,Corsa,33,7,0.2121
2026-07-23T10:21:56,Opel,Crossland,6,0,0.0
2026-07-23T10:21:56,Opel,Crossland X,4,0,0.0
2026-07-23T10:21:56,Opel,FRONTERA,7,4,0.5714
2026-07-23T10:21:56,Opel,GRANDLAND,5,0,0.0
2026-07-23T10:21:56,Opel,Grandland,0,0,0.0
2026-07-23T10:21:56,Opel,Grandland X,6,0,0.0
2026-07-23T10:21:56,Opel,INSIGNIA GRAND SPORT,1,0,0.0
2026-07-23T10:21:56,Opel,Mokka,23,6,0.2609
2026-07-23T10:21:56,Opel,Mokka X,1,0,0.0
2026-07-23T10:21:56,Peugeot,107,1,0,0.0
2026-07-23T10:21:56,Peugeot,108,4,0,0.0
2026-07-23T10:21:56,Peugeot,2008,180,36,0.2
2026-07-23T10:21:56,Peugeot,208,105,21,0.2
2026-07-23T10:21:56,Peugeot,208 AFFAIRE,4,1,0.25
2026-07-23T10:21:56,Peugeot,3008,139,8,0.0576
2026-07-23T10:21:56,Peugeot,308,60,6,0.1
2026-07-23T10:21:56,Peugeot,308 AFFAIRE,2,0,0.0
2026-07-23T10:21:56,Peugeot,308 SW,44,2,0.0455
2026-07-23T10:21:56,Peugeot,407 Berline,1,0,0.0
2026-07-23T10:21:56,Peugeot,408,23,2,0.087
2026-07-23T10:21:56,Peugeot,5008,54,1,0.0185
2026-07-23T10:21:56,Peugeot,508,5,0,0.0
2026-07-23T10:21:56,Peugeot,508 SW,8,0,0.0
2026-07-23T10:21:56,Peugeot,Boxer,1,0,0.0
2026-07-23T10:21:56,Peugeot,Expert Fourgon,3,0,0.0
2026-07-23T10:21:56,Peugeot,RIFTER,0,0,0.0
2026-07-23T10:21:56,Peugeot,Rifter,3,0,0.0
2026-07-23T10:21:56,Polestar,2,1,1,1.0
2026-07-23T10:21:56,Renault,Arkana,16,0,0.0
2026-07-23T10:21:56,Renault,Austral,26,0,0.0
2026-07-23T10:21:56,Renault,Captur,79,0,0.0
2026-07-23T10:21:56,Renault,Clio 3,2,0,0.0
2026-07-23T10:21:56,Renault,Clio 4,8,0,0.0
2026-07-23T10:21:56,Renault,Clio 4 Estate,1,0,0.0
2026-07-23T10:21:56,Renault,Clio 5,57,0,0.0
2026-07-23T10:21:56,Renault,Clio 6,5,0,0.0
2026-07-23T10:21:56,Renault,Espace 5,3,0,0.0
2026-07-23T10:21:56,Renault,Espace 6,2,0,0.0
2026-07-23T10:21:56,Renault,Grand Scénic 4,5,0,0.0
2026-07-23T10:21:56,Renault,Kadjar,17,0,0.0
2026-07-23T10:21:56,Renault,Kangoo,2,0,0.0
2026-07-23T10:21:56,Renault,Koleos,1,0,0.0
2026-07-23T10:21:56,Renault,Master Fourgon,1,0,0.0
2026-07-23T10:21:56,Renault,Mégane 3,1,0,0.0
2026-07-23T10:21:56,Renault,Mégane 4,20,0,0.0
2026-07-23T10:21:56,Renault,Mégane 4 Estate,6,0,0.0
2026-07-23T10:21:56,Renault,Mégane E-TECH,11,11,1.0
2026-07-23T10:21:56,Renault,R4,12,12,1.0
2026-07-23T10:21:56,Renault,R5,42,42,1.0
2026-07-23T10:21:56,Renault,Rafale,6,0,0.0
2026-07-23T10:21:56,Renault,Scénic 4,11,0,0.0
2026-07-23T10:21:56,Renault,Scénic E-Tech,10,10,1.0
2026-07-23T10:21:56,Renault,Symbioz,31,0,0.0
2026-07-23T10:21:56,Renault,TWINGO,1,1,1.0
2026-07-23T10:21:56,Renault,TWINGO E-TECH ELECTRIQUE,2,2,1.0
2026-07-23T10:21:56,Renault,Talisman,2,0,0.0
2026-07-23T10:21:56,Renault,Trafic,2,0,0.0
2026-07-23T10:21:56,Renault,Twingo 2,1,0,0.0
2026-07-23T10:21:56,Renault,Twingo 3,18,6,0.3333
2026-07-23T10:21:56,Renault,Twizy,1,1,1.0
2026-07-23T10:21:56,Renault,Wind,1,0,0.0
2026-07-23T10:21:56,Renault,Zoé,14,14,1.0
2026-07-23T10:21:56,Seat,Arona,12,0,0.0
2026-07-23T10:21:56,Seat,Ateca,12,0,0.0
2026-07-23T10:21:56,Seat,Ibiza,6,0,0.0
2026-07-23T10:21:56,Seat,Leon,4,0,0.0
2026-07-23T10:21:56,Seat,Leon ST,1,0,0.0
2026-07-23T10:21:56,Skoda,ENYAQ,1,1,1.0
2026-07-23T10:21:56,Skoda,Fabia,4,0,0.0
2026-07-23T10:21:56,Skoda,KAMIQ,2,0,0.0
2026-07-23T10:21:56,Skoda,Karoq,3,0,0.0
2026-07-23T10:21:56,Skoda,OCTAVIA COMBI,0,0,0.0
2026-07-23T10:21:56,Skoda,Octavia,1,0,0.0
2026-07-23T10:21:56,Skoda,Octavia Combi,5,0,0.0
2026-07-23T10:21:56,Skoda,Scala,2,0,0.0
2026-07-23T10:21:56,Skoda,Superb Combi,2,0,0.0
2026-07-23T10:21:56,Smart,FORFOUR,2,2,1.0
2026-07-23T10:21:56,Smart,Fortwo EQ,2,2,1.0
2026-07-23T10:21:56,Suzuki,Ignis,1,0,0.0
2026-07-23T10:21:56,Suzuki,SWACE,1,0,0.0
2026-07-23T10:21:56,Suzuki,SX4 S-Cross,2,0,0.0
2026-07-23T10:21:56,Suzuki,Swift,3,0,0.0
2026-07-23T10:21:56,Suzuki,Vitara,1,0,0.0
2026-07-23T10:21:56,Tesla,MODEL 3,10,10,1.0
2026-07-23T10:21:56,Tesla,MODEL X,2,2,1.0
2026-07-23T10:21:56,Tesla,MODEL Y,9,9,1.0
2026-07-23T10:21:56,Toyota,Auris,1,0,0.0
2026-07-23T10:21:56,Toyota,Aygo,1,0,0.0
2026-07-23T10:21:56,Toyota,Aygo X,9,0,0.0
2026-07-23T10:21:56,Toyota,C-HR,19,0,0.0
2026-07-23T10:21:56,Toyota,Corolla,6,0,0.0
2026-07-23T10:21:56,Toyota,Corolla Cross,1,0,0.0
2026-07-23T10:21:56,Toyota,Corolla Sw,1,0,0.0
2026-07-23T10:21:56,Toyota,Corolla Touring Sports,14,0,0.0
2026-07-23T10:21:56,Toyota,Prius,1,0,0.0
2026-07-23T10:21:56,Toyota,RAV 4,3,0,0.0
2026-07-23T10:21:56,Toyota,YARIS CROSS,8,0,0.0
2026-07-23T10:21:56,Toyota,YARIS HYBRIDE,1,0,0.0
2026-07-23T10:21:56,Toyota,Yaris,8,0,0.0
2026-07-23T10:21:56,Toyota,Yaris 3,1,0,0.0
2026-07-23T10:21:56,Toyota,Yaris 4,6,0,0.0
2026-07-23T10:21:56,Toyota,Yaris Cross Hybride,1,0,0.0
2026-07-23T10:21:56,Volkswagen,Coccinelle,1,0,0.0
2026-07-23T10:21:56,Volkswagen,Golf,8,0,0.0
2026-07-23T10:21:56,Volkswagen,Golf 7,3,0,0.0
2026-07-23T10:21:56,Volkswagen,Golf 8,16,0,0.0
2026-07-23T10:21:56,Volkswagen,Golf 8 SW,6,0,0.0
2026-07-23T10:21:56,Volkswagen,Golf Sportsvan,2,0,0.0
2026-07-23T10:21:56,Volkswagen,ID.3,1,1,1.0
2026-07-23T10:21:56,Volkswagen,ID.5,1,1,1.0
2026-07-23T10:21:56,Volkswagen,Passat,3,0,0.0
2026-07-23T10:21:56,Volkswagen,Passat SW,2,0,0.0
2026-07-23T10:21:56,Volkswagen,Polo,11,0,0.0
2026-07-23T10:21:56,Volkswagen,Sharan,1,0,0.0
2026-07-23T10:21:56,Volkswagen,T-CROSS,20,0,0.0
2026-07-23T10:21:56,Volkswagen,T-Cross,0,0,0.0
2026-07-23T10:21:56,Volkswagen,T-Roc,38,0,0.0
2026-07-23T10:21:56,Volkswagen,T-Roc Cabriolet,2,0,0.0
2026-07-23T10:21:56,Volkswagen,TAIGO,11,0,0.0
2026-07-23T10:21:56,Volkswagen,TIGUAN,0,0,0.0
2026-07-23T10:21:56,Volkswagen,Taigo,0,0,0.0
2026-07-23T10:21:56,Volkswagen,Tayron,4,0,0.0
2026-07-23T10:21:56,Volkswagen,Tiguan,21,0,0.0
2026-07-23T10:21:56,Volkswagen,Tiguan Allspace,1,0,0.0
2026-07-23T10:21:56,Volkswagen,Touran,4,0,0.0
2026-07-23T10:21:56,Volkswagen,Up,1,0,0.0
2026-07-23T10:21:56,Volvo,EX30,2,2,1.0
2026-07-23T10:21:56,Volvo,V60,2,0,0.0
2026-07-23T10:21:56,Volvo,V60 Cross Country,2,0,0.0
2026-07-23T10:21:56,Volvo,XC40,10,2,0.2
2026-07-23T10:21:56,Volvo,XC60,3,0,0.0
2026-07-23T10:21:56,Volvo,XC90,3,0,0.0
2026-07-24T10:15:31,Alfa Romeo,Giulia,1,0,0.0
2026-07-24T10:15:31,Alfa Romeo,Junior,14,9,0.6429
2026-07-24T10:15:31,Alfa Romeo,Stelvio,1,0,0.0
2026-07-24T10:15:31,Alfa Romeo,Tonale,14,0,0.0
2026-07-24T10:15:31,Alpine,A290,1,1,1.0
2026-07-24T10:15:31,Audi,A1 Allstreet,1,0,0.0
2026-07-24T10:15:31,Audi,A1 Sportback,13,0,0.0
2026-07-24T10:15:31,Audi,A3 Berline,2,0,0.0
2026-07-24T10:15:31,Audi,A3 Sportback,16,0,0.0
2026-07-24T10:15:31,Audi,A4,1,0,0.0
2026-07-24T10:15:31,Audi,A4 Avant,3,0,0.0
2026-07-24T10:15:31,Audi,A6 Avant,1,0,0.0
2026-07-24T10:15:31,Audi,E-TRON,1,1,1.0
2026-07-24T10:15:31,Audi,Q2,15,0,0.0
2026-07-24T10:15:31,Audi,Q3,6,0,0.0
2026-07-24T10:15:31,Audi,Q3 Sportback,2,0,0.0
2026-07-24T10:15:31,Audi,Q4 E-TRON,1,1,1.0
2026-07-24T10:15:31,Audi,Q5,2,0,0.0
2026-07-24T10:15:31,Audi,Q5 Sportback,1,0,0.0
2026-07-24T10:15:31,BMW,I3,0,1,0.0
2026-07-24T10:15:31,BMW,IX,0,1,0.0
2026-07-24T10:15:31,BMW,Série 1,0,0,0.0
2026-07-24T10:15:31,BMW,Série 2 Active Tourer,0,0,0.0
2026-07-24T10:15:31,BMW,Série 2 Gran Coupé,0,0,0.0
2026-07-24T10:15:31,BMW,Série 3,0,0,0.0
2026-07-24T10:15:31,BMW,Série 3 Touring,0,0,0.0
2026-07-24T10:15:31,BMW,Série 5 Touring,0,0,0.0
2026-07-24T10:15:31,BMW,X1,0,0,0.0
2026-07-24T10:15:31,BMW,X2,0,0,0.0
2026-07-24T10:15:31,BMW,X3,0,0,0.0
2026-07-24T10:15:31,BMW,X5,0,0,0.0
2026-07-24T10:15:31,BMW,i4,0,3,0.0
2026-07-24T10:15:31,BMW,iX1,0,1,0.0
2026-07-24T10:15:31,BYD,Atto 2,3,1,0.3333
2026-07-24T10:15:31,BYD,Dolfin Surf,1,1,1.0
2026-07-24T10:15:31,BYD,Dolphin,1,1,1.0
2026-07-24T10:15:31,BYD,SEAL 6 TOURING,4,0,0.0
2026-07-24T10:15:31,BYD,Seal,1,1,1.0
2026-07-24T10:15:31,BYD,Seal 6,2,0,0.0
2026-07-24T10:15:31,BYD,Seal U,1,0,0.0
2026-07-24T10:15:31,BYD,Sealion 7,3,3,1.0
2026-07-24T10:15:31,Citroën,AMI,3,3,1.0
2026-07-24T10:15:31,Citroën,BERLINGO FOURGON ELECTRIC,1,1,1.0
2026-07-24T10:15:31,Citroën,Berlingo,4,3,0.75
2026-07-24T10:15:31,Citroën,Berlingo Fourgon,2,0,0.0
2026-07-24T10:15:31,Citroën,C1,1,0,0.0
2026-07-24T10:15:31,Citroën,C3,63,13,0.2063
2026-07-24T10:15:31,Citroën,C3 Aircross,40,5,0.125
2026-07-24T10:15:31,Citroën,C3 Picasso,1,0,0.0
2026-07-24T10:15:31,Citroën,C4,58,7,0.1207
2026-07-24T10:15:31,Citroën,C4 CACTUS BUSINESS,1,0,0.0
2026-07-24T10:15:31,Citroën,C4 Cactus,4,0,0.0
2026-07-24T10:15:31,Citroën,C4 Picasso,4,0,0.0
2026-07-24T10:15:31,Citroën,C4 X,4,1,0.25
2026-07-24T10:15:31,Citroën,C5 Aircross,72,0,0.0
2026-07-24T10:15:31,Citroën,C5 X,7,0,0.0
2026-07-24T10:15:31,Citroën,GRAND C4 SPACETOURER,3,0,0.0
2026-07-24T10:15:31,Citroën,Grand C4 Picasso,3,0,0.0
2026-07-24T10:15:31,Citroën,Grand C4 Spacetourer,0,0,0.0
2026-07-24T10:15:31,Citroën,JUMPY CABINE APPROFONDIE,1,0,0.0
2026-07-24T10:15:31,Citroën,Jumper Fourgon,1,0,0.0
2026-07-24T10:15:31,Citroën,Jumpy,1,0,0.0
2026-07-24T10:15:31,Cupra,FORMENTOR,19,0,0.0
2026-07-24T10:15:31,Cupra,LEON SPORTSTOURER,2,0,0.0
2026-07-24T10:15:31,Cupra,Leon,4,0,0.0
2026-07-24T10:15:31,Cupra,Terramar,1,0,0.0
2026-07-24T10:15:31,DS,DS3,5,0,0.0
2026-07-24T10:15:31,DS,DS3 CROSSBACK,10,0,0.0
2026-07-24T10:15:31,DS,DS4,16,0,0.0
2026-07-24T10:15:31,DS,DS7,28,0,0.0
2026-07-24T10:15:31,DS,DS7 CROSSBACK,14,0,0.0
2026-07-24T10:15:31,DS,N 4,4,0,0.0
2026-07-24T10:15:31,Dacia,Bigster,30,0,0.0
2026-07-24T10:15:31,Dacia,Duster,67,0,0.0
2026-07-24T10:15:31,Dacia,JOGGER,15,0,0.0
2026-07-24T10:15:31,Dacia,Jogger,0,0,0.0
2026-07-24T10:15:31,Dacia,SPRING,18,18,1.0
2026-07-24T10:15:31,Dacia,Sandero,25,0,0.0
2026-07-24T10:15:31,Fiat,500,27,13,0.4815
2026-07-24T10:15:31,Fiat,500 L,1,0,0.0
2026-07-24T10:15:31,Fiat,500C,8,7,0.875
2026-07-24T10:15:31,Fiat,500X,8,0,0.0
2026-07-24T10:15:31,Fiat,500e,1,1,1.0
2026-07-24T10:15:31,Fiat,600,15,3,0.2
2026-07-24T10:15:31,Fiat,DUCATO FOURGON,1,0,0.0
2026-07-24T10:15:31,Fiat,PANDINA,1,0,0.0
2026-07-24T10:15:31,Fiat,Panda,8,0,0.0
2026-07-24T10:15:31,Fiat,Tipo,1,0,0.0
2026-07-24T10:15:31,Fiat,Tipo Cross,1,0,0.0
2026-07-24T10:15:31,Fiat,Tipo Sw,1,0,0.0
2026-07-24T10:15:31,Ford,Ecosport,3,0,0.0
2026-07-24T10:15:31,Ford,Fiesta,9,0,0.0
2026-07-24T10:15:31,Ford,Focus,6,0,0.0
2026-07-24T10:15:31,Ford,Focus SW,4,0,0.0
2026-07-24T10:15:31,Ford,Kuga,10,0,0.0
2026-07-24T10:15:31,Ford,Mustang MACH-E,1,1,1.0
2026-07-24T10:15:31,Ford,PUMA,31,0,0.0
2026-07-24T10:15:31,Ford,Puma,0,0,0.0
2026-07-24T10:15:31,Ford,TRANSIT CHASSIS DOUBLE CABINE,1,0,0.0
2026-07-24T10:15:31,Ford,TRANSIT CONNECT FGN,3,0,0.0
2026-07-24T10:15:31,Honda,Civic,3,0,0.0
2026-07-24T10:15:31,Honda,HR-V,1,0,0.0
2026-07-24T10:15:31,Hyundai,BAYON,3,0,0.0
2026-07-24T10:15:31,Hyundai,Bayon,0,0,0.0
2026-07-24T10:15:31,Hyundai,IONIQ ELECTRIQUE,1,1,1.0
2026-07-24T10:15:31,Hyundai,Ioniq 5,2,2,1.0
2026-07-24T10:15:31,Hyundai,Kona,20,3,0.15
2026-07-24T10:15:31,Hyundai,Tucson,30,0,0.0
2026-07-24T10:15:31,Hyundai,i10,3,0,0.0
2026-07-24T10:15:31,Hyundai,i20,1,0,0.0
2026-07-24T10:15:31,Hyundai,i20 ACTIVE,1,0,0.0
2026-07-24T10:15:31,Hyundai,i30,1,0,0.0
2026-07-24T10:15:31,Hyundai,i30 SW,1,0,0.0
2026-07-24T10:15:31,Hyundai,ix35,1,0,0.0
2026-07-24T10:15:31,Jaecoo,Jaecoo 7,3,0,0.0
2026-07-24T10:15:31,Jeep,Avenger,16,6,0.375
2026-07-24T10:15:31,Jeep,Compass,11,0,0.0
2026-07-24T10:15:31,Jeep,Renegade,20,0,0.0
2026-07-24T10:15:31,Kia,Ceed,3,0,0.0
2026-07-24T10:15:31,Kia,Ceed SW,1,0,0.0
2026-07-24T10:15:31,Kia,EV6,1,1,1.0
2026-07-24T10:15:31,Kia,Niro,3,0,0.0
2026-07-24T10:15:31,Kia,Picanto,1,0,0.0
2026-07-24T10:15:31,Kia,ProCeed,4,0,0.0
2026-07-24T10:15:31,Kia,Rio,5,0,0.0
2026-07-24T10:15:31,Kia,Soul,1,1,1.0
2026-07-24T10:15:31,Kia,Sportage,17,0,0.0
2026-07-24T10:15:31,Kia,Stonic,6,0,0.0
2026-07-24T10:15:31,Kia,Venga,1,0,0.0
2026-07-24T10:15:31,Kia,XCEED,6,0,0.0
2026-07-24T10:15:31,Kia,Xceed,0,0,0.0
2026-07-24T10:15:31,Lancia,Ypsilon,1,0,0.0
2026-07-24T10:15:31,Lexus,LBX,1,0,0.0
2026-07-24T10:15:31,Lexus,UX,1,0,0.0
2026-07-24T10:15:31,Lynk&Co,01,2,0,0.0
2026-07-24T10:15:31,MG,EHS,20,0,0.0
2026-07-24T10:15:31,MG,MG3,10,0,0.0
2026-07-24T10:15:31,MG,MG4,5,5,1.0
2026-07-24T10:15:31,MG,MG5,1,1,1.0
2026-07-24T10:15:31,MG,MGS5,1,1,1.0
2026-07-24T10:15:31,MG,Marvel R,1,1,1.0
2026-07-24T10:15:31,MG,ZS,15,0,0.0
2026-07-24T10:15:31,Mazda,CX-5,2,0,0.0
2026-07-24T10:15:31,Mazda,CX-60,1,0,0.0
2026-07-24T10:15:31,Mazda,MX-30,1,1,1.0
2026-07-24T10:15:31,Mazda,MX-30 2020,1,1,1.0
2026-07-24T10:15:31,Mazda,MX-5,2,0,0.0
2026-07-24T10:15:31,Mazda,Mazda 3,1,0,0.0
2026-07-24T10:15:31,Mercedes,CLA,1,0,0.0
2026-07-24T10:15:31,Mercedes,CLA Shooting Brake,4,0,0.0
2026-07-24T10:15:31,Mercedes,CLASSE C BREAK,3,0,0.0
2026-07-24T10:15:31,Mercedes,Classe A,5,0,0.0
2026-07-24T10:15:31,Mercedes,Classe B,4,0,0.0
2026-07-24T10:15:31,Mercedes,Classe C,4,0,0.0
2026-07-24T10:15:31,Mercedes,Classe C coupé,1,0,0.0
2026-07-24T10:15:31,Mercedes,Classe E Coupé,1,0,0.0
2026-07-24T10:15:31,Mercedes,GLA,3,0,0.0
2026-07-24T10:15:31,Mini,Clubman,5,0,0.0
2026-07-24T10:15:31,Mini,Countryman,13,0,0.0
2026-07-24T10:15:31,Mini,Mini,7,4,0.5714
2026-07-24T10:15:31,Mitsubishi,Space Star,2,0,0.0
2026-07-24T10:15:31,Nissan,Juke,19,0,0.0
2026-07-24T10:15:31,Nissan,Leaf,3,3,1.0
2026-07-24T10:15:31,Nissan,Micra,3,0,0.0
2026-07-24T10:15:31,Nissan,Pulsar,1,0,0.0
2026-07-24T10:15:31,Nissan,Qashqai,31,0,0.0
2026-07-24T10:15:31,Nissan,X-Trail,3,0,0.0
2026-07-24T10:15:31,Omoda,5,1,1,1.0
2026-07-24T10:15:31,Opel,ASTRA ELECTRIQUE,1,1,1.0
2026-07-24T10:15:31,Opel,Astra,6,0,0.0
2026-07-24T10:15:31,Opel,Astra Sports Tourer,2,0,0.0
2026-07-24T10:15:31,Opel,Corsa,37,6,0.1622
2026-07-24T10:15:31,Opel,Crossland,6,0,0.0
2026-07-24T10:15:31,Opel,Crossland X,3,0,0.0
2026-07-24T10:15:31,Opel,FRONTERA,6,4,0.6667
2026-07-24T10:15:31,Opel,GRANDLAND,5,0,0.0
2026-07-24T10:15:31,Opel,Grandland,0,0,0.0
2026-07-24T10:15:31,Opel,Grandland X,6,0,0.0
2026-07-24T10:15:31,Opel,INSIGNIA GRAND SPORT,1,0,0.0
2026-07-24T10:15:31,Opel,Mokka,23,6,0.2609
2026-07-24T10:15:31,Opel,Mokka X,1,0,0.0
2026-07-24T10:15:31,Opel,Zafira,1,0,0.0
2026-07-24T10:15:31,Peugeot,107,1,0,0.0
2026-07-24T10:15:31,Peugeot,108,4,0,0.0
2026-07-24T10:15:31,Peugeot,2008,182,36,0.1978
2026-07-24T10:15:31,Peugeot,208,101,20,0.198
2026-07-24T10:15:31,Peugeot,208 AFFAIRE,4,1,0.25
2026-07-24T10:15:31,Peugeot,3008,134,8,0.0597
2026-07-24T10:15:31,Peugeot,308,60,6,0.1
2026-07-24T10:15:31,Peugeot,308 AFFAIRE,2,0,0.0
2026-07-24T10:15:31,Peugeot,308 SW,45,2,0.0444
2026-07-24T10:15:31,Peugeot,407 Berline,1,0,0.0
2026-07-24T10:15:31,Peugeot,408,23,2,0.087
2026-07-24T10:15:31,Peugeot,5008,60,0,0.0
2026-07-24T10:15:31,Peugeot,508,5,0,0.0
2026-07-24T10:15:31,Peugeot,508 SW,9,0,0.0
2026-07-24T10:15:31,Peugeot,Boxer,1,0,0.0
2026-07-24T10:15:31,Peugeot,Expert Fourgon,2,0,0.0
2026-07-24T10:15:31,Peugeot,RIFTER,0,0,0.0
2026-07-24T10:15:31,Peugeot,Rifter,5,0,0.0
2026-07-24T10:15:31,Polestar,2,1,1,1.0
2026-07-24T10:15:31,Renault,Arkana,18,0,0.0
2026-07-24T10:15:31,Renault,Austral,25,0,0.0
2026-07-24T10:15:31,Renault,Captur,77,0,0.0
2026-07-24T10:15:31,Renault,Clio 3,2,0,0.0
2026-07-24T10:15:31,Renault,Clio 4,8,0,0.0
2026-07-24T10:15:31,Renault,Clio 4 Estate,1,0,0.0
2026-07-24T10:15:31,Renault,Clio 5,52,0,0.0
2026-07-24T10:15:31,Renault,Clio 6,5,0,0.0
2026-07-24T10:15:31,Renault,Espace 5,3,0,0.0
2026-07-24T10:15:31,Renault,Espace 6,3,0,0.0
2026-07-24T10:15:31,Renault,Grand Scénic 4,5,0,0.0
2026-07-24T10:15:31,Renault,Kadjar,17,0,0.0
2026-07-24T10:15:31,Renault,Kangoo,2,0,0.0
2026-07-24T10:15:31,Renault,Kangoo Express,1,0,0.0
2026-07-24T10:15:31,Renault,Koleos,1,0,0.0
2026-07-24T10:15:31,Renault,Master Fourgon,2,0,0.0
2026-07-24T10:15:31,Renault,Mégane 3,1,0,0.0
2026-07-24T10:15:31,Renault,Mégane 4,19,0,0.0
2026-07-24T10:15:31,Renault,Mégane 4 Estate,6,0,0.0
2026-07-24T10:15:31,Renault,Mégane E-TECH,11,11,1.0
2026-07-24T10:15:31,Renault,R4,12,12,1.0
2026-07-24T10:15:31,Renault,R5,41,41,1.0
2026-07-24T10:15:31,Renault,Rafale,8,0,0.0
2026-07-24T10:15:31,Renault,Scénic 4,11,0,0.0
2026-07-24T10:15:31,Renault,Scénic E-Tech,11,11,1.0
2026-07-24T10:15:31,Renault,Symbioz,31,0,0.0
2026-07-24T10:15:31,Renault,TWINGO,1,1,1.0
2026-07-24T10:15:31,Renault,TWINGO E-TECH ELECTRIQUE,2,2,1.0
2026-07-24T10:15:31,Renault,Talisman,2,0,0.0
2026-07-24T10:15:31,Renault,Trafic,2,0,0.0
2026-07-24T10:15:31,Renault,Twingo 2,1,0,0.0
2026-07-24T10:15:31,Renault,Twingo 3,20,6,0.3
2026-07-24T10:15:31,Renault,Twizy,1,1,1.0
2026-07-24T10:15:31,Renault,Wind,1,0,0.0
2026-07-24T10:15:31,Renault,Zoé,16,16,1.0
2026-07-24T10:15:31,Seat,Arona,13,0,0.0
2026-07-24T10:15:31,Seat,Ateca,12,0,0.0
2026-07-24T10:15:31,Seat,Ibiza,7,0,0.0
2026-07-24T10:15:31,Seat,Leon,5,0,0.0
2026-07-24T10:15:31,Seat,Leon ST,1,0,0.0
2026-07-24T10:15:31,Skoda,ENYAQ,1,1,1.0
2026-07-24T10:15:31,Skoda,Fabia,3,0,0.0
2026-07-24T10:15:31,Skoda,KAMIQ,2,0,0.0
2026-07-24T10:15:31,Skoda,Karoq,3,0,0.0
2026-07-24T10:15:31,Skoda,OCTAVIA COMBI,0,0,0.0
2026-07-24T10:15:31,Skoda,Octavia Combi,4,0,0.0
2026-07-24T10:15:31,Skoda,Scala,2,0,0.0
2026-07-24T10:15:31,Skoda,Superb Combi,2,0,0.0
2026-07-24T10:15:31,Smart,FORFOUR,2,2,1.0
2026-07-24T10:15:31,Smart,Fortwo EQ,2,2,1.0
2026-07-24T10:15:31,Suzuki,Ignis,1,0,0.0
2026-07-24T10:15:31,Suzuki,SWACE,1,0,0.0
2026-07-24T10:15:31,Suzuki,SX4 S-Cross,2,0,0.0
2026-07-24T10:15:31,Suzuki,Swift,3,0,0.0
2026-07-24T10:15:31,Suzuki,Vitara,1,0,0.0
2026-07-24T10:15:31,Tesla,MODEL 3,11,11,1.0
2026-07-24T10:15:31,Tesla,MODEL X,2,2,1.0
2026-07-24T10:15:31,Tesla,MODEL Y,10,10,1.0
2026-07-24T10:15:31,Toyota,Auris,1,0,0.0
2026-07-24T10:15:31,Toyota,Aygo,1,0,0.0
2026-07-24T10:15:31,Toyota,Aygo X,9,0,0.0
2026-07-24T10:15:31,Toyota,C-HR,20,0,0.0
2026-07-24T10:15:31,Toyota,Corolla,6,0,0.0
2026-07-24T10:15:31,Toyota,Corolla Cross,1,0,0.0
2026-07-24T10:15:31,Toyota,Corolla Sw,1,0,0.0
2026-07-24T10:15:31,Toyota,Corolla Touring Sports,14,0,0.0
2026-07-24T10:15:31,Toyota,Prius,1,0,0.0
2026-07-24T10:15:31,Toyota,RAV 4,3,0,0.0
2026-07-24T10:15:31,Toyota,YARIS CROSS,11,0,0.0
2026-07-24T10:15:31,Toyota,YARIS HYBRIDE,1,0,0.0
2026-07-24T10:15:31,Toyota,Yaris,8,0,0.0
2026-07-24T10:15:31,Toyota,Yaris 3,1,0,0.0
2026-07-24T10:15:31,Toyota,Yaris 4,5,0,0.0
2026-07-24T10:15:31,Toyota,Yaris Cross Hybride,1,0,0.0
2026-07-24T10:15:31,Volkswagen,Coccinelle,1,0,0.0
2026-07-24T10:15:31,Volkswagen,Golf,9,0,0.0
2026-07-24T10:15:31,Volkswagen,Golf 7,3,0,0.0
2026-07-24T10:15:31,Volkswagen,Golf 8,17,0,0.0
2026-07-24T10:15:31,Volkswagen,Golf 8 SW,7,0,0.0
2026-07-24T10:15:31,Volkswagen,Golf Sportsvan,2,0,0.0
2026-07-24T10:15:31,Volkswagen,ID.3,1,1,1.0
2026-07-24T10:15:31,Volkswagen,ID.4,1,1,1.0
2026-07-24T10:15:31,Volkswagen,ID.5,1,1,1.0
2026-07-24T10:15:31,Volkswagen,Passat,2,0,0.0
2026-07-24T10:15:31,Volkswagen,Passat SW,2,0,0.0
2026-07-24T10:15:31,Volkswagen,Polo,12,0,0.0
2026-07-24T10:15:31,Volkswagen,Sharan,1,0,0.0
2026-07-24T10:15:31,Volkswagen,T-CROSS,21,0,0.0
2026-07-24T10:15:31,Volkswagen,T-Cross,0,0,0.0
2026-07-24T10:15:31,Volkswagen,T-Roc,40,0,0.0
2026-07-24T10:15:31,Volkswagen,T-Roc Cabriolet,3,0,0.0
2026-07-24T10:15:31,Volkswagen,TAIGO,11,0,0.0
2026-07-24T10:15:31,Volkswagen,TIGUAN,0,0,0.0
2026-07-24T10:15:31,Volkswagen,Taigo,0,0,0.0
2026-07-24T10:15:31,Volkswagen,Tayron,5,0,0.0
2026-07-24T10:15:31,Volkswagen,Tiguan,18,0,0.0
2026-07-24T10:15:31,Volkswagen,Tiguan Allspace,1,0,0.0
2026-07-24T10:15:31,Volkswagen,Touran,4,0,0.0
2026-07-24T10:15:31,Volkswagen,Up,1,0,0.0
2026-07-24T10:15:31,Volvo,EX30,2,2,1.0
2026-07-24T10:15:31,Volvo,V60,1,0,0.0
2026-07-24T10:15:31,Volvo,V60 Cross Country,1,0,0.0
2026-07-24T10:15:31,Volvo,XC40,10,2,0.2
2026-07-24T10:15:31,Volvo,XC60,1,0,0.0
2026-07-24T10:15:31,Volvo,XC90,2,0,0.0
2026-07-25T09:46:29,Alfa Romeo,Giulia,1,0,0.0
2026-07-25T09:46:29,Alfa Romeo,Junior,12,8,0.6667
2026-07-25T09:46:29,Alfa Romeo,Stelvio,1,0,0.0
2026-07-25T09:46:29,Alfa Romeo,Tonale,14,0,0.0
2026-07-25T09:46:29,Alpine,A290,1,1,1.0
2026-07-25T09:46:29,Audi,A1 Allstreet,1,0,0.0
2026-07-25T09:46:29,Audi,A1 Sportback,13,0,0.0
2026-07-25T09:46:29,Audi,A3 Berline,2,0,0.0
2026-07-25T09:46:29,Audi,A3 Sportback,18,0,0.0
2026-07-25T09:46:29,Audi,A4,1,0,0.0
2026-07-25T09:46:29,Audi,A4 Avant,4,0,0.0
2026-07-25T09:46:29,Audi,A5 Sportback,1,0,0.0
2026-07-25T09:46:29,Audi,A6 Avant,1,0,0.0
2026-07-25T09:46:29,Audi,E-TRON,1,1,1.0
2026-07-25T09:46:29,Audi,Q2,16,0,0.0
2026-07-25T09:46:29,Audi,Q3,7,0,0.0
2026-07-25T09:46:29,Audi,Q3 Sportback,2,0,0.0
2026-07-25T09:46:29,Audi,Q4 E-TRON,1,1,1.0
2026-07-25T09:46:29,Audi,Q5,3,0,0.0
2026-07-25T09:46:29,Audi,Q5 Sportback,1,0,0.0
2026-07-25T09:46:29,BMW,I3,1,1,1.0
2026-07-25T09:46:29,BMW,IX,1,1,1.0
2026-07-25T09:46:29,BMW,Série 1,11,0,0.0
2026-07-25T09:46:29,BMW,Série 2 Active Tourer,1,0,0.0
2026-07-25T09:46:29,BMW,Série 2 Gran Coupé,1,0,0.0
2026-07-25T09:46:29,BMW,Série 3,1,0,0.0
2026-07-25T09:46:29,BMW,Série 3 Touring,2,0,0.0
2026-07-25T09:46:29,BMW,Série 5 Touring,1,0,0.0
2026-07-25T09:46:29,BMW,X1,18,0,0.0
2026-07-25T09:46:29,BMW,X2,6,0,0.0
2026-07-25T09:46:29,BMW,X3,4,0,0.0
2026-07-25T09:46:29,BMW,X5,1,0,0.0
2026-07-25T09:46:29,BMW,i4,3,3,1.0
2026-07-25T09:46:29,BMW,iX1,1,1,1.0
2026-07-25T09:46:29,BYD,Atto 2,3,1,0.3333
2026-07-25T09:46:29,BYD,Dolfin Surf,1,1,1.0
2026-07-25T09:46:29,BYD,Dolphin,1,1,1.0
2026-07-25T09:46:29,BYD,SEAL 6 TOURING,4,0,0.0
2026-07-25T09:46:29,BYD,Seal,1,1,1.0
2026-07-25T09:46:29,BYD,Seal 6,2,0,0.0
2026-07-25T09:46:29,BYD,Seal U,2,0,0.0
2026-07-25T09:46:29,BYD,Sealion 7,3,3,1.0
2026-07-25T09:46:29,Citroën,AMI,2,2,1.0
2026-07-25T09:46:29,Citroën,BERLINGO FOURGON ELECTRIC,1,1,1.0
2026-07-25T09:46:29,Citroën,Berlingo,2,1,0.5
2026-07-25T09:46:29,Citroën,Berlingo Fourgon,2,0,0.0
2026-07-25T09:46:29,Citroën,Berlingo Van,1,0,0.0
2026-07-25T09:46:29,Citroën,C1,1,0,0.0
2026-07-25T09:46:29,Citroën,C3,56,15,0.2679
2026-07-25T09:46:29,Citroën,C3 Aircross,42,5,0.119
2026-07-25T09:46:29,Citroën,C3 Picasso,1,0,0.0
2026-07-25T09:46:29,Citroën,C4,57,6,0.1053
2026-07-25T09:46:29,Citroën,C4 CACTUS BUSINESS,1,0,0.0
2026-07-25T09:46:29,Citroën,C4 Cactus,5,0,0.0
2026-07-25T09:46:29,Citroën,C4 Picasso,4,0,0.0
2026-07-25T09:46:29,Citroën,C4 X,4,1,0.25
2026-07-25T09:46:29,Citroën,C5 Aircross,72,0,0.0
2026-07-25T09:46:29,Citroën,C5 X,7,0,0.0
2026-07-25T09:46:29,Citroën,GRAND C4 SPACETOURER,2,0,0.0
2026-07-25T09:46:29,Citroën,Grand C4 Picasso,2,0,0.0
2026-07-25T09:46:29,Citroën,Grand C4 Spacetourer,0,0,0.0
2026-07-25T09:46:29,Citroën,JUMPY CABINE APPROFONDIE,1,0,0.0
2026-07-25T09:46:29,Citroën,Jumper Fourgon,1,0,0.0
2026-07-25T09:46:29,Citroën,Jumpy,1,0,0.0
2026-07-25T09:46:29,Cupra,FORMENTOR,21,0,0.0
2026-07-25T09:46:29,Cupra,LEON SPORTSTOURER,2,0,0.0
2026-07-25T09:46:29,Cupra,Leon,4,0,0.0
2026-07-25T09:46:29,Cupra,Terramar,2,0,0.0
2026-07-25T09:46:29,DS,DS3,4,0,0.0
2026-07-25T09:46:29,DS,DS3 CROSSBACK,9,0,0.0
2026-07-25T09:46:29,DS,DS3 Crossback,0,1,0.0
2026-07-25T09:46:29,DS,DS4,17,0,0.0
2026-07-25T09:46:29,DS,DS7,27,0,0.0
2026-07-25T09:46:29,DS,DS7 CROSSBACK,14,0,0.0
2026-07-25T09:46:29,DS,DS7 Crossback,0,0,0.0
2026-07-25T09:46:29,DS,N 4,2,0,0.0
2026-07-25T09:46:29,Dacia,Bigster,32,0,0.0
2026-07-25T09:46:29,Dacia,Duster,62,0,0.0
2026-07-25T09:46:29,Dacia,JOGGER,14,0,0.0
2026-07-25T09:46:29,Dacia,Jogger,0,0,0.0
2026-07-25T09:46:29,Dacia,SPRING,19,19,1.0
2026-07-25T09:46:29,Dacia,Sandero,23,0,0.0
2026-07-25T09:46:29,Fiat,500,30,13,0.4333
2026-07-25T09:46:29,Fiat,500 L,1,0,0.0
2026-07-25T09:46:29,Fiat,500C,9,8,0.8889
2026-07-25T09:46:29,Fiat,500X,8,0,0.0
2026-07-25T09:46:29,Fiat,500e,1,1,1.0
2026-07-25T09:46:29,Fiat,600,13,2,0.1538
2026-07-25T09:46:29,Fiat,DUCATO FOURGON,1,0,0.0
2026-07-25T09:46:29,Fiat,PANDINA,1,0,0.0
2026-07-25T09:46:29,Fiat,Panda,8,0,0.0
2026-07-25T09:46:29,Fiat,TIPO Station Wagon,1,0,0.0
2026-07-25T09:46:29,Fiat,Tipo,1,0,0.0
2026-07-25T09:46:29,Fiat,Tipo Cross,1,0,0.0
2026-07-25T09:46:29,Fiat,Tipo Sw,1,0,0.0
2026-07-25T09:46:29,Ford,Ecosport,3,0,0.0
2026-07-25T09:46:29,Ford,Fiesta,10,0,0.0
2026-07-25T09:46:29,Ford,Focus,6,0,0.0
2026-07-25T09:46:29,Ford,Focus SW,4,0,0.0
2026-07-25T09:46:29,Ford,Kuga,11,0,0.0
2026-07-25T09:46:29,Ford,Mustang MACH-E,1,1,1.0
2026-07-25T09:46:29,Ford,PUMA,30,0,0.0
2026-07-25T09:46:29,Ford,Puma,0,0,0.0
2026-07-25T09:46:29,Ford,TRANSIT CHASSIS DOUBLE CABINE,1,0,0.0
2026-07-25T09:46:29,Ford,TRANSIT CONNECT FGN,3,0,0.0
2026-07-25T09:46:29,Honda,Civic,2,0,0.0
2026-07-25T09:46:29,Honda,HR-V,0,0,0.0
2026-07-25T09:46:29,Hyundai,BAYON,2,0,0.0
2026-07-25T09:46:29,Hyundai,Bayon,0,0,0.0
2026-07-25T09:46:29,Hyundai,IONIQ ELECTRIQUE,0,0,0.0
2026-07-25T09:46:29,Hyundai,Ioniq 5,1,1,1.0
2026-07-25T09:46:29,Hyundai,Kona,19,2,0.1053
2026-07-25T09:46:29,Hyundai,Tucson,30,0,0.0
2026-07-25T09:46:29,Hyundai,i10,2,0,0.0
2026-07-25T09:46:29,Hyundai,i20,1,0,0.0
2026-07-25T09:46:29,Hyundai,i20 ACTIVE,1,0,0.0
2026-07-25T09:46:29,Hyundai,i30,1,0,0.0
2026-07-25T09:46:29,Hyundai,i30 SW,1,0,0.0
2026-07-25T09:46:29,Jaecoo,Jaecoo 7,3,0,0.0
2026-07-25T09:46:29,Jeep,Avenger,18,7,0.3889
2026-07-25T09:46:29,Jeep,Compass,12,0,0.0
2026-07-25T09:46:29,Jeep,Renegade,20,0,0.0
2026-07-25T09:46:29,Kia,Ceed,2,0,0.0
2026-07-25T09:46:29,Kia,Ceed SW,1,0,0.0
2026-07-25T09:46:29,Kia,EV6,1,1,1.0
2026-07-25T09:46:29,Kia,Niro,2,0,0.0
2026-07-25T09:46:29,Kia,Picanto,1,0,0.0
2026-07-25T09:46:29,Kia,ProCeed,4,0,0.0
2026-07-25T09:46:29,Kia,Rio,5,0,0.0
2026-07-25T09:46:29,Kia,Soul,1,1,1.0
2026-07-25T09:46:29,Kia,Sportage,19,0,0.0
2026-07-25T09:46:29,Kia,Stonic,5,0,0.0
2026-07-25T09:46:29,Kia,Venga,1,0,0.0
2026-07-25T09:46:29,Kia,XCEED,6,0,0.0
2026-07-25T09:46:29,Kia,Xceed,0,0,0.0
2026-07-25T09:46:29,Lancia,Ypsilon,1,0,0.0
2026-07-25T09:46:29,Lexus,LBX,1,0,0.0
2026-07-25T09:46:29,Lexus,UX,1,0,0.0
2026-07-25T09:46:29,Lynk&Co,01,2,0,0.0
2026-07-25T09:46:29,MG,EHS,24,0,0.0
2026-07-25T09:46:29,MG,MG3,8,0,0.0
2026-07-25T09:46:29,MG,MG4,5,5,1.0
2026-07-25T09:46:29,MG,MG5,1,1,1.0
2026-07-25T09:46:29,MG,MGS5,2,2,1.0
2026-07-25T09:46:29,MG,Marvel R,1,1,1.0
2026-07-25T09:46:29,MG,ZS,11,1,0.0909
2026-07-25T09:46:29,Mazda,CX-5,2,0,0.0
2026-07-25T09:46:29,Mazda,CX-60,1,0,0.0
2026-07-25T09:46:29,Mazda,MX-30,1,1,1.0
2026-07-25T09:46:29,Mazda,MX-30 2020,1,1,1.0
2026-07-25T09:46:29,Mazda,MX-5,2,0,0.0
2026-07-25T09:46:29,Mazda,Mazda 3,1,0,0.0
2026-07-25T09:46:29,Mercedes,CLA,1,0,0.0
2026-07-25T09:46:29,Mercedes,CLA Shooting Brake,4,0,0.0
2026-07-25T09:46:29,Mercedes,CLASSE C BREAK,3,0,0.0
2026-07-25T09:46:29,Mercedes,Classe A,6,0,0.0
2026-07-25T09:46:29,Mercedes,Classe B,4,0,0.0
2026-07-25T09:46:29,Mercedes,Classe C,4,0,0.0
2026-07-25T09:46:29,Mercedes,Classe C coupé,1,0,0.0
2026-07-25T09:46:29,Mercedes,Classe E Coupé,1,0,0.0
2026-07-25T09:46:29,Mercedes,GLA,3,0,0.0
2026-07-25T09:46:29,Mini,Clubman,5,0,0.0
2026-07-25T09:46:29,Mini,Countryman,13,0,0.0
2026-07-25T09:46:29,Mini,Mini,7,4,0.5714
2026-07-25T09:46:29,Mitsubishi,Space Star,2,0,0.0
2026-07-25T09:46:29,Nissan,Juke,24,0,0.0
2026-07-25T09:46:29,Nissan,Leaf,3,3,1.0
2026-07-25T09:46:29,Nissan,Micra,3,0,0.0
2026-07-25T09:46:29,Nissan,Pulsar,1,0,0.0
2026-07-25T09:46:29,Nissan,Qashqai,29,0,0.0
2026-07-25T09:46:29,Nissan,X-Trail,2,0,0.0
2026-07-25T09:46:29,Opel,ASTRA ELECTRIQUE,1,1,1.0
2026-07-25T09:46:29,Opel,Astra,8,0,0.0
2026-07-25T09:46:29,Opel,Astra Sports Tourer,2,0,0.0
2026-07-25T09:46:29,Opel,Corsa,37,7,0.1892
2026-07-25T09:46:29,Opel,Crossland,7,0,0.0
2026-07-25T09:46:29,Opel,Crossland X,4,0,0.0
2026-07-25T09:46:29,Opel,FRONTERA,6,4,0.6667
2026-07-25T09:46:29,Opel,GRANDLAND,4,0,0.0
2026-07-25T09:46:29,Opel,Grandland,0,0,0.0
2026-07-25T09:46:29,Opel,Grandland X,6,0,0.0
2026-07-25T09:46:29,Opel,INSIGNIA GRAND SPORT,1,0,0.0
2026-07-25T09:46:29,Opel,Mokka,23,8,0.3478
2026-07-25T09:46:29,Opel,Mokka X,1,0,0.0
2026-07-25T09:46:29,Peugeot,107,1,0,0.0
2026-07-25T09:46:29,Peugeot,108,3,0,0.0
2026-07-25T09:46:29,Peugeot,2008,176,36,0.2045
2026-07-25T09:46:29,Peugeot,208,104,21,0.2019
2026-07-25T09:46:29,Peugeot,208 AFFAIRE,4,1,0.25
2026-07-25T09:46:29,Peugeot,3008,138,8,0.058
2026-07-25T09:46:29,Peugeot,308,57,6,0.1053
2026-07-25T09:46:29,Peugeot,308 AFFAIRE,2,0,0.0
2026-07-25T09:46:29,Peugeot,308 SW,46,2,0.0435
2026-07-25T09:46:29,Peugeot,407 Berline,1,0,0.0
2026-07-25T09:46:29,Peugeot,408,24,2,0.0833
2026-07-25T09:46:29,Peugeot,5008,60,0,0.0
2026-07-25T09:46:29,Peugeot,508,5,0,0.0
2026-07-25T09:46:29,Peugeot,508 SW,9,0,0.0
2026-07-25T09:46:29,Peugeot,Boxer,1,0,0.0
2026-07-25T09:46:29,Peugeot,Expert Fourgon,2,0,0.0
2026-07-25T09:46:29,Peugeot,RIFTER,0,0,0.0
2026-07-25T09:46:29,Peugeot,Rifter,6,0,0.0
2026-07-25T09:46:29,Polestar,2,1,1,1.0
2026-07-25T09:46:29,Renault,Arkana,21,0,0.0
2026-07-25T09:46:29,Renault,Austral,25,0,0.0
2026-07-25T09:46:29,Renault,Captur,76,0,0.0
2026-07-25T09:46:29,Renault,Clio 3,2,0,0.0
2026-07-25T09:46:29,Renault,Clio 4,8,0,0.0
2026-07-25T09:46:29,Renault,Clio 4 Estate,1,0,0.0
2026-07-25T09:46:29,Renault,Clio 5,54,0,0.0
2026-07-25T09:46:29,Renault,Clio 6,7,0,0.0
2026-07-25T09:46:29,Renault,Espace 5,1,0,0.0
2026-07-25T09:46:29,Renault,Espace 6,4,0,0.0
2026-07-25T09:46:29,Renault,Grand Scénic 4,5,0,0.0
2026-07-25T09:46:29,Renault,Kadjar,19,0,0.0
2026-07-25T09:46:29,Renault,Kangoo,2,0,0.0
2026-07-25T09:46:29,Renault,Kangoo Express,1,0,0.0
2026-07-25T09:46:29,Renault,Koleos,1,0,0.0
2026-07-25T09:46:29,Renault,Master Fourgon,2,0,0.0
2026-07-25T09:46:29,Renault,Mégane 3,1,0,0.0
2026-07-25T09:46:29,Renault,Mégane 4,17,0,0.0
2026-07-25T09:46:29,Renault,Mégane 4 Estate,5,0,0.0
2026-07-25T09:46:29,Renault,Mégane E-TECH,9,9,1.0
2026-07-25T09:46:29,Renault,R4,12,12,1.0
2026-07-25T09:46:29,Renault,R5,38,38,1.0
2026-07-25T09:46:29,Renault,Rafale,8,0,0.0
2026-07-25T09:46:29,Renault,Scénic 4,9,0,0.0
2026-07-25T09:46:29,Renault,Scénic E-Tech,11,11,1.0
2026-07-25T09:46:29,Renault,Symbioz,32,0,0.0
2026-07-25T09:46:29,Renault,TWINGO,1,1,1.0
2026-07-25T09:46:29,Renault,TWINGO E-TECH ELECTRIQUE,2,2,1.0
2026-07-25T09:46:29,Renault,Talisman,1,0,0.0
2026-07-25T09:46:29,Renault,Trafic,2,0,0.0
2026-07-25T09:46:29,Renault,Twingo 3,19,5,0.2632
2026-07-25T09:46:29,Renault,Twizy,1,1,1.0
2026-07-25T09:46:29,Renault,Wind,1,0,0.0
2026-07-25T09:46:29,Renault,Zoé,13,13,1.0
2026-07-25T09:46:29,Seat,Arona,12,0,0.0
2026-07-25T09:46:29,Seat,Ateca,12,0,0.0
2026-07-25T09:46:29,Seat,Ibiza,7,0,0.0
2026-07-25T09:46:29,Seat,Leon,5,0,0.0
2026-07-25T09:46:29,Seat,Leon ST,1,0,0.0
2026-07-25T09:46:29,Skoda,ENYAQ,1,1,1.0
2026-07-25T09:46:29,Skoda,Fabia,4,0,0.0
2026-07-25T09:46:29,Skoda,KAMIQ,2,0,0.0
2026-07-25T09:46:29,Skoda,Karoq,3,0,0.0
2026-07-25T09:46:29,Skoda,OCTAVIA COMBI,0,0,0.0
2026-07-25T09:46:29,Skoda,Octavia Combi,4,0,0.0
2026-07-25T09:46:29,Skoda,Scala,3,0,0.0
2026-07-25T09:46:29,Skoda,Superb Combi,3,0,0.0
2026-07-25T09:46:29,Smart,FORFOUR,2,2,1.0
2026-07-25T09:46:29,Smart,Fortwo EQ,2,2,1.0
2026-07-25T09:46:29,Suzuki,Ignis,1,0,0.0
2026-07-25T09:46:29,Suzuki,SWACE,1,0,0.0
2026-07-25T09:46:29,Suzuki,SX4 S-Cross,2,0,0.0
2026-07-25T09:46:29,Suzuki,Swift,4,0,0.0
2026-07-25T09:46:29,Suzuki,Vitara,1,0,0.0
2026-07-25T09:46:29,Tesla,MODEL 3,11,11,1.0
2026-07-25T09:46:29,Tesla,MODEL X,2,2,1.0
2026-07-25T09:46:29,Tesla,MODEL Y,10,10,1.0
2026-07-25T09:46:29,Toyota,Auris,1,0,0.0
2026-07-25T09:46:29,Toyota,Aygo,1,0,0.0
2026-07-25T09:46:29,Toyota,Aygo X,7,0,0.0
2026-07-25T09:46:29,Toyota,C-HR,18,0,0.0
2026-07-25T09:46:29,Toyota,Corolla,3,0,0.0
2026-07-25T09:46:29,Toyota,Corolla Cross,1,0,0.0
2026-07-25T09:46:29,Toyota,Corolla Sw,1,0,0.0
2026-07-25T09:46:29,Toyota,Corolla Touring Sports,15,0,0.0
2026-07-25T09:46:29,Toyota,Prius,1,0,0.0
2026-07-25T09:46:29,Toyota,RAV 4,4,0,0.0
2026-07-25T09:46:29,Toyota,YARIS CROSS,10,0,0.0
2026-07-25T09:46:29,Toyota,YARIS HYBRIDE,1,0,0.0
2026-07-25T09:46:29,Toyota,Yaris,8,0,0.0
2026-07-25T09:46:29,Toyota,Yaris 3,1,0,0.0
2026-07-25T09:46:29,Toyota,Yaris 4,5,0,0.0
2026-07-25T09:46:29,Toyota,Yaris Cross Hybride,1,0,0.0
2026-07-25T09:46:29,Volkswagen,Coccinelle,1,0,0.0
2026-07-25T09:46:29,Volkswagen,Golf,8,0,0.0
2026-07-25T09:46:29,Volkswagen,Golf 7,4,0,0.0
2026-07-25T09:46:29,Volkswagen,Golf 8,24,0,0.0
2026-07-25T09:46:29,Volkswagen,Golf 8 SW,7,0,0.0
2026-07-25T09:46:29,Volkswagen,Golf Sportsvan,2,0,0.0
2026-07-25T09:46:29,Volkswagen,ID.3,1,1,1.0
2026-07-25T09:46:29,Volkswagen,ID.4,1,1,1.0
2026-07-25T09:46:29,Volkswagen,ID.5,1,1,1.0
2026-07-25T09:46:29,Volkswagen,Passat,2,0,0.0
2026-07-25T09:46:29,Volkswagen,Passat SW,2,0,0.0
2026-07-25T09:46:29,Volkswagen,Polo,11,0,0.0
2026-07-25T09:46:29,Volkswagen,Sharan,1,0,0.0
2026-07-25T09:46:29,Volkswagen,T-CROSS,24,0,0.0
2026-07-25T09:46:29,Volkswagen,T-Cross,0,0,0.0
2026-07-25T09:46:29,Volkswagen,T-Roc,42,0,0.0
2026-07-25T09:46:29,Volkswagen,T-Roc Cabriolet,3,0,0.0
2026-07-25T09:46:29,Volkswagen,TAIGO,14,0,0.0
2026-07-25T09:46:29,Volkswagen,TIGUAN,0,0,0.0
2026-07-25T09:46:29,Volkswagen,Taigo,0,0,0.0
2026-07-25T09:46:29,Volkswagen,Tayron,5,0,0.0
2026-07-25T09:46:29,Volkswagen,Tiguan,19,0,0.0
2026-07-25T09:46:29,Volkswagen,Tiguan Allspace,1,0,0.0
2026-07-25T09:46:29,Volkswagen,Touran,4,0,0.0
2026-07-25T09:46:29,Volkswagen,Up,1,0,0.0
2026-07-25T09:46:29,Volvo,EX30,2,2,1.0
2026-07-25T09:46:29,Volvo,V60,1,0,0.0
2026-07-25T09:46:29,Volvo,XC40,13,3,0.2308
2026-07-25T09:46:29,Volvo,XC90,2,0,0.0
2026-07-26T09:58:38,Alfa Romeo,Giulia,1,0,0.0
2026-07-26T09:58:38,Alfa Romeo,Junior,12,8,0.6667
2026-07-26T09:58:38,Alfa Romeo,Stelvio,1,0,0.0
2026-07-26T09:58:38,Alfa Romeo,Tonale,13,0,0.0
2026-07-26T09:58:38,Alpine,A290,1,1,1.0
2026-07-26T09:58:38,Audi,A1 Allstreet,1,0,0.0
2026-07-26T09:58:38,Audi,A1 Sportback,13,0,0.0
2026-07-26T09:58:38,Audi,A3 Berline,2,0,0.0
2026-07-26T09:58:38,Audi,A3 Sportback,18,0,0.0
2026-07-26T09:58:38,Audi,A4,1,0,0.0
2026-07-26T09:58:38,Audi,A4 Avant,4,0,0.0
2026-07-26T09:58:38,Audi,A5 Sportback,1,0,0.0
2026-07-26T09:58:38,Audi,A6 Avant,1,0,0.0
2026-07-26T09:58:38,Audi,E-TRON,1,1,1.0
2026-07-26T09:58:38,Audi,Q2,16,0,0.0
2026-07-26T09:58:38,Audi,Q3,7,0,0.0
2026-07-26T09:58:38,Audi,Q3 Sportback,2,0,0.0
2026-07-26T09:58:38,Audi,Q4 E-TRON,1,1,1.0
2026-07-26T09:58:38,Audi,Q5,3,0,0.0
2026-07-26T09:58:38,Audi,Q5 Sportback,1,0,0.0
2026-07-26T09:58:38,BMW,I3,1,1,1.0
2026-07-26T09:58:38,BMW,IX,1,1,1.0
2026-07-26T09:58:38,BMW,Série 1,11,0,0.0
2026-07-26T09:58:38,BMW,Série 2 Active Tourer,1,0,0.0
2026-07-26T09:58:38,BMW,Série 3 Touring,2,0,0.0
2026-07-26T09:58:38,BMW,Série 5 Touring,1,0,0.0
2026-07-26T09:58:38,BMW,X1,18,0,0.0
2026-07-26T09:58:38,BMW,X2,6,0,0.0
2026-07-26T09:58:38,BMW,X3,4,0,0.0
2026-07-26T09:58:38,BMW,X5,1,0,0.0
2026-07-26T09:58:38,BMW,i4,3,3,1.0
2026-07-26T09:58:38,BMW,iX1,1,1,1.0
2026-07-26T09:58:38,BYD,Atto 2,3,1,0.3333
2026-07-26T09:58:38,BYD,Dolfin Surf,1,1,1.0
2026-07-26T09:58:38,BYD,Dolphin,1,1,1.0
2026-07-26T09:58:38,BYD,SEAL 6 TOURING,4,0,0.0
2026-07-26T09:58:38,BYD,Seal,1,1,1.0
2026-07-26T09:58:38,BYD,Seal 6,2,0,0.0
2026-07-26T09:58:38,BYD,Seal U,2,0,0.0
2026-07-26T09:58:38,BYD,Sealion 7,3,3,1.0
2026-07-26T09:58:38,Citroën,AMI,2,2,1.0
2026-07-26T09:58:38,Citroën,BERLINGO FOURGON ELECTRIC,1,1,1.0
2026-07-26T09:58:38,Citroën,Berlingo,2,1,0.5
2026-07-26T09:58:38,Citroën,Berlingo Fourgon,2,0,0.0
2026-07-26T09:58:38,Citroën,Berlingo Van,1,0,0.0
2026-07-26T09:58:38,Citroën,C1,1,0,0.0
2026-07-26T09:58:38,Citroën,C3,57,15,0.2632
2026-07-26T09:58:38,Citroën,C3 Aircross,38,5,0.1316
2026-07-26T09:58:38,Citroën,C3 Picasso,1,0,0.0
2026-07-26T09:58:38,Citroën,C4,57,6,0.1053
2026-07-26T09:58:38,Citroën,C4 CACTUS BUSINESS,1,0,0.0
2026-07-26T09:58:38,Citroën,C4 Cactus,4,0,0.0
2026-07-26T09:58:38,Citroën,C4 Picasso,4,0,0.0
2026-07-26T09:58:38,Citroën,C4 X,3,1,0.3333
2026-07-26T09:58:38,Citroën,C5 Aircross,65,0,0.0
2026-07-26T09:58:38,Citroën,C5 X,7,0,0.0
2026-07-26T09:58:38,Citroën,E-C3,1,1,1.0
2026-07-26T09:58:38,Citroën,GRAND C4 SPACETOURER,2,0,0.0
2026-07-26T09:58:38,Citroën,Grand C4 Picasso,2,0,0.0
2026-07-26T09:58:38,Citroën,Grand C4 Spacetourer,0,0,0.0
2026-07-26T09:58:38,Citroën,JUMPY CABINE APPROFONDIE,1,0,0.0
2026-07-26T09:58:38,Citroën,Jumper Fourgon,1,0,0.0
2026-07-26T09:58:38,Citroën,Jumpy,1,0,0.0
2026-07-26T09:58:38,Cupra,FORMENTOR,20,0,0.0
2026-07-26T09:58:38,Cupra,Leon,3,0,0.0
2026-07-26T09:58:38,Cupra,Leon Sportstourer,1,0,0.0
2026-07-26T09:58:38,Cupra,Terramar,2,0,0.0
2026-07-26T09:58:38,DS,DS3,4,0,0.0
2026-07-26T09:58:38,DS,DS3 CROSSBACK,9,0,0.0
2026-07-26T09:58:38,DS,DS3 Crossback,0,1,0.0
2026-07-26T09:58:38,DS,DS4,16,0,0.0
2026-07-26T09:58:38,DS,DS7,27,0,0.0
2026-07-26T09:58:38,DS,DS7 CROSSBACK,13,0,0.0
2026-07-26T09:58:38,DS,DS7 Crossback,0,0,0.0
2026-07-26T09:58:38,DS,N 4,2,0,0.0
2026-07-26T09:58:38,Dacia,Bigster,29,0,0.0
2026-07-26T09:58:38,Dacia,Duster,56,0,0.0
2026-07-26T09:58:38,Dacia,JOGGER,14,0,0.0
2026-07-26T09:58:38,Dacia,Jogger,0,0,0.0
2026-07-26T09:58:38,Dacia,SPRING,17,17,1.0
2026-07-26T09:58:38,Dacia,Sandero,24,0,0.0
2026-07-26T09:58:38,Fiat,500,26,12,0.4615
2026-07-26T09:58:38,Fiat,500 L,1,0,0.0
2026-07-26T09:58:38,Fiat,500C,10,9,0.9
2026-07-26T09:58:38,Fiat,500X,8,0,0.0
2026-07-26T09:58:38,Fiat,500e,1,1,1.0
2026-07-26T09:58:38,Fiat,600,13,2,0.1538
2026-07-26T09:58:38,Fiat,DUCATO FOURGON,1,0,0.0
2026-07-26T09:58:38,Fiat,PANDINA,1,0,0.0
2026-07-26T09:58:38,Fiat,Panda,9,0,0.0
2026-07-26T09:58:38,Fiat,TIPO Station Wagon,1,0,0.0
2026-07-26T09:58:38,Fiat,Tipo,1,0,0.0
2026-07-26T09:58:38,Fiat,Tipo Cross,2,0,0.0
2026-07-26T09:58:38,Fiat,Tipo Sw,1,0,0.0
2026-07-26T09:58:38,Ford,Ecosport,3,0,0.0
2026-07-26T09:58:38,Ford,Fiesta,8,0,0.0
2026-07-26T09:58:38,Ford,Focus,5,0,0.0
2026-07-26T09:58:38,Ford,Focus SW,4,0,0.0
2026-07-26T09:58:38,Ford,Kuga,11,0,0.0
2026-07-26T09:58:38,Ford,Mustang MACH-E,1,1,1.0
2026-07-26T09:58:38,Ford,PUMA,29,0,0.0
2026-07-26T09:58:38,Ford,Puma,0,0,0.0
2026-07-26T09:58:38,Ford,TRANSIT CONNECT FGN,3,0,0.0
2026-07-26T09:58:38,Honda,Civic,2,0,0.0
2026-07-26T09:58:38,Hyundai,BAYON,2,0,0.0
2026-07-26T09:58:38,Hyundai,Bayon,0,0,0.0
2026-07-26T09:58:38,Hyundai,Ioniq 5,1,1,1.0
2026-07-26T09:58:38,Hyundai,Kona,18,1,0.0556
2026-07-26T09:58:38,Hyundai,Tucson,28,0,0.0
2026-07-26T09:58:38,Hyundai,i10,2,0,0.0
2026-07-26T09:58:38,Hyundai,i20 ACTIVE,1,0,0.0
2026-07-26T09:58:38,Hyundai,i30,1,0,0.0
2026-07-26T09:58:38,Hyundai,i30 SW,1,0,0.0
2026-07-26T09:58:38,Jaecoo,Jaecoo 7,3,0,0.0
2026-07-26T09:58:38,Jeep,Avenger,17,7,0.4118
2026-07-26T09:58:38,Jeep,Compass,12,0,0.0
2026-07-26T09:58:38,Jeep,Renegade,20,0,0.0
2026-07-26T09:58:38,Kia,Ceed,2,0,0.0
2026-07-26T09:58:38,Kia,Ceed SW,1,0,0.0
2026-07-26T09:58:38,Kia,EV6,1,1,1.0
2026-07-26T09:58:38,Kia,Niro,2,0,0.0
2026-07-26T09:58:38,Kia,Picanto,1,0,0.0
2026-07-26T09:58:38,Kia,ProCeed,4,0,0.0
2026-07-26T09:58:38,Kia,Rio,5,0,0.0
2026-07-26T09:58:38,Kia,Soul,1,1,1.0
2026-07-26T09:58:38,Kia,Sportage,19,0,0.0
2026-07-26T09:58:38,Kia,Stonic,4,0,0.0
2026-07-26T09:58:38,Kia,Venga,1,0,0.0
2026-07-26T09:58:38,Kia,XCEED,5,0,0.0
2026-07-26T09:58:38,Kia,Xceed,0,0,0.0
2026-07-26T09:58:38,Lancia,Ypsilon,1,0,0.0
2026-07-26T09:58:38,Lexus,LBX,1,0,0.0
2026-07-26T09:58:38,Lexus,UX,1,0,0.0
2026-07-26T09:58:38,Lynk&Co,01,2,0,0.0
2026-07-26T09:58:38,MG,EHS,22,0,0.0
2026-07-26T09:58:38,MG,MG3,8,0,0.0
2026-07-26T09:58:38,MG,MG4,4,4,1.0
2026-07-26T09:58:38,MG,MG5,1,1,1.0
2026-07-26T09:58:38,MG,MGS5,1,1,1.0
2026-07-26T09:58:38,MG,Marvel R,1,1,1.0
2026-07-26T09:58:38,MG,ZS,10,1,0.1
2026-07-26T09:58:38,Mazda,CX-5,2,0,0.0
2026-07-26T09:58:38,Mazda,CX-60,1,0,0.0
2026-07-26T09:58:38,Mazda,MX-30,1,1,1.0
2026-07-26T09:58:38,Mazda,MX-30 2020,1,1,1.0
2026-07-26T09:58:38,Mazda,MX-5,2,0,0.0
2026-07-26T09:58:38,Mazda,Mazda 3,1,0,0.0
2026-07-26T09:58:38,Mercedes,CLA,1,0,0.0
2026-07-26T09:58:38,Mercedes,CLA Shooting Brake,3,0,0.0
2026-07-26T09:58:38,Mercedes,CLASSE C BREAK,3,0,0.0
2026-07-26T09:58:38,Mercedes,Classe A,5,0,0.0
2026-07-26T09:58:38,Mercedes,Classe B,4,0,0.0
2026-07-26T09:58:38,Mercedes,Classe C,4,0,0.0
2026-07-26T09:58:38,Mercedes,Classe C coupé,1,0,0.0
2026-07-26T09:58:38,Mercedes,Classe E Coupé,1,0,0.0
2026-07-26T09:58:38,Mercedes,GLA,3,0,0.0
2026-07-26T09:58:38,Mini,Clubman,5,0,0.0
2026-07-26T09:58:38,Mini,Countryman,13,0,0.0
2026-07-26T09:58:38,Mini,Mini,6,3,0.5
2026-07-26T09:58:38,Mitsubishi,Space Star,2,0,0.0
2026-07-26T09:58:38,Nissan,Juke,24,0,0.0
2026-07-26T09:58:38,Nissan,Leaf,3,3,1.0
2026-07-26T09:58:38,Nissan,Micra,2,0,0.0
2026-07-26T09:58:38,Nissan,Qashqai,25,0,0.0
2026-07-26T09:58:38,Nissan,X-Trail,2,0,0.0
2026-07-26T09:58:38,Opel,ASTRA ELECTRIQUE,1,1,1.0
2026-07-26T09:58:38,Opel,Astra,8,0,0.0
2026-07-26T09:58:38,Opel,Astra Sports Tourer,2,0,0.0
2026-07-26T09:58:38,Opel,Corsa,36,7,0.1944
2026-07-26T09:58:38,Opel,Crossland,7,0,0.0
2026-07-26T09:58:38,Opel,Crossland X,4,0,0.0
2026-07-26T09:58:38,Opel,FRONTERA,6,4,0.6667
2026-07-26T09:58:38,Opel,GRANDLAND,4,0,0.0
2026-07-26T09:58:38,Opel,Grandland,0,0,0.0
2026-07-26T09:58:38,Opel,Grandland X,6,0,0.0
2026-07-26T09:58:38,Opel,INSIGNIA GRAND SPORT,1,0,0.0
2026-07-26T09:58:38,Opel,Mokka,23,8,0.3478
2026-07-26T09:58:38,Opel,Mokka X,1,0,0.0
2026-07-26T09:58:38,Peugeot,107,1,0,0.0
2026-07-26T09:58:38,Peugeot,108,3,0,0.0
2026-07-26T09:58:38,Peugeot,2008,169,36,0.213
2026-07-26T09:58:38,Peugeot,208,100,21,0.21
2026-07-26T09:58:38,Peugeot,208 AFFAIRE,5,1,0.2
2026-07-26T09:58:38,Peugeot,3008,134,8,0.0597
2026-07-26T09:58:38,Peugeot,308,55,6,0.1091
2026-07-26T09:58:38,Peugeot,308 AFFAIRE,2,0,0.0
2026-07-26T09:58:38,Peugeot,308 SW,44,2,0.0455
2026-07-26T09:58:38,Peugeot,407 Berline,1,0,0.0
2026-07-26T09:58:38,Peugeot,408,24,2,0.0833
2026-07-26T09:58:38,Peugeot,5008,58,0,0.0
2026-07-26T09:58:38,Peugeot,508,5,0,0.0
2026-07-26T09:58:38,Peugeot,508 SW,9,0,0.0
2026-07-26T09:58:38,Peugeot,Boxer,1,0,0.0
2026-07-26T09:58:38,Peugeot,Expert Fourgon,2,0,0.0
2026-07-26T09:58:38,Peugeot,RIFTER,0,0,0.0
2026-07-26T09:58:38,Peugeot,Rifter,5,0,0.0
2026-07-26T09:58:38,Polestar,2,1,1,1.0
2026-07-26T09:58:38,Renault,Arkana,20,0,0.0
2026-07-26T09:58:38,Renault,Austral,25,0,0.0
2026-07-26T09:58:38,Renault,Captur,73,0,0.0
2026-07-26T09:58:38,Renault,Clio 3,1,0,0.0
2026-07-26T09:58:38,Renault,Clio 4,8,0,0.0
2026-07-26T09:58:38,Renault,Clio 4 Estate,1,0,0.0
2026-07-26T09:58:38,Renault,Clio 5,48,0,0.0
2026-07-26T09:58:38,Renault,Clio 6,6,0,0.0
2026-07-26T09:58:38,Renault,Espace 5,1,0,0.0
2026-07-26T09:58:38,Renault,Espace 6,4,0,0.0
2026-07-26T09:58:38,Renault,Grand Scénic 4,5,0,0.0
2026-07-26T09:58:38,Renault,Kadjar,18,0,0.0
2026-07-26T09:58:38,Renault,Kangoo,1,0,0.0
2026-07-26T09:58:38,Renault,Kangoo Express,1,0,0.0
2026-07-26T09:58:38,Renault,Koleos,1,0,0.0
2026-07-26T09:58:38,Renault,MASTER 4 FGN 3T5 L3H2,1,0,0.0
2026-07-26T09:58:38,Renault,MASTER FOURGON,0,0,0.0
2026-07-26T09:58:38,Renault,Master Fourgon,3,0,0.0
2026-07-26T09:58:38,Renault,Mégane 3,1,0,0.0
2026-07-26T09:58:38,Renault,Mégane 4,15,0,0.0
2026-07-26T09:58:38,Renault,Mégane 4 Estate,5,0,0.0
2026-07-26T09:58:38,Renault,Mégane E-TECH,9,9,1.0
2026-07-26T09:58:38,Renault,R4,11,11,1.0
2026-07-26T09:58:38,Renault,R5,36,36,1.0
2026-07-26T09:58:38,Renault,Rafale,8,0,0.0
2026-07-26T09:58:38,Renault,Scénic 4,9,0,0.0
2026-07-26T09:58:38,Renault,Scénic E-Tech,9,9,1.0
2026-07-26T09:58:38,Renault,Symbioz,32,0,0.0
2026-07-26T09:58:38,Renault,TWINGO,1,1,1.0
2026-07-26T09:58:38,Renault,TWINGO E-TECH ELECTRIQUE,2,2,1.0
2026-07-26T09:58:38,Renault,Talisman,1,0,0.0
2026-07-26T09:58:38,Renault,Trafic,2,0,0.0
2026-07-26T09:58:38,Renault,Twingo 3,17,4,0.2353
2026-07-26T09:58:38,Renault,Twizy,1,1,1.0
2026-07-26T09:58:38,Renault,Wind,1,0,0.0
2026-07-26T09:58:38,Renault,Zoé,13,13,1.0
2026-07-26T09:58:38,Seat,Arona,12,0,0.0
2026-07-26T09:58:38,Seat,Ateca,12,0,0.0
2026-07-26T09:58:38,Seat,Ibiza,7,0,0.0
2026-07-26T09:58:38,Seat,Leon,5,0,0.0
2026-07-26T09:58:38,Skoda,ENYAQ,1,1,1.0
2026-07-26T09:58:38,Skoda,Fabia,4,0,0.0
2026-07-26T09:58:38,Skoda,KAMIQ,2,0,0.0
2026-07-26T09:58:38,Skoda,Karoq,3,0,0.0
2026-07-26T09:58:38,Skoda,OCTAVIA COMBI,0,0,0.0
2026-07-26T09:58:38,Skoda,Octavia Combi,3,0,0.0
2026-07-26T09:58:38,Skoda,Scala,3,0,0.0
2026-07-26T09:58:38,Skoda,Superb Combi,3,0,0.0
2026-07-26T09:58:38,Smart,FORFOUR,2,2,1.0
2026-07-26T09:58:38,Smart,Fortwo EQ,1,1,1.0
2026-07-26T09:58:38,Suzuki,Ignis,1,0,0.0
2026-07-26T09:58:38,Suzuki,SWACE,1,0,0.0
2026-07-26T09:58:38,Suzuki,SX4 S-Cross,2,0,0.0
2026-07-26T09:58:38,Suzuki,Swift,4,0,0.0
2026-07-26T09:58:38,Suzuki,Vitara,1,0,0.0
2026-07-26T09:58:38,Tesla,MODEL 3,10,10,1.0
2026-07-26T09:58:38,Tesla,MODEL X,2,2,1.0
2026-07-26T09:58:38,Tesla,MODEL Y,10,10,1.0
2026-07-26T09:58:38,Toyota,Auris,1,0,0.0
2026-07-26T09:58:38,Toyota,Aygo,1,0,0.0
2026-07-26T09:58:38,Toyota,Aygo X,7,0,0.0
2026-07-26T09:58:38,Toyota,C-HR,16,0,0.0
2026-07-26T09:58:38,Toyota,Corolla,3,0,0.0
2026-07-26T09:58:38,Toyota,Corolla Cross,2,0,0.0
2026-07-26T09:58:38,Toyota,Corolla Sw,1,0,0.0
2026-07-26T09:58:38,Toyota,Corolla Touring Sports,14,0,0.0
2026-07-26T09:58:38,Toyota,Prius,1,0,0.0
2026-07-26T09:58:38,Toyota,RAV 4,4,0,0.0
2026-07-26T09:58:38,Toyota,YARIS CROSS,9,0,0.0
2026-07-26T09:58:38,Toyota,YARIS HYBRIDE,1,0,0.0
2026-07-26T09:58:38,Toyota,Yaris,7,0,0.0
2026-07-26T09:58:38,Toyota,Yaris 3,1,0,0.0
2026-07-26T09:58:38,Toyota,Yaris 4,5,0,0.0
2026-07-26T09:58:38,Toyota,Yaris Cross Hybride,1,0,0.0
2026-07-26T09:58:38,Volkswagen,Coccinelle,1,0,0.0
2026-07-26T09:58:38,Volkswagen,Golf,8,0,0.0
2026-07-26T09:58:38,Volkswagen,Golf 7,4,0,0.0
2026-07-26T09:58:38,Volkswagen,Golf 8,25,0,0.0
2026-07-26T09:58:38,Volkswagen,Golf 8 SW,7,0,0.0
2026-07-26T09:58:38,Volkswagen,Golf Sportsvan,2,0,0.0
2026-07-26T09:58:38,Volkswagen,ID.3,1,1,1.0
2026-07-26T09:58:38,Volkswagen,ID.4,1,1,1.0
2026-07-26T09:58:38,Volkswagen,ID.5,1,1,1.0
2026-07-26T09:58:38,Volkswagen,Passat,2,0,0.0
2026-07-26T09:58:38,Volkswagen,Passat SW,2,0,0.0
2026-07-26T09:58:38,Volkswagen,Polo,11,0,0.0
2026-07-26T09:58:38,Volkswagen,Sharan,1,0,0.0
2026-07-26T09:58:38,Volkswagen,T-CROSS,23,0,0.0
2026-07-26T09:58:38,Volkswagen,T-Cross,0,0,0.0
2026-07-26T09:58:38,Volkswagen,T-Roc,42,0,0.0
2026-07-26T09:58:38,Volkswagen,T-Roc Cabriolet,3,0,0.0
2026-07-26T09:58:38,Volkswagen,TAIGO,14,0,0.0
2026-07-26T09:58:38,Volkswagen,TIGUAN,0,0,0.0
2026-07-26T09:58:38,Volkswagen,Taigo,0,0,0.0
2026-07-26T09:58:38,Volkswagen,Tayron,5,0,0.0
2026-07-26T09:58:38,Volkswagen,Tiguan,18,0,0.0
2026-07-26T09:58:38,Volkswagen,Tiguan Allspace,1,0,0.0
2026-07-26T09:58:38,Volkswagen,Touran,4,0,0.0
2026-07-26T09:58:38,Volkswagen,Up,1,0,0.0
2026-07-26T09:58:38,Volvo,EX30,2,2,1.0
2026-07-26T09:58:38,Volvo,V60,1,0,0.0
2026-07-26T09:58:38,Volvo,XC40,12,3,0.25
2026-07-26T09:58:38,Volvo,XC90,2,0,0.0
2026-07-27T11:19:43,Alfa Romeo,Giulia,1,0,0.0
2026-07-27T11:19:43,Alfa Romeo,Junior,11,7,0.6364
2026-07-27T11:19:43,Alfa Romeo,Stelvio,1,0,0.0
2026-07-27T11:19:43,Alfa Romeo,Tonale,12,0,0.0
2026-07-27T11:19:43,Alpine,A290,1,1,1.0
2026-07-27T11:19:43,Audi,A1 Allstreet,1,0,0.0
2026-07-27T11:19:43,Audi,A1 Sportback,13,0,0.0
2026-07-27T11:19:43,Audi,A3 Berline,2,0,0.0
2026-07-27T11:19:43,Audi,A3 Sportback,18,0,0.0
2026-07-27T11:19:43,Audi,A4,1,0,0.0
2026-07-27T11:19:43,Audi,A4 Avant,5,0,0.0
2026-07-27T11:19:43,Audi,A5 Sportback,1,0,0.0
2026-07-27T11:19:43,Audi,A6 Avant,1,0,0.0
2026-07-27T11:19:43,Audi,E-TRON,1,1,1.0
2026-07-27T11:19:43,Audi,Q2,16,0,0.0
2026-07-27T11:19:43,Audi,Q3,7,0,0.0
2026-07-27T11:19:43,Audi,Q3 Sportback,2,0,0.0
2026-07-27T11:19:43,Audi,Q4 E-TRON,1,1,1.0
2026-07-27T11:19:43,Audi,Q5,3,0,0.0
2026-07-27T11:19:43,Audi,Q5 Sportback,1,0,0.0
2026-07-27T11:19:43,BMW,I3,1,1,1.0
2026-07-27T11:19:43,BMW,IX,1,1,1.0
2026-07-27T11:19:43,BMW,Série 1,10,0,0.0
2026-07-27T11:19:43,BMW,Série 2 Active Tourer,1,0,0.0
2026-07-27T11:19:43,BMW,Série 2 Gran Coupé,1,0,0.0
2026-07-27T11:19:43,BMW,Série 3 Touring,2,0,0.0
2026-07-27T11:19:43,BMW,Série 5 Touring,1,0,0.0
2026-07-27T11:19:43,BMW,X1,19,0,0.0
2026-07-27T11:19:43,BMW,X2,6,0,0.0
2026-07-27T11:19:43,BMW,X3,4,0,0.0
2026-07-27T11:19:43,BMW,X5,1,0,0.0
2026-07-27T11:19:43,BMW,i4,3,3,1.0
2026-07-27T11:19:43,BMW,iX1,1,1,1.0
2026-07-27T11:19:43,BYD,Atto 2,4,1,0.25
2026-07-27T11:19:43,BYD,Dolphin,1,1,1.0
2026-07-27T11:19:43,BYD,SEAL 6 TOURING,4,0,0.0
2026-07-27T11:19:43,BYD,Seal,1,1,1.0
2026-07-27T11:19:43,BYD,Seal 6,2,0,0.0
2026-07-27T11:19:43,BYD,Seal U,3,0,0.0
2026-07-27T11:19:43,BYD,Sealion 7,3,3,1.0
2026-07-27T11:19:43,Citroën,AMI,2,2,1.0
2026-07-27T11:19:43,Citroën,BERLINGO FOURGON ELECTRIC,1,1,1.0
2026-07-27T11:19:43,Citroën,Berlingo,3,1,0.3333
2026-07-27T11:19:43,Citroën,Berlingo Fourgon,2,0,0.0
2026-07-27T11:19:43,Citroën,Berlingo Van,1,0,0.0
2026-07-27T11:19:43,Citroën,C1,1,0,0.0
2026-07-27T11:19:43,Citroën,C3,58,15,0.2586
2026-07-27T11:19:43,Citroën,C3 Aircross,37,4,0.1081
2026-07-27T11:19:43,Citroën,C4,55,6,0.1091
2026-07-27T11:19:43,Citroën,C4 CACTUS BUSINESS,1,0,0.0
2026-07-27T11:19:43,Citroën,C4 Cactus,4,0,0.0
2026-07-27T11:19:43,Citroën,C4 Picasso,4,0,0.0
2026-07-27T11:19:43,Citroën,C4 X,2,1,0.5
2026-07-27T11:19:43,Citroën,C5 Aircross,67,0,0.0
2026-07-27T11:19:43,Citroën,C5 X,6,0,0.0
2026-07-27T11:19:43,Citroën,E-C3,1,1,1.0
2026-07-27T11:19:43,Citroën,GRAND C4 SPACETOURER,2,0,0.0
2026-07-27T11:19:43,Citroën,Grand C4 Picasso,2,0,0.0
2026-07-27T11:19:43,Citroën,Grand C4 Spacetourer,0,0,0.0
2026-07-27T11:19:43,Citroën,JUMPY CABINE APPROFONDIE,1,0,0.0
2026-07-27T11:19:43,Citroën,Jumper Fourgon,1,0,0.0
2026-07-27T11:19:43,Citroën,Jumpy,1,0,0.0
2026-07-27T11:19:43,Cupra,FORMENTOR,19,0,0.0
2026-07-27T11:19:43,Cupra,Leon,3,0,0.0
2026-07-27T11:19:43,Cupra,Leon Sportstourer,1,0,0.0
2026-07-27T11:19:43,Cupra,Terramar,2,0,0.0
2026-07-27T11:19:43,DS,DS3,6,0,0.0
2026-07-27T11:19:43,DS,DS3 CROSSBACK,11,0,0.0
2026-07-27T11:19:43,DS,DS3 Crossback,0,1,0.0
2026-07-27T11:19:43,DS,DS4,16,0,0.0
2026-07-27T11:19:43,DS,DS7,26,0,0.0
2026-07-27T11:19:43,DS,DS7 CROSSBACK,12,0,0.0
2026-07-27T11:19:43,DS,DS7 Crossback,0,0,0.0
2026-07-27T11:19:43,DS,N 4,3,0,0.0
2026-07-27T11:19:43,Dacia,Bigster,28,0,0.0
2026-07-27T11:19:43,Dacia,Duster,55,0,0.0
2026-07-27T11:19:43,Dacia,JOGGER,14,0,0.0
2026-07-27T11:19:43,Dacia,Jogger,0,0,0.0
2026-07-27T11:19:43,Dacia,Logan MCV,1,0,0.0
2026-07-27T11:19:43,Dacia,SPRING,18,18,1.0
2026-07-27T11:19:43,Dacia,Sandero,24,0,0.0
2026-07-27T11:19:43,Fiat,500,26,12,0.4615
2026-07-27T11:19:43,Fiat,500 L,1,0,0.0
2026-07-27T11:19:43,Fiat,500C,10,9,0.9
2026-07-27T11:19:43,Fiat,500X,9,0,0.0
2026-07-27T11:19:43,Fiat,500e,1,1,1.0
2026-07-27T11:19:43,Fiat,600,14,2,0.1429
2026-07-27T11:19:43,Fiat,DUCATO FOURGON,1,0,0.0
2026-07-27T11:19:43,Fiat,PANDINA,1,0,0.0
2026-07-27T11:19:43,Fiat,Panda,9,0,0.0
2026-07-27T11:19:43,Fiat,TIPO Station Wagon,1,0,0.0
2026-07-27T11:19:43,Fiat,Tipo,1,0,0.0
2026-07-27T11:19:43,Fiat,Tipo Cross,2,0,0.0
2026-07-27T11:19:43,Fiat,Tipo Sw,1,0,0.0
2026-07-27T11:19:43,Ford,Ecosport,3,0,0.0
2026-07-27T11:19:43,Ford,Fiesta,7,0,0.0
2026-07-27T11:19:43,Ford,Focus,5,0,0.0
2026-07-27T11:19:43,Ford,Focus SW,4,0,0.0
2026-07-27T11:19:43,Ford,Kuga,11,0,0.0
2026-07-27T11:19:43,Ford,Mustang MACH-E,1,1,1.0
2026-07-27T11:19:43,Ford,PUMA,27,0,0.0
2026-07-27T11:19:43,Ford,TRANSIT CONNECT FGN,2,0,0.0
2026-07-27T11:19:43,Honda,Civic,2,0,0.0
2026-07-27T11:19:43,Hyundai,BAYON,2,0,0.0
2026-07-27T11:19:43,Hyundai,Bayon,0,0,0.0
2026-07-27T11:19:43,Hyundai,Ioniq,1,1,1.0
2026-07-27T11:19:43,Hyundai,Ioniq 5,1,1,1.0
2026-07-27T11:19:43,Hyundai,Kona,18,2,0.1111
2026-07-27T11:19:43,Hyundai,Tucson,28,0,0.0
2026-07-27T11:19:43,Hyundai,i10,2,0,0.0
2026-07-27T11:19:43,Hyundai,i20,1,0,0.0
2026-07-27T11:19:43,Hyundai,i20 ACTIVE,1,0,0.0
2026-07-27T11:19:43,Hyundai,i30,1,0,0.0
2026-07-27T11:19:43,Hyundai,i30 SW,1,0,0.0
2026-07-27T11:19:43,Jaecoo,Jaecoo 7,5,0,0.0
2026-07-27T11:19:43,Jeep,Avenger,16,6,0.375
2026-07-27T11:19:43,Jeep,Compass,12,0,0.0
2026-07-27T11:19:43,Jeep,Renegade,20,0,0.0
2026-07-27T11:19:43,Kia,Ceed,2,0,0.0
2026-07-27T11:19:43,Kia,Ceed SW,1,0,0.0
2026-07-27T11:19:43,Kia,EV6,1,1,1.0
2026-07-27T11:19:43,Kia,Niro,2,0,0.0
2026-07-27T11:19:43,Kia,Picanto,1,0,0.0
2026-07-27T11:19:43,Kia,ProCeed,4,0,0.0
2026-07-27T11:19:43,Kia,Rio,5,0,0.0
2026-07-27T11:19:43,Kia,Soul,1,1,1.0
2026-07-27T11:19:43,Kia,Sportage,20,0,0.0
2026-07-27T11:19:43,Kia,Stonic,5,0,0.0
2026-07-27T11:19:43,Kia,Venga,1,0,0.0
2026-07-27T11:19:43,Kia,XCEED,5,0,0.0
2026-07-27T11:19:43,Kia,Xceed,0,0,0.0
2026-07-27T11:19:43,Lexus,LBX,1,0,0.0
2026-07-27T11:19:43,Lexus,UX,1,0,0.0
2026-07-27T11:19:43,Lynk&Co,01,2,0,0.0
2026-07-27T11:19:43,MG,EHS,19,0,0.0
2026-07-27T11:19:43,MG,MARVEL R,2,2,1.0
2026-07-27T11:19:43,MG,MG3,7,0,0.0
2026-07-27T11:19:43,MG,MG4,4,4,1.0
2026-07-27T11:19:43,MG,MG5,1,1,1.0
2026-07-27T11:19:43,MG,MGS5,1,1,1.0
2026-07-27T11:19:43,MG,ZS,12,1,0.0833
2026-07-27T11:19:43,Mazda,CX-5,2,0,0.0
2026-07-27T11:19:43,Mazda,CX-60,1,0,0.0
2026-07-27T11:19:43,Mazda,MX-30,1,1,1.0
2026-07-27T11:19:43,Mazda,MX-30 2020,1,1,1.0
2026-07-27T11:19:43,Mazda,MX-5,1,0,0.0
2026-07-27T11:19:43,Mazda,Mazda 3,1,0,0.0
2026-07-27T11:19:43,Mercedes,CLA,1,0,0.0
2026-07-27T11:19:43,Mercedes,CLA Shooting Brake,3,0,0.0
2026-07-27T11:19:43,Mercedes,CLASSE C BREAK,3,0,0.0
2026-07-27T11:19:43,Mercedes,Classe A,6,0,0.0
2026-07-27T11:19:43,Mercedes,Classe B,3,0,0.0
2026-07-27T11:19:43,Mercedes,Classe C,4,0,0.0
2026-07-27T11:19:43,Mercedes,Classe C coupé,1,0,0.0
2026-07-27T11:19:43,Mercedes,Classe E Coupé,1,0,0.0
2026-07-27T11:19:43,Mercedes,GLA,3,0,0.0
2026-07-27T11:19:43,Mini,Clubman,5,0,0.0
2026-07-27T11:19:43,Mini,Countryman,11,0,0.0
2026-07-27T11:19:43,Mini,Mini,6,3,0.5
2026-07-27T11:19:43,Mitsubishi,ASX,1,0,0.0
2026-07-27T11:19:43,Mitsubishi,Space Star,2,0,0.0
2026-07-27T11:19:43,Nissan,Juke,23,0,0.0
2026-07-27T11:19:43,Nissan,Leaf,3,3,1.0
2026-07-27T11:19:43,Nissan,Micra,2,0,0.0
2026-07-27T11:19:43,Nissan,Qashqai,25,0,0.0
2026-07-27T11:19:43,Nissan,X-Trail,2,0,0.0
2026-07-27T11:19:43,Opel,ASTRA ELECTRIQUE,1,1,1.0
2026-07-27T11:19:43,Opel,Astra,7,0,0.0
2026-07-27T11:19:43,Opel,Astra Sports Tourer,2,0,0.0
2026-07-27T11:19:43,Opel,Corsa,37,7,0.1892
2026-07-27T11:19:43,Opel,Crossland,7,0,0.0
2026-07-27T11:19:43,Opel,Crossland X,4,0,0.0
2026-07-27T11:19:43,Opel,FRONTERA,6,4,0.6667
2026-07-27T11:19:43,Opel,GRANDLAND,4,0,0.0
2026-07-27T11:19:43,Opel,Grandland,0,0,0.0
2026-07-27T11:19:43,Opel,Grandland X,6,0,0.0
2026-07-27T11:19:43,Opel,INSIGNIA GRAND SPORT,1,0,0.0
2026-07-27T11:19:43,Opel,Mokka,24,8,0.3333
2026-07-27T11:19:43,Opel,Mokka X,1,0,0.0
2026-07-27T11:19:43,Peugeot,107,1,0,0.0
2026-07-27T11:19:43,Peugeot,108,3,0,0.0
2026-07-27T11:19:43,Peugeot,2008,178,36,0.2022
2026-07-27T11:19:43,Peugeot,208,97,22,0.2268
2026-07-27T11:19:43,Peugeot,208 AFFAIRE,5,1,0.2
2026-07-27T11:19:43,Peugeot,3008,136,7,0.0515
2026-07-27T11:19:43,Peugeot,308,57,6,0.1053
2026-07-27T11:19:43,Peugeot,308 AFFAIRE,2,0,0.0
2026-07-27T11:19:43,Peugeot,308 SW,44,2,0.0455
2026-07-27T11:19:43,Peugeot,407 Berline,1,0,0.0
2026-07-27T11:19:43,Peugeot,408,24,2,0.0833
2026-07-27T11:19:43,Peugeot,5008,57,1,0.0175
2026-07-27T11:19:43,Peugeot,508,5,0,0.0
2026-07-27T11:19:43,Peugeot,508 SW,10,0,0.0
2026-07-27T11:19:43,Peugeot,Boxer,1,0,0.0
2026-07-27T11:19:43,Peugeot,Expert Fourgon,2,0,0.0
2026-07-27T11:19:43,Peugeot,RIFTER,0,0,0.0
2026-07-27T11:19:43,Peugeot,Rifter,4,0,0.0
2026-07-27T11:19:43,Polestar,2,1,1,1.0
2026-07-27T11:19:43,Renault,Arkana,21,0,0.0
2026-07-27T11:19:43,Renault,Austral,24,0,0.0
2026-07-27T11:19:43,Renault,Captur,74,0,0.0
2026-07-27T11:19:43,Renault,Clio 3,1,0,0.0
2026-07-27T11:19:43,Renault,Clio 4,7,0,0.0
2026-07-27T11:19:43,Renault,Clio 4 Estate,1,0,0.0
2026-07-27T11:19:43,Renault,Clio 5,48,0,0.0
2026-07-27T11:19:43,Renault,Clio 6,5,0,0.0
2026-07-27T11:19:43,Renault,Espace 5,1,0,0.0
2026-07-27T11:19:43,Renault,Espace 6,4,0,0.0
2026-07-27T11:19:43,Renault,Grand Scénic 4,5,0,0.0
2026-07-27T11:19:43,Renault,Kadjar,19,0,0.0
2026-07-27T11:19:43,Renault,Kangoo,1,0,0.0
2026-07-27T11:19:43,Renault,Kangoo Express,1,0,0.0
2026-07-27T11:19:43,Renault,Koleos,1,0,0.0
2026-07-27T11:19:43,Renault,MASTER 4 FGN 3T5 L3H2,1,0,0.0
2026-07-27T11:19:43,Renault,MASTER FOURGON,0,0,0.0
2026-07-27T11:19:43,Renault,Master Fourgon,3,0,0.0
2026-07-27T11:19:43,Renault,Mégane 3,1,0,0.0
2026-07-27T11:19:43,Renault,Mégane 4,15,0,0.0
2026-07-27T11:19:43,Renault,Mégane 4 Estate,5,0,0.0
2026-07-27T11:19:43,Renault,Mégane E-TECH,9,9,1.0
2026-07-27T11:19:43,Renault,R4,11,11,1.0
2026-07-27T11:19:43,Renault,R5,33,33,1.0
2026-07-27T11:19:43,Renault,Rafale,7,0,0.0
2026-07-27T11:19:43,Renault,Scénic 4,10,0,0.0
2026-07-27T11:19:43,Renault,Scénic E-Tech,8,8,1.0
2026-07-27T11:19:43,Renault,Symbioz,31,0,0.0
2026-07-27T11:19:43,Renault,TWINGO,1,1,1.0
2026-07-27T11:19:43,Renault,TWINGO E-TECH ELECTRIQUE,2,2,1.0
2026-07-27T11:19:43,Renault,Talisman,1,0,0.0
2026-07-27T11:19:43,Renault,Trafic,2,0,0.0
2026-07-27T11:19:43,Renault,Twingo 3,17,4,0.2353
2026-07-27T11:19:43,Renault,Wind,1,0,0.0
2026-07-27T11:19:43,Renault,Zoé,13,13,1.0
2026-07-27T11:19:43,Seat,Arona,12,0,0.0
2026-07-27T11:19:43,Seat,Ateca,12,0,0.0
2026-07-27T11:19:43,Seat,Ibiza,7,0,0.0
2026-07-27T11:19:43,Seat,Leon,3,0,0.0
2026-07-27T11:19:43,Skoda,ENYAQ,2,2,1.0
2026-07-27T11:19:43,Skoda,Fabia,4,0,0.0
2026-07-27T11:19:43,Skoda,KAMIQ,2,0,0.0
2026-07-27T11:19:43,Skoda,Karoq,3,0,0.0
2026-07-27T11:19:43,Skoda,OCTAVIA COMBI,0,0,0.0
2026-07-27T11:19:43,Skoda,Octavia Combi,3,0,0.0
2026-07-27T11:19:43,Skoda,Scala,3,0,0.0
2026-07-27T11:19:43,Skoda,Superb Combi,3,0,0.0
2026-07-27T11:19:43,Smart,FORFOUR,2,2,1.0
2026-07-27T11:19:43,Smart,FORTWO,1,0,0.0
2026-07-27T11:19:43,Smart,Fortwo EQ,1,1,1.0
2026-07-27T11:19:43,Suzuki,Celerio,1,0,0.0
2026-07-27T11:19:43,Suzuki,Ignis,1,0,0.0
2026-07-27T11:19:43,Suzuki,SWACE,1,0,0.0
2026-07-27T11:19:43,Suzuki,SX4 S-Cross,1,0,0.0
2026-07-27T11:19:43,Suzuki,Swift,4,0,0.0
2026-07-27T11:19:43,Suzuki,Vitara,1,0,0.0
2026-07-27T11:19:43,Tesla,MODEL 3,10,10,1.0
2026-07-27T11:19:43,Tesla,MODEL X,2,2,1.0
2026-07-27T11:19:43,Tesla,MODEL Y,9,9,1.0
2026-07-27T11:19:43,Toyota,Auris,1,0,0.0
2026-07-27T11:19:43,Toyota,Aygo,2,0,0.0
2026-07-27T11:19:43,Toyota,Aygo X,6,0,0.0
2026-07-27T11:19:43,Toyota,C-HR,16,0,0.0
2026-07-27T11:19:43,Toyota,Corolla,4,0,0.0
2026-07-27T11:19:43,Toyota,Corolla Cross,1,0,0.0
2026-07-27T11:19:43,Toyota,Corolla Sw,1,0,0.0
2026-07-27T11:19:43,Toyota,Corolla Touring Sports,15,0,0.0
2026-07-27T11:19:43,Toyota,Prius,1,0,0.0
2026-07-27T11:19:43,Toyota,RAV 4,4,0,0.0
2026-07-27T11:19:43,Toyota,YARIS CROSS,10,0,0.0
2026-07-27T11:19:43,Toyota,YARIS HYBRIDE,1,0,0.0
2026-07-27T11:19:43,Toyota,Yaris,8,0,0.0
2026-07-27T11:19:43,Toyota,Yaris 3,1,0,0.0
2026-07-27T11:19:43,Toyota,Yaris 4,5,0,0.0
2026-07-27T11:19:43,Toyota,Yaris Cross Hybride,1,0,0.0
2026-07-27T11:19:43,Volkswagen,Coccinelle,1,0,0.0
2026-07-27T11:19:43,Volkswagen,Golf,8,0,0.0
2026-07-27T11:19:43,Volkswagen,Golf 7,4,0,0.0
2026-07-27T11:19:43,Volkswagen,Golf 8,24,0,0.0
2026-07-27T11:19:43,Volkswagen,Golf 8 SW,6,0,0.0
2026-07-27T11:19:43,Volkswagen,Golf Sportsvan,2,0,0.0
2026-07-27T11:19:43,Volkswagen,ID.3,1,1,1.0
2026-07-27T11:19:43,Volkswagen,ID.4,1,1,1.0
2026-07-27T11:19:43,Volkswagen,ID.5,1,1,1.0
2026-07-27T11:19:43,Volkswagen,Passat,2,0,0.0
2026-07-27T11:19:43,Volkswagen,Passat SW,2,0,0.0
2026-07-27T11:19:43,Volkswagen,Polo,12,0,0.0
2026-07-27T11:19:43,Volkswagen,Sharan,1,0,0.0
2026-07-27T11:19:43,Volkswagen,T-CROSS,22,0,0.0
2026-07-27T11:19:43,Volkswagen,T-Cross,0,0,0.0
2026-07-27T11:19:43,Volkswagen,T-Roc,38,0,0.0
2026-07-27T11:19:43,Volkswagen,T-Roc Cabriolet,3,0,0.0
2026-07-27T11:19:43,Volkswagen,TAIGO,14,0,0.0
2026-07-27T11:19:43,Volkswagen,TIGUAN,0,0,0.0
2026-07-27T11:19:43,Volkswagen,Taigo,0,0,0.0
2026-07-27T11:19:43,Volkswagen,Tayron,4,0,0.0
2026-07-27T11:19:43,Volkswagen,Tiguan,18,0,0.0
2026-07-27T11:19:43,Volkswagen,Touran,4,0,0.0
2026-07-27T11:19:43,Volkswagen,Up,2,1,0.5
2026-07-27T11:19:43,Volvo,EX30,2,2,1.0
2026-07-27T11:19:43,Volvo,V60,1,0,0.0
2026-07-27T11:19:43,Volvo,XC40,11,3,0.2727
2026-07-27T11:19:43,Volvo,XC90,2,0,0.0
2026-07-28T10:33:52,Alfa Romeo,Giulia,1,0,0.0
2026-07-28T10:33:52,Alfa Romeo,Junior,10,7,0.7
2026-07-28T10:33:52,Alfa Romeo,Stelvio,1,0,0.0
2026-07-28T10:33:52,Alfa Romeo,Tonale,11,0,0.0
2026-07-28T10:33:52,Alpine,A290,1,1,1.0
2026-07-28T10:33:52,Audi,A1 Allstreet,0,0,0.0
2026-07-28T10:33:52,Audi,A1 Sportback,13,0,0.0
2026-07-28T10:33:52,Audi,A3,1,0,0.0
2026-07-28T10:33:52,Audi,A3 Berline,2,0,0.0
2026-07-28T10:33:52,Audi,A3 Sportback,18,0,0.0
2026-07-28T10:33:52,Audi,A4,1,0,0.0
2026-07-28T10:33:52,Audi,A4 Avant,5,0,0.0
2026-07-28T10:33:52,Audi,A5 Sportback,1,0,0.0
2026-07-28T10:33:52,Audi,A6 Avant,1,0,0.0
2026-07-28T10:33:52,Audi,E-TRON,1,1,1.0
2026-07-28T10:33:52,Audi,Q2,14,0,0.0
2026-07-28T10:33:52,Audi,Q3,7,0,0.0
2026-07-28T10:33:52,Audi,Q3 Sportback,3,0,0.0
2026-07-28T10:33:52,Audi,Q4 E-TRON,1,1,1.0
2026-07-28T10:33:52,Audi,Q5,3,0,0.0
2026-07-28T10:33:52,Audi,Q5 SPORTBACK,2,0,0.0
2026-07-28T10:33:52,Audi,Q5 Sportback,0,0,0.0
2026-07-28T10:33:52,BMW,I3,1,1,1.0
2026-07-28T10:33:52,BMW,IX,1,1,1.0
2026-07-28T10:33:52,BMW,Série 1,11,0,0.0
2026-07-28T10:33:52,BMW,Série 2 Active Tourer,3,0,0.0
2026-07-28T10:33:52,BMW,Série 2 Gran Coupé,1,0,0.0
2026-07-28T10:33:52,BMW,Série 3,1,0,0.0
2026-07-28T10:33:52,BMW,Série 3 Touring,2,0,0.0
2026-07-28T10:33:52,BMW,Série 5 Touring,1,0,0.0
2026-07-28T10:33:52,BMW,X1,18,0,0.0
2026-07-28T10:33:52,BMW,X2,5,0,0.0
2026-07-28T10:33:52,BMW,X3,5,0,0.0
2026-07-28T10:33:52,BMW,X5,1,0,0.0
2026-07-28T10:33:52,BMW,i4,3,3,1.0
2026-07-28T10:33:52,BMW,iX1,1,1,1.0
2026-07-28T10:33:52,BYD,Atto 2,4,2,0.5
2026-07-28T10:33:52,BYD,DOLPHIN SURF,1,1,1.0
2026-07-28T10:33:52,BYD,Dolphin,1,1,1.0
2026-07-28T10:33:52,BYD,SEAL 6 TOURING,5,0,0.0
2026-07-28T10:33:52,BYD,Seal,1,1,1.0
2026-07-28T10:33:52,BYD,Seal 6,2,0,0.0
2026-07-28T10:33:52,BYD,Seal U,2,0,0.0
2026-07-28T10:33:52,BYD,Sealion 7,3,3,1.0
2026-07-28T10:33:52,Citroën,AMI,2,2,1.0
2026-07-28T10:33:52,Citroën,BERLINGO FOURGON ELECTRIC,1,1,1.0
2026-07-28T10:33:52,Citroën,Berlingo,3,1,0.3333
2026-07-28T10:33:52,Citroën,Berlingo Fourgon,1,0,0.0
2026-07-28T10:33:52,Citroën,Berlingo VAN,1,0,0.0
2026-07-28T10:33:52,Citroën,C1,1,0,0.0
2026-07-28T10:33:52,Citroën,C3,60,15,0.25
2026-07-28T10:33:52,Citroën,C3 Aircross,38,4,0.1053
2026-07-28T10:33:52,Citroën,C4,53,6,0.1132
2026-07-28T10:33:52,Citroën,C4 CACTUS BUSINESS,1,0,0.0
2026-07-28T10:33:52,Citroën,C4 Cactus,4,0,0.0
2026-07-28T10:33:52,Citroën,C4 Picasso,4,0,0.0
2026-07-28T10:33:52,Citroën,C4 X,2,1,0.5
2026-07-28T10:33:52,Citroën,C5 Aircross,69,0,0.0
2026-07-28T10:33:52,Citroën,C5 X,6,0,0.0
2026-07-28T10:33:52,Citroën,E-C3,1,1,1.0
2026-07-28T10:33:52,Citroën,GRAND C4 SPACETOURER,2,0,0.0
2026-07-28T10:33:52,Citroën,Grand C4 Picasso,2,0,0.0
2026-07-28T10:33:52,Citroën,Grand C4 Spacetourer,0,0,0.0
2026-07-28T10:33:52,Citroën,JUMPY CABINE APPROFONDIE,1,0,0.0
2026-07-28T10:33:52,Citroën,Jumper Fourgon,1,0,0.0
2026-07-28T10:33:52,Citroën,Jumpy,1,0,0.0
2026-07-28T10:33:52,Cupra,FORMENTOR,17,0,0.0
2026-07-28T10:33:52,Cupra,Leon,3,0,0.0
2026-07-28T10:33:52,Cupra,Leon Sportstourer,1,0,0.0
2026-07-28T10:33:52,Cupra,Terramar,3,0,0.0
2026-07-28T10:33:52,DS,DS 3 CROSSBACK,1,1,1.0
2026-07-28T10:33:52,DS,DS3,8,0,0.0
2026-07-28T10:33:52,DS,DS3 CROSSBACK,11,0,0.0
2026-07-28T10:33:52,DS,DS3 Crossback,0,1,0.0
2026-07-28T10:33:52,DS,DS4,16,0,0.0
2026-07-28T10:33:52,DS,DS7,27,0,0.0
2026-07-28T10:33:52,DS,DS7 CROSSBACK,13,0,0.0
2026-07-28T10:33:52,DS,DS7 Crossback,0,0,0.0
2026-07-28T10:33:52,DS,N 4,4,0,0.0
2026-07-28T10:33:52,Dacia,Bigster,27,0,0.0
2026-07-28T10:33:52,Dacia,Duster,57,0,0.0
2026-07-28T10:33:52,Dacia,JOGGER,15,0,0.0
2026-07-28T10:33:52,Dacia,Jogger,0,0,0.0
2026-07-28T10:33:52,Dacia,Logan MCV,1,0,0.0
2026-07-28T10:33:52,Dacia,SPRING,17,17,1.0
2026-07-28T10:33:52,Dacia,Sandero,22,0,0.0
2026-07-28T10:33:52,Fiat,500,23,9,0.3913
2026-07-28T10:33:52,Fiat,500 L,1,0,0.0
2026-07-28T10:33:52,Fiat,500C,10,9,0.9
2026-07-28T10:33:52,Fiat,500X,9,0,0.0
2026-07-28T10:33:52,Fiat,500e,2,2,1.0
2026-07-28T10:33:52,Fiat,600,14,2,0.1429
2026-07-28T10:33:52,Fiat,DUCATO FOURGON,1,0,0.0
2026-07-28T10:33:52,Fiat,PANDINA,2,0,0.0
2026-07-28T10:33:52,Fiat,Panda,8,0,0.0
2026-07-28T10:33:52,Fiat,Pandina,0,0,0.0
2026-07-28T10:33:52,Fiat,TIPO Station Wagon,2,0,0.0
2026-07-28T10:33:52,Fiat,Tipo,2,0,0.0
2026-07-28T10:33:52,Fiat,Tipo Cross,2,0,0.0
2026-07-28T10:33:52,Fiat,Tipo Sw,1,0,0.0
2026-07-28T10:33:52,Ford,Ecosport,3,0,0.0
2026-07-28T10:33:52,Ford,Fiesta,7,0,0.0
2026-07-28T10:33:52,Ford,Focus,5,0,0.0
2026-07-28T10:33:52,Ford,Focus SW,5,0,0.0
2026-07-28T10:33:52,Ford,Kuga,8,0,0.0
2026-07-28T10:33:52,Ford,Mustang MACH-E,1,1,1.0
2026-07-28T10:33:52,Ford,PUMA,20,0,0.0
2026-07-28T10:33:52,Ford,TRANSIT CONNECT FGN,2,0,0.0
2026-07-28T10:33:52,Honda,Civic,2,0,0.0
2026-07-28T10:33:52,Honda,HR-V,1,0,0.0
2026-07-28T10:33:52,Honda,Jazz,1,0,0.0
2026-07-28T10:33:52,Hyundai,BAYON,2,0,0.0
2026-07-28T10:33:52,Hyundai,Bayon,0,0,0.0
2026-07-28T10:33:52,Hyundai,Ioniq,1,1,1.0
2026-07-28T10:33:52,Hyundai,Ioniq 5,1,1,1.0
2026-07-28T10:33:52,Hyundai,Kona,17,2,0.1176
2026-07-28T10:33:52,Hyundai,Tucson,30,0,0.0
2026-07-28T10:33:52,Hyundai,i10,2,0,0.0
2026-07-28T10:33:52,Hyundai,i20,1,0,0.0
2026-07-28T10:33:52,Hyundai,i20 ACTIVE,1,0,0.0
2026-07-28T10:33:52,Hyundai,i30,1,0,0.0
2026-07-28T10:33:52,Hyundai,i30 SW,1,0,0.0
2026-07-28T10:33:52,Jaecoo,Jaecoo 7,3,0,0.0
2026-07-28T10:33:52,Jeep,Avenger,18,7,0.3889
2026-07-28T10:33:52,Jeep,Compass,12,0,0.0
2026-07-28T10:33:52,Jeep,Renegade,19,0,0.0
2026-07-28T10:33:52,Kia,Ceed,2,0,0.0
2026-07-28T10:33:52,Kia,Ceed SW,1,0,0.0
2026-07-28T10:33:52,Kia,EV6,1,1,1.0
2026-07-28T10:33:52,Kia,Niro,4,0,0.0
2026-07-28T10:33:52,Kia,Picanto,2,0,0.0
2026-07-28T10:33:52,Kia,ProCeed,4,0,0.0
2026-07-28T10:33:52,Kia,Rio,4,0,0.0
2026-07-28T10:33:52,Kia,Soul,1,1,1.0
2026-07-28T10:33:52,Kia,Sportage,19,0,0.0
2026-07-28T10:33:52,Kia,Stonic,7,0,0.0
2026-07-28T10:33:52,Kia,XCEED,4,0,0.0
2026-07-28T10:33:52,Kia,Xceed,0,0,0.0
2026-07-28T10:33:52,Lexus,LBX,1,0,0.0
2026-07-28T10:33:52,Lexus,UX,1,0,0.0
2026-07-28T10:33:52,Lynk&Co,01,2,0,0.0
2026-07-28T10:33:52,MG,EHS,20,0,0.0
2026-07-28T10:33:52,MG,MARVEL R,2,2,1.0
2026-07-28T10:33:52,MG,MG3,8,0,0.0
2026-07-28T10:33:52,MG,MG4,3,3,1.0
2026-07-28T10:33:52,MG,MG5,1,1,1.0
2026-07-28T10:33:52,MG,MGS5,1,1,1.0
2026-07-28T10:33:52,MG,ZS,11,1,0.0909
2026-07-28T10:33:52,Mazda,CX-5,2,0,0.0
2026-07-28T10:33:52,Mazda,CX-60,1,0,0.0
2026-07-28T10:33:52,Mazda,MX-30,1,1,1.0
2026-07-28T10:33:52,Mazda,MX-30 2020,1,1,1.0
2026-07-28T10:33:52,Mazda,MX-5,1,0,0.0
2026-07-28T10:33:52,Mazda,Mazda 3,1,0,0.0
2026-07-28T10:33:52,Mercedes,CLA,1,0,0.0
2026-07-28T10:33:52,Mercedes,CLA Shooting Brake,2,0,0.0
2026-07-28T10:33:52,Mercedes,CLASSE C BREAK,3,0,0.0
2026-07-28T10:33:52,Mercedes,Classe A,6,0,0.0
2026-07-28T10:33:52,Mercedes,Classe B,3,0,0.0
2026-07-28T10:33:52,Mercedes,Classe C,4,0,0.0
2026-07-28T10:33:52,Mercedes,Classe C coupé,1,0,0.0
2026-07-28T10:33:52,Mercedes,Classe E Coupé,1,0,0.0
2026-07-28T10:33:52,Mercedes,GLA,3,0,0.0
2026-07-28T10:33:52,Mini,Clubman,5,0,0.0
2026-07-28T10:33:52,Mini,Countryman,10,0,0.0
2026-07-28T10:33:52,Mini,Mini,6,3,0.5
2026-07-28T10:33:52,Mitsubishi,ASX,1,0,0.0
2026-07-28T10:33:52,Mitsubishi,Space Star,2,0,0.0
2026-07-28T10:33:52,Nissan,Juke,29,0,0.0
2026-07-28T10:33:52,Nissan,Leaf,3,3,1.0
2026-07-28T10:33:52,Nissan,Micra,2,0,0.0
2026-07-28T10:33:52,Nissan,Qashqai,26,0,0.0
2026-07-28T10:33:52,Nissan,X-Trail,2,0,0.0
2026-07-28T10:33:52,Opel,ASTRA ELECTRIQUE,1,1,1.0
2026-07-28T10:33:52,Opel,Astra,7,0,0.0
2026-07-28T10:33:52,Opel,Astra Sports Tourer,2,0,0.0
2026-07-28T10:33:52,Opel,Corsa,38,8,0.2105
2026-07-28T10:33:52,Opel,Crossland,8,0,0.0
2026-07-28T10:33:52,Opel,Crossland X,2,0,0.0
2026-07-28T10:33:52,Opel,FRONTERA,4,3,0.75
2026-07-28T10:33:52,Opel,GRANDLAND,4,0,0.0
2026-07-28T10:33:52,Opel,Grandland,0,0,0.0
2026-07-28T10:33:52,Opel,Grandland X,6,0,0.0
2026-07-28T10:33:52,Opel,INSIGNIA GRAND SPORT,2,0,0.0
2026-07-28T10:33:52,Opel,Mokka,24,8,0.3333
2026-07-28T10:33:52,Opel,Mokka X,1,0,0.0
2026-07-28T10:33:52,Peugeot,107,1,0,0.0
2026-07-28T10:33:52,Peugeot,108,3,0,0.0
2026-07-28T10:33:52,Peugeot,2008,183,37,0.2022
2026-07-28T10:33:52,Peugeot,208,100,20,0.2
2026-07-28T10:33:52,Peugeot,208 AFFAIRE,5,1,0.2
2026-07-28T10:33:52,Peugeot,3008,126,6,0.0476
2026-07-28T10:33:52,Peugeot,308,59,6,0.1017
2026-07-28T10:33:52,Peugeot,308 AFFAIRE,2,0,0.0
2026-07-28T10:33:52,Peugeot,308 SW,41,1,0.0244
2026-07-28T10:33:52,Peugeot,408,20,2,0.1
2026-07-28T10:33:52,Peugeot,5008,52,0,0.0
2026-07-28T10:33:52,Peugeot,508,4,0,0.0
2026-07-28T10:33:52,Peugeot,508 SW,11,0,0.0
2026-07-28T10:33:52,Peugeot,Boxer,1,0,0.0
2026-07-28T10:33:52,Peugeot,Expert Fourgon,2,0,0.0
2026-07-28T10:33:52,Peugeot,Rifter,4,0,0.0
2026-07-28T10:33:52,Polestar,2,1,1,1.0
2026-07-28T10:33:52,Renault,Arkana,19,0,0.0
2026-07-28T10:33:52,Renault,Austral,25,0,0.0
2026-07-28T10:33:52,Renault,Captur,78,0,0.0
2026-07-28T10:33:52,Renault,Clio 4,7,0,0.0
2026-07-28T10:33:52,Renault,Clio 4 Estate,1,0,0.0
2026-07-28T10:33:52,Renault,Clio 5,57,0,0.0
2026-07-28T10:33:52,Renault,Clio 6,4,0,0.0
2026-07-28T10:33:52,Renault,Espace 5,1,0,0.0
2026-07-28T10:33:52,Renault,Espace 6,3,0,0.0
2026-07-28T10:33:52,Renault,Grand Scénic 4,6,0,0.0
2026-07-28T10:33:52,Renault,Kadjar,20,0,0.0
2026-07-28T10:33:52,Renault,Kangoo,1,0,0.0
2026-07-28T10:33:52,Renault,Kangoo Express,1,0,0.0
2026-07-28T10:33:52,Renault,Koleos,1,0,0.0
2026-07-28T10:33:52,Renault,MASTER FOURGON,4,0,0.0
2026-07-28T10:33:52,Renault,Master Fourgon,0,0,0.0
2026-07-28T10:33:52,Renault,Mégane 3,1,0,0.0
2026-07-28T10:33:52,Renault,Mégane 4,14,0,0.0
2026-07-28T10:33:52,Renault,Mégane 4 Estate,4,0,0.0
2026-07-28T10:33:52,Renault,Mégane E-TECH,10,10,1.0
2026-07-28T10:33:52,Renault,R4,12,12,1.0
2026-07-28T10:33:52,Renault,R5,35,35,1.0
2026-07-28T10:33:52,Renault,Rafale,8,0,0.0
2026-07-28T10:33:52,Renault,Scénic 4,10,0,0.0
2026-07-28T10:33:52,Renault,Scénic E-Tech,8,8,1.0
2026-07-28T10:33:52,Renault,Symbioz,32,0,0.0
2026-07-28T10:33:52,Renault,TWINGO,2,2,1.0
2026-07-28T10:33:52,Renault,TWINGO E-TECH ELECTRIQUE,2,2,1.0
2026-07-28T10:33:52,Renault,Talisman,1,0,0.0
2026-07-28T10:33:52,Renault,Trafic,2,0,0.0
2026-07-28T10:33:52,Renault,Twingo 3,17,4,0.2353
2026-07-28T10:33:52,Renault,Wind,1,0,0.0
2026-07-28T10:33:52,Renault,Zoé,17,17,1.0
2026-07-28T10:33:52,Seat,Arona,12,0,0.0
2026-07-28T10:33:52,Seat,Ateca,11,0,0.0
2026-07-28T10:33:52,Seat,Ibiza,5,0,0.0
2026-07-28T10:33:52,Seat,Leon,4,0,0.0
2026-07-28T10:33:52,Skoda,ENYAQ,2,2,1.0
2026-07-28T10:33:52,Skoda,Fabia,5,0,0.0
2026-07-28T10:33:52,Skoda,KAMIQ,2,0,0.0
2026-07-28T10:33:52,Skoda,Karoq,3,0,0.0
2026-07-28T10:33:52,Skoda,OCTAVIA COMBI,0,0,0.0
2026-07-28T10:33:52,Skoda,Octavia Combi,3,0,0.0
2026-07-28T10:33:52,Skoda,Scala,2,0,0.0
2026-07-28T10:33:52,Skoda,Superb Combi,3,0,0.0
2026-07-28T10:33:52,Smart,FORFOUR,2,2,1.0
2026-07-28T10:33:52,Smart,FORTWO,1,0,0.0
2026-07-28T10:33:52,Smart,Fortwo EQ,1,1,1.0
2026-07-28T10:33:52,Suzuki,Celerio,1,0,0.0
2026-07-28T10:33:52,Suzuki,Ignis,1,0,0.0
2026-07-28T10:33:52,Suzuki,SWACE,0,0,0.0
2026-07-28T10:33:52,Suzuki,SX4 S-Cross,1,0,0.0
2026-07-28T10:33:52,Suzuki,Swift,4,0,0.0
2026-07-28T10:33:52,Suzuki,Vitara,1,0,0.0
2026-07-28T10:33:52,Tesla,MODEL 3,11,11,1.0
2026-07-28T10:33:52,Tesla,MODEL X,2,2,1.0
2026-07-28T10:33:52,Tesla,MODEL Y,9,9,1.0
2026-07-28T10:33:52,Toyota,Aygo,1,0,0.0
2026-07-28T10:33:52,Toyota,Aygo X,6,0,0.0
2026-07-28T10:33:52,Toyota,C-HR,14,0,0.0
2026-07-28T10:33:52,Toyota,Corolla,3,0,0.0
2026-07-28T10:33:52,Toyota,Corolla Cross,1,0,0.0
2026-07-28T10:33:52,Toyota,Corolla Sw,1,0,0.0
2026-07-28T10:33:52,Toyota,Corolla Touring Sports,15,0,0.0
2026-07-28T10:33:52,Toyota,Prius,1,0,0.0
2026-07-28T10:33:52,Toyota,RAV 4,4,0,0.0
2026-07-28T10:33:52,Toyota,YARIS CROSS,9,0,0.0
2026-07-28T10:33:52,Toyota,YARIS HYBRIDE,1,0,0.0
2026-07-28T10:33:52,Toyota,Yaris,9,0,0.0
2026-07-28T10:33:52,Toyota,Yaris 3,1,0,0.0
2026-07-28T10:33:52,Toyota,Yaris 4,6,0,0.0
2026-07-28T10:33:52,Toyota,Yaris Cross Hybride,1,0,0.0
2026-07-28T10:33:52,Volkswagen,Coccinelle,1,0,0.0
2026-07-28T10:33:52,Volkswagen,Golf,7,0,0.0
2026-07-28T10:33:52,Volkswagen,Golf 7,5,0,0.0
2026-07-28T10:33:52,Volkswagen,Golf 8,23,0,0.0
2026-07-28T10:33:52,Volkswagen,Golf 8 SW,4,0,0.0
2026-07-28T10:33:52,Volkswagen,Golf Sportsvan,2,0,0.0
2026-07-28T10:33:52,Volkswagen,ID.3,1,1,1.0
2026-07-28T10:33:52,Volkswagen,ID.4,1,1,1.0
2026-07-28T10:33:52,Volkswagen,ID.5,1,1,1.0
2026-07-28T10:33:52,Volkswagen,Passat,2,0,0.0
2026-07-28T10:33:52,Volkswagen,Passat SW,2,0,0.0
2026-07-28T10:33:52,Volkswagen,Polo,12,0,0.0
2026-07-28T10:33:52,Volkswagen,Sharan,1,0,0.0
2026-07-28T10:33:52,Volkswagen,T-CROSS,21,0,0.0
2026-07-28T10:33:52,Volkswagen,T-Cross,0,0,0.0
2026-07-28T10:33:52,Volkswagen,T-Roc,41,0,0.0
2026-07-28T10:33:52,Volkswagen,T-Roc Cabriolet,3,0,0.0
2026-07-28T10:33:52,Volkswagen,TAIGO,13,0,0.0
2026-07-28T10:33:52,Volkswagen,TIGUAN,0,0,0.0
2026-07-28T10:33:52,Volkswagen,Taigo,0,0,0.0
2026-07-28T10:33:52,Volkswagen,Tayron,4,0,0.0
2026-07-28T10:33:52,Volkswagen,Tiguan,19,0,0.0
2026-07-28T10:33:52,Volkswagen,Touran,4,0,0.0
2026-07-28T10:33:52,Volvo,EX30,1,1,1.0
2026-07-28T10:33:52,Volvo,V60,1,0,0.0
2026-07-28T10:33:52,Volvo,XC40,9,3,0.3333
2026-07-28T10:33:52,Volvo,XC90,3,0,0.0
2026-07-29T10:38:06,Alfa Romeo,Giulia,2,0,0.0
2026-07-29T10:38:06,Alfa Romeo,Junior,9,7,0.7778
2026-07-29T10:38:06,Alfa Romeo,Stelvio,1,0,0.0
2026-07-29T10:38:06,Alfa Romeo,Tonale,14,0,0.0
2026-07-29T10:38:06,Alpine,A290,1,1,1.0
2026-07-29T10:38:06,Audi,A1 Sportback,13,0,0.0
2026-07-29T10:38:06,Audi,A3,1,0,0.0
2026-07-29T10:38:06,Audi,A3 Berline,2,0,0.0
2026-07-29T10:38:06,Audi,A3 Sportback,16,0,0.0
2026-07-29T10:38:06,Audi,A4 Avant,5,0,0.0
2026-07-29T10:38:06,Audi,A5 Sportback,1,0,0.0
2026-07-29T10:38:06,Audi,A6 Avant,1,0,0.0
2026-07-29T10:38:06,Audi,Q2,14,0,0.0
2026-07-29T10:38:06,Audi,Q3,7,0,0.0
2026-07-29T10:38:06,Audi,Q3 Sportback,3,0,0.0
2026-07-29T10:38:06,Audi,Q4 E-TRON,1,1,1.0
2026-07-29T10:38:06,Audi,Q5,3,0,0.0
2026-07-29T10:38:06,Audi,Q5 SPORTBACK,2,0,0.0
2026-07-29T10:38:06,Audi,Q5 Sportback,0,0,0.0
2026-07-29T10:38:06,BMW,I3,1,1,1.0
2026-07-29T10:38:06,BMW,IX,1,1,1.0
2026-07-29T10:38:06,BMW,Série 1,11,0,0.0
2026-07-29T10:38:06,BMW,Série 2,0,0,0.0
2026-07-29T10:38:06,BMW,Série 2 Active Tourer,3,0,0.0
2026-07-29T10:38:06,BMW,Série 2 Gran Coupé,1,0,0.0
2026-07-29T10:38:06,BMW,Série 2 Gran Tourer,1,0,0.0
2026-07-29T10:38:06,BMW,Série 3,0,0,0.0
2026-07-29T10:38:06,BMW,Série 3 Touring,2,0,0.0
2026-07-29T10:38:06,BMW,Série 5 Touring,1,0,0.0
2026-07-29T10:38:06,BMW,X1,15,0,0.0
2026-07-29T10:38:06,BMW,X2,5,0,0.0
2026-07-29T10:38:06,BMW,X3,4,0,0.0
2026-07-29T10:38:06,BMW,X5,1,0,0.0
2026-07-29T10:38:06,BMW,i4,3,3,1.0
2026-07-29T10:38:06,BMW,iX1,1,1,1.0
2026-07-29T10:38:06,BYD,Atto 2,5,2,0.4
2026-07-29T10:38:06,BYD,Atto 3,1,1,1.0
2026-07-29T10:38:06,BYD,DOLPHIN SURF,1,1,1.0
2026-07-29T10:38:06,BYD,Dolphin,1,1,1.0
2026-07-29T10:38:06,BYD,SEAL 6 TOURING,5,0,0.0
2026-07-29T10:38:06,BYD,Seal,1,1,1.0
2026-07-29T10:38:06,BYD,Seal 6,2,0,0.0
2026-07-29T10:38:06,BYD,Sealion 7,3,3,1.0
2026-07-29T10:38:06,Citroën,AMI,2,2,1.0
2026-07-29T10:38:06,Citroën,BERLINGO FOURGON ELECTRIC,1,1,1.0
2026-07-29T10:38:06,Citroën,Berlingo,3,1,0.3333
2026-07-29T10:38:06,Citroën,Berlingo Fourgon,1,0,0.0
2026-07-29T10:38:06,Citroën,Berlingo VAN,2,0,0.0
2026-07-29T10:38:06,Citroën,Berlingo Van,0,0,0.0
2026-07-29T10:38:06,Citroën,C1,1,0,0.0
2026-07-29T10:38:06,Citroën,C3,56,13,0.2321
2026-07-29T10:38:06,Citroën,C3 Aircross,40,4,0.1
2026-07-29T10:38:06,Citroën,C3 Societe,1,0,0.0
2026-07-29T10:38:06,Citroën,C4,52,5,0.0962
2026-07-29T10:38:06,Citroën,C4 CACTUS BUSINESS,1,0,0.0
2026-07-29T10:38:06,Citroën,C4 Cactus,4,0,0.0
2026-07-29T10:38:06,Citroën,C4 Picasso,5,0,0.0
2026-07-29T10:38:06,Citroën,C4 SPACETOURER,1,0,0.0
2026-07-29T10:38:06,Citroën,C4 X,2,1,0.5
2026-07-29T10:38:06,Citroën,C5 AIRCROSS HYBRIDE NOUVEAU,0,0,0.0
2026-07-29T10:38:06,Citroën,C5 Aircross,77,0,0.0
2026-07-29T10:38:06,Citroën,C5 X,6,0,0.0
2026-07-29T10:38:06,Citroën,E-C3,1,1,1.0
2026-07-29T10:38:06,Citroën,GRAND C4 SPACETOURER,2,0,0.0
2026-07-29T10:38:06,Citroën,Grand C4 Picasso,1,0,0.0
2026-07-29T10:38:06,Citroën,Grand C4 Spacetourer,0,0,0.0
2026-07-29T10:38:06,Citroën,JUMPY CABINE APPROFONDIE,1,0,0.0
2026-07-29T10:38:06,Citroën,JUMPY FOURGON,2,0,0.0
2026-07-29T10:38:06,Citroën,Jumper Fourgon,1,0,0.0
2026-07-29T10:38:06,Citroën,Jumpy,1,0,0.0
2026-07-29T10:38:06,Cupra,FORMENTOR,20,0,0.0
2026-07-29T10:38:06,Cupra,Leon,1,0,0.0
2026-07-29T10:38:06,Cupra,Leon Sportstourer,1,0,0.0
2026-07-29T10:38:06,Cupra,Terramar,3,0,0.0
2026-07-29T10:38:06,DS,DS 3,1,0,0.0
2026-07-29T10:38:06,DS,DS 3 CROSSBACK,1,1,1.0
2026-07-29T10:38:06,DS,DS3,8,0,0.0
2026-07-29T10:38:06,DS,DS3 CROSSBACK,12,0,0.0
2026-07-29T10:38:06,DS,DS3 Crossback,0,1,0.0
2026-07-29T10:38:06,DS,DS4,15,0,0.0
2026-07-29T10:38:06,DS,DS7,28,0,0.0
2026-07-29T10:38:06,DS,DS7 CROSSBACK,12,0,0.0
2026-07-29T10:38:06,DS,DS7 Crossback,0,0,0.0
2026-07-29T10:38:06,DS,N 4,5,0,0.0
2026-07-29T10:38:06,Dacia,Bigster,28,0,0.0
2026-07-29T10:38:06,Dacia,Duster,58,0,0.0
2026-07-29T10:38:06,Dacia,JOGGER,18,0,0.0
2026-07-29T10:38:06,Dacia,Jogger,0,0,0.0
2026-07-29T10:38:06,Dacia,Logan MCV,1,0,0.0
2026-07-29T10:38:06,Dacia,SPRING,18,18,1.0
2026-07-29T10:38:06,Dacia,Sandero,21,0,0.0
2026-07-29T10:38:06,Fiat,500,22,9,0.4091
2026-07-29T10:38:06,Fiat,500 L,1,0,0.0
2026-07-29T10:38:06,Fiat,500C,9,8,0.8889
2026-07-29T10:38:06,Fiat,500X,9,0,0.0
2026-07-29T10:38:06,Fiat,500e,2,2,1.0
2026-07-29T10:38:06,Fiat,600,13,1,0.0769
2026-07-29T10:38:06,Fiat,DUCATO FOURGON,1,0,0.0
2026-07-29T10:38:06,Fiat,PANDINA,2,0,0.0
2026-07-29T10:38:06,Fiat,Panda,7,0,0.0
2026-07-29T10:38:06,Fiat,Pandina,0,0,0.0
2026-07-29T10:38:06,Fiat,TIPO Station Wagon,2,0,0.0
2026-07-29T10:38:06,Fiat,Tipo,2,0,0.0
2026-07-29T10:38:06,Fiat,Tipo Cross,1,0,0.0
2026-07-29T10:38:06,Fiat,Tipo Sw,1,0,0.0
2026-07-29T10:38:06,Ford,Ecosport,3,0,0.0
2026-07-29T10:38:06,Ford,Fiesta,7,0,0.0
2026-07-29T10:38:06,Ford,Focus,4,0,0.0
2026-07-29T10:38:06,Ford,Focus SW,4,0,0.0
2026-07-29T10:38:06,Ford,Kuga,8,0,0.0
2026-07-29T10:38:06,Ford,Mustang MACH-E,1,1,1.0
2026-07-29T10:38:06,Ford,PUMA,15,0,0.0
2026-07-29T10:38:06,Ford,TOURNEO COURIER,1,0,0.0
2026-07-29T10:38:06,Ford,TRANSIT CONNECT FGN,2,0,0.0
2026-07-29T10:38:06,Honda,Civic,2,0,0.0
2026-07-29T10:38:06,Honda,HR-V,1,0,0.0
2026-07-29T10:38:06,Honda,Jazz,1,0,0.0
2026-07-29T10:38:06,Hyundai,BAYON,2,0,0.0
2026-07-29T10:38:06,Hyundai,Bayon,0,0,0.0
2026-07-29T10:38:06,Hyundai,Ioniq,1,2,2.0
2026-07-29T10:38:06,Hyundai,Ioniq 5,1,1,1.0
2026-07-29T10:38:06,Hyundai,Kona,16,2,0.125
2026-07-29T10:38:06,Hyundai,Tucson,32,0,0.0
2026-07-29T10:38:06,Hyundai,i10,2,0,0.0
2026-07-29T10:38:06,Hyundai,i20,1,0,0.0
2026-07-29T10:38:06,Hyundai,i20 ACTIVE,1,0,0.0
2026-07-29T10:38:06,Hyundai,i30,2,0,0.0
2026-07-29T10:38:06,Hyundai,i30 SW,1,0,0.0
2026-07-29T10:38:06,Jaecoo,Jaecoo 7,3,0,0.0
2026-07-29T10:38:06,Jeep,Avenger,17,6,0.3529
2026-07-29T10:38:06,Jeep,Compass,11,0,0.0
2026-07-29T10:38:06,Jeep,Renegade,18,0,0.0
2026-07-29T10:38:06,Kia,Ceed,2,0,0.0
2026-07-29T10:38:06,Kia,Ceed SW,1,0,0.0
2026-07-29T10:38:06,Kia,EV6,2,3,1.5
2026-07-29T10:38:06,Kia,Niro,4,0,0.0
2026-07-29T10:38:06,Kia,Picanto,1,0,0.0
2026-07-29T10:38:06,Kia,ProCeed,4,0,0.0
2026-07-29T10:38:06,Kia,Rio,5,0,0.0
2026-07-29T10:38:06,Kia,Soul,1,1,1.0
2026-07-29T10:38:06,Kia,Sportage,16,0,0.0
2026-07-29T10:38:06,Kia,Stonic,6,0,0.0
2026-07-29T10:38:06,Kia,XCEED,3,0,0.0
2026-07-29T10:38:06,Kia,Xceed,0,0,0.0
2026-07-29T10:38:06,Lexus,LBX,1,0,0.0
2026-07-29T10:38:06,Lexus,UX,1,0,0.0
2026-07-29T10:38:06,Lynk&Co,01,2,0,0.0
2026-07-29T10:38:06,MG,EHS,19,0,0.0
2026-07-29T10:38:06,MG,MARVEL R,2,2,1.0
2026-07-29T10:38:06,MG,MG3,8,0,0.0
2026-07-29T10:38:06,MG,MG4,2,2,1.0
2026-07-29T10:38:06,MG,MG5,1,1,1.0
2026-07-29T10:38:06,MG,MGS5,1,1,1.0
2026-07-29T10:38:06,MG,ZS,11,0,0.0
2026-07-29T10:38:06,Mazda,CX-30,2,0,0.0
2026-07-29T10:38:06,Mazda,CX-5,2,0,0.0
2026-07-29T10:38:06,Mazda,CX-60,1,0,0.0
2026-07-29T10:38:06,Mazda,MX-30,1,1,1.0
2026-07-29T10:38:06,Mazda,MX-30 2020,1,1,1.0
2026-07-29T10:38:06,Mazda,MX-5,1,0,0.0
2026-07-29T10:38:06,Mazda,Mazda 3,1,0,0.0
2026-07-29T10:38:06,Mercedes,CLA,1,0,0.0
2026-07-29T10:38:06,Mercedes,CLA Shooting Brake,2,0,0.0
2026-07-29T10:38:06,Mercedes,CLASSE C BREAK,2,0,0.0
2026-07-29T10:38:06,Mercedes,Classe A,7,0,0.0
2026-07-29T10:38:06,Mercedes,Classe B,3,0,0.0
2026-07-29T10:38:06,Mercedes,Classe C,4,0,0.0
2026-07-29T10:38:06,Mercedes,Classe C coupé,1,0,0.0
2026-07-29T10:38:06,Mercedes,Classe E Coupé,1,0,0.0
2026-07-29T10:38:06,Mercedes,GLA,4,0,0.0
2026-07-29T10:38:06,Mini,Clubman,5,0,0.0
2026-07-29T10:38:06,Mini,Countryman,10,0,0.0
2026-07-29T10:38:06,Mini,Mini,6,3,0.5
2026-07-29T10:38:06,Mitsubishi,ASX,1,0,0.0
2026-07-29T10:38:06,Mitsubishi,Space Star,2,0,0.0
2026-07-29T10:38:06,Nissan,Juke,27,0,0.0
2026-07-29T10:38:06,Nissan,Leaf,3,3,1.0
2026-07-29T10:38:06,Nissan,Micra,2,0,0.0
2026-07-29T10:38:06,Nissan,Qashqai,23,0,0.0
2026-07-29T10:38:06,Nissan,X-Trail,3,0,0.0
2026-07-29T10:38:06,Opel,ASTRA ELECTRIQUE,1,1,1.0
2026-07-29T10:38:06,Opel,Astra,8,1,0.125
2026-07-29T10:38:06,Opel,Astra Sports Tourer,2,0,0.0
2026-07-29T10:38:06,Opel,Corsa,39,7,0.1795
2026-07-29T10:38:06,Opel,Crossland,7,0,0.0
2026-07-29T10:38:06,Opel,Crossland X,2,0,0.0
2026-07-29T10:38:06,Opel,FRONTERA,5,3,0.6
2026-07-29T10:38:06,Opel,GRANDLAND,4,0,0.0
2026-07-29T10:38:06,Opel,Grandland,0,0,0.0
2026-07-29T10:38:06,Opel,Grandland X,6,0,0.0
2026-07-29T10:38:06,Opel,INSIGNIA GRAND SPORT,1,0,0.0
2026-07-29T10:38:06,Opel,Insignia Sports Tourer,1,0,0.0
2026-07-29T10:38:06,Opel,Mokka,26,10,0.3846
2026-07-29T10:38:06,Opel,Mokka X,1,0,0.0
2026-07-29T10:38:06,Peugeot,107,1,0,0.0
2026-07-29T10:38:06,Peugeot,108,3,0,0.0
2026-07-29T10:38:06,Peugeot,2008,180,36,0.2
2026-07-29T10:38:06,Peugeot,208,99,25,0.2525
2026-07-29T10:38:06,Peugeot,208 AFFAIRE,5,1,0.2
2026-07-29T10:38:06,Peugeot,3008,121,5,0.0413
2026-07-29T10:38:06,Peugeot,308,63,6,0.0952
2026-07-29T10:38:06,Peugeot,308 AFFAIRE,2,0,0.0
2026-07-29T10:38:06,Peugeot,308 SW,37,1,0.027
2026-07-29T10:38:06,Peugeot,408,18,1,0.0556
2026-07-29T10:38:06,Peugeot,5008,50,0,0.0
2026-07-29T10:38:06,Peugeot,508,5,0,0.0
2026-07-29T10:38:06,Peugeot,508 SW,10,0,0.0
2026-07-29T10:38:06,Peugeot,Boxer,1,0,0.0
2026-07-29T10:38:06,Peugeot,Expert Fourgon,2,0,0.0
2026-07-29T10:38:06,Peugeot,Rifter,3,0,0.0
2026-07-29T10:38:06,Polestar,2,1,1,1.0
2026-07-29T10:38:06,Renault,Arkana,23,0,0.0
2026-07-29T10:38:06,Renault,Austral,30,0,0.0
2026-07-29T10:38:06,Renault,Captur,74,0,0.0
2026-07-29T10:38:06,Renault,Clio 4,7,0,0.0
2026-07-29T10:38:06,Renault,Clio 5,55,0,0.0
2026-07-29T10:38:06,Renault,Clio 6,6,0,0.0
2026-07-29T10:38:06,Renault,Espace 5,1,0,0.0
2026-07-29T10:38:06,Renault,Espace 6,2,0,0.0
2026-07-29T10:38:06,Renault,Grand Scenic 3,1,0,0.0
2026-07-29T10:38:06,Renault,Grand Scénic 4,7,0,0.0
2026-07-29T10:38:06,Renault,Kadjar,20,0,0.0
2026-07-29T10:38:06,Renault,Koleos,1,0,0.0
2026-07-29T10:38:06,Renault,MASTER FOURGON,3,0,0.0
2026-07-29T10:38:06,Renault,Master Fourgon,0,0,0.0
2026-07-29T10:38:06,Renault,Mégane 3,1,0,0.0
2026-07-29T10:38:06,Renault,Mégane 4,13,0,0.0
2026-07-29T10:38:06,Renault,Mégane 4 Estate,5,0,0.0
2026-07-29T10:38:06,Renault,Mégane E-TECH,10,10,1.0
2026-07-29T10:38:06,Renault,R4,12,12,1.0
2026-07-29T10:38:06,Renault,R5,33,33,1.0
2026-07-29T10:38:06,Renault,Rafale,10,0,0.0
2026-07-29T10:38:06,Renault,Scénic 4,9,0,0.0
2026-07-29T10:38:06,Renault,Scénic E-Tech,8,8,1.0
2026-07-29T10:38:06,Renault,Symbioz,34,0,0.0
2026-07-29T10:38:06,Renault,TWINGO,1,1,1.0
2026-07-29T10:38:06,Renault,TWINGO E-TECH ELECTRIQUE,2,2,1.0
2026-07-29T10:38:06,Renault,Talisman,1,0,0.0
2026-07-29T10:38:06,Renault,Talisman Estate,1,0,0.0
2026-07-29T10:38:06,Renault,Trafic,1,0,0.0
2026-07-29T10:38:06,Renault,Twingo 3,15,3,0.2
2026-07-29T10:38:06,Renault,Zoé,16,16,1.0
2026-07-29T10:38:06,Seat,Arona,13,0,0.0
2026-07-29T10:38:06,Seat,Ateca,12,0,0.0
2026-07-29T10:38:06,Seat,Ibiza,5,0,0.0
2026-07-29T10:38:06,Seat,Leon,4,0,0.0
2026-07-29T10:38:06,Skoda,ENYAQ,2,2,1.0
2026-07-29T10:38:06,Skoda,FABIA COMBI,1,0,0.0
2026-07-29T10:38:06,Skoda,Fabia,6,0,0.0
2026-07-29T10:38:06,Skoda,KAMIQ,2,0,0.0
2026-07-29T10:38:06,Skoda,Karoq,3,0,0.0
2026-07-29T10:38:06,Skoda,Octavia Combi,1,0,0.0
2026-07-29T10:38:06,Skoda,Scala,2,0,0.0
2026-07-29T10:38:06,Skoda,Superb Combi,3,0,0.0
2026-07-29T10:38:06,Smart,FORFOUR,2,2,1.0
2026-07-29T10:38:06,Smart,FORTWO,1,0,0.0
2026-07-29T10:38:06,Smart,Fortwo EQ,1,1,1.0
2026-07-29T10:38:06,Suzuki,Celerio,1,0,0.0
2026-07-29T10:38:06,Suzuki,Ignis,1,0,0.0
2026-07-29T10:38:06,Suzuki,SX4 S-Cross,1,0,0.0
2026-07-29T10:38:06,Suzuki,Swift,4,0,0.0
2026-07-29T10:38:06,Suzuki,Vitara,1,0,0.0
2026-07-29T10:38:06,Tesla,MODEL 3,11,11,1.0
2026-07-29T10:38:06,Tesla,MODEL X,2,2,1.0
2026-07-29T10:38:06,Tesla,MODEL Y,9,9,1.0
2026-07-29T10:38:06,Toyota,Aygo,1,0,0.0
2026-07-29T10:38:06,Toyota,Aygo X,5,0,0.0
2026-07-29T10:38:06,Toyota,C-HR,13,0,0.0
2026-07-29T10:38:06,Toyota,Corolla,3,0,0.0
2026-07-29T10:38:06,Toyota,Corolla Cross,1,0,0.0
2026-07-29T10:38:06,Toyota,Corolla Sw,1,0,0.0
2026-07-29T10:38:06,Toyota,Corolla Touring Sports,14,0,0.0
2026-07-29T10:38:06,Toyota,RAV 4,4,0,0.0
2026-07-29T10:38:06,Toyota,YARIS CROSS,10,0,0.0
2026-07-29T10:38:06,Toyota,YARIS HYBRIDE,1,0,0.0
2026-07-29T10:38:06,Toyota,Yaris,10,0,0.0
2026-07-29T10:38:06,Toyota,Yaris 3,1,0,0.0
2026-07-29T10:38:06,Toyota,Yaris 4,9,0,0.0
2026-07-29T10:38:06,Toyota,Yaris Cross Hybride,1,0,0.0
2026-07-29T10:38:06,Volkswagen,Coccinelle,1,0,0.0
2026-07-29T10:38:06,Volkswagen,Golf,8,0,0.0
2026-07-29T10:38:06,Volkswagen,Golf 7,5,0,0.0
2026-07-29T10:38:06,Volkswagen,Golf 8,20,0,0.0
2026-07-29T10:38:06,Volkswagen,Golf 8 SW,4,0,0.0
2026-07-29T10:38:06,Volkswagen,Golf Sportsvan,2,0,0.0
2026-07-29T10:38:06,Volkswagen,ID.3,1,1,1.0
2026-07-29T10:38:06,Volkswagen,ID.4,1,1,1.0
2026-07-29T10:38:06,Volkswagen,ID.5,1,1,1.0
2026-07-29T10:38:06,Volkswagen,Passat,2,0,0.0
2026-07-29T10:38:06,Volkswagen,Passat SW,1,0,0.0
2026-07-29T10:38:06,Volkswagen,Polo,13,0,0.0
2026-07-29T10:38:06,Volkswagen,Sharan,1,0,0.0
2026-07-29T10:38:06,Volkswagen,T-CROSS,21,0,0.0
2026-07-29T10:38:06,Volkswagen,T-Cross,0,0,0.0
2026-07-29T10:38:06,Volkswagen,T-Roc,39,0,0.0
2026-07-29T10:38:06,Volkswagen,T-Roc Cabriolet,2,0,0.0
2026-07-29T10:38:06,Volkswagen,TAIGO,11,0,0.0
2026-07-29T10:38:06,Volkswagen,TIGUAN,0,0,0.0
2026-07-29T10:38:06,Volkswagen,Taigo,0,0,0.0
2026-07-29T10:38:06,Volkswagen,Tayron,5,0,0.0
2026-07-29T10:38:06,Volkswagen,Tiguan,19,0,0.0
2026-07-29T10:38:06,Volkswagen,Touran,4,0,0.0
2026-07-29T10:38:06,Volvo,C40,1,1,1.0
2026-07-29T10:38:06,Volvo,EX30,2,2,1.0
2026-07-29T10:38:06,Volvo,V60,1,0,0.0
2026-07-29T10:38:06,Volvo,XC40,7,2,0.2857
2026-07-29T10:38:06,Volvo,XC90,3,0,0.0
2026-07-30T10:24:05,Alfa Romeo,Giulia,2,0,0.0
2026-07-30T10:24:05,Alfa Romeo,Junior,9,7,0.7778
2026-07-30T10:24:05,Alfa Romeo,Stelvio,1,0,0.0
2026-07-30T10:24:05,Alfa Romeo,Tonale,14,0,0.0
2026-07-30T10:24:05,Alpine,A290,1,1,1.0
2026-07-30T10:24:05,Audi,A1 Sportback,10,0,0.0
2026-07-30T10:24:05,Audi,A3 Sportback,17,0,0.0
2026-07-30T10:24:05,Audi,A4 Avant,5,0,0.0
2026-07-30T10:24:05,Audi,A5 Sportback,1,0,0.0
2026-07-30T10:24:05,Audi,A6 Avant,1,0,0.0
2026-07-30T10:24:05,Audi,Q2,13,0,0.0
2026-07-30T10:24:05,Audi,Q3,8,0,0.0
2026-07-30T10:24:05,Audi,Q3 Sportback,4,0,0.0
2026-07-30T10:24:05,Audi,Q4 E-TRON,1,1,1.0
2026-07-30T10:24:05,Audi,Q5,3,0,0.0
2026-07-30T10:24:05,Audi,Q5 SPORTBACK,2,0,0.0
2026-07-30T10:24:05,Audi,Q5 Sportback,0,0,0.0
2026-07-30T10:24:05,BMW,I3,1,1,1.0
2026-07-30T10:24:05,BMW,IX,1,1,1.0
2026-07-30T10:24:05,BMW,Série 1,11,0,0.0
2026-07-30T10:24:05,BMW,Série 2 Active Tourer,3,0,0.0
2026-07-30T10:24:05,BMW,Série 2 Gran Coupé,1,0,0.0
2026-07-30T10:24:05,BMW,Série 2 Gran Tourer,2,0,0.0
2026-07-30T10:24:05,BMW,Série 3 Touring,2,0,0.0
2026-07-30T10:24:05,BMW,Série 5 Touring,1,0,0.0
2026-07-30T10:24:05,BMW,X1,16,0,0.0
2026-07-30T10:24:05,BMW,X2,4,0,0.0
2026-07-30T10:24:05,BMW,X3,4,0,0.0
2026-07-30T10:24:05,BMW,X5,1,0,0.0
2026-07-30T10:24:05,BMW,i4,3,3,1.0
2026-07-30T10:24:05,BMW,iX1,1,1,1.0
2026-07-30T10:24:05,BYD,Atto 2,4,2,0.5
2026-07-30T10:24:05,BYD,Atto 3,1,1,1.0
2026-07-30T10:24:05,BYD,DOLPHIN SURF,1,1,1.0
2026-07-30T10:24:05,BYD,Dolphin,1,1,1.0
2026-07-30T10:24:05,BYD,SEAL 6 TOURING,5,0,0.0
2026-07-30T10:24:05,BYD,Seal,1,1,1.0
2026-07-30T10:24:05,BYD,Seal 6,2,0,0.0
2026-07-30T10:24:05,BYD,Seal U,1,0,0.0
2026-07-30T10:24:05,BYD,Sealion 7,3,3,1.0
2026-07-30T10:24:05,Citroën,AMI,2,2,1.0
2026-07-30T10:24:05,Citroën,BERLINGO FOURGON ELECTRIC,1,1,1.0
2026-07-30T10:24:05,Citroën,Berlingo,3,1,0.3333
2026-07-30T10:24:05,Citroën,Berlingo Fourgon,1,0,0.0
2026-07-30T10:24:05,Citroën,Berlingo VAN,2,0,0.0
2026-07-30T10:24:05,Citroën,Berlingo Van,0,0,0.0
2026-07-30T10:24:05,Citroën,C1,2,0,0.0
2026-07-30T10:24:05,Citroën,C3,66,13,0.197
2026-07-30T10:24:05,Citroën,C3 Aircross,38,4,0.1053
2026-07-30T10:24:05,Citroën,C3 Societe,1,0,0.0
2026-07-30T10:24:05,Citroën,C4,49,4,0.0816
2026-07-30T10:24:05,Citroën,C4 CACTUS BUSINESS,0,0,0.0
2026-07-30T10:24:05,Citroën,C4 Cactus,4,0,0.0
2026-07-30T10:24:05,Citroën,C4 Picasso,4,0,0.0
2026-07-30T10:24:05,Citroën,C4 SPACETOURER,1,0,0.0
2026-07-30T10:24:05,Citroën,C4 X,2,1,0.5
2026-07-30T10:24:05,Citroën,C5 Aircross,71,0,0.0
2026-07-30T10:24:05,Citroën,C5 X,6,0,0.0
2026-07-30T10:24:05,Citroën,GRAND C4 SPACETOURER,2,0,0.0
2026-07-30T10:24:05,Citroën,Grand C4 Picasso,2,0,0.0
2026-07-30T10:24:05,Citroën,Grand C4 Spacetourer,0,0,0.0
2026-07-30T10:24:05,Citroën,JUMPY CABINE APPROFONDIE,1,0,0.0
2026-07-30T10:24:05,Citroën,JUMPY FOURGON,2,0,0.0
2026-07-30T10:24:05,Citroën,Jumper Fourgon,1,0,0.0
2026-07-30T10:24:05,Citroën,Jumpy,1,0,0.0
2026-07-30T10:24:05,Cupra,FORMENTOR,21,0,0.0
2026-07-30T10:24:05,Cupra,Leon,1,0,0.0
2026-07-30T10:24:05,Cupra,Leon Sportstourer,1,0,0.0
2026-07-30T10:24:05,Cupra,Terramar,3,0,0.0
2026-07-30T10:24:05,DS,DS 3,1,0,0.0
2026-07-30T10:24:05,DS,DS 3 CROSSBACK,1,1,1.0
2026-07-30T10:24:05,DS,DS3,8,0,0.0
2026-07-30T10:24:05,DS,DS3 CROSSBACK,11,0,0.0
2026-07-30T10:24:05,DS,DS3 Crossback,0,0,0.0
2026-07-30T10:24:05,DS,DS4,16,0,0.0
2026-07-30T10:24:05,DS,DS4 CROSSBACK,1,0,0.0
2026-07-30T10:24:05,DS,DS7,28,0,0.0
2026-07-30T10:24:05,DS,DS7 CROSSBACK,13,0,0.0
2026-07-30T10:24:05,DS,DS7 Crossback,0,0,0.0
2026-07-30T10:24:05,DS,N 4,5,0,0.0
2026-07-30T10:24:05,Dacia,Bigster,29,0,0.0
2026-07-30T10:24:05,Dacia,Duster,56,0,0.0
2026-07-30T10:24:05,Dacia,JOGGER,18,0,0.0
2026-07-30T10:24:05,Dacia,Jogger,0,0,0.0
2026-07-30T10:24:05,Dacia,Logan MCV,1,0,0.0
2026-07-30T10:24:05,Dacia,SPRING,17,17,1.0
2026-07-30T10:24:05,Dacia,Sandero,26,0,0.0
2026-07-30T10:24:05,Fiat,500,22,9,0.4091
2026-07-30T10:24:05,Fiat,500 L,1,0,0.0
2026-07-30T10:24:05,Fiat,500C,9,8,0.8889
2026-07-30T10:24:05,Fiat,500X,9,0,0.0
2026-07-30T10:24:05,Fiat,500e,2,2,1.0
2026-07-30T10:24:05,Fiat,600,13,1,0.0769
2026-07-30T10:24:05,Fiat,DUCATO FOURGON,1,0,0.0
2026-07-30T10:24:05,Fiat,PANDINA,2,0,0.0
2026-07-30T10:24:05,Fiat,Panda,7,0,0.0
2026-07-30T10:24:05,Fiat,Pandina,0,0,0.0
2026-07-30T10:24:05,Fiat,TIPO Station Wagon,2,0,0.0
2026-07-30T10:24:05,Fiat,Tipo,3,0,0.0
2026-07-30T10:24:05,Fiat,Tipo Cross,1,0,0.0
2026-07-30T10:24:05,Fiat,Tipo Sw,1,0,0.0
2026-07-30T10:24:05,Ford,Ecosport,3,0,0.0
2026-07-30T10:24:05,Ford,Fiesta,7,0,0.0
2026-07-30T10:24:05,Ford,Focus,5,0,0.0
2026-07-30T10:24:05,Ford,Focus SW,5,0,0.0
2026-07-30T10:24:05,Ford,Kuga,7,0,0.0
2026-07-30T10:24:05,Ford,Mondeo,1,0,0.0
2026-07-30T10:24:05,Ford,Mustang MACH-E,1,1,1.0
2026-07-30T10:24:05,Ford,PUMA,16,0,0.0
2026-07-30T10:24:05,Ford,TOURNEO COURIER,1,0,0.0
2026-07-30T10:24:05,Ford,TRANSIT CONNECT FGN,2,0,0.0
2026-07-30T10:24:05,Honda,Civic,2,0,0.0
2026-07-30T10:24:05,Honda,HR-V,1,0,0.0
2026-07-30T10:24:05,Honda,Jazz,1,0,0.0
2026-07-30T10:24:05,Hyundai,BAYON,2,0,0.0
2026-07-30T10:24:05,Hyundai,Bayon,0,0,0.0
2026-07-30T10:24:05,Hyundai,Ioniq,2,2,1.0
2026-07-30T10:24:05,Hyundai,Ioniq 5,2,2,1.0
2026-07-30T10:24:05,Hyundai,Kona,16,2,0.125
2026-07-30T10:24:05,Hyundai,Tucson,31,0,0.0
2026-07-30T10:24:05,Hyundai,i10,3,0,0.0
2026-07-30T10:24:05,Hyundai,i20,1,0,0.0
2026-07-30T10:24:05,Hyundai,i20 ACTIVE,1,0,0.0
2026-07-30T10:24:05,Hyundai,i30,2,0,0.0
2026-07-30T10:24:05,Hyundai,i30 SW,2,0,0.0
2026-07-30T10:24:05,Jaecoo,Jaecoo 7,3,0,0.0
2026-07-30T10:24:05,Jeep,Avenger,18,6,0.3333
2026-07-30T10:24:05,Jeep,Compass,11,0,0.0
2026-07-30T10:24:05,Jeep,Renegade,19,0,0.0
2026-07-30T10:24:05,Kia,Ceed,2,0,0.0
2026-07-30T10:24:05,Kia,Ceed SW,1,0,0.0
2026-07-30T10:24:05,Kia,EV6,3,3,1.0
2026-07-30T10:24:05,Kia,Niro,5,1,0.2
2026-07-30T10:24:05,Kia,Picanto,1,0,0.0
2026-07-30T10:24:05,Kia,ProCeed,5,0,0.0
2026-07-30T10:24:05,Kia,Rio,5,0,0.0
2026-07-30T10:24:05,Kia,Soul,1,1,1.0
2026-07-30T10:24:05,Kia,Sportage,18,0,0.0
2026-07-30T10:24:05,Kia,Stonic,5,0,0.0
2026-07-30T10:24:05,Kia,XCEED,2,0,0.0
2026-07-30T10:24:05,Lexus,LBX,1,0,0.0
2026-07-30T10:24:05,Lexus,UX,2,0,0.0
2026-07-30T10:24:05,Lynk&Co,01,2,0,0.0
2026-07-30T10:24:05,MG,EHS,20,0,0.0
2026-07-30T10:24:05,MG,MARVEL R,2,2,1.0
2026-07-30T10:24:05,MG,MG3,12,0,0.0
2026-07-30T10:24:05,MG,MG4,4,4,1.0
2026-07-30T10:24:05,MG,MG5,1,1,1.0
2026-07-30T10:24:05,MG,ZS,7,0,0.0
2026-07-30T10:24:05,Mazda,CX-30,2,0,0.0
2026-07-30T10:24:05,Mazda,CX-5,2,0,0.0
2026-07-30T10:24:05,Mazda,CX-60,1,0,0.0
2026-07-30T10:24:05,Mazda,MX-30,1,1,1.0
2026-07-30T10:24:05,Mazda,MX-30 2020,1,1,1.0
2026-07-30T10:24:05,Mazda,MX-5,1,0,0.0
2026-07-30T10:24:05,Mazda,Mazda 3,1,0,0.0
2026-07-30T10:24:05,Mercedes,CLA,1,0,0.0
2026-07-30T10:24:05,Mercedes,CLA Shooting Brake,2,0,0.0
2026-07-30T10:24:05,Mercedes,CLASSE C BREAK,2,0,0.0
2026-07-30T10:24:05,Mercedes,Classe A,9,0,0.0
2026-07-30T10:24:05,Mercedes,Classe B,3,0,0.0
2026-07-30T10:24:05,Mercedes,Classe C,4,0,0.0
2026-07-30T10:24:05,Mercedes,Classe C coupé,1,0,0.0
2026-07-30T10:24:05,Mercedes,Classe E,1,0,0.0
2026-07-30T10:24:05,Mercedes,Classe E Coupé,1,0,0.0
2026-07-30T10:24:05,Mercedes,EQA,1,1,1.0
2026-07-30T10:24:05,Mercedes,GLA,4,0,0.0
2026-07-30T10:24:05,Mini,Clubman,5,0,0.0
2026-07-30T10:24:05,Mini,Countryman,9,0,0.0
2026-07-30T10:24:05,Mini,Mini,7,3,0.4286
2026-07-30T10:24:05,Mitsubishi,ASX,1,0,0.0
2026-07-30T10:24:05,Mitsubishi,Outlander,1,0,0.0
2026-07-30T10:24:05,Mitsubishi,Space Star,2,0,0.0
2026-07-30T10:24:05,Nissan,Juke,27,0,0.0
2026-07-30T10:24:05,Nissan,Leaf,2,2,1.0
2026-07-30T10:24:05,Nissan,Micra,2,0,0.0
2026-07-30T10:24:05,Nissan,Qashqai,23,0,0.0
2026-07-30T10:24:05,Nissan,X-Trail,4,0,0.0
2026-07-30T10:24:05,Opel,ASTRA ELECTRIQUE,1,1,1.0
2026-07-30T10:24:05,Opel,Astra,10,1,0.1
2026-07-30T10:24:05,Opel,Astra Sports Tourer,2,0,0.0
2026-07-30T10:24:05,Opel,Corsa,43,7,0.1628
2026-07-30T10:24:05,Opel,Crossland,7,0,0.0
2026-07-30T10:24:05,Opel,Crossland X,3,0,0.0
2026-07-30T10:24:05,Opel,FRONTERA,5,3,0.6
2026-07-30T10:24:05,Opel,GRANDLAND,4,0,0.0
2026-07-30T10:24:05,Opel,Grandland,0,0,0.0
2026-07-30T10:24:05,Opel,Grandland X,6,0,0.0
2026-07-30T10:24:05,Opel,INSIGNIA GRAND SPORT,1,0,0.0
2026-07-30T10:24:05,Opel,Insignia Sports Tourer,1,0,0.0
2026-07-30T10:24:05,Opel,Karl,1,0,0.0
2026-07-30T10:24:05,Opel,Mokka,32,16,0.5
2026-07-30T10:24:05,Opel,Mokka X,1,0,0.0
2026-07-30T10:24:05,Peugeot,107,1,0,0.0
2026-07-30T10:24:05,Peugeot,108,5,0,0.0
2026-07-30T10:24:05,Peugeot,2008,188,38,0.2021
2026-07-30T10:24:05,Peugeot,208,104,24,0.2308
2026-07-30T10:24:05,Peugeot,208 AFFAIRE,5,1,0.2
2026-07-30T10:24:05,Peugeot,3008,117,5,0.0427
2026-07-30T10:24:05,Peugeot,308,68,6,0.0882
2026-07-30T10:24:05,Peugeot,308 AFFAIRE,2,0,0.0
2026-07-30T10:24:05,Peugeot,308 SW,39,1,0.0256
2026-07-30T10:24:05,Peugeot,408,16,1,0.0625
2026-07-30T10:24:05,Peugeot,5008,52,0,0.0
2026-07-30T10:24:05,Peugeot,508,4,0,0.0
2026-07-30T10:24:05,Peugeot,508 SW,11,0,0.0
2026-07-30T10:24:05,Peugeot,Boxer,1,0,0.0
2026-07-30T10:24:05,Peugeot,Expert Fourgon,2,0,0.0
2026-07-30T10:24:05,Peugeot,Rifter,4,0,0.0
2026-07-30T10:24:05,Polestar,2,1,1,1.0
2026-07-30T10:24:05,Renault,Arkana,23,0,0.0
2026-07-30T10:24:05,Renault,Austral,30,0,0.0
2026-07-30T10:24:05,Renault,Captur,72,0,0.0
2026-07-30T10:24:05,Renault,Clio 4,8,0,0.0
2026-07-30T10:24:05,Renault,Clio 5,66,0,0.0
2026-07-30T10:24:05,Renault,Clio 6,8,0,0.0
2026-07-30T10:24:05,Renault,Espace 5,2,0,0.0
2026-07-30T10:24:05,Renault,Espace 6,2,0,0.0
2026-07-30T10:24:05,Renault,Grand Scenic 3,1,0,0.0
2026-07-30T10:24:05,Renault,Grand Scénic 4,8,0,0.0
2026-07-30T10:24:05,Renault,Kadjar,20,0,0.0
2026-07-30T10:24:05,Renault,Kangoo Express,1,0,0.0
2026-07-30T10:24:05,Renault,Koleos,2,0,0.0
2026-07-30T10:24:05,Renault,MASTER FOURGON,3,0,0.0
2026-07-30T10:24:05,Renault,Master Fourgon,0,0,0.0
2026-07-30T10:24:05,Renault,Mégane 4,13,0,0.0
2026-07-30T10:24:05,Renault,Mégane 4 Estate,4,0,0.0
2026-07-30T10:24:05,Renault,Mégane E-TECH,9,9,1.0
2026-07-30T10:24:05,Renault,R4,12,12,1.0
2026-07-30T10:24:05,Renault,R5,34,34,1.0
2026-07-30T10:24:05,Renault,Rafale,10,0,0.0
2026-07-30T10:24:05,Renault,Scénic 4,10,0,0.0
2026-07-30T10:24:05,Renault,Scénic E-Tech,9,9,1.0
2026-07-30T10:24:05,Renault,Symbioz,41,0,0.0
2026-07-30T10:24:05,Renault,TWINGO E-TECH ELECTRIQUE,1,1,1.0
2026-07-30T10:24:05,Renault,Talisman,1,0,0.0
2026-07-30T10:24:05,Renault,Talisman Estate,1,0,0.0
2026-07-30T10:24:05,Renault,Trafic,1,0,0.0
2026-07-30T10:24:05,Renault,Twingo 3,19,5,0.2632
2026-07-30T10:24:05,Renault,Zoé,17,17,1.0
2026-07-30T10:24:05,Seat,Arona,12,0,0.0
2026-07-30T10:24:05,Seat,Ateca,11,0,0.0
2026-07-30T10:24:05,Seat,Ibiza,5,0,0.0
2026-07-30T10:24:05,Seat,Leon,4,0,0.0
2026-07-30T10:24:05,Skoda,ENYAQ,2,2,1.0
2026-07-30T10:24:05,Skoda,FABIA COMBI,1,0,0.0
2026-07-30T10:24:05,Skoda,Fabia,6,0,0.0
2026-07-30T10:24:05,Skoda,KAMIQ,2,0,0.0
2026-07-30T10:24:05,Skoda,Karoq,4,0,0.0
2026-07-30T10:24:05,Skoda,Octavia Combi,1,0,0.0
2026-07-30T10:24:05,Skoda,Scala,2,0,0.0
2026-07-30T10:24:05,Skoda,Superb Combi,3,0,0.0
2026-07-30T10:24:05,Smart,FORFOUR,2,2,1.0
2026-07-30T10:24:05,Smart,FORTWO,1,0,0.0
2026-07-30T10:24:05,Smart,Fortwo EQ,1,1,1.0
2026-07-30T10:24:05,Suzuki,Celerio,1,0,0.0
2026-07-30T10:24:05,Suzuki,SX4 S-Cross,2,0,0.0
2026-07-30T10:24:05,Suzuki,Swift,3,0,0.0
2026-07-30T10:24:05,Suzuki,Vitara,1,0,0.0
2026-07-30T10:24:05,Tesla,MODEL 3,12,12,1.0
2026-07-30T10:24:05,Tesla,MODEL X,2,2,1.0
2026-07-30T10:24:05,Tesla,MODEL Y,7,7,1.0
2026-07-30T10:24:05,Toyota,Auris,1,0,0.0
2026-07-30T10:24:05,Toyota,Aygo,4,0,0.0
2026-07-30T10:24:05,Toyota,Aygo X,7,0,0.0
2026-07-30T10:24:05,Toyota,C-HR,13,0,0.0
2026-07-30T10:24:05,Toyota,Corolla,3,0,0.0
2026-07-30T10:24:05,Toyota,Corolla Cross,1,0,0.0
2026-07-30T10:24:05,Toyota,Corolla Sw,1,0,0.0
2026-07-30T10:24:05,Toyota,Corolla Touring Sports,13,0,0.0
2026-07-30T10:24:05,Toyota,RAV 4,5,0,0.0
2026-07-30T10:24:05,Toyota,YARIS CROSS,10,0,0.0
2026-07-30T10:24:05,Toyota,YARIS HYBRIDE,1,0,0.0
2026-07-30T10:24:05,Toyota,Yaris,11,0,0.0
2026-07-30T10:24:05,Toyota,Yaris 3,2,0,0.0
2026-07-30T10:24:05,Toyota,Yaris 4,9,0,0.0
2026-07-30T10:24:05,Toyota,Yaris Cross Hybride,1,0,0.0
2026-07-30T10:24:05,Toyota,iQ,1,0,0.0
2026-07-30T10:24:05,Volkswagen,Coccinelle,1,0,0.0
2026-07-30T10:24:05,Volkswagen,Golf,9,0,0.0
2026-07-30T10:24:05,Volkswagen,Golf 7,6,0,0.0
2026-07-30T10:24:05,Volkswagen,Golf 8,23,0,0.0
2026-07-30T10:24:05,Volkswagen,Golf 8 SW,4,0,0.0
2026-07-30T10:24:05,Volkswagen,Golf Sportsvan,1,0,0.0
2026-07-30T10:24:05,Volkswagen,ID.3,1,1,1.0
2026-07-30T10:24:05,Volkswagen,ID.4,1,1,1.0
2026-07-30T10:24:05,Volkswagen,ID.5,1,1,1.0
2026-07-30T10:24:05,Volkswagen,Passat,2,0,0.0
2026-07-30T10:24:05,Volkswagen,Passat SW,1,0,0.0
2026-07-30T10:24:05,Volkswagen,Polo,15,0,0.0
2026-07-30T10:24:05,Volkswagen,Sharan,1,0,0.0
2026-07-30T10:24:05,Volkswagen,T-CROSS,20,0,0.0
2026-07-30T10:24:05,Volkswagen,T-Cross,0,0,0.0
2026-07-30T10:24:05,Volkswagen,T-Roc,45,0,0.0
2026-07-30T10:24:05,Volkswagen,T-Roc Cabriolet,2,0,0.0
2026-07-30T10:24:05,Volkswagen,TAIGO,12,0,0.0
2026-07-30T10:24:05,Volkswagen,TIGUAN,0,0,0.0
2026-07-30T10:24:05,Volkswagen,Taigo,0,0,0.0
2026-07-30T10:24:05,Volkswagen,Tayron,5,0,0.0
2026-07-30T10:24:05,Volkswagen,Tiguan,20,0,0.0
2026-07-30T10:24:05,Volkswagen,Touareg,1,0,0.0
2026-07-30T10:24:05,Volkswagen,Touran,2,0,0.0
2026-07-30T10:24:05,Volvo,C40,1,1,1.0
2026-07-30T10:24:05,Volvo,EX30,2,2,1.0
2026-07-30T10:24:05,Volvo,V60,1,0,0.0
2026-07-30T10:24:05,Volvo,XC40,10,3,0.3
2026-07-30T10:24:05,Volvo,XC60,1,0,0.0
2026-07-30T10:24:05,Volvo,XC90,3,0,0.0
2026-07-31T10:38:20,Alfa Romeo,Giulia,2,0,0.0
2026-07-31T10:38:20,Alfa Romeo,Junior,10,7,0.7
2026-07-31T10:38:20,Alfa Romeo,Stelvio,1,0,0.0
2026-07-31T10:38:20,Alfa Romeo,Tonale,14,0,0.0
2026-07-31T10:38:20,Alpine,A290,1,1,1.0
2026-07-31T10:38:20,Audi,A1,1,0,0.0
2026-07-31T10:38:20,Audi,A1 Sportback,8,0,0.0
2026-07-31T10:38:20,Audi,A3 Sportback,17,0,0.0
2026-07-31T10:38:20,Audi,A4 Avant,6,0,0.0
2026-07-31T10:38:20,Audi,A5 Sportback,1,0,0.0
2026-07-31T10:38:20,Audi,A6 Avant,1,0,0.0
2026-07-31T10:38:20,Audi,Q2,12,0,0.0
2026-07-31T10:38:20,Audi,Q3,7,0,0.0
2026-07-31T10:38:20,Audi,Q3 Sportback,3,0,0.0
2026-07-31T10:38:20,Audi,Q4 e-tron Sportback,1,1,1.0
2026-07-31T10:38:20,Audi,Q5,3,0,0.0
2026-07-31T10:38:20,Audi,Q5 SPORTBACK,2,0,0.0
2026-07-31T10:38:20,Audi,Q5 Sportback,0,0,0.0
2026-07-31T10:38:20,Audi,e-tron sportback,1,1,1.0
2026-07-31T10:38:20,BMW,I3,1,1,1.0
2026-07-31T10:38:20,BMW,IX,1,1,1.0
2026-07-31T10:38:20,BMW,Série 1,15,0,0.0
2026-07-31T10:38:20,BMW,Série 2 Active Tourer,3,0,0.0
2026-07-31T10:38:20,BMW,Série 2 Gran Coupé,1,0,0.0
2026-07-31T10:38:20,BMW,Série 2 Gran Tourer,2,0,0.0
2026-07-31T10:38:20,BMW,Série 3,1,0,0.0
2026-07-31T10:38:20,BMW,Série 5 Touring,1,0,0.0
2026-07-31T10:38:20,BMW,X1,19,0,0.0
2026-07-31T10:38:20,BMW,X2,5,0,0.0
2026-07-31T10:38:20,BMW,X3,4,0,0.0
2026-07-31T10:38:20,BMW,X5,1,0,0.0
2026-07-31T10:38:20,BMW,i4,3,3,1.0
2026-07-31T10:38:20,BMW,iX1,1,1,1.0
2026-07-31T10:38:20,BYD,Atto 2,3,1,0.3333
2026-07-31T10:38:20,BYD,Atto 3,1,1,1.0
2026-07-31T10:38:20,BYD,DOLPHIN SURF,1,1,1.0
2026-07-31T10:38:20,BYD,Dolphin,1,1,1.0
2026-07-31T10:38:20,BYD,SEAL 6 TOURING,4,0,0.0
2026-07-31T10:38:20,BYD,Seal,1,1,1.0
2026-07-31T10:38:20,BYD,Seal 6,3,0,0.0
2026-07-31T10:38:20,BYD,Seal U,1,0,0.0
2026-07-31T10:38:20,BYD,Sealion 7,2,2,1.0
2026-07-31T10:38:20,Citroën,AMI,2,2,1.0
2026-07-31T10:38:20,Citroën,BERLINGO FOURGON ELECTRIC,1,1,1.0
2026-07-31T10:38:20,Citroën,Berlingo,3,1,0.3333
2026-07-31T10:38:20,Citroën,Berlingo Fourgon,1,0,0.0
2026-07-31T10:38:20,Citroën,Berlingo VAN,2,0,0.0
2026-07-31T10:38:20,Citroën,Berlingo Van,0,0,0.0
2026-07-31T10:38:20,Citroën,C1,2,0,0.0
2026-07-31T10:38:20,Citroën,C3,75,13,0.1733
2026-07-31T10:38:20,Citroën,C3 Aircross,42,5,0.119
2026-07-31T10:38:20,Citroën,C3 Societe,1,0,0.0
2026-07-31T10:38:20,Citroën,C4,50,2,0.04
2026-07-31T10:38:20,Citroën,C4 Cactus,4,0,0.0
2026-07-31T10:38:20,Citroën,C4 Picasso,3,0,0.0
2026-07-31T10:38:20,Citroën,C4 SPACETOURER,1,0,0.0
2026-07-31T10:38:20,Citroën,C4 Société,1,0,0.0
2026-07-31T10:38:20,Citroën,C4 X,2,1,0.5
2026-07-31T10:38:20,Citroën,C5 Aircross,73,0,0.0
2026-07-31T10:38:20,Citroën,C5 X,5,0,0.0
2026-07-31T10:38:20,Citroën,GRAND C4 SPACETOURER,2,0,0.0
2026-07-31T10:38:20,Citroën,Grand C4 Picasso,1,0,0.0
2026-07-31T10:38:20,Citroën,Grand C4 Spacetourer,0,0,0.0
2026-07-31T10:38:20,Citroën,JUMPY CABINE APPROFONDIE,1,0,0.0
2026-07-31T10:38:20,Citroën,JUMPY FOURGON,2,0,0.0
2026-07-31T10:38:20,Citroën,Jumper Fourgon,1,0,0.0
2026-07-31T10:38:20,Citroën,Jumpy,1,0,0.0
2026-07-31T10:38:20,Cupra,FORMENTOR,21,0,0.0
2026-07-31T10:38:20,Cupra,Leon,1,0,0.0
2026-07-31T10:38:20,Cupra,Leon Sportstourer,1,0,0.0
2026-07-31T10:38:20,Cupra,Terramar,2,0,0.0
2026-07-31T10:38:20,DS,DS 3,1,0,0.0
2026-07-31T10:38:20,DS,DS 3 CROSSBACK,1,1,1.0
2026-07-31T10:38:20,DS,DS3,9,0,0.0
2026-07-31T10:38:20,DS,DS3 CROSSBACK,11,0,0.0
2026-07-31T10:38:20,DS,DS3 Crossback,0,0,0.0
2026-07-31T10:38:20,DS,DS4,16,0,0.0
2026-07-31T10:38:20,DS,DS4 CROSSBACK,1,0,0.0
2026-07-31T10:38:20,DS,DS7,28,0,0.0
2026-07-31T10:38:20,DS,DS7 CROSSBACK,13,0,0.0
2026-07-31T10:38:20,DS,DS7 Crossback,0,0,0.0
2026-07-31T10:38:20,DS,N 4,6,0,0.0
2026-07-31T10:38:20,Dacia,Bigster,36,0,0.0
2026-07-31T10:38:20,Dacia,Duster,54,0,0.0
2026-07-31T10:38:20,Dacia,JOGGER,16,0,0.0
2026-07-31T10:38:20,Dacia,Jogger,0,0,0.0
2026-07-31T10:38:20,Dacia,Logan MCV,0,0,0.0
2026-07-31T10:38:20,Dacia,SPRING,17,17,1.0
2026-07-31T10:38:20,Dacia,Sandero,24,0,0.0
2026-07-31T10:38:20,Fiat,500,22,8,0.3636
2026-07-31T10:38:20,Fiat,500 L,1,0,0.0
2026-07-31T10:38:20,Fiat,500C,7,7,1.0
2026-07-31T10:38:20,Fiat,500X,9,0,0.0
2026-07-31T10:38:20,Fiat,500e,2,2,1.0
2026-07-31T10:38:20,Fiat,600,13,1,0.0769
2026-07-31T10:38:20,Fiat,DUCATO FOURGON,1,0,0.0
2026-07-31T10:38:20,Fiat,PANDINA,3,0,0.0
2026-07-31T10:38:20,Fiat,Panda,7,0,0.0
2026-07-31T10:38:20,Fiat,Pandina,0,0,0.0
2026-07-31T10:38:20,Fiat,TIPO Station Wagon,3,0,0.0
2026-07-31T10:38:20,Fiat,Tipo,3,0,0.0
2026-07-31T10:38:20,Fiat,Tipo Cross,1,0,0.0
2026-07-31T10:38:20,Fiat,Tipo Sw,1,0,0.0
2026-07-31T10:38:20,Ford,Ecosport,3,0,0.0
2026-07-31T10:38:20,Ford,Fiesta,9,0,0.0
2026-07-31T10:38:20,Ford,Focus,5,0,0.0
2026-07-31T10:38:20,Ford,Focus SW,5,0,0.0
2026-07-31T10:38:20,Ford,Kuga,8,0,0.0
2026-07-31T10:38:20,Ford,Mondeo,1,0,0.0
2026-07-31T10:38:20,Ford,Mustang MACH-E,1,1,1.0
2026-07-31T10:38:20,Ford,PUMA,15,0,0.0
2026-07-31T10:38:20,Ford,TOURNEO COURIER,1,0,0.0
2026-07-31T10:38:20,Ford,TRANSIT CONNECT FGN,2,0,0.0
2026-07-31T10:38:20,Honda,Civic,2,0,0.0
2026-07-31T10:38:20,Honda,HR-V,1,0,0.0
2026-07-31T10:38:20,Honda,Jazz,2,0,0.0
2026-07-31T10:38:20,Hyundai,BAYON,2,0,0.0
2026-07-31T10:38:20,Hyundai,Bayon,0,0,0.0
2026-07-31T10:38:20,Hyundai,Ioniq,2,2,1.0
2026-07-31T10:38:20,Hyundai,Ioniq 5,2,2,1.0
2026-07-31T10:38:20,Hyundai,Kona,19,3,0.1579
2026-07-31T10:38:20,Hyundai,Tucson,33,0,0.0
2026-07-31T10:38:20,Hyundai,i10,1,0,0.0
2026-07-31T10:38:20,Hyundai,i20,1,0,0.0
2026-07-31T10:38:20,Hyundai,i30,2,0,0.0
2026-07-31T10:38:20,Hyundai,i30 SW,2,0,0.0
2026-07-31T10:38:20,Jaecoo,Jaecoo 7,3,0,0.0
2026-07-31T10:38:20,Jeep,Avenger,17,5,0.2941
2026-07-31T10:38:20,Jeep,Compass,14,0,0.0
2026-07-31T10:38:20,Jeep,Renegade,18,0,0.0
2026-07-31T10:38:20,Kia,Ceed,2,0,0.0
2026-07-31T10:38:20,Kia,Ceed SW,1,0,0.0
2026-07-31T10:38:20,Kia,EV6,3,3,1.0
2026-07-31T10:38:20,Kia,Niro,5,1,0.2
2026-07-31T10:38:20,Kia,Picanto,1,0,0.0
2026-07-31T10:38:20,Kia,ProCeed,5,0,0.0
2026-07-31T10:38:20,Kia,Rio,6,0,0.0
2026-07-31T10:38:20,Kia,Soul,1,1,1.0
2026-07-31T10:38:20,Kia,Sportage,18,0,0.0
2026-07-31T10:38:20,Kia,Stonic,3,0,0.0
2026-07-31T10:38:20,Kia,XCEED,3,0,0.0
2026-07-31T10:38:20,Kia,Xceed,0,0,0.0
2026-07-31T10:38:20,Lexus,LBX,1,0,0.0
2026-07-31T10:38:20,Lexus,UX,2,0,0.0
2026-07-31T10:38:20,Lynk&Co,01,2,0,0.0
2026-07-31T10:38:20,MG,EHS,18,0,0.0
2026-07-31T10:38:20,MG,MARVEL R,2,2,1.0
2026-07-31T10:38:20,MG,MG3,12,0,0.0
2026-07-31T10:38:20,MG,MG4,3,3,1.0
2026-07-31T10:38:20,MG,MG5,1,1,1.0
2026-07-31T10:38:20,MG,ZS,9,0,0.0
2026-07-31T10:38:20,Mazda,CX-30,2,0,0.0
2026-07-31T10:38:20,Mazda,CX-5,2,0,0.0
2026-07-31T10:38:20,Mazda,CX-60,1,0,0.0
2026-07-31T10:38:20,Mazda,MX-30,1,1,1.0
2026-07-31T10:38:20,Mazda,MX-30 2020,1,1,1.0
2026-07-31T10:38:20,Mazda,MX-5,1,0,0.0
2026-07-31T10:38:20,Mazda,Mazda 3,1,0,0.0
2026-07-31T10:38:20,Mercedes,CLA,1,0,0.0
2026-07-31T10:38:20,Mercedes,CLA Shooting Brake,2,0,0.0
2026-07-31T10:38:20,Mercedes,CLASSE C BREAK,2,0,0.0
2026-07-31T10:38:20,Mercedes,Classe A,8,0,0.0
2026-07-31T10:38:20,Mercedes,Classe B,3,0,0.0
2026-07-31T10:38:20,Mercedes,Classe C,4,0,0.0
2026-07-31T10:38:20,Mercedes,Classe C coupé,1,0,0.0
2026-07-31T10:38:20,Mercedes,Classe E,1,0,0.0
2026-07-31T10:38:20,Mercedes,Classe E Coupé,1,0,0.0
2026-07-31T10:38:20,Mercedes,EQA,1,1,1.0
2026-07-31T10:38:20,Mercedes,GLA,4,0,0.0
2026-07-31T10:38:20,Mini,Clubman,5,0,0.0
2026-07-31T10:38:20,Mini,Countryman,9,0,0.0
2026-07-31T10:38:20,Mini,Mini,8,3,0.375
2026-07-31T10:38:20,Mitsubishi,ASX,1,0,0.0
2026-07-31T10:38:20,Mitsubishi,Outlander,1,0,0.0
2026-07-31T10:38:20,Mitsubishi,Space Star,2,0,0.0
2026-07-31T10:38:20,Nissan,Juke,30,0,0.0
2026-07-31T10:38:20,Nissan,Leaf,2,2,1.0
2026-07-31T10:38:20,Nissan,Micra,2,0,0.0
2026-07-31T10:38:20,Nissan,Qashqai,22,0,0.0
2026-07-31T10:38:20,Nissan,X-Trail,3,0,0.0
2026-07-31T10:38:20,Opel,ASTRA ELECTRIQUE,1,1,1.0
2026-07-31T10:38:20,Opel,Astra,9,0,0.0
2026-07-31T10:38:20,Opel,Astra Sports Tourer,2,0,0.0
2026-07-31T10:38:20,Opel,Corsa,42,7,0.1667
2026-07-31T10:38:20,Opel,Crossland,6,0,0.0
2026-07-31T10:38:20,Opel,Crossland X,4,0,0.0
2026-07-31T10:38:20,Opel,FRONTERA,5,3,0.6
2026-07-31T10:38:20,Opel,GRANDLAND,6,0,0.0
2026-07-31T10:38:20,Opel,Grandland,0,0,0.0
2026-07-31T10:38:20,Opel,Grandland X,6,0,0.0
2026-07-31T10:38:20,Opel,INSIGNIA GRAND SPORT,1,0,0.0
2026-07-31T10:38:20,Opel,Insignia Sports Tourer,1,0,0.0
2026-07-31T10:38:20,Opel,Mokka,28,14,0.5
2026-07-31T10:38:20,Opel,Mokka X,1,0,0.0
2026-07-31T10:38:20,Peugeot,107,1,0,0.0
2026-07-31T10:38:20,Peugeot,108,6,0,0.0
2026-07-31T10:38:20,Peugeot,2008,194,40,0.2062
2026-07-31T10:38:20,Peugeot,208,112,25,0.2232
2026-07-31T10:38:20,Peugeot,208 AFFAIRE,5,1,0.2
2026-07-31T10:38:20,Peugeot,3008,117,4,0.0342
2026-07-31T10:38:20,Peugeot,308,75,6,0.08
2026-07-31T10:38:20,Peugeot,308 AFFAIRE,2,0,0.0
2026-07-31T10:38:20,Peugeot,308 SW,39,1,0.0256
2026-07-31T10:38:20,Peugeot,408,12,1,0.0833
2026-07-31T10:38:20,Peugeot,5008,53,0,0.0
2026-07-31T10:38:20,Peugeot,508,5,0,0.0
2026-07-31T10:38:20,Peugeot,508 SW,10,0,0.0
2026-07-31T10:38:20,Peugeot,Boxer,1,0,0.0
2026-07-31T10:38:20,Peugeot,Expert Fourgon,2,0,0.0
2026-07-31T10:38:20,Peugeot,Rifter,2,0,0.0
2026-07-31T10:38:20,Polestar,2,1,1,1.0
2026-07-31T10:38:20,Renault,Arkana,21,0,0.0
2026-07-31T10:38:20,Renault,Austral,32,0,0.0
2026-07-31T10:38:20,Renault,Captur,68,0,0.0
2026-07-31T10:38:20,Renault,Clio,2,0,0.0
2026-07-31T10:38:20,Renault,Clio 4,6,0,0.0
2026-07-31T10:38:20,Renault,Clio 4 Estate,1,0,0.0
2026-07-31T10:38:20,Renault,Clio 5,70,0,0.0
2026-07-31T10:38:20,Renault,Clio 6,11,0,0.0
2026-07-31T10:38:20,Renault,Espace 5,2,0,0.0
2026-07-31T10:38:20,Renault,Espace 6,2,0,0.0
2026-07-31T10:38:20,Renault,Grand Scenic 3,2,0,0.0
2026-07-31T10:38:20,Renault,Grand Scénic 4,7,0,0.0
2026-07-31T10:38:20,Renault,Kadjar,18,0,0.0
2026-07-31T10:38:20,Renault,Kangoo Express,1,0,0.0
2026-07-31T10:38:20,Renault,Koleos,2,0,0.0
2026-07-31T10:38:20,Renault,Laguna 3 Estate,1,0,0.0
2026-07-31T10:38:20,Renault,MASTER FOURGON,3,0,0.0
2026-07-31T10:38:20,Renault,Master Fourgon,0,0,0.0
2026-07-31T10:38:20,Renault,Mégane 4,13,0,0.0
2026-07-31T10:38:20,Renault,Mégane 4 Estate,4,0,0.0
2026-07-31T10:38:20,Renault,Mégane E-TECH,8,8,1.0
2026-07-31T10:38:20,Renault,R4,12,12,1.0
2026-07-31T10:38:20,Renault,R5,33,33,1.0
2026-07-31T10:38:20,Renault,Rafale,7,0,0.0
2026-07-31T10:38:20,Renault,Scénic 4,12,0,0.0
2026-07-31T10:38:20,Renault,Scénic E-Tech,9,9,1.0
2026-07-31T10:38:20,Renault,Symbioz,40,0,0.0
2026-07-31T10:38:20,Renault,TWINGO E-TECH ELECTRIQUE,1,1,1.0
2026-07-31T10:38:20,Renault,Talisman,1,0,0.0
2026-07-31T10:38:20,Renault,Talisman Estate,1,0,0.0
2026-07-31T10:38:20,Renault,Trafic,1,0,0.0
2026-07-31T10:38:20,Renault,Twingo 3,20,5,0.25
2026-07-31T10:38:20,Renault,Zoé,17,17,1.0
2026-07-31T10:38:20,Seat,Arona,11,0,0.0
2026-07-31T10:38:20,Seat,Ateca,9,0,0.0
2026-07-31T10:38:20,Seat,Ibiza,3,0,0.0
2026-07-31T10:38:20,Seat,Leon,2,0,0.0
2026-07-31T10:38:20,Seat,Leon Sportstourer,1,0,0.0
2026-07-31T10:38:20,Skoda,ENYAQ,2,2,1.0
2026-07-31T10:38:20,Skoda,FABIA COMBI,1,0,0.0
2026-07-31T10:38:20,Skoda,Fabia,6,0,0.0
2026-07-31T10:38:20,Skoda,KAMIQ,2,0,0.0
2026-07-31T10:38:20,Skoda,Karoq,4,0,0.0
2026-07-31T10:38:20,Skoda,Octavia Combi,1,0,0.0
2026-07-31T10:38:20,Skoda,Scala,2,0,0.0
2026-07-31T10:38:20,Skoda,Superb Combi,3,0,0.0
2026-07-31T10:38:20,Smart,FORFOUR,2,2,1.0
2026-07-31T10:38:20,Smart,FORTWO,1,0,0.0
2026-07-31T10:38:20,Smart,Fortwo EQ,1,1,1.0
2026-07-31T10:38:20,Ssangyong,Korando,1,1,1.0
2026-07-31T10:38:20,Suzuki,Celerio,1,0,0.0
2026-07-31T10:38:20,Suzuki,SX4 S-Cross,1,0,0.0
2026-07-31T10:38:20,Suzuki,Swift,4,0,0.0
2026-07-31T10:38:20,Suzuki,Vitara,1,0,0.0
2026-07-31T10:38:20,Tesla,MODEL 3,13,13,1.0
2026-07-31T10:38:20,Tesla,MODEL S,1,1,1.0
2026-07-31T10:38:20,Tesla,MODEL X,2,2,1.0
2026-07-31T10:38:20,Tesla,MODEL Y,9,9,1.0
2026-07-31T10:38:20,Toyota,AURIS TOURING SPORTS,1,0,0.0
2026-07-31T10:38:20,Toyota,Auris,1,0,0.0
2026-07-31T10:38:20,Toyota,Aygo,4,0,0.0
2026-07-31T10:38:20,Toyota,Aygo X,5,0,0.0
2026-07-31T10:38:20,Toyota,C-HR,12,0,0.0
2026-07-31T10:38:20,Toyota,Corolla,4,0,0.0
2026-07-31T10:38:20,Toyota,Corolla Cross,1,0,0.0
2026-07-31T10:38:20,Toyota,Corolla Sw,1,0,0.0
2026-07-31T10:38:20,Toyota,Corolla Touring Sports,17,0,0.0
2026-07-31T10:38:20,Toyota,RAV 4,4,0,0.0
2026-07-31T10:38:20,Toyota,YARIS CROSS,9,0,0.0
2026-07-31T10:38:20,Toyota,YARIS HYBRIDE,1,0,0.0
2026-07-31T10:38:20,Toyota,Yaris,10,0,0.0
2026-07-31T10:38:20,Toyota,Yaris 3,2,0,0.0
2026-07-31T10:38:20,Toyota,Yaris 4,7,0,0.0
2026-07-31T10:38:20,Toyota,Yaris Cross Hybride,1,0,0.0
2026-07-31T10:38:20,Toyota,iQ,1,0,0.0
2026-07-31T10:38:20,Volkswagen,Coccinelle,1,0,0.0
2026-07-31T10:38:20,Volkswagen,Golf,5,0,0.0
2026-07-31T10:38:20,Volkswagen,Golf 7,9,1,0.1111
2026-07-31T10:38:20,Volkswagen,Golf 8,29,0,0.0
2026-07-31T10:38:20,Volkswagen,Golf 8 SW,4,0,0.0
2026-07-31T10:38:20,Volkswagen,Golf Sportsvan,1,0,0.0
2026-07-31T10:38:20,Volkswagen,ID.3,1,1,1.0
2026-07-31T10:38:20,Volkswagen,ID.4,1,1,1.0
2026-07-31T10:38:20,Volkswagen,ID.5,1,1,1.0
2026-07-31T10:38:20,Volkswagen,Passat,2,0,0.0
2026-07-31T10:38:20,Volkswagen,Passat SW,1,0,0.0
2026-07-31T10:38:20,Volkswagen,Polo,13,0,0.0
2026-07-31T10:38:20,Volkswagen,Sharan,1,0,0.0
2026-07-31T10:38:20,Volkswagen,T-CROSS,18,0,0.0
2026-07-31T10:38:20,Volkswagen,T-Cross,0,0,0.0
2026-07-31T10:38:20,Volkswagen,T-Roc,42,0,0.0
2026-07-31T10:38:20,Volkswagen,T-Roc Cabriolet,2,0,0.0
2026-07-31T10:38:20,Volkswagen,TAIGO,14,0,0.0
2026-07-31T10:38:20,Volkswagen,TIGUAN,0,0,0.0
2026-07-31T10:38:20,Volkswagen,Taigo,0,0,0.0
2026-07-31T10:38:20,Volkswagen,Tayron,5,0,0.0
2026-07-31T10:38:20,Volkswagen,Tiguan,20,0,0.0
2026-07-31T10:38:20,Volkswagen,Tiguan Allspace,2,0,0.0
2026-07-31T10:38:20,Volkswagen,Touran,2,0,0.0
2026-07-31T10:38:20,Volvo,C40,1,1,1.0
2026-07-31T10:38:20,Volvo,EX30,2,2,1.0
2026-07-31T10:38:20,Volvo,V60,1,0,0.0
2026-07-31T10:38:20,Volvo,XC40,11,3,0.2727
2026-07-31T10:38:20,Volvo,XC60,1,0,0.0
2026-07-31T10:38:20,Volvo,XC90,3,0,0.0
2026-08-01T09:57:52,Alfa Romeo,Giulia,1,0,0.0
2026-08-01T09:57:52,Alfa Romeo,Junior,9,6,0.6667
2026-08-01T09:57:52,Alfa Romeo,Stelvio,1,0,0.0
2026-08-01T09:57:52,Alfa Romeo,Tonale,14,0,0.0
2026-08-01T09:57:52,Alpine,A290,1,1,1.0
2026-08-01T09:57:52,Audi,A1,1,0,0.0
2026-08-01T09:57:52,Audi,A1 Sportback,7,0,0.0
2026-08-01T09:57:52,Audi,A3 Sportback,18,0,0.0
2026-08-01T09:57:52,Audi,A4 Avant,6,0,0.0
2026-08-01T09:57:52,Audi,A6 Avant,1,0,0.0
2026-08-01T09:57:52,Audi,Q2,13,0,0.0
2026-08-01T09:57:52,Audi,Q3,7,0,0.0
2026-08-01T09:57:52,Audi,Q3 Sportback,4,0,0.0
2026-08-01T09:57:52,Audi,Q4 e-tron Sportback,1,1,1.0
2026-08-01T09:57:52,Audi,Q5,1,0,0.0
2026-08-01T09:57:52,Audi,Q5 SPORTBACK,2,0,0.0
2026-08-01T09:57:52,Audi,Q5 Sportback,0,0,0.0
2026-08-01T09:57:52,Audi,e-tron sportback,1,1,1.0
2026-08-01T09:57:52,BMW,I3,1,1,1.0
2026-08-01T09:57:52,BMW,IX,1,1,1.0
2026-08-01T09:57:52,BMW,Série 1,14,0,0.0
2026-08-01T09:57:52,BMW,Série 2 Active Tourer,3,0,0.0
2026-08-01T09:57:52,BMW,Série 2 Gran Coupé,1,0,0.0
2026-08-01T09:57:52,BMW,Série 2 Gran Tourer,2,0,0.0
2026-08-01T09:57:52,BMW,Série 3,1,0,0.0
2026-08-01T09:57:52,BMW,Série 5 Touring,1,0,0.0
2026-08-01T09:57:52,BMW,X1,20,0,0.0
2026-08-01T09:57:52,BMW,X2,5,0,0.0
2026-08-01T09:57:52,BMW,X3,5,0,0.0
2026-08-01T09:57:52,BMW,X5,1,0,0.0
2026-08-01T09:57:52,BMW,i4,3,3,1.0
2026-08-01T09:57:52,BMW,iX1,1,1,1.0
2026-08-01T09:57:52,BYD,Atto 2,3,1,0.3333
2026-08-01T09:57:52,BYD,Atto 3,1,1,1.0
2026-08-01T09:57:52,BYD,DOLPHIN SURF,1,1,1.0
2026-08-01T09:57:52,BYD,Dolphin,1,1,1.0
2026-08-01T09:57:52,BYD,SEAL 6 TOURING,4,0,0.0
2026-08-01T09:57:52,BYD,Seal,1,1,1.0
2026-08-01T09:57:52,BYD,Seal 6,3,0,0.0
2026-08-01T09:57:52,BYD,Seal U,1,0,0.0
2026-08-01T09:57:52,Citroën,AMI,3,3,1.0
2026-08-01T09:57:52,Citroën,BERLINGO FOURGON ELECTRIC,1,1,1.0
2026-08-01T09:57:52,Citroën,Berlingo,4,1,0.25
2026-08-01T09:57:52,Citroën,Berlingo Fourgon,1,0,0.0
2026-08-01T09:57:52,Citroën,Berlingo VAN,0,0,0.0
2026-08-01T09:57:52,Citroën,Berlingo Van,3,0,0.0
2026-08-01T09:57:52,Citroën,C1,2,0,0.0
2026-08-01T09:57:52,Citroën,C3,76,12,0.1579
2026-08-01T09:57:52,Citroën,C3 Aircross,42,5,0.119
2026-08-01T09:57:52,Citroën,C3 Societe,1,0,0.0
2026-08-01T09:57:52,Citroën,C4,49,2,0.0408
2026-08-01T09:57:52,Citroën,C4 Cactus,3,0,0.0
2026-08-01T09:57:52,Citroën,C4 Picasso,3,0,0.0
2026-08-01T09:57:52,Citroën,C4 SPACETOURER,1,0,0.0
2026-08-01T09:57:52,Citroën,C4 Société,1,0,0.0
2026-08-01T09:57:52,Citroën,C4 X,2,1,0.5
2026-08-01T09:57:52,Citroën,C5 Aircross,79,0,0.0
2026-08-01T09:57:52,Citroën,C5 X,6,0,0.0
2026-08-01T09:57:52,Citroën,GRAND C4 SPACETOURER,2,0,0.0
2026-08-01T09:57:52,Citroën,Grand C4 Picasso,1,0,0.0
2026-08-01T09:57:52,Citroën,Grand C4 Spacetourer,0,0,0.0
2026-08-01T09:57:52,Citroën,JUMPY CABINE APPROFONDIE,1,0,0.0
2026-08-01T09:57:52,Citroën,JUMPY FOURGON,2,0,0.0
2026-08-01T09:57:52,Citroën,Jumper Fourgon,1,0,0.0
2026-08-01T09:57:52,Citroën,Jumpy,1,0,0.0
2026-08-01T09:57:52,Cupra,FORMENTOR,22,0,0.0
2026-08-01T09:57:52,Cupra,Leon,1,0,0.0
2026-08-01T09:57:52,Cupra,Leon Sportstourer,1,0,0.0
2026-08-01T09:57:52,Cupra,Terramar,1,0,0.0
2026-08-01T09:57:52,DS,DS 3,1,0,0.0
2026-08-01T09:57:52,DS,DS 3 CROSSBACK,1,1,1.0
2026-08-01T09:57:52,DS,DS3,9,0,0.0
2026-08-01T09:57:52,DS,DS3 CROSSBACK,13,0,0.0
2026-08-01T09:57:52,DS,DS3 Crossback,0,1,0.0
2026-08-01T09:57:52,DS,DS4,17,0,0.0
2026-08-01T09:57:52,DS,DS4 CROSSBACK,1,0,0.0
2026-08-01T09:57:52,DS,DS7,28,0,0.0
2026-08-01T09:57:52,DS,DS7 CROSSBACK,13,0,0.0
2026-08-01T09:57:52,DS,DS7 Crossback,0,0,0.0
2026-08-01T09:57:52,DS,N 4,6,0,0.0
2026-08-01T09:57:52,Dacia,Bigster,38,0,0.0
2026-08-01T09:57:52,Dacia,Duster,53,0,0.0
2026-08-01T09:57:52,Dacia,JOGGER,15,0,0.0
2026-08-01T09:57:52,Dacia,Jogger,0,0,0.0
2026-08-01T09:57:52,Dacia,SPRING,17,17,1.0
2026-08-01T09:57:52,Dacia,Sandero,26,0,0.0
2026-08-01T09:57:52,Fiat,500,20,7,0.35
2026-08-01T09:57:52,Fiat,500 L,1,0,0.0
2026-08-01T09:57:52,Fiat,500C,7,7,1.0
2026-08-01T09:57:52,Fiat,500X,9,0,0.0
2026-08-01T09:57:52,Fiat,500e,2,2,1.0
2026-08-01T09:57:52,Fiat,600,14,2,0.1429
2026-08-01T09:57:52,Fiat,DUCATO FOURGON,1,0,0.0
2026-08-01T09:57:52,Fiat,PANDINA,3,0,0.0
2026-08-01T09:57:52,Fiat,Panda,7,0,0.0
2026-08-01T09:57:52,Fiat,Pandina,0,0,0.0
2026-08-01T09:57:52,Fiat,TIPO Station Wagon,3,0,0.0
2026-08-01T09:57:52,Fiat,Tipo,3,0,0.0
2026-08-01T09:57:52,Fiat,Tipo Cross,2,0,0.0
2026-08-01T09:57:52,Fiat,Tipo Sw,1,0,0.0
2026-08-01T09:57:52,Ford,Ecosport,3,0,0.0
2026-08-01T09:57:52,Ford,Fiesta,9,0,0.0
2026-08-01T09:57:52,Ford,Focus,5,0,0.0
2026-08-01T09:57:52,Ford,Focus SW,5,0,0.0
2026-08-01T09:57:52,Ford,Kuga,7,0,0.0
2026-08-01T09:57:52,Ford,Mondeo,1,0,0.0
2026-08-01T09:57:52,Ford,Mustang MACH-E,1,1,1.0
2026-08-01T09:57:52,Ford,PUMA,16,0,0.0
2026-08-01T09:57:52,Ford,Puma,0,0,0.0
2026-08-01T09:57:52,Ford,TOURNEO COURIER,1,0,0.0
2026-08-01T09:57:52,Ford,TRANSIT CONNECT FGN,2,0,0.0
2026-08-01T09:57:52,Honda,Civic,2,0,0.0
2026-08-01T09:57:52,Honda,Jazz,2,0,0.0
2026-08-01T09:57:52,Hyundai,BAYON,1,0,0.0
2026-08-01T09:57:52,Hyundai,Ioniq,2,2,1.0
2026-08-01T09:57:52,Hyundai,Kona,17,3,0.1765
2026-08-01T09:57:52,Hyundai,Tucson,30,0,0.0
2026-08-01T09:57:52,Hyundai,i10,2,0,0.0
2026-08-01T09:57:52,Hyundai,i20,1,0,0.0
2026-08-01T09:57:52,Hyundai,i20 Coupé,1,0,0.0
2026-08-01T09:57:52,Hyundai,i30,2,0,0.0
2026-08-01T09:57:52,Hyundai,i30 SW,3,0,0.0
2026-08-01T09:57:52,Jaecoo,Jaecoo 7,3,0,0.0
2026-08-01T09:57:52,Jeep,Avenger,18,5,0.2778
2026-08-01T09:57:52,Jeep,Compass,13,0,0.0
2026-08-01T09:57:52,Jeep,Renegade,19,0,0.0
2026-08-01T09:57:52,Kia,Ceed,2,0,0.0
2026-08-01T09:57:52,Kia,Ceed SW,1,0,0.0
2026-08-01T09:57:52,Kia,EV6,3,3,1.0
2026-08-01T09:57:52,Kia,Niro,5,1,0.2
2026-08-01T09:57:52,Kia,Picanto,1,0,0.0
2026-08-01T09:57:52,Kia,ProCeed,5,0,0.0
2026-08-01T09:57:52,Kia,Rio,6,0,0.0
2026-08-01T09:57:52,Kia,Soul,1,1,1.0
2026-08-01T09:57:52,Kia,Sportage,16,0,0.0
2026-08-01T09:57:52,Kia,Stonic,3,0,0.0
2026-08-01T09:57:52,Kia,XCEED,3,0,0.0
2026-08-01T09:57:52,Kia,Xceed,0,0,0.0
2026-08-01T09:57:52,Lexus,LBX,1,0,0.0
2026-08-01T09:57:52,Lexus,UX,2,0,0.0
2026-08-01T09:57:52,Lynk&Co,01,2,0,0.0
2026-08-01T09:57:52,MG,EHS,19,0,0.0
2026-08-01T09:57:52,MG,MARVEL R,2,2,1.0
2026-08-01T09:57:52,MG,MG3,15,0,0.0
2026-08-01T09:57:52,MG,MG4,4,4,1.0
2026-08-01T09:57:52,MG,MG5,1,1,1.0
2026-08-01T09:57:52,MG,MGS5,3,3,1.0
2026-08-01T09:57:52,MG,ZS,10,0,0.0
2026-08-01T09:57:52,Mazda,CX-30,2,0,0.0
2026-08-01T09:57:52,Mazda,CX-5,2,0,0.0
2026-08-01T09:57:52,Mazda,CX-60,1,0,0.0
2026-08-01T09:57:52,Mazda,MX-30,1,1,1.0
2026-08-01T09:57:52,Mazda,MX-30 2020,1,1,1.0
2026-08-01T09:57:52,Mazda,MX-5,1,0,0.0
2026-08-01T09:57:52,Mazda,Mazda 3,1,0,0.0
2026-08-01T09:57:52,Mercedes,CLA,1,0,0.0
2026-08-01T09:57:52,Mercedes,CLA Shooting Brake,2,0,0.0
2026-08-01T09:57:52,Mercedes,CLASSE C BREAK,2,0,0.0
2026-08-01T09:57:52,Mercedes,Classe A,7,0,0.0
2026-08-01T09:57:52,Mercedes,Classe B,3,0,0.0
2026-08-01T09:57:52,Mercedes,Classe C,4,0,0.0
2026-08-01T09:57:52,Mercedes,Classe C coupé,1,0,0.0
2026-08-01T09:57:52,Mercedes,Classe E,1,0,0.0
2026-08-01T09:57:52,Mercedes,Classe E Coupé,1,0,0.0
2026-08-01T09:57:52,Mercedes,GLA,4,0,0.0
2026-08-01T09:57:52,Mini,Clubman,5,0,0.0
2026-08-01T09:57:52,Mini,Countryman,9,0,0.0
2026-08-01T09:57:52,Mini,Mini,8,3,0.375
2026-08-01T09:57:52,Mitsubishi,ASX,1,0,0.0
2026-08-01T09:57:52,Mitsubishi,Outlander,1,0,0.0
2026-08-01T09:57:52,Mitsubishi,Space Star,2,0,0.0
2026-08-01T09:57:52,Nissan,Juke,30,0,0.0
2026-08-01T09:57:52,Nissan,Leaf,2,2,1.0
2026-08-01T09:57:52,Nissan,Micra,3,0,0.0
2026-08-01T09:57:52,Nissan,Qashqai,18,0,0.0
2026-08-01T09:57:52,Nissan,X-Trail,3,0,0.0
2026-08-01T09:57:52,Omoda,5,1,1,1.0
2026-08-01T09:57:52,Opel,ASTRA ELECTRIQUE,1,1,1.0
2026-08-01T09:57:52,Opel,Astra,10,0,0.0
2026-08-01T09:57:52,Opel,Astra Sports Tourer,3,0,0.0
2026-08-01T09:57:52,Opel,Corsa,41,4,0.0976
2026-08-01T09:57:52,Opel,Crossland,6,0,0.0
2026-08-01T09:57:52,Opel,Crossland X,4,0,0.0
2026-08-01T09:57:52,Opel,FRONTERA,5,3,0.6
2026-08-01T09:57:52,Opel,GRANDLAND,6,0,0.0
2026-08-01T09:57:52,Opel,Grandland,0,0,0.0
2026-08-01T09:57:52,Opel,Grandland X,5,0,0.0
2026-08-01T09:57:52,Opel,INSIGNIA GRAND SPORT,1,0,0.0
2026-08-01T09:57:52,Opel,Insignia Sports Tourer,1,0,0.0
2026-08-01T09:57:52,Opel,Mokka,30,14,0.4667
2026-08-01T09:57:52,Opel,Mokka X,1,0,0.0
2026-08-01T09:57:52,Peugeot,107,1,0,0.0
2026-08-01T09:57:52,Peugeot,108,5,0,0.0
2026-08-01T09:57:52,Peugeot,2008,190,40,0.2105
2026-08-01T09:57:52,Peugeot,208,122,27,0.2213
2026-08-01T09:57:52,Peugeot,208 AFFAIRE,3,1,0.3333
2026-08-01T09:57:52,Peugeot,3008,114,4,0.0351
2026-08-01T09:57:52,Peugeot,308,76,6,0.0789
2026-08-01T09:57:52,Peugeot,308 AFFAIRE,2,0,0.0
2026-08-01T09:57:52,Peugeot,308 SW,37,1,0.027
2026-08-01T09:57:52,Peugeot,408,12,1,0.0833
2026-08-01T09:57:52,Peugeot,5008,49,0,0.0
2026-08-01T09:57:52,Peugeot,508,4,0,0.0
2026-08-01T09:57:52,Peugeot,508 SW,7,0,0.0
2026-08-01T09:57:52,Peugeot,Boxer,1,0,0.0
2026-08-01T09:57:52,Peugeot,Expert Fourgon,2,0,0.0
2026-08-01T09:57:52,Peugeot,Partner Fourgon,1,0,0.0
2026-08-01T09:57:52,Peugeot,Rifter,2,0,0.0
2026-08-01T09:57:52,Polestar,2,1,1,1.0
2026-08-01T09:57:52,Renault,Arkana,20,0,0.0
2026-08-01T09:57:52,Renault,Austral,33,0,0.0
2026-08-01T09:57:52,Renault,Captur,66,0,0.0
2026-08-01T09:57:52,Renault,Clio 4,7,0,0.0
2026-08-01T09:57:52,Renault,Clio 4 Estate,1,0,0.0
2026-08-01T09:57:52,Renault,Clio 5,69,0,0.0
2026-08-01T09:57:52,Renault,Clio 6,11,0,0.0
2026-08-01T09:57:52,Renault,Espace 5,2,0,0.0
2026-08-01T09:57:52,Renault,Espace 6,2,0,0.0
2026-08-01T09:57:52,Renault,Grand Scenic 3,2,0,0.0
2026-08-01T09:57:52,Renault,Grand Scénic 4,7,0,0.0
2026-08-01T09:57:52,Renault,Kadjar,19,0,0.0
2026-08-01T09:57:52,Renault,Kangoo Express,1,0,0.0
2026-08-01T09:57:52,Renault,Koleos,2,0,0.0
2026-08-01T09:57:52,Renault,Laguna 3 Estate,0,0,0.0
2026-08-01T09:57:52,Renault,MASTER FOURGON,2,0,0.0
2026-08-01T09:57:52,Renault,Master Fourgon,0,0,0.0
2026-08-01T09:57:52,Renault,Mégane 4,11,0,0.0
2026-08-01T09:57:52,Renault,Mégane 4 Estate,4,0,0.0
2026-08-01T09:57:52,Renault,Mégane E-TECH,7,7,1.0
2026-08-01T09:57:52,Renault,R4,11,11,1.0
2026-08-01T09:57:52,Renault,R5,33,33,1.0
2026-08-01T09:57:52,Renault,Rafale,6,0,0.0
2026-08-01T09:57:52,Renault,Scénic 4,12,0,0.0
2026-08-01T09:57:52,Renault,Scénic E-Tech,9,9,1.0
2026-08-01T09:57:52,Renault,Symbioz,39,0,0.0
2026-08-01T09:57:52,Renault,TWINGO E-TECH ELECTRIQUE,1,1,1.0
2026-08-01T09:57:52,Renault,Talisman,1,0,0.0
2026-08-01T09:57:52,Renault,Trafic,1,0,0.0
2026-08-01T09:57:52,Renault,Twingo 3,18,5,0.2778
2026-08-01T09:57:52,Renault,Zoé,15,15,1.0
2026-08-01T09:57:52,Seat,Arona,12,0,0.0
2026-08-01T09:57:52,Seat,Ateca,10,0,0.0
2026-08-01T09:57:52,Seat,Ibiza,3,0,0.0
2026-08-01T09:57:52,Seat,Leon,3,0,0.0
2026-08-01T09:57:52,Seat,Leon Sportstourer,1,0,0.0
2026-08-01T09:57:52,Skoda,ENYAQ,2,2,1.0
2026-08-01T09:57:52,Skoda,FABIA COMBI,1,0,0.0
2026-08-01T09:57:52,Skoda,Fabia,4,0,0.0
2026-08-01T09:57:52,Skoda,KAMIQ,2,0,0.0
2026-08-01T09:57:52,Skoda,Karoq,4,0,0.0
2026-08-01T09:57:52,Skoda,Octavia Combi,1,0,0.0
2026-08-01T09:57:52,Skoda,Scala,2,0,0.0
2026-08-01T09:57:52,Skoda,Superb Combi,3,0,0.0
2026-08-01T09:57:52,Smart,FORFOUR,2,2,1.0
2026-08-01T09:57:52,Smart,FORTWO,1,0,0.0
2026-08-01T09:57:52,Smart,Fortwo EQ,2,2,1.0
2026-08-01T09:57:52,Ssangyong,Korando,1,1,1.0
2026-08-01T09:57:52,Suzuki,Celerio,1,0,0.0
2026-08-01T09:57:52,Suzuki,SX4 S-Cross,1,0,0.0
2026-08-01T09:57:52,Suzuki,Swift,3,0,0.0
2026-08-01T09:57:52,Suzuki,Vitara,1,0,0.0
2026-08-01T09:57:52,Tesla,MODEL 3,11,11,1.0
2026-08-01T09:57:52,Tesla,MODEL S,1,1,1.0
2026-08-01T09:57:52,Tesla,MODEL X,2,2,1.0
2026-08-01T09:57:52,Tesla,MODEL Y,10,10,1.0
2026-08-01T09:57:52,Toyota,AURIS TOURING SPORTS,1,0,0.0
2026-08-01T09:57:52,Toyota,Auris,1,0,0.0
2026-08-01T09:57:52,Toyota,Aygo,2,0,0.0
2026-08-01T09:57:52,Toyota,Aygo X,7,0,0.0
2026-08-01T09:57:52,Toyota,C-HR,12,0,0.0
2026-08-01T09:57:52,Toyota,Corolla,4,0,0.0
2026-08-01T09:57:52,Toyota,Corolla Cross,1,0,0.0
2026-08-01T09:57:52,Toyota,Corolla Touring Sports,14,0,0.0
2026-08-01T09:57:52,Toyota,RAV 4,3,0,0.0
2026-08-01T09:57:52,Toyota,YARIS CROSS,9,0,0.0
2026-08-01T09:57:52,Toyota,YARIS HYBRIDE,1,0,0.0
2026-08-01T09:57:52,Toyota,Yaris,8,0,0.0
2026-08-01T09:57:52,Toyota,Yaris 3,1,0,0.0
2026-08-01T09:57:52,Toyota,Yaris 4,8,0,0.0
2026-08-01T09:57:52,Toyota,iQ,1,0,0.0
2026-08-01T09:57:52,Volkswagen,Caddy,1,0,0.0
2026-08-01T09:57:52,Volkswagen,Coccinelle,1,0,0.0
2026-08-01T09:57:52,Volkswagen,Golf,5,0,0.0
2026-08-01T09:57:52,Volkswagen,Golf 7,8,1,0.125
2026-08-01T09:57:52,Volkswagen,Golf 8,33,0,0.0
2026-08-01T09:57:52,Volkswagen,Golf 8 SW,4,0,0.0
2026-08-01T09:57:52,Volkswagen,Golf Sportsvan,1,0,0.0
2026-08-01T09:57:52,Volkswagen,ID.3,1,1,1.0
2026-08-01T09:57:52,Volkswagen,ID.4,1,1,1.0
2026-08-01T09:57:52,Volkswagen,ID.5,1,1,1.0
2026-08-01T09:57:52,Volkswagen,Passat,2,0,0.0
2026-08-01T09:57:52,Volkswagen,Passat SW,2,0,0.0
2026-08-01T09:57:52,Volkswagen,Polo,14,0,0.0
2026-08-01T09:57:52,Volkswagen,Sharan,1,0,0.0
2026-08-01T09:57:52,Volkswagen,T-CROSS,18,0,0.0
2026-08-01T09:57:52,Volkswagen,T-Cross,0,0,0.0
2026-08-01T09:57:52,Volkswagen,T-Roc,41,0,0.0
2026-08-01T09:57:52,Volkswagen,T-Roc Cabriolet,1,0,0.0
2026-08-01T09:57:52,Volkswagen,TAIGO,14,0,0.0
2026-08-01T09:57:52,Volkswagen,TIGUAN,0,0,0.0
2026-08-01T09:57:52,Volkswagen,Taigo,0,0,0.0
2026-08-01T09:57:52,Volkswagen,Tayron,6,0,0.0
2026-08-01T09:57:52,Volkswagen,Tiguan,20,0,0.0
2026-08-01T09:57:52,Volkswagen,Tiguan Allspace,2,0,0.0
2026-08-01T09:57:52,Volkswagen,Touran,2,0,0.0
2026-08-01T09:57:52,Volvo,C40,1,1,1.0
2026-08-01T09:57:52,Volvo,EX30,2,2,1.0
2026-08-01T09:57:52,Volvo,V60,1,0,0.0
2026-08-01T09:57:52,Volvo,XC40,11,3,0.2727
2026-08-01T09:57:52,Volvo,XC60,1,0,0.0
2026-08-01T09:57:52,Volvo,XC90,3,0,0.0
2026-08-02T09:55:44,Alfa Romeo,Giulia,1,0,0.0
2026-08-02T09:55:44,Alfa Romeo,Junior,9,6,0.6667
2026-08-02T09:55:44,Alfa Romeo,Stelvio,1,0,0.0
2026-08-02T09:55:44,Alfa Romeo,Tonale,13,0,0.0
2026-08-02T09:55:44,Audi,A1,1,0,0.0
2026-08-02T09:55:44,Audi,A1 Sportback,7,0,0.0
2026-08-02T09:55:44,Audi,A3 Sportback,18,0,0.0
2026-08-02T09:55:44,Audi,A4 Avant,6,0,0.0
2026-08-02T09:55:44,Audi,A6 Avant,1,0,0.0
2026-08-02T09:55:44,Audi,Q2,13,0,0.0
2026-08-02T09:55:44,Audi,Q3,7,0,0.0
2026-08-02T09:55:44,Audi,Q3 Sportback,4,0,0.0
2026-08-02T09:55:44,Audi,Q4 e-tron Sportback,1,1,1.0
2026-08-02T09:55:44,Audi,Q5,3,0,0.0
2026-08-02T09:55:44,Audi,Q5 SPORTBACK,2,0,0.0
2026-08-02T09:55:44,Audi,Q5 Sportback,0,0,0.0
2026-08-02T09:55:44,Audi,e-tron sportback,1,1,1.0
2026-08-02T09:55:44,BMW,I3,1,1,1.0
2026-08-02T09:55:44,BMW,IX,1,1,1.0
2026-08-02T09:55:44,BMW,Série 1,14,0,0.0
2026-08-02T09:55:44,BMW,Série 2 Active Tourer,3,0,0.0
2026-08-02T09:55:44,BMW,Série 2 Gran Coupé,1,0,0.0
2026-08-02T09:55:44,BMW,Série 2 Gran Tourer,1,0,0.0
2026-08-02T09:55:44,BMW,Série 3,1,0,0.0
2026-08-02T09:55:44,BMW,Série 5 Touring,1,0,0.0
2026-08-02T09:55:44,BMW,X1,18,0,0.0
2026-08-02T09:55:44,BMW,X2,4,0,0.0
2026-08-02T09:55:44,BMW,X3,5,0,0.0
2026-08-02T09:55:44,BMW,i4,3,3,1.0
2026-08-02T09:55:44,BMW,iX1,1,1,1.0
2026-08-02T09:55:44,BYD,Atto 2,3,1,0.3333
2026-08-02T09:55:44,BYD,Atto 3,1,1,1.0
2026-08-02T09:55:44,BYD,Dolphin,1,1,1.0
2026-08-02T09:55:44,BYD,SEAL 6 TOURING,4,0,0.0
2026-08-02T09:55:44,BYD,Seal,1,1,1.0
2026-08-02T09:55:44,BYD,Seal 6,3,0,0.0
2026-08-02T09:55:44,BYD,Seal U,1,0,0.0
2026-08-02T09:55:44,Citroën,AMI,3,3,1.0
2026-08-02T09:55:44,Citroën,BERLINGO FOURGON ELECTRIC,1,1,1.0
2026-08-02T09:55:44,Citroën,Berlingo,4,1,0.25
2026-08-02T09:55:44,Citroën,Berlingo Fourgon,1,0,0.0
2026-08-02T09:55:44,Citroën,Berlingo VAN,0,0,0.0
2026-08-02T09:55:44,Citroën,Berlingo Van,3,0,0.0
2026-08-02T09:55:44,Citroën,C1,2,0,0.0
2026-08-02T09:55:44,Citroën,C3,71,9,0.1268
2026-08-02T09:55:44,Citroën,C3 Aircross,41,4,0.0976
2026-08-02T09:55:44,Citroën,C3 Societe,1,0,0.0
2026-08-02T09:55:44,Citroën,C4,46,2,0.0435
2026-08-02T09:55:44,Citroën,C4 Cactus,3,0,0.0
2026-08-02T09:55:44,Citroën,C4 Picasso,4,0,0.0
2026-08-02T09:55:44,Citroën,C4 SPACETOURER,1,0,0.0
2026-08-02T09:55:44,Citroën,C4 Société,1,0,0.0
2026-08-02T09:55:44,Citroën,C4 X,2,1,0.5
2026-08-02T09:55:44,Citroën,C5 Aircross,77,0,0.0
2026-08-02T09:55:44,Citroën,C5 X,6,0,0.0
2026-08-02T09:55:44,Citroën,GRAND C4 SPACETOURER,2,0,0.0
2026-08-02T09:55:44,Citroën,Grand C4 Picasso,1,0,0.0
2026-08-02T09:55:44,Citroën,Grand C4 Spacetourer,0,0,0.0
2026-08-02T09:55:44,Citroën,JUMPY CABINE APPROFONDIE,1,0,0.0
2026-08-02T09:55:44,Citroën,JUMPY FOURGON,2,0,0.0
2026-08-02T09:55:44,Citroën,Jumpy,1,0,0.0
2026-08-02T09:55:44,Cupra,FORMENTOR,21,0,0.0
2026-08-02T09:55:44,Cupra,Leon,1,0,0.0
2026-08-02T09:55:44,Cupra,Terramar,1,0,0.0
2026-08-02T09:55:44,DS,DS 3,1,0,0.0
2026-08-02T09:55:44,DS,DS 3 CROSSBACK,1,1,1.0
2026-08-02T09:55:44,DS,DS3,9,0,0.0
2026-08-02T09:55:44,DS,DS3 CROSSBACK,13,0,0.0
2026-08-02T09:55:44,DS,DS3 Crossback,0,1,0.0
2026-08-02T09:55:44,DS,DS4,17,0,0.0
2026-08-02T09:55:44,DS,DS4 CROSSBACK,1,0,0.0
2026-08-02T09:55:44,DS,DS7,28,0,0.0
2026-08-02T09:55:44,DS,DS7 CROSSBACK,13,0,0.0
2026-08-02T09:55:44,DS,DS7 Crossback,0,0,0.0
2026-08-02T09:55:44,DS,N 4,6,0,0.0
2026-08-02T09:55:44,Dacia,Bigster,38,0,0.0
2026-08-02T09:55:44,Dacia,Duster,49,0,0.0
2026-08-02T09:55:44,Dacia,JOGGER,15,0,0.0
2026-08-02T09:55:44,Dacia,Jogger,0,0,0.0
2026-08-02T09:55:44,Dacia,SPRING,16,16,1.0
2026-08-02T09:55:44,Dacia,Sandero,25,0,0.0
2026-08-02T09:55:44,Fiat,500,20,7,0.35
2026-08-02T09:55:44,Fiat,500 L,1,0,0.0
2026-08-02T09:55:44,Fiat,500C,7,7,1.0
2026-08-02T09:55:44,Fiat,500X,9,0,0.0
2026-08-02T09:55:44,Fiat,500e,2,2,1.0
2026-08-02T09:55:44,Fiat,600,14,2,0.1429
2026-08-02T09:55:44,Fiat,DUCATO FOURGON,1,0,0.0
2026-08-02T09:55:44,Fiat,PANDINA,3,0,0.0
2026-08-02T09:55:44,Fiat,Panda,7,0,0.0
2026-08-02T09:55:44,Fiat,Pandina,0,0,0.0
2026-08-02T09:55:44,Fiat,TIPO Station Wagon,3,0,0.0
2026-08-02T09:55:44,Fiat,Tipo,3,0,0.0
2026-08-02T09:55:44,Fiat,Tipo Cross,2,0,0.0
2026-08-02T09:55:44,Fiat,Tipo Sw,1,0,0.0
2026-08-02T09:55:44,Ford,Ecosport,3,0,0.0
2026-08-02T09:55:44,Ford,Fiesta,9,0,0.0
2026-08-02T09:55:44,Ford,Focus,5,0,0.0
2026-08-02T09:55:44,Ford,Focus SW,4,0,0.0
2026-08-02T09:55:44,Ford,Kuga,6,0,0.0
2026-08-02T09:55:44,Ford,Mondeo,1,0,0.0
2026-08-02T09:55:44,Ford,Mustang MACH-E,1,1,1.0
2026-08-02T09:55:44,Ford,PUMA,15,0,0.0
2026-08-02T09:55:44,Ford,Puma,0,0,0.0
2026-08-02T09:55:44,Ford,TOURNEO COURIER,1,0,0.0
2026-08-02T09:55:44,Ford,TRANSIT CONNECT FGN,1,0,0.0
2026-08-02T09:55:44,Honda,Civic,2,0,0.0
2026-08-02T09:55:44,Honda,Jazz,2,0,0.0
2026-08-02T09:55:44,Hyundai,BAYON,1,0,0.0
2026-08-02T09:55:44,Hyundai,Ioniq,2,2,1.0
2026-08-02T09:55:44,Hyundai,Kona,17,3,0.1765
2026-08-02T09:55:44,Hyundai,Tucson,30,0,0.0
2026-08-02T09:55:44,Hyundai,i10,2,0,0.0
2026-08-02T09:55:44,Hyundai,i20,1,0,0.0
2026-08-02T09:55:44,Hyundai,i20 Coupé,1,0,0.0
2026-08-02T09:55:44,Hyundai,i30,2,0,0.0
2026-08-02T09:55:44,Hyundai,i30 SW,3,0,0.0
2026-08-02T09:55:44,Jaecoo,Jaecoo 7,3,0,0.0
2026-08-02T09:55:44,Jeep,Avenger,18,5,0.2778
2026-08-02T09:55:44,Jeep,Compass,13,0,0.0
2026-08-02T09:55:44,Jeep,Renegade,19,0,0.0
2026-08-02T09:55:44,Kia,Ceed,2,0,0.0
2026-08-02T09:55:44,Kia,Ceed SW,1,0,0.0
2026-08-02T09:55:44,Kia,EV6,3,3,1.0
2026-08-02T09:55:44,Kia,Niro,5,1,0.2
2026-08-02T09:55:44,Kia,Picanto,1,0,0.0
2026-08-02T09:55:44,Kia,ProCeed,5,0,0.0
2026-08-02T09:55:44,Kia,Rio,6,0,0.0
2026-08-02T09:55:44,Kia,Soul,1,1,1.0
2026-08-02T09:55:44,Kia,Sportage,16,0,0.0
2026-08-02T09:55:44,Kia,Stonic,3,0,0.0
2026-08-02T09:55:44,Kia,XCEED,3,0,0.0
2026-08-02T09:55:44,Kia,Xceed,0,0,0.0
2026-08-02T09:55:44,Lexus,LBX,1,0,0.0
2026-08-02T09:55:44,Lexus,UX,2,0,0.0
2026-08-02T09:55:44,Lynk&Co,01,2,0,0.0
2026-08-02T09:55:44,MG,EHS,19,0,0.0
2026-08-02T09:55:44,MG,MARVEL R,2,2,1.0
2026-08-02T09:55:44,MG,MG3,12,0,0.0
2026-08-02T09:55:44,MG,MG4,4,4,1.0
2026-08-02T09:55:44,MG,MG5,1,1,1.0
2026-08-02T09:55:44,MG,MGS5,3,3,1.0
2026-08-02T09:55:44,MG,ZS,9,0,0.0
2026-08-02T09:55:44,Mazda,CX-30,2,0,0.0
2026-08-02T09:55:44,Mazda,CX-5,2,0,0.0
2026-08-02T09:55:44,Mazda,CX-60,1,0,0.0
2026-08-02T09:55:44,Mazda,MX-30,1,1,1.0
2026-08-02T09:55:44,Mazda,MX-30 2020,1,1,1.0
2026-08-02T09:55:44,Mazda,MX-5,1,0,0.0
2026-08-02T09:55:44,Mazda,Mazda 3,1,0,0.0
2026-08-02T09:55:44,Mercedes,CLA,1,0,0.0
2026-08-02T09:55:44,Mercedes,CLA Shooting Brake,2,0,0.0
2026-08-02T09:55:44,Mercedes,CLASSE C BREAK,2,0,0.0
2026-08-02T09:55:44,Mercedes,Classe A,5,0,0.0
2026-08-02T09:55:44,Mercedes,Classe B,3,0,0.0
2026-08-02T09:55:44,Mercedes,Classe C,3,0,0.0
2026-08-02T09:55:44,Mercedes,Classe C coupé,1,0,0.0
2026-08-02T09:55:44,Mercedes,Classe E,1,0,0.0
2026-08-02T09:55:44,Mercedes,Classe E Coupé,1,0,0.0
2026-08-02T09:55:44,Mercedes,GLA,4,0,0.0
2026-08-02T09:55:44,Mini,Clubman,5,0,0.0
2026-08-02T09:55:44,Mini,Countryman,9,0,0.0
2026-08-02T09:55:44,Mini,Mini,8,3,0.375
2026-08-02T09:55:44,Mitsubishi,ASX,1,0,0.0
2026-08-02T09:55:44,Mitsubishi,Outlander,1,0,0.0
2026-08-02T09:55:44,Mitsubishi,Space Star,2,0,0.0
2026-08-02T09:55:44,Nissan,Juke,27,0,0.0
2026-08-02T09:55:44,Nissan,Leaf,2,2,1.0
2026-08-02T09:55:44,Nissan,Micra,3,0,0.0
2026-08-02T09:55:44,Nissan,Qashqai,18,0,0.0
2026-08-02T09:55:44,Nissan,X-Trail,3,0,0.0
2026-08-02T09:55:44,Omoda,5,1,1,1.0
2026-08-02T09:55:44,Opel,ASTRA ELECTRIQUE,1,1,1.0
2026-08-02T09:55:44,Opel,Astra,10,0,0.0
2026-08-02T09:55:44,Opel,Astra Sports Tourer,3,0,0.0
2026-08-02T09:55:44,Opel,Corsa,42,4,0.0952
2026-08-02T09:55:44,Opel,Crossland,6,0,0.0
2026-08-02T09:55:44,Opel,Crossland X,4,0,0.0
2026-08-02T09:55:44,Opel,FRONTERA,5,3,0.6
2026-08-02T09:55:44,Opel,GRANDLAND,6,0,0.0
2026-08-02T09:55:44,Opel,Grandland,0,0,0.0
2026-08-02T09:55:44,Opel,Grandland X,5,0,0.0
2026-08-02T09:55:44,Opel,INSIGNIA GRAND SPORT,1,0,0.0
2026-08-02T09:55:44,Opel,Insignia Sports Tourer,1,0,0.0
2026-08-02T09:55:44,Opel,Mokka,30,14,0.4667
2026-08-02T09:55:44,Opel,Mokka X,1,0,0.0
2026-08-02T09:55:44,Peugeot,107,1,0,0.0
2026-08-02T09:55:44,Peugeot,108,4,0,0.0
2026-08-02T09:55:44,Peugeot,2008,182,39,0.2143
2026-08-02T09:55:44,Peugeot,208,118,25,0.2119
2026-08-02T09:55:44,Peugeot,208 AFFAIRE,3,1,0.3333
2026-08-02T09:55:44,Peugeot,3008,110,4,0.0364
2026-08-02T09:55:44,Peugeot,308,72,6,0.0833
2026-08-02T09:55:44,Peugeot,308 AFFAIRE,2,0,0.0
2026-08-02T09:55:44,Peugeot,308 SW,38,1,0.0263
2026-08-02T09:55:44,Peugeot,408,13,1,0.0769
2026-08-02T09:55:44,Peugeot,5008,47,0,0.0
2026-08-02T09:55:44,Peugeot,508,3,0,0.0
2026-08-02T09:55:44,Peugeot,508 SW,7,0,0.0
2026-08-02T09:55:44,Peugeot,Boxer,1,0,0.0
2026-08-02T09:55:44,Peugeot,Expert Fourgon,2,0,0.0
2026-08-02T09:55:44,Peugeot,Partner Fourgon,1,0,0.0
2026-08-02T09:55:44,Peugeot,Rifter,2,0,0.0
2026-08-02T09:55:44,Polestar,2,1,1,1.0
2026-08-02T09:55:44,Renault,Arkana,20,0,0.0
2026-08-02T09:55:44,Renault,Austral,33,0,0.0
2026-08-02T09:55:44,Renault,Captur,64,0,0.0
2026-08-02T09:55:44,Renault,Clio 4,7,0,0.0
2026-08-02T09:55:44,Renault,Clio 5,64,0,0.0
2026-08-02T09:55:44,Renault,Clio 6,11,0,0.0
2026-08-02T09:55:44,Renault,Espace 5,2,0,0.0
2026-08-02T09:55:44,Renault,Espace 6,2,0,0.0
2026-08-02T09:55:44,Renault,Grand Scenic 3,2,0,0.0
2026-08-02T09:55:44,Renault,Grand Scénic 4,7,0,0.0
2026-08-02T09:55:44,Renault,Kadjar,19,0,0.0
2026-08-02T09:55:44,Renault,Kangoo Express,1,0,0.0
2026-08-02T09:55:44,Renault,Koleos,2,0,0.0
2026-08-02T09:55:44,Renault,MASTER FOURGON,4,0,0.0
2026-08-02T09:55:44,Renault,Master Fourgon,0,0,0.0
2026-08-02T09:55:44,Renault,Mégane 4,10,0,0.0
2026-08-02T09:55:44,Renault,Mégane 4 Estate,4,0,0.0
2026-08-02T09:55:44,Renault,Mégane E-TECH,7,7,1.0
2026-08-02T09:55:44,Renault,R4,11,11,1.0
2026-08-02T09:55:44,Renault,R5,32,32,1.0
2026-08-02T09:55:44,Renault,Rafale,6,0,0.0
2026-08-02T09:55:44,Renault,Scénic 4,12,0,0.0
2026-08-02T09:55:44,Renault,Scénic E-Tech,8,8,1.0
2026-08-02T09:55:44,Renault,Symbioz,39,0,0.0
2026-08-02T09:55:44,Renault,TWINGO E-TECH ELECTRIQUE,1,1,1.0
2026-08-02T09:55:44,Renault,Talisman,1,0,0.0
2026-08-02T09:55:44,Renault,Trafic,1,0,0.0
2026-08-02T09:55:44,Renault,Twingo 3,16,3,0.1875
2026-08-02T09:55:44,Renault,Zoé,15,15,1.0
2026-08-02T09:55:44,Seat,Arona,12,0,0.0
2026-08-02T09:55:44,Seat,Ateca,10,0,0.0
2026-08-02T09:55:44,Seat,Ibiza,3,0,0.0
2026-08-02T09:55:44,Seat,Leon,3,0,0.0
2026-08-02T09:55:44,Seat,Leon Sportstourer,1,0,0.0
2026-08-02T09:55:44,Skoda,ENYAQ,2,2,1.0
2026-08-02T09:55:44,Skoda,FABIA COMBI,1,0,0.0
2026-08-02T09:55:44,Skoda,Fabia,3,0,0.0
2026-08-02T09:55:44,Skoda,KAMIQ,2,0,0.0
2026-08-02T09:55:44,Skoda,Karoq,3,0,0.0
2026-08-02T09:55:44,Skoda,Octavia Combi,1,0,0.0
2026-08-02T09:55:44,Skoda,Scala,2,0,0.0
2026-08-02T09:55:44,Skoda,Superb Combi,3,0,0.0
2026-08-02T09:55:44,Smart,FORFOUR,2,2,1.0
2026-08-02T09:55:44,Smart,FORTWO,1,0,0.0
2026-08-02T09:55:44,Smart,Fortwo EQ,2,2,1.0
2026-08-02T09:55:44,Ssangyong,Korando,1,1,1.0
2026-08-02T09:55:44,Suzuki,Celerio,1,0,0.0
2026-08-02T09:55:44,Suzuki,SX4 S-Cross,1,0,0.0
2026-08-02T09:55:44,Suzuki,Swift,3,0,0.0
2026-08-02T09:55:44,Suzuki,Vitara,1,0,0.0
2026-08-02T09:55:44,Tesla,MODEL 3,10,10,1.0
2026-08-02T09:55:44,Tesla,MODEL S,1,1,1.0
2026-08-02T09:55:44,Tesla,MODEL X,2,2,1.0
2026-08-02T09:55:44,Tesla,MODEL Y,9,9,1.0
2026-08-02T09:55:44,Toyota,AURIS TOURING SPORTS,1,0,0.0
2026-08-02T09:55:44,Toyota,Auris,1,0,0.0
2026-08-02T09:55:44,Toyota,Aygo,2,0,0.0
2026-08-02T09:55:44,Toyota,Aygo X,7,0,0.0
2026-08-02T09:55:44,Toyota,C-HR,12,0,0.0
2026-08-02T09:55:44,Toyota,Corolla,2,0,0.0
2026-08-02T09:55:44,Toyota,Corolla Cross,1,0,0.0
2026-08-02T09:55:44,Toyota,Corolla Touring Sports,15,0,0.0
2026-08-02T09:55:44,Toyota,RAV 4,3,0,0.0
2026-08-02T09:55:44,Toyota,YARIS CROSS,9,0,0.0
2026-08-02T09:55:44,Toyota,YARIS HYBRIDE,1,0,0.0
2026-08-02T09:55:44,Toyota,Yaris,7,0,0.0
2026-08-02T09:55:44,Toyota,Yaris 4,7,0,0.0
2026-08-02T09:55:44,Toyota,iQ,1,0,0.0
2026-08-02T09:55:44,Volkswagen,Caddy,1,0,0.0
2026-08-02T09:55:44,Volkswagen,Coccinelle,1,0,0.0
2026-08-02T09:55:44,Volkswagen,Golf,5,0,0.0
2026-08-02T09:55:44,Volkswagen,Golf 7,8,1,0.125
2026-08-02T09:55:44,Volkswagen,Golf 8,32,0,0.0
2026-08-02T09:55:44,Volkswagen,Golf 8 SW,4,0,0.0
2026-08-02T09:55:44,Volkswagen,Golf Sportsvan,1,0,0.0
2026-08-02T09:55:44,Volkswagen,ID.3,1,1,1.0
2026-08-02T09:55:44,Volkswagen,ID.5,1,1,1.0
2026-08-02T09:55:44,Volkswagen,Passat,2,0,0.0
2026-08-02T09:55:44,Volkswagen,Passat SW,2,0,0.0
2026-08-02T09:55:44,Volkswagen,Polo,14,0,0.0
2026-08-02T09:55:44,Volkswagen,Sharan,1,0,0.0
2026-08-02T09:55:44,Volkswagen,T-CROSS,18,0,0.0
2026-08-02T09:55:44,Volkswagen,T-Cross,0,0,0.0
2026-08-02T09:55:44,Volkswagen,T-Roc,40,0,0.0
2026-08-02T09:55:44,Volkswagen,T-Roc Cabriolet,1,0,0.0
2026-08-02T09:55:44,Volkswagen,TAIGO,13,0,0.0
2026-08-02T09:55:44,Volkswagen,TIGUAN,0,0,0.0
2026-08-02T09:55:44,Volkswagen,Taigo,0,0,0.0
2026-08-02T09:55:44,Volkswagen,Tayron,5,0,0.0
2026-08-02T09:55:44,Volkswagen,Tiguan,20,0,0.0
2026-08-02T09:55:44,Volkswagen,Tiguan Allspace,2,0,0.0
2026-08-02T09:55:44,Volkswagen,Touran,2,0,0.0
2026-08-02T09:55:44,Volvo,C40,1,1,1.0
2026-08-02T09:55:44,Volvo,EX30,2,2,1.0
2026-08-02T09:55:44,Volvo,XC40,11,3,0.2727
2026-08-02T09:55:44,Volvo,XC60,1,0,0.0
2026-08-02T09:55:44,Volvo,XC90,3,0,0.0
2026-08-03T11:21:40,Alfa Romeo,Giulia,1,0,0.0
2026-08-03T11:21:40,Alfa Romeo,Junior,9,6,0.6667
2026-08-03T11:21:40,Alfa Romeo,Stelvio,1,0,0.0
2026-08-03T11:21:40,Alfa Romeo,Tonale,13,0,0.0
2026-08-03T11:21:40,Audi,A1,1,0,0.0
2026-08-03T11:21:40,Audi,A1 Sportback,7,0,0.0
2026-08-03T11:21:40,Audi,A3 Sportback,20,0,0.0
2026-08-03T11:21:40,Audi,A4 Avant,6,0,0.0
2026-08-03T11:21:40,Audi,A6 Avant,1,0,0.0
2026-08-03T11:21:40,Audi,Q2,13,0,0.0
2026-08-03T11:21:40,Audi,Q3,7,0,0.0
2026-08-03T11:21:40,Audi,Q3 Sportback,4,0,0.0
2026-08-03T11:21:40,Audi,Q4 e-tron Sportback,1,0,0.0
2026-08-03T11:21:40,Audi,Q5,3,0,0.0
2026-08-03T11:21:40,Audi,Q5 SPORTBACK,2,0,0.0
2026-08-03T11:21:40,Audi,e-tron sportback,1,0,0.0
2026-08-03T11:21:40,BMW,I3,1,1,1.0
2026-08-03T11:21:40,BMW,IX,1,1,1.0
2026-08-03T11:21:40,BMW,Série 1,12,0,0.0
2026-08-03T11:21:40,BMW,Série 2 Active Tourer,3,0,0.0
2026-08-03T11:21:40,BMW,Série 2 Gran Coupé,1,0,0.0
2026-08-03T11:21:40,BMW,Série 2 Gran Tourer,1,0,0.0
2026-08-03T11:21:40,BMW,Série 3,1,0,0.0
2026-08-03T11:21:40,BMW,Série 5 Touring,1,0,0.0
2026-08-03T11:21:40,BMW,X1,18,0,0.0
2026-08-03T11:21:40,BMW,X2,4,0,0.0
2026-08-03T11:21:40,BMW,X3,4,0,0.0
2026-08-03T11:21:40,BMW,i4,3,3,1.0
2026-08-03T11:21:40,BMW,iX1,1,1,1.0
2026-08-03T11:21:40,BYD,Atto 2,3,1,0.3333
2026-08-03T11:21:40,BYD,Atto 3,1,1,1.0
2026-08-03T11:21:40,BYD,DOLPHIN SURF,1,1,1.0
2026-08-03T11:21:40,BYD,Dolphin,1,1,1.0
2026-08-03T11:21:40,BYD,SEAL 6 TOURING,4,0,0.0
2026-08-03T11:21:40,BYD,Seal,1,1,1.0
2026-08-03T11:21:40,BYD,Seal 6,3,0,0.0
2026-08-03T11:21:40,BYD,Seal U,1,0,0.0
2026-08-03T11:21:40,BYD,Sealion 7,2,2,1.0
2026-08-03T11:21:40,Citroën,AMI,3,3,1.0
2026-08-03T11:21:40,Citroën,BERLINGO FOURGON ELECTRIC,1,1,1.0
2026-08-03T11:21:40,Citroën,Berlingo,5,2,0.4
2026-08-03T11:21:40,Citroën,Berlingo Fourgon,1,0,0.0
2026-08-03T11:21:40,Citroën,Berlingo VAN,0,0,0.0
2026-08-03T11:21:40,Citroën,Berlingo Van,3,0,0.0
2026-08-03T11:21:40,Citroën,C1,2,0,0.0
2026-08-03T11:21:40,Citroën,C3,74,10,0.1351
2026-08-03T11:21:40,Citroën,C3 Aircross,40,4,0.1
2026-08-03T11:21:40,Citroën,C3 Societe,1,0,0.0
2026-08-03T11:21:40,Citroën,C4,44,1,0.0227
2026-08-03T11:21:40,Citroën,C4 Cactus,3,0,0.0
2026-08-03T11:21:40,Citroën,C4 Picasso,3,0,0.0
2026-08-03T11:21:40,Citroën,C4 SPACETOURER,1,0,0.0
2026-08-03T11:21:40,Citroën,C4 Société,1,0,0.0
2026-08-03T11:21:40,Citroën,C4 X,2,1,0.5
2026-08-03T11:21:40,Citroën,C5 Aircross,79,0,0.0
2026-08-03T11:21:40,Citroën,C5 X,6,0,0.0
2026-08-03T11:21:40,Citroën,GRAND C4 SPACETOURER,3,0,0.0
2026-08-03T11:21:40,Citroën,Grand C4 Picasso,1,0,0.0
2026-08-03T11:21:40,Citroën,Grand C4 Spacetourer,0,0,0.0
2026-08-03T11:21:40,Citroën,JUMPY CABINE APPROFONDIE,1,0,0.0
2026-08-03T11:21:40,Citroën,JUMPY FOURGON,2,0,0.0
2026-08-03T11:21:40,Citroën,Jumpy,1,0,0.0
2026-08-03T11:21:40,Cupra,FORMENTOR,21,0,0.0
2026-08-03T11:21:40,Cupra,Leon,1,0,0.0
2026-08-03T11:21:40,Cupra,Terramar,1,0,0.0
2026-08-03T11:21:40,DS,DS 3,1,0,0.0
2026-08-03T11:21:40,DS,DS 3 CROSSBACK,1,1,1.0
2026-08-03T11:21:40,DS,DS3,5,0,0.0
2026-08-03T11:21:40,DS,DS3 CROSSBACK,11,0,0.0
2026-08-03T11:21:40,DS,DS3 Crossback,0,1,0.0
2026-08-03T11:21:40,DS,DS4,16,0,0.0
2026-08-03T11:21:40,DS,DS4 CROSSBACK,1,0,0.0
2026-08-03T11:21:40,DS,DS7,29,0,0.0
2026-08-03T11:21:40,DS,DS7 CROSSBACK,13,0,0.0
2026-08-03T11:21:40,DS,DS7 Crossback,0,0,0.0
2026-08-03T11:21:40,DS,N 4,6,0,0.0
2026-08-03T11:21:40,Dacia,Bigster,35,0,0.0
2026-08-03T11:21:40,Dacia,Duster,48,0,0.0
2026-08-03T11:21:40,Dacia,JOGGER,15,0,0.0
2026-08-03T11:21:40,Dacia,Jogger,0,0,0.0
2026-08-03T11:21:40,Dacia,SPRING,15,15,1.0
2026-08-03T11:21:40,Dacia,Sandero,25,0,0.0
2026-08-03T11:21:40,Fiat,500,19,6,0.3158
2026-08-03T11:21:40,Fiat,500 L,1,0,0.0
2026-08-03T11:21:40,Fiat,500C,7,7,1.0
2026-08-03T11:21:40,Fiat,500X,9,0,0.0
2026-08-03T11:21:40,Fiat,500e,2,2,1.0
2026-08-03T11:21:40,Fiat,600,15,2,0.1333
2026-08-03T11:21:40,Fiat,DUCATO FOURGON,1,0,0.0
2026-08-03T11:21:40,Fiat,PANDINA,3,0,0.0
2026-08-03T11:21:40,Fiat,Panda,7,0,0.0
2026-08-03T11:21:40,Fiat,Pandina,0,0,0.0
2026-08-03T11:21:40,Fiat,TIPO Station Wagon,3,0,0.0
2026-08-03T11:21:40,Fiat,Tipo,3,0,0.0
2026-08-03T11:21:40,Fiat,Tipo Cross,2,0,0.0
2026-08-03T11:21:40,Fiat,Tipo Sw,1,0,0.0
2026-08-03T11:21:40,Ford,Ecosport,3,0,0.0
2026-08-03T11:21:40,Ford,Fiesta,10,0,0.0
2026-08-03T11:21:40,Ford,Focus,5,0,0.0
2026-08-03T11:21:40,Ford,Focus SW,4,0,0.0
2026-08-03T11:21:40,Ford,Kuga,6,0,0.0
2026-08-03T11:21:40,Ford,Mondeo,1,0,0.0
2026-08-03T11:21:40,Ford,Mustang MACH-E,1,1,1.0
2026-08-03T11:21:40,Ford,PUMA,14,0,0.0
2026-08-03T11:21:40,Ford,Puma,0,0,0.0
2026-08-03T11:21:40,Ford,TOURNEO COURIER,1,0,0.0
2026-08-03T11:21:40,Ford,TRANSIT CONNECT FGN,1,0,0.0
2026-08-03T11:21:40,Honda,Civic,2,0,0.0
2026-08-03T11:21:40,Honda,HR-V,1,0,0.0
2026-08-03T11:21:40,Honda,Jazz,2,0,0.0
2026-08-03T11:21:40,Hyundai,BAYON,1,0,0.0
2026-08-03T11:21:40,Hyundai,Ioniq,2,2,1.0
2026-08-03T11:21:40,Hyundai,Ioniq 5,1,1,1.0
2026-08-03T11:21:40,Hyundai,Kona,17,3,0.1765
2026-08-03T11:21:40,Hyundai,Tucson,30,0,0.0
2026-08-03T11:21:40,Hyundai,i10,2,0,0.0
2026-08-03T11:21:40,Hyundai,i20,1,0,0.0
2026-08-03T11:21:40,Hyundai,i20 Coupé,1,0,0.0
2026-08-03T11:21:40,Hyundai,i30,2,0,0.0
2026-08-03T11:21:40,Hyundai,i30 SW,3,0,0.0
2026-08-03T11:21:40,Jaecoo,Jaecoo 7,3,0,0.0
2026-08-03T11:21:40,Jeep,Avenger,18,4,0.2222
2026-08-03T11:21:40,Jeep,Compass,13,0,0.0
2026-08-03T11:21:40,Jeep,Renegade,17,0,0.0
2026-08-03T11:21:40,Kia,Ceed,2,0,0.0
2026-08-03T11:21:40,Kia,Ceed SW,1,0,0.0
2026-08-03T11:21:40,Kia,EV6,3,3,1.0
2026-08-03T11:21:40,Kia,Niro,4,0,0.0
2026-08-03T11:21:40,Kia,Picanto,2,0,0.0
2026-08-03T11:21:40,Kia,ProCeed,5,0,0.0
2026-08-03T11:21:40,Kia,Rio,6,0,0.0
2026-08-03T11:21:40,Kia,Soul,1,1,1.0
2026-08-03T11:21:40,Kia,Sportage,15,0,0.0
2026-08-03T11:21:40,Kia,Stonic,3,0,0.0
2026-08-03T11:21:40,Kia,XCEED,4,0,0.0
2026-08-03T11:21:40,Kia,Xceed,0,0,0.0
2026-08-03T11:21:40,Lexus,LBX,1,0,0.0
2026-08-03T11:21:40,Lexus,UX,2,0,0.0
2026-08-03T11:21:40,Lynk&Co,01,2,0,0.0
2026-08-03T11:21:40,MG,EHS,17,0,0.0
2026-08-03T11:21:40,MG,MARVEL R,1,1,1.0
2026-08-03T11:21:40,MG,MG3,11,0,0.0
2026-08-03T11:21:40,MG,MG4,4,4,1.0
2026-08-03T11:21:40,MG,MG5,1,1,1.0
2026-08-03T11:21:40,MG,MGS5,3,3,1.0
2026-08-03T11:21:40,MG,ZS,10,0,0.0
2026-08-03T11:21:40,Mazda,CX-30,2,0,0.0
2026-08-03T11:21:40,Mazda,CX-5,2,0,0.0
2026-08-03T11:21:40,Mazda,CX-60,1,0,0.0
2026-08-03T11:21:40,Mazda,MX-30,1,1,1.0
2026-08-03T11:21:40,Mazda,MX-30 2020,1,1,1.0
2026-08-03T11:21:40,Mazda,MX-5,1,0,0.0
2026-08-03T11:21:40,Mazda,Mazda 3,1,0,0.0
2026-08-03T11:21:40,Mercedes,CLA,1,0,0.0
2026-08-03T11:21:40,Mercedes,CLA Shooting Brake,2,0,0.0
2026-08-03T11:21:40,Mercedes,CLASSE C BREAK,2,0,0.0
2026-08-03T11:21:40,Mercedes,Classe A,6,0,0.0
2026-08-03T11:21:40,Mercedes,Classe B,3,0,0.0
2026-08-03T11:21:40,Mercedes,Classe C,3,0,0.0
2026-08-03T11:21:40,Mercedes,Classe C coupé,1,0,0.0
2026-08-03T11:21:40,Mercedes,Classe E,1,0,0.0
2026-08-03T11:21:40,Mercedes,Classe E Coupé,1,0,0.0
2026-08-03T11:21:40,Mercedes,GLA,5,0,0.0
2026-08-03T11:21:40,Mercedes,GLC,1,0,0.0
2026-08-03T11:21:40,Mini,Clubman,5,0,0.0
2026-08-03T11:21:40,Mini,Countryman,9,0,0.0
2026-08-03T11:21:40,Mini,Mini,8,3,0.375
2026-08-03T11:21:40,Mitsubishi,ASX,1,0,0.0
2026-08-03T11:21:40,Mitsubishi,Outlander,1,0,0.0
2026-08-03T11:21:40,Mitsubishi,Space Star,2,0,0.0
2026-08-03T11:21:40,Nissan,Juke,27,0,0.0
2026-08-03T11:21:40,Nissan,Leaf,1,1,1.0
2026-08-03T11:21:40,Nissan,Micra,2,0,0.0
2026-08-03T11:21:40,Nissan,Qashqai,17,0,0.0
2026-08-03T11:21:40,Nissan,X-Trail,3,0,0.0
2026-08-03T11:21:40,Omoda,5,1,1,1.0
2026-08-03T11:21:40,Opel,ASTRA ELECTRIQUE,1,1,1.0
2026-08-03T11:21:40,Opel,Astra,10,0,0.0
2026-08-03T11:21:40,Opel,Astra Sports Tourer,3,0,0.0
2026-08-03T11:21:40,Opel,Corsa,42,4,0.0952
2026-08-03T11:21:40,Opel,Crossland,5,0,0.0
2026-08-03T11:21:40,Opel,Crossland X,4,0,0.0
2026-08-03T11:21:40,Opel,FRONTERA,5,3,0.6
2026-08-03T11:21:40,Opel,GRANDLAND,6,0,0.0
2026-08-03T11:21:40,Opel,Grandland,0,0,0.0
2026-08-03T11:21:40,Opel,Grandland X,4,0,0.0
2026-08-03T11:21:40,Opel,INSIGNIA GRAND SPORT,1,0,0.0
2026-08-03T11:21:40,Opel,Insignia Sports Tourer,1,0,0.0
2026-08-03T11:21:40,Opel,Mokka,33,14,0.4242
2026-08-03T11:21:40,Opel,Mokka X,1,0,0.0
2026-08-03T11:21:40,Peugeot,107,1,0,0.0
2026-08-03T11:21:40,Peugeot,108,5,0,0.0
2026-08-03T11:21:40,Peugeot,2008,179,38,0.2123
2026-08-03T11:21:40,Peugeot,208,118,26,0.2203
2026-08-03T11:21:40,Peugeot,208 AFFAIRE,3,1,0.3333
2026-08-03T11:21:40,Peugeot,3008,108,4,0.037
2026-08-03T11:21:40,Peugeot,308,75,6,0.08
2026-08-03T11:21:40,Peugeot,308 AFFAIRE,2,0,0.0
2026-08-03T11:21:40,Peugeot,308 SW,37,1,0.027
2026-08-03T11:21:40,Peugeot,407 Berline,1,0,0.0
2026-08-03T11:21:40,Peugeot,408,11,1,0.0909
2026-08-03T11:21:40,Peugeot,5008,48,0,0.0
2026-08-03T11:21:40,Peugeot,508,4,0,0.0
2026-08-03T11:21:40,Peugeot,508 SW,8,0,0.0
2026-08-03T11:21:40,Peugeot,Boxer,1,0,0.0
2026-08-03T11:21:40,Peugeot,Expert Fourgon,1,0,0.0
2026-08-03T11:21:40,Peugeot,Partner Fourgon,2,0,0.0
2026-08-03T11:21:40,Peugeot,Rifter,2,0,0.0
2026-08-03T11:21:40,Peugeot,e-2008,1,1,1.0
2026-08-03T11:21:40,Renault,Arkana,20,0,0.0
2026-08-03T11:21:40,Renault,Austral,33,0,0.0
2026-08-03T11:21:40,Renault,Captur,64,0,0.0
2026-08-03T11:21:40,Renault,Clio 4,8,0,0.0
2026-08-03T11:21:40,Renault,Clio 5,66,0,0.0
2026-08-03T11:21:40,Renault,Clio 6,11,0,0.0
2026-08-03T11:21:40,Renault,Espace 5,3,0,0.0
2026-08-03T11:21:40,Renault,Espace 6,2,0,0.0
2026-08-03T11:21:40,Renault,Grand Scenic 3,1,0,0.0
2026-08-03T11:21:40,Renault,Grand Scénic 4,7,0,0.0
2026-08-03T11:21:40,Renault,Kadjar,19,0,0.0
2026-08-03T11:21:40,Renault,Koleos,2,0,0.0
2026-08-03T11:21:40,Renault,MASTER FOURGON,3,0,0.0
2026-08-03T11:21:40,Renault,Master Fourgon,0,0,0.0
2026-08-03T11:21:40,Renault,Mégane 4,11,0,0.0
2026-08-03T11:21:40,Renault,Mégane 4 Estate,5,0,0.0
2026-08-03T11:21:40,Renault,Mégane E-TECH,8,8,1.0
2026-08-03T11:21:40,Renault,R4,9,9,1.0
2026-08-03T11:21:40,Renault,R5,32,32,1.0
2026-08-03T11:21:40,Renault,Rafale,6,0,0.0
2026-08-03T11:21:40,Renault,Scénic 4,13,0,0.0
2026-08-03T11:21:40,Renault,Scénic E-Tech,8,8,1.0
2026-08-03T11:21:40,Renault,Symbioz,38,0,0.0
2026-08-03T11:21:40,Renault,TWINGO E-TECH ELECTRIQUE,1,1,1.0
2026-08-03T11:21:40,Renault,Talisman,1,0,0.0
2026-08-03T11:21:40,Renault,Trafic,1,0,0.0
2026-08-03T11:21:40,Renault,Twingo 3,17,3,0.1765
2026-08-03T11:21:40,Renault,Zoé,17,17,1.0
2026-08-03T11:21:40,Seat,Arona,13,0,0.0
2026-08-03T11:21:40,Seat,Ateca,9,0,0.0
2026-08-03T11:21:40,Seat,Ibiza,3,0,0.0
2026-08-03T11:21:40,Seat,Leon,3,0,0.0
2026-08-03T11:21:40,Seat,Leon Sportstourer,1,0,0.0
2026-08-03T11:21:40,Skoda,ENYAQ,2,2,1.0
2026-08-03T11:21:40,Skoda,FABIA COMBI,1,0,0.0
2026-08-03T11:21:40,Skoda,Fabia,3,0,0.0
2026-08-03T11:21:40,Skoda,KAMIQ,2,0,0.0
2026-08-03T11:21:40,Skoda,Karoq,3,0,0.0
2026-08-03T11:21:40,Skoda,OCTAVIA COMBI,2,0,0.0
2026-08-03T11:21:40,Skoda,Octavia Combi,0,0,0.0
2026-08-03T11:21:40,Skoda,Scala,1,0,0.0
2026-08-03T11:21:40,Skoda,Superb Combi,3,0,0.0
2026-08-03T11:21:40,Smart,FORFOUR,2,2,1.0
2026-08-03T11:21:40,Smart,FORTWO,1,0,0.0
2026-08-03T11:21:40,Smart,Fortwo EQ,2,2,1.0
2026-08-03T11:21:40,Ssangyong,Korando,1,1,1.0
2026-08-03T11:21:40,Suzuki,Celerio,1,0,0.0
2026-08-03T11:21:40,Suzuki,SX4 S-Cross,1,0,0.0
2026-08-03T11:21:40,Suzuki,Swift,2,0,0.0
2026-08-03T11:21:40,Suzuki,Vitara,1,0,0.0
2026-08-03T11:21:40,Tesla,MODEL 3,11,11,1.0
2026-08-03T11:21:40,Tesla,MODEL S,1,1,1.0
2026-08-03T11:21:40,Tesla,MODEL X,2,2,1.0
2026-08-03T11:21:40,Tesla,MODEL Y,9,9,1.0
2026-08-03T11:21:40,Toyota,Auris,1,0,0.0
2026-08-03T11:21:40,Toyota,Aygo,2,0,0.0
2026-08-03T11:21:40,Toyota,Aygo X,8,0,0.0
2026-08-03T11:21:40,Toyota,C-HR,12,0,0.0
2026-08-03T11:21:40,Toyota,Corolla,2,0,0.0
2026-08-03T11:21:40,Toyota,Corolla Cross,1,0,0.0
2026-08-03T11:21:40,Toyota,Corolla Touring Sports,14,0,0.0
2026-08-03T11:21:40,Toyota,RAV 4,3,0,0.0
2026-08-03T11:21:40,Toyota,YARIS CROSS,8,0,0.0
2026-08-03T11:21:40,Toyota,YARIS HYBRIDE,1,0,0.0
2026-08-03T11:21:40,Toyota,Yaris,7,0,0.0
2026-08-03T11:21:40,Toyota,Yaris 4,8,0,0.0
2026-08-03T11:21:40,Toyota,iQ,1,0,0.0
2026-08-03T11:21:40,Volkswagen,Caddy,1,0,0.0
2026-08-03T11:21:40,Volkswagen,Coccinelle,1,0,0.0
2026-08-03T11:21:40,Volkswagen,Golf,6,0,0.0
2026-08-03T11:21:40,Volkswagen,Golf 7,8,1,0.125
2026-08-03T11:21:40,Volkswagen,Golf 8,27,0,0.0
2026-08-03T11:21:40,Volkswagen,Golf 8 SW,5,0,0.0
2026-08-03T11:21:40,Volkswagen,Golf SW,1,0,0.0
2026-08-03T11:21:40,Volkswagen,Golf Sportsvan,2,0,0.0
2026-08-03T11:21:40,Volkswagen,ID.3,1,1,1.0
2026-08-03T11:21:40,Volkswagen,ID.5,1,1,1.0
2026-08-03T11:21:40,Volkswagen,Passat,2,0,0.0
2026-08-03T11:21:40,Volkswagen,Passat SW,2,0,0.0
2026-08-03T11:21:40,Volkswagen,Polo,15,0,0.0
2026-08-03T11:21:40,Volkswagen,Sharan,1,0,0.0
2026-08-03T11:21:40,Volkswagen,T-CROSS,17,0,0.0
2026-08-03T11:21:40,Volkswagen,T-Cross,0,0,0.0
2026-08-03T11:21:40,Volkswagen,T-Roc,41,0,0.0
2026-08-03T11:21:40,Volkswagen,T-Roc Cabriolet,1,0,0.0
2026-08-03T11:21:40,Volkswagen,TAIGO,13,0,0.0
2026-08-03T11:21:40,Volkswagen,TIGUAN,0,0,0.0
2026-08-03T11:21:40,Volkswagen,Taigo,0,0,0.0
2026-08-03T11:21:40,Volkswagen,Tayron,5,0,0.0
2026-08-03T11:21:40,Volkswagen,Tiguan,20,0,0.0
2026-08-03T11:21:40,Volkswagen,Tiguan Allspace,2,0,0.0
2026-08-03T11:21:40,Volkswagen,Touran,2,0,0.0
2026-08-03T11:21:40,Volvo,C40,1,1,1.0
2026-08-03T11:21:40,Volvo,EX30,2,2,1.0
2026-08-03T11:21:40,Volvo,XC40,12,3,0.25
2026-08-03T11:21:40,Volvo,XC60,1,0,0.0
2026-08-03T11:21:40,Volvo,XC90,3,0,0.0
2026-08-04T10:37:58,Alfa Romeo,Junior,8,6,0.75
2026-08-04T10:37:58,Alfa Romeo,Tonale,13,0,0.0
2026-08-04T10:37:58,Audi,A1,1,0,0.0
2026-08-04T10:37:58,Audi,A1 Sportback,6,0,0.0
2026-08-04T10:37:58,Audi,A3 Sportback,19,0,0.0
2026-08-04T10:37:58,Audi,A4 Avant,6,0,0.0
2026-08-04T10:37:58,Audi,A5 Sportback,1,0,0.0
2026-08-04T10:37:58,Audi,A6 Avant,1,0,0.0
2026-08-04T10:37:58,Audi,Q2,15,0,0.0
2026-08-04T10:37:58,Audi,Q3,7,0,0.0
2026-08-04T10:37:58,Audi,Q3 Sportback,4,0,0.0
2026-08-04T10:37:58,Audi,Q4 e-tron Sportback,1,1,1.0
2026-08-04T10:37:58,Audi,Q5,3,0,0.0
2026-08-04T10:37:58,Audi,Q5 SPORTBACK,2,0,0.0
2026-08-04T10:37:58,Audi,Q5 Sportback,0,0,0.0
2026-08-04T10:37:58,Audi,e-tron sportback,1,1,1.0
2026-08-04T10:37:58,BMW,I3,1,1,1.0
2026-08-04T10:37:58,BMW,IX,1,1,1.0
2026-08-04T10:37:58,BMW,Série 1,12,0,0.0
2026-08-04T10:37:58,BMW,Série 2 Active Tourer,3,0,0.0
2026-08-04T10:37:58,BMW,Série 2 Gran Coupé,1,0,0.0
2026-08-04T10:37:58,BMW,Série 2 Gran Tourer,1,0,0.0
2026-08-04T10:37:58,BMW,Série 3,2,0,0.0
2026-08-04T10:37:58,BMW,Série 5 Touring,1,0,0.0
2026-08-04T10:37:58,BMW,X1,18,0,0.0
2026-08-04T10:37:58,BMW,X2,4,0,0.0
2026-08-04T10:37:58,BMW,X3,4,0,0.0
2026-08-04T10:37:58,BMW,i4,3,3,1.0
2026-08-04T10:37:58,BMW,iX1,1,1,1.0
2026-08-04T10:37:58,BYD,Atto 2,3,1,0.3333
2026-08-04T10:37:58,BYD,Atto 3,1,1,1.0
2026-08-04T10:37:58,BYD,DOLPHIN SURF,1,1,1.0
2026-08-04T10:37:58,BYD,Dolphin,1,1,1.0
2026-08-04T10:37:58,BYD,SEAL 6 TOURING,3,0,0.0
2026-08-04T10:37:58,BYD,Seal 6,3,0,0.0
2026-08-04T10:37:58,BYD,Seal U,1,0,0.0
2026-08-04T10:37:58,BYD,Sealion 7,1,1,1.0
2026-08-04T10:37:58,Citroën,AMI,3,3,1.0
2026-08-04T10:37:58,Citroën,BERLINGO FOURGON ELECTRIC,1,1,1.0
2026-08-04T10:37:58,Citroën,Berlingo,6,2,0.3333
2026-08-04T10:37:58,Citroën,Berlingo Fourgon,1,0,0.0
2026-08-04T10:37:58,Citroën,Berlingo VAN,0,0,0.0
2026-08-04T10:37:58,Citroën,Berlingo Van,3,0,0.0
2026-08-04T10:37:58,Citroën,C1,2,0,0.0
2026-08-04T10:37:58,Citroën,C3,72,11,0.1528
2026-08-04T10:37:58,Citroën,C3 Aircross,44,4,0.0909
2026-08-04T10:37:58,Citroën,C3 Societe,1,0,0.0
2026-08-04T10:37:58,Citroën,C4,46,1,0.0217
2026-08-04T10:37:58,Citroën,C4 Cactus,4,0,0.0
2026-08-04T10:37:58,Citroën,C4 Picasso,4,0,0.0
2026-08-04T10:37:58,Citroën,C4 SPACETOURER,1,0,0.0
2026-08-04T10:37:58,Citroën,C4 Société,1,0,0.0
2026-08-04T10:37:58,Citroën,C4 X,2,1,0.5
2026-08-04T10:37:58,Citroën,C5 Aircross,75,0,0.0
2026-08-04T10:37:58,Citroën,C5 X,6,0,0.0
2026-08-04T10:37:58,Citroën,E-C4,1,1,1.0
2026-08-04T10:37:58,Citroën,E-C4 X,2,2,1.0
2026-08-04T10:37:58,Citroën,GRAND C4 SPACETOURER,3,0,0.0
2026-08-04T10:37:58,Citroën,JUMPY CABINE APPROFONDIE,1,0,0.0
2026-08-04T10:37:58,Citroën,JUMPY FOURGON,2,0,0.0
2026-08-04T10:37:58,Citroën,Jumpy,1,0,0.0
2026-08-04T10:37:58,Cupra,FORMENTOR,21,0,0.0
2026-08-04T10:37:58,Cupra,Leon,2,0,0.0
2026-08-04T10:37:58,Cupra,Terramar,1,0,0.0
2026-08-04T10:37:58,DS,DS 3,1,0,0.0
2026-08-04T10:37:58,DS,DS 3 CROSSBACK,1,1,1.0
2026-08-04T10:37:58,DS,DS3,4,0,0.0
2026-08-04T10:37:58,DS,DS3 CROSSBACK,10,0,0.0
2026-08-04T10:37:58,DS,DS3 Crossback,0,1,0.0
2026-08-04T10:37:58,DS,DS4,17,0,0.0
2026-08-04T10:37:58,DS,DS4 CROSSBACK,0,0,0.0
2026-08-04T10:37:58,DS,DS7,30,0,0.0
2026-08-04T10:37:58,DS,DS7 CROSSBACK,14,0,0.0
2026-08-04T10:37:58,DS,DS7 Crossback,0,0,0.0
2026-08-04T10:37:58,DS,N 4,5,0,0.0
2026-08-04T10:37:58,Dacia,Bigster,34,0,0.0
2026-08-04T10:37:58,Dacia,Duster,47,0,0.0
2026-08-04T10:37:58,Dacia,JOGGER,13,0,0.0
2026-08-04T10:37:58,Dacia,Jogger,0,0,0.0
2026-08-04T10:37:58,Dacia,SPRING,16,16,1.0
2026-08-04T10:37:58,Dacia,Sandero,25,0,0.0
2026-08-04T10:37:58,Fiat,500,20,6,0.3
2026-08-04T10:37:58,Fiat,500 L,1,0,0.0
2026-08-04T10:37:58,Fiat,500C,6,6,1.0
2026-08-04T10:37:58,Fiat,500X,10,0,0.0
2026-08-04T10:37:58,Fiat,500e,2,2,1.0
2026-08-04T10:37:58,Fiat,600,15,2,0.1333
2026-08-04T10:37:58,Fiat,DUCATO FOURGON,1,0,0.0
2026-08-04T10:37:58,Fiat,PANDINA,2,0,0.0
2026-08-04T10:37:58,Fiat,Panda,7,0,0.0
2026-08-04T10:37:58,Fiat,TIPO Station Wagon,3,0,0.0
2026-08-04T10:37:58,Fiat,Tipo,3,0,0.0
2026-08-04T10:37:58,Fiat,Tipo Cross,1,0,0.0
2026-08-04T10:37:58,Fiat,Tipo Sw,1,0,0.0
2026-08-04T10:37:58,Ford,Ecosport,3,0,0.0
2026-08-04T10:37:58,Ford,Fiesta,10,0,0.0
2026-08-04T10:37:58,Ford,Focus,4,0,0.0
2026-08-04T10:37:58,Ford,Focus SW,2,0,0.0
2026-08-04T10:37:58,Ford,Kuga,5,0,0.0
2026-08-04T10:37:58,Ford,Mondeo,1,0,0.0
2026-08-04T10:37:58,Ford,Mustang MACH-E,1,1,1.0
2026-08-04T10:37:58,Ford,PUMA,16,0,0.0
2026-08-04T10:37:58,Ford,Puma,0,0,0.0
2026-08-04T10:37:58,Ford,TOURNEO COURIER,1,0,0.0
2026-08-04T10:37:58,Ford,TRANSIT CONNECT FGN,1,0,0.0
2026-08-04T10:37:58,Honda,Civic,2,0,0.0
2026-08-04T10:37:58,Honda,HR-V,1,0,0.0
2026-08-04T10:37:58,Honda,Jazz,2,0,0.0
2026-08-04T10:37:58,Hyundai,BAYON,1,0,0.0
2026-08-04T10:37:58,Hyundai,Ioniq,2,2,1.0
2026-08-04T10:37:58,Hyundai,Ioniq 5,1,1,1.0
2026-08-04T10:37:58,Hyundai,Kona,16,2,0.125
2026-08-04T10:37:58,Hyundai,Tucson,32,0,0.0
2026-08-04T10:37:58,Hyundai,i10,2,0,0.0
2026-08-04T10:37:58,Hyundai,i20,1,0,0.0
2026-08-04T10:37:58,Hyundai,i20 Coupé,1,0,0.0
2026-08-04T10:37:58,Hyundai,i30,2,0,0.0
2026-08-04T10:37:58,Hyundai,i30 SW,2,0,0.0
2026-08-04T10:37:58,Jaecoo,Jaecoo 7,3,0,0.0
2026-08-04T10:37:58,Jaguar,I-Pace,1,1,1.0
2026-08-04T10:37:58,Jeep,Avenger,17,3,0.1765
2026-08-04T10:37:58,Jeep,Compass,12,0,0.0
2026-08-04T10:37:58,Jeep,Renegade,14,0,0.0
2026-08-04T10:37:58,Kia,Ceed,2,0,0.0
2026-08-04T10:37:58,Kia,Ceed SW,1,0,0.0
2026-08-04T10:37:58,Kia,EV6,3,3,1.0
2026-08-04T10:37:58,Kia,Niro,6,1,0.1667
2026-08-04T10:37:58,Kia,Picanto,2,0,0.0
2026-08-04T10:37:58,Kia,ProCeed,5,0,0.0
2026-08-04T10:37:58,Kia,Rio,6,0,0.0
2026-08-04T10:37:58,Kia,Soul,1,1,1.0
2026-08-04T10:37:58,Kia,Sportage,15,0,0.0
2026-08-04T10:37:58,Kia,Stonic,3,0,0.0
2026-08-04T10:37:58,Kia,XCEED,2,0,0.0
2026-08-04T10:37:58,Lexus,LBX,1,0,0.0
2026-08-04T10:37:58,Lexus,UX,2,0,0.0
2026-08-04T10:37:58,Lynk&Co,01,2,0,0.0
2026-08-04T10:37:58,MG,EHS,16,0,0.0
2026-08-04T10:37:58,MG,MARVEL R,1,1,1.0
2026-08-04T10:37:58,MG,MG3,12,0,0.0
2026-08-04T10:37:58,MG,MG4,5,5,1.0
2026-08-04T10:37:58,MG,MG5,1,1,1.0
2026-08-04T10:37:58,MG,MGS5,2,2,1.0
2026-08-04T10:37:58,MG,ZS,12,0,0.0
2026-08-04T10:37:58,Mazda,CX-30,2,0,0.0
2026-08-04T10:37:58,Mazda,CX-5,2,0,0.0
2026-08-04T10:37:58,Mazda,CX-60,1,0,0.0
2026-08-04T10:37:58,Mazda,MX-30,2,2,1.0
2026-08-04T10:37:58,Mazda,MX-30 2020,1,1,1.0
2026-08-04T10:37:58,Mazda,MX-5,1,0,0.0
2026-08-04T10:37:58,Mazda,Mazda 3,2,0,0.0
2026-08-04T10:37:58,Mercedes,CLA,1,0,0.0
2026-08-04T10:37:58,Mercedes,CLA Shooting Brake,2,0,0.0
2026-08-04T10:37:58,Mercedes,CLASSE C BREAK,2,0,0.0
2026-08-04T10:37:58,Mercedes,Classe A,6,0,0.0
2026-08-04T10:37:58,Mercedes,Classe B,3,0,0.0
2026-08-04T10:37:58,Mercedes,Classe C,3,0,0.0
2026-08-04T10:37:58,Mercedes,Classe C coupé,1,0,0.0
2026-08-04T10:37:58,Mercedes,Classe E,1,0,0.0
2026-08-04T10:37:58,Mercedes,Classe E Coupé,1,0,0.0
2026-08-04T10:37:58,Mercedes,GLA,5,0,0.0
2026-08-04T10:37:58,Mini,Clubman,5,0,0.0
2026-08-04T10:37:58,Mini,Countryman,9,0,0.0
2026-08-04T10:37:58,Mini,Mini,7,3,0.4286
2026-08-04T10:37:58,Mitsubishi,ASX,1,0,0.0
2026-08-04T10:37:58,Mitsubishi,Outlander,1,0,0.0
2026-08-04T10:37:58,Mitsubishi,Space Star,2,0,0.0
2026-08-04T10:37:58,Nissan,Juke,28,0,0.0
2026-08-04T10:37:58,Nissan,Leaf,2,2,1.0
2026-08-04T10:37:58,Nissan,Micra,3,0,0.0
2026-08-04T10:37:58,Nissan,Primastar,1,0,0.0
2026-08-04T10:37:58,Nissan,Qashqai,24,0,0.0
2026-08-04T10:37:58,Nissan,X-Trail,3,0,0.0
2026-08-04T10:37:58,Omoda,5,1,1,1.0
2026-08-04T10:37:58,Opel,ASTRA ELECTRIQUE,1,1,1.0
2026-08-04T10:37:58,Opel,Astra,10,0,0.0
2026-08-04T10:37:58,Opel,Astra Sports Tourer,3,0,0.0
2026-08-04T10:37:58,Opel,Corsa,44,5,0.1136
2026-08-04T10:37:58,Opel,Crossland,5,0,0.0
2026-08-04T10:37:58,Opel,Crossland X,4,0,0.0
2026-08-04T10:37:58,Opel,FRONTERA,5,3,0.6
2026-08-04T10:37:58,Opel,GRANDLAND,6,0,0.0
2026-08-04T10:37:58,Opel,Grandland,0,0,0.0
2026-08-04T10:37:58,Opel,Grandland X,3,0,0.0
2026-08-04T10:37:58,Opel,INSIGNIA GRAND SPORT,1,0,0.0
2026-08-04T10:37:58,Opel,Insignia Sports Tourer,1,0,0.0
2026-08-04T10:37:58,Opel,Mokka,33,16,0.4848
2026-08-04T10:37:58,Opel,Mokka X,1,0,0.0
2026-08-04T10:37:58,Peugeot,107,1,0,0.0
2026-08-04T10:37:58,Peugeot,108,5,0,0.0
2026-08-04T10:37:58,Peugeot,2008,183,35,0.1913
2026-08-04T10:37:58,Peugeot,208,111,22,0.1982
2026-08-04T10:37:58,Peugeot,208 AFFAIRE,3,1,0.3333
2026-08-04T10:37:58,Peugeot,3008,114,5,0.0439
2026-08-04T10:37:58,Peugeot,308,75,6,0.08
2026-08-04T10:37:58,Peugeot,308 AFFAIRE,2,0,0.0
2026-08-04T10:37:58,Peugeot,308 SW,36,1,0.0278
2026-08-04T10:37:58,Peugeot,407 Berline,0,0,0.0
2026-08-04T10:37:58,Peugeot,408,12,1,0.0833
2026-08-04T10:37:58,Peugeot,5008,47,0,0.0
2026-08-04T10:37:58,Peugeot,508,4,0,0.0
2026-08-04T10:37:58,Peugeot,508 SW,6,0,0.0
2026-08-04T10:37:58,Peugeot,Boxer,1,0,0.0
2026-08-04T10:37:58,Peugeot,Expert Fourgon,1,0,0.0
2026-08-04T10:37:58,Peugeot,Partner Fourgon,2,0,0.0
2026-08-04T10:37:58,Peugeot,Rifter,2,0,0.0
2026-08-04T10:37:58,Polestar,2,1,1,1.0
2026-08-04T10:37:58,Renault,Arkana,23,0,0.0
2026-08-04T10:37:58,Renault,Austral,33,0,0.0
2026-08-04T10:37:58,Renault,Captur,72,0,0.0
2026-08-04T10:37:58,Renault,Clio 4,10,0,0.0
2026-08-04T10:37:58,Renault,Clio 5,67,0,0.0
2026-08-04T10:37:58,Renault,Clio 6,10,0,0.0
2026-08-04T10:37:58,Renault,Espace 5,3,0,0.0
2026-08-04T10:37:58,Renault,Espace 6,2,0,0.0
2026-08-04T10:37:58,Renault,Express,1,0,0.0
2026-08-04T10:37:58,Renault,Grand Scenic 3,1,0,0.0
2026-08-04T10:37:58,Renault,Grand Scénic 4,7,0,0.0
2026-08-04T10:37:58,Renault,Kadjar,18,0,0.0
2026-08-04T10:37:58,Renault,Kangoo Express,1,0,0.0
2026-08-04T10:37:58,Renault,Koleos,2,0,0.0
2026-08-04T10:37:58,Renault,MASTER FOURGON,4,0,0.0
2026-08-04T10:37:58,Renault,Master Fourgon,0,0,0.0
2026-08-04T10:37:58,Renault,Mégane 4,11,0,0.0
2026-08-04T10:37:58,Renault,Mégane 4 Estate,5,0,0.0
2026-08-04T10:37:58,Renault,Mégane E-TECH,6,6,1.0
2026-08-04T10:37:58,Renault,R4,9,9,1.0
2026-08-04T10:37:58,Renault,R5,29,29,1.0
2026-08-04T10:37:58,Renault,Rafale,9,0,0.0
2026-08-04T10:37:58,Renault,Scenic 3,1,0,0.0
2026-08-04T10:37:58,Renault,Scénic 4,14,0,0.0
2026-08-04T10:37:58,Renault,Scénic E-Tech,8,8,1.0
2026-08-04T10:37:58,Renault,Symbioz,36,0,0.0
2026-08-04T10:37:58,Renault,Talisman,1,0,0.0
2026-08-04T10:37:58,Renault,Talisman Estate,1,0,0.0
2026-08-04T10:37:58,Renault,Trafic,1,0,0.0
2026-08-04T10:37:58,Renault,Trafic Cabine Approfondie,1,0,0.0
2026-08-04T10:37:58,Renault,Twingo 3,18,3,0.1667
2026-08-04T10:37:58,Renault,Zoé,15,15,1.0
2026-08-04T10:37:58,Seat,Arona,13,0,0.0
2026-08-04T10:37:58,Seat,Ateca,8,0,0.0
2026-08-04T10:37:58,Seat,Ibiza,5,0,0.0
2026-08-04T10:37:58,Seat,Leon,2,0,0.0
2026-08-04T10:37:58,Seat,Leon ST,1,0,0.0
2026-08-04T10:37:58,Seat,Leon Sportstourer,1,0,0.0
2026-08-04T10:37:58,Skoda,ENYAQ,2,2,1.0
2026-08-04T10:37:58,Skoda,FABIA COMBI,1,0,0.0
2026-08-04T10:37:58,Skoda,Fabia,2,0,0.0
2026-08-04T10:37:58,Skoda,KAMIQ,1,0,0.0
2026-08-04T10:37:58,Skoda,Karoq,2,0,0.0
2026-08-04T10:37:58,Skoda,Octavia Combi,3,0,0.0
2026-08-04T10:37:58,Skoda,Scala,1,0,0.0
2026-08-04T10:37:58,Skoda,Superb Combi,3,0,0.0
2026-08-04T10:37:58,Smart,FORFOUR,2,2,1.0
2026-08-04T10:37:58,Smart,FORTWO,1,0,0.0
2026-08-04T10:37:58,Smart,Fortwo EQ,2,2,1.0
2026-08-04T10:37:58,Ssangyong,Korando,1,1,1.0
2026-08-04T10:37:58,Suzuki,Celerio,1,0,0.0
2026-08-04T10:37:58,Suzuki,SX4 S-Cross,1,0,0.0
2026-08-04T10:37:58,Suzuki,Swift,2,0,0.0
2026-08-04T10:37:58,Suzuki,Vitara,1,0,0.0
2026-08-04T10:37:58,Tesla,MODEL 3,10,10,1.0
2026-08-04T10:37:58,Tesla,MODEL S,1,1,1.0
2026-08-04T10:37:58,Tesla,MODEL X,2,2,1.0
2026-08-04T10:37:58,Tesla,MODEL Y,8,8,1.0
2026-08-04T10:37:58,Toyota,Auris,1,0,0.0
2026-08-04T10:37:58,Toyota,Aygo,2,0,0.0
2026-08-04T10:37:58,Toyota,Aygo X,8,0,0.0
2026-08-04T10:37:58,Toyota,C-HR,12,0,0.0
2026-08-04T10:37:58,Toyota,Corolla,2,0,0.0
2026-08-04T10:37:58,Toyota,Corolla Cross,1,0,0.0
2026-08-04T10:37:58,Toyota,Corolla Touring Sports,15,0,0.0
2026-08-04T10:37:58,Toyota,RAV 4,2,0,0.0
2026-08-04T10:37:58,Toyota,YARIS CROSS,10,0,0.0
2026-08-04T10:37:58,Toyota,YARIS HYBRIDE,2,0,0.0
2026-08-04T10:37:58,Toyota,Yaris,8,0,0.0
2026-08-04T10:37:58,Toyota,Yaris 4,6,0,0.0
2026-08-04T10:37:58,Toyota,iQ,1,0,0.0
2026-08-04T10:37:58,Volkswagen,Caddy,1,0,0.0
2026-08-04T10:37:58,Volkswagen,Coccinelle,1,0,0.0
2026-08-04T10:37:58,Volkswagen,Golf,6,0,0.0
2026-08-04T10:37:58,Volkswagen,Golf 7,6,1,0.1667
2026-08-04T10:37:58,Volkswagen,Golf 8,31,0,0.0
2026-08-04T10:37:58,Volkswagen,Golf 8 SW,6,0,0.0
2026-08-04T10:37:58,Volkswagen,Golf SW,1,0,0.0
2026-08-04T10:37:58,Volkswagen,Golf Sportsvan,3,0,0.0
2026-08-04T10:37:58,Volkswagen,ID.3,1,1,1.0
2026-08-04T10:37:58,Volkswagen,ID.5,1,1,1.0
2026-08-04T10:37:58,Volkswagen,Passat,2,0,0.0
2026-08-04T10:37:58,Volkswagen,Passat SW,2,0,0.0
2026-08-04T10:37:58,Volkswagen,Polo,15,0,0.0
2026-08-04T10:37:58,Volkswagen,Sharan,1,0,0.0
2026-08-04T10:37:58,Volkswagen,T-CROSS,15,0,0.0
2026-08-04T10:37:58,Volkswagen,T-Cross,0,0,0.0
2026-08-04T10:37:58,Volkswagen,T-Roc,42,0,0.0
2026-08-04T10:37:58,Volkswagen,T-Roc Cabriolet,1,0,0.0
2026-08-04T10:37:58,Volkswagen,TAIGO,14,0,0.0
2026-08-04T10:37:58,Volkswagen,TIGUAN,0,0,0.0
2026-08-04T10:37:58,Volkswagen,Taigo,0,0,0.0
2026-08-04T10:37:58,Volkswagen,Tayron,5,0,0.0
2026-08-04T10:37:58,Volkswagen,Tiguan,20,0,0.0
2026-08-04T10:37:58,Volkswagen,Tiguan Allspace,2,0,0.0
2026-08-04T10:37:58,Volkswagen,Touran,2,0,0.0
2026-08-04T10:37:58,Volkswagen,Up,1,1,1.0
2026-08-04T10:37:58,Volvo,C40,1,1,1.0
2026-08-04T10:37:58,Volvo,EX30,1,1,1.0
2026-08-04T10:37:58,Volvo,V60,1,0,0.0
2026-08-04T10:37:58,Volvo,XC40,12,3,0.25
2026-08-04T10:37:58,Volvo,XC60,1,0,0.0
2026-08-04T10:37:58,Volvo,XC90,3,0,0.0
2026-08-05T10:33:23,Alfa Romeo,Giulietta,1,0,0.0
2026-08-05T10:33:23,Alfa Romeo,Junior,7,6,0.8571
2026-08-05T10:33:23,Alfa Romeo,Tonale,14,0,0.0
2026-08-05T10:33:23,Audi,A1,1,0,0.0
2026-08-05T10:33:23,Audi,A1 Sportback,6,0,0.0
2026-08-05T10:33:23,Audi,A3 Sportback,19,0,0.0
2026-08-05T10:33:23,Audi,A4 Avant,4,0,0.0
2026-08-05T10:33:23,Audi,A5 Sportback,1,0,0.0
2026-08-05T10:33:23,Audi,A6 Avant,1,0,0.0
2026-08-05T10:33:23,Audi,Q2,15,0,0.0
2026-08-05T10:33:23,Audi,Q3,7,0,0.0
2026-08-05T10:33:23,Audi,Q3 Sportback,4,0,0.0
2026-08-05T10:33:23,Audi,Q4 e-tron Sportback,1,1,1.0
2026-08-05T10:33:23,Audi,Q5,3,0,0.0
2026-08-05T10:33:23,Audi,Q5 SPORTBACK,1,0,0.0
2026-08-05T10:33:23,Audi,e-tron sportback,1,1,1.0
2026-08-05T10:33:23,BMW,I3,1,1,1.0
2026-08-05T10:33:23,BMW,IX,1,1,1.0
2026-08-05T10:33:23,BMW,Série 1,12,0,0.0
2026-08-05T10:33:23,BMW,Série 2 Active Tourer,3,0,0.0
2026-08-05T10:33:23,BMW,Série 2 Gran Coupé,1,0,0.0
2026-08-05T10:33:23,BMW,Série 2 Gran Tourer,1,0,0.0
2026-08-05T10:33:23,BMW,Série 3,2,0,0.0
2026-08-05T10:33:23,BMW,Série 5 Touring,1,0,0.0
2026-08-05T10:33:23,BMW,X1,20,0,0.0
2026-08-05T10:33:23,BMW,X2,5,0,0.0
2026-08-05T10:33:23,BMW,X3,4,0,0.0
2026-08-05T10:33:23,BMW,i4,3,3,1.0
2026-08-05T10:33:23,BMW,iX1,1,1,1.0
2026-08-05T10:33:23,BYD,Atto 2,3,1,0.3333
2026-08-05T10:33:23,BYD,Atto 3,1,1,1.0
2026-08-05T10:33:23,BYD,Dolphin,1,1,1.0
2026-08-05T10:33:23,BYD,SEAL 6 TOURING,3,0,0.0
2026-08-05T10:33:23,BYD,Seal,1,1,1.0
2026-08-05T10:33:23,BYD,Seal 6,3,0,0.0
2026-08-05T10:33:23,BYD,Seal U,5,0,0.0
2026-08-05T10:33:23,BYD,Sealion 7,1,1,1.0
2026-08-05T10:33:23,Citroën,AMI,3,3,1.0
2026-08-05T10:33:23,Citroën,Berlingo,6,2,0.3333
2026-08-05T10:33:23,Citroën,Berlingo Fourgon,1,0,0.0
2026-08-05T10:33:23,Citroën,Berlingo Van,2,0,0.0
2026-08-05T10:33:23,Citroën,C1,1,0,0.0
2026-08-05T10:33:23,Citroën,C3,70,12,0.1714
2026-08-05T10:33:23,Citroën,C3 Aircross,51,4,0.0784
2026-08-05T10:33:23,Citroën,C3 Picasso,1,0,0.0
2026-08-05T10:33:23,Citroën,C3 Societe,1,0,0.0
2026-08-05T10:33:23,Citroën,C4,50,2,0.04
2026-08-05T10:33:23,Citroën,C4 Cactus,4,0,0.0
2026-08-05T10:33:23,Citroën,C4 Picasso,3,0,0.0
2026-08-05T10:33:23,Citroën,C4 Société,1,0,0.0
2026-08-05T10:33:23,Citroën,C4 X,2,1,0.5
2026-08-05T10:33:23,Citroën,C5 Aircross,76,0,0.0
2026-08-05T10:33:23,Citroën,C5 X,5,0,0.0
2026-08-05T10:33:23,Citroën,DS 3,1,0,0.0
2026-08-05T10:33:23,Citroën,E-C4,1,1,1.0
2026-08-05T10:33:23,Citroën,E-C4 X,2,2,1.0
2026-08-05T10:33:23,Citroën,GRAND C4 SPACETOURER,3,0,0.0
2026-08-05T10:33:23,Citroën,JUMPY CABINE APPROFONDIE,1,0,0.0
2026-08-05T10:33:23,Citroën,JUMPY FOURGON,2,0,0.0
2026-08-05T10:33:23,Citroën,Jumpy,1,0,0.0
2026-08-05T10:33:23,Cupra,FORMENTOR,27,0,0.0
2026-08-05T10:33:23,Cupra,Leon,3,0,0.0
2026-08-05T10:33:23,Cupra,Terramar,1,0,0.0
2026-08-05T10:33:23,DS,DS 3,1,0,0.0
2026-08-05T10:33:23,DS,DS 3 CROSSBACK,1,1,1.0
2026-08-05T10:33:23,DS,DS3,6,0,0.0
2026-08-05T10:33:23,DS,DS3 CROSSBACK,10,0,0.0
2026-08-05T10:33:23,DS,DS3 Cabriolet,1,0,0.0
2026-08-05T10:33:23,DS,DS3 Crossback,0,1,0.0
2026-08-05T10:33:23,DS,DS4,16,0,0.0
2026-08-05T10:33:23,DS,DS7,29,0,0.0
2026-08-05T10:33:23,DS,DS7 CROSSBACK,13,0,0.0
2026-08-05T10:33:23,DS,DS7 Crossback,0,0,0.0
2026-08-05T10:33:23,DS,N 4,5,0,0.0
2026-08-05T10:33:23,Dacia,Bigster,36,0,0.0
2026-08-05T10:33:23,Dacia,Dokker,1,0,0.0
2026-08-05T10:33:23,Dacia,Duster,45,0,0.0
2026-08-05T10:33:23,Dacia,JOGGER,16,0,0.0
2026-08-05T10:33:23,Dacia,Jogger,0,0,0.0
2026-08-05T10:33:23,Dacia,Logan,1,0,0.0
2026-08-05T10:33:23,Dacia,SPRING,12,12,1.0
2026-08-05T10:33:23,Dacia,Sandero,23,0,0.0
2026-08-05T10:33:23,Fiat,500,18,5,0.2778
2026-08-05T10:33:23,Fiat,500 L,1,0,0.0
2026-08-05T10:33:23,Fiat,500C,7,7,1.0
2026-08-05T10:33:23,Fiat,500X,9,0,0.0
2026-08-05T10:33:23,Fiat,500e,1,1,1.0
2026-08-05T10:33:23,Fiat,600,13,1,0.0769
2026-08-05T10:33:23,Fiat,DUCATO FOURGON,1,0,0.0
2026-08-05T10:33:23,Fiat,PANDINA,2,0,0.0
2026-08-05T10:33:23,Fiat,Panda,7,0,0.0
2026-08-05T10:33:23,Fiat,TIPO Station Wagon,3,0,0.0
2026-08-05T10:33:23,Fiat,Tipo,3,0,0.0
2026-08-05T10:33:23,Fiat,Tipo Cross,1,0,0.0
2026-08-05T10:33:23,Fiat,Tipo Sw,1,0,0.0
2026-08-05T10:33:23,Ford,Ecosport,3,0,0.0
2026-08-05T10:33:23,Ford,Fiesta,9,0,0.0
2026-08-05T10:33:23,Ford,Focus,5,0,0.0
2026-08-05T10:33:23,Ford,Focus SW,2,0,0.0
2026-08-05T10:33:23,Ford,Kuga,3,0,0.0
2026-08-05T10:33:23,Ford,Mustang MACH-E,1,1,1.0
2026-08-05T10:33:23,Ford,PUMA,16,0,0.0
2026-08-05T10:33:23,Ford,Puma,0,0,0.0
2026-08-05T10:33:23,Ford,TOURNEO COURIER,1,0,0.0
2026-08-05T10:33:23,Ford,TRANSIT CONNECT FGN,1,0,0.0
2026-08-05T10:33:23,Honda,Civic,2,0,0.0
2026-08-05T10:33:23,Honda,HR-V,1,0,0.0
2026-08-05T10:33:23,Honda,Jazz,2,0,0.0
2026-08-05T10:33:23,Hyundai,BAYON,2,0,0.0
2026-08-05T10:33:23,Hyundai,Ioniq,3,3,1.0
2026-08-05T10:33:23,Hyundai,Ioniq 5,1,1,1.0
2026-08-05T10:33:23,Hyundai,Kona,15,1,0.0667
2026-08-05T10:33:23,Hyundai,Tucson,33,0,0.0
2026-08-05T10:33:23,Hyundai,i10,2,0,0.0
2026-08-05T10:33:23,Hyundai,i20,1,0,0.0
2026-08-05T10:33:23,Hyundai,i30,2,0,0.0
2026-08-05T10:33:23,Hyundai,i30 SW,3,0,0.0
2026-08-05T10:33:23,Jaecoo,Jaecoo 7,3,0,0.0
2026-08-05T10:33:23,Jaguar,I-Pace,1,1,1.0
2026-08-05T10:33:23,Jeep,Avenger,16,2,0.125
2026-08-05T10:33:23,Jeep,Compass,12,0,0.0
2026-08-05T10:33:23,Jeep,Renegade,14,0,0.0
2026-08-05T10:33:23,Kia,Ceed,2,0,0.0
2026-08-05T10:33:23,Kia,Ceed SW,1,0,0.0
2026-08-05T10:33:23,Kia,EV6,3,3,1.0
2026-08-05T10:33:23,Kia,Niro,6,1,0.1667
2026-08-05T10:33:23,Kia,Picanto,1,0,0.0
2026-08-05T10:33:23,Kia,ProCeed,5,0,0.0
2026-08-05T10:33:23,Kia,Rio,5,0,0.0
2026-08-05T10:33:23,Kia,Soul,1,1,1.0
2026-08-05T10:33:23,Kia,Sportage,14,0,0.0
2026-08-05T10:33:23,Kia,Stonic,3,0,0.0
2026-08-05T10:33:23,Kia,XCEED,3,0,0.0
2026-08-05T10:33:23,Kia,Xceed,0,0,0.0
2026-08-05T10:33:23,Lexus,UX,2,0,0.0
2026-08-05T10:33:23,Lynk&Co,01,2,0,0.0
2026-08-05T10:33:23,MG,EHS,16,0,0.0
2026-08-05T10:33:23,MG,MARVEL R,1,1,1.0
2026-08-05T10:33:23,MG,MG3,14,0,0.0
2026-08-05T10:33:23,MG,MG4,4,4,1.0
2026-08-05T10:33:23,MG,MG5,1,1,1.0
2026-08-05T10:33:23,MG,MGS5,1,1,1.0
2026-08-05T10:33:23,MG,ZS,14,0,0.0
2026-08-05T10:33:23,Mazda,CX-30,1,0,0.0
2026-08-05T10:33:23,Mazda,CX-5,2,0,0.0
2026-08-05T10:33:23,Mazda,CX-60,1,0,0.0
2026-08-05T10:33:23,Mazda,MX-30,2,2,1.0
2026-08-05T10:33:23,Mazda,MX-30 2020,1,1,1.0
2026-08-05T10:33:23,Mazda,MX-5,1,0,0.0
2026-08-05T10:33:23,Mazda,Mazda 3,3,0,0.0
2026-08-05T10:33:23,Mercedes,CLA,1,0,0.0
2026-08-05T10:33:23,Mercedes,CLA Shooting Brake,1,0,0.0
2026-08-05T10:33:23,Mercedes,CLASSE C BREAK,2,0,0.0
2026-08-05T10:33:23,Mercedes,Classe A,5,0,0.0
2026-08-05T10:33:23,Mercedes,Classe B,4,0,0.0
2026-08-05T10:33:23,Mercedes,Classe C,4,0,0.0
2026-08-05T10:33:23,Mercedes,Classe C coupé,1,0,0.0
2026-08-05T10:33:23,Mercedes,Classe E,1,0,0.0
2026-08-05T10:33:23,Mercedes,Classe E Coupé,1,0,0.0
2026-08-05T10:33:23,Mercedes,GLA,6,0,0.0
2026-08-05T10:33:23,Mini,Clubman,5,0,0.0
2026-08-05T10:33:23,Mini,Countryman,9,0,0.0
2026-08-05T10:33:23,Mini,Mini,7,3,0.4286
2026-08-05T10:33:23,Mitsubishi,ASX,1,0,0.0
2026-08-05T10:33:23,Mitsubishi,Outlander,1,0,0.0
2026-08-05T10:33:23,Mitsubishi,Space Star,2,0,0.0
2026-08-05T10:33:23,Nissan,Juke,29,0,0.0
2026-08-05T10:33:23,Nissan,Leaf,2,2,1.0
2026-08-05T10:33:23,Nissan,Micra,4,0,0.0
2026-08-05T10:33:23,Nissan,Primastar,1,0,0.0
2026-08-05T10:33:23,Nissan,Qashqai,22,0,0.0
2026-08-05T10:33:23,Nissan,X-Trail,2,0,0.0
2026-08-05T10:33:23,Opel,Astra,10,0,0.0
2026-08-05T10:33:23,Opel,Astra Sports Tourer,3,0,0.0
2026-08-05T10:33:23,Opel,Corsa,46,4,0.087
2026-08-05T10:33:23,Opel,Crossland,4,0,0.0
2026-08-05T10:33:23,Opel,Crossland X,3,0,0.0
2026-08-05T10:33:23,Opel,FRONTERA,5,3,0.6
2026-08-05T10:33:23,Opel,GRANDLAND,6,0,0.0
2026-08-05T10:33:23,Opel,Grandland,0,0,0.0
2026-08-05T10:33:23,Opel,Grandland X,3,0,0.0
2026-08-05T10:33:23,Opel,INSIGNIA GRAND SPORT,1,0,0.0
2026-08-05T10:33:23,Opel,Insignia Sports Tourer,1,0,0.0
2026-08-05T10:33:23,Opel,Mokka,33,17,0.5152
2026-08-05T10:33:23,Opel,Mokka X,1,0,0.0
2026-08-05T10:33:23,Peugeot,108,6,0,0.0
2026-08-05T10:33:23,Peugeot,2008,193,37,0.1917
2026-08-05T10:33:23,Peugeot,208,115,27,0.2348
2026-08-05T10:33:23,Peugeot,208 AFFAIRE,3,1,0.3333
2026-08-05T10:33:23,Peugeot,3008,113,4,0.0354
2026-08-05T10:33:23,Peugeot,308,73,6,0.0822
2026-08-05T10:33:23,Peugeot,308 AFFAIRE,2,0,0.0
2026-08-05T10:33:23,Peugeot,308 SW,39,1,0.0256
2026-08-05T10:33:23,Peugeot,408,13,1,0.0769
2026-08-05T10:33:23,Peugeot,5008,46,0,0.0
2026-08-05T10:33:23,Peugeot,508,4,0,0.0
2026-08-05T10:33:23,Peugeot,508 SW,7,0,0.0
2026-08-05T10:33:23,Peugeot,Boxer,1,0,0.0
2026-08-05T10:33:23,Peugeot,Expert Fourgon,1,0,0.0
2026-08-05T10:33:23,Peugeot,Partner Fourgon,2,0,0.0
2026-08-05T10:33:23,Peugeot,RIFTER,2,0,0.0
2026-08-05T10:33:23,Peugeot,Rifter,0,0,0.0
2026-08-05T10:33:23,Polestar,2,1,1,1.0
2026-08-05T10:33:23,Renault,Arkana,21,0,0.0
2026-08-05T10:33:23,Renault,Austral,36,0,0.0
2026-08-05T10:33:23,Renault,Captur,73,0,0.0
2026-08-05T10:33:23,Renault,Clio 4,9,0,0.0
2026-08-05T10:33:23,Renault,Clio 5,79,0,0.0
2026-08-05T10:33:23,Renault,Clio 6,11,0,0.0
2026-08-05T10:33:23,Renault,Espace 5,4,0,0.0
2026-08-05T10:33:23,Renault,Espace 6,7,0,0.0
2026-08-05T10:33:23,Renault,Express,1,0,0.0
2026-08-05T10:33:23,Renault,Grand Scenic 3,1,0,0.0
2026-08-05T10:33:23,Renault,Grand Scénic 4,8,0,0.0
2026-08-05T10:33:23,Renault,Kadjar,18,0,0.0
2026-08-05T10:33:23,Renault,Kangoo Express,1,0,0.0
2026-08-05T10:33:23,Renault,Koleos,2,0,0.0
2026-08-05T10:33:23,Renault,MASTER FOURGON,4,0,0.0
2026-08-05T10:33:23,Renault,Master Fourgon,0,0,0.0
2026-08-05T10:33:23,Renault,Mégane 4,12,0,0.0
2026-08-05T10:33:23,Renault,Mégane 4 Estate,4,0,0.0
2026-08-05T10:33:23,Renault,Mégane E-TECH,6,6,1.0
2026-08-05T10:33:23,Renault,R4,9,9,1.0
2026-08-05T10:33:23,Renault,R5,29,29,1.0
2026-08-05T10:33:23,Renault,Rafale,14,0,0.0
2026-08-05T10:33:23,Renault,Scenic 3,1,0,0.0
2026-08-05T10:33:23,Renault,Scénic 4,13,0,0.0
2026-08-05T10:33:23,Renault,Scénic E-Tech,9,9,1.0
2026-08-05T10:33:23,Renault,Symbioz,38,0,0.0
2026-08-05T10:33:23,Renault,Talisman,1,0,0.0
2026-08-05T10:33:23,Renault,Talisman Estate,1,0,0.0
2026-08-05T10:33:23,Renault,Trafic,2,0,0.0
2026-08-05T10:33:23,Renault,Twingo 3,14,3,0.2143
2026-08-05T10:33:23,Renault,Zoé,14,14,1.0
2026-08-05T10:33:23,Seat,Arona,12,0,0.0
2026-08-05T10:33:23,Seat,Ateca,8,0,0.0
2026-08-05T10:33:23,Seat,Ibiza,3,0,0.0
2026-08-05T10:33:23,Seat,Leon,2,0,0.0
2026-08-05T10:33:23,Seat,Leon ST,2,0,0.0
2026-08-05T10:33:23,Seat,Leon Sportstourer,1,0,0.0
2026-08-05T10:33:23,Skoda,ENYAQ,3,3,1.0
2026-08-05T10:33:23,Skoda,FABIA COMBI,1,0,0.0
2026-08-05T10:33:23,Skoda,Fabia,4,0,0.0
2026-08-05T10:33:23,Skoda,KAMIQ,1,0,0.0
2026-08-05T10:33:23,Skoda,Karoq,2,0,0.0
2026-08-05T10:33:23,Skoda,Kodiaq,1,0,0.0
2026-08-05T10:33:23,Skoda,Octavia Combi,5,0,0.0
2026-08-05T10:33:23,Skoda,Superb Combi,3,0,0.0
2026-08-05T10:33:23,Smart,FORFOUR,2,2,1.0
2026-08-05T10:33:23,Smart,FORTWO,1,0,0.0
2026-08-05T10:33:23,Smart,Fortwo EQ,2,2,1.0
2026-08-05T10:33:23,Ssangyong,Korando,1,1,1.0
2026-08-05T10:33:23,Suzuki,Celerio,1,0,0.0
2026-08-05T10:33:23,Suzuki,SX4 S-Cross,1,0,0.0
2026-08-05T10:33:23,Suzuki,Swift,2,0,0.0
2026-08-05T10:33:23,Suzuki,Vitara,1,0,0.0
2026-08-05T10:33:23,Tesla,MODEL 3,9,9,1.0
2026-08-05T10:33:23,Tesla,MODEL S,1,1,1.0
2026-08-05T10:33:23,Tesla,MODEL X,2,2,1.0
2026-08-05T10:33:23,Tesla,MODEL Y,9,9,1.0
2026-08-05T10:33:23,Toyota,Auris,1,0,0.0
2026-08-05T10:33:23,Toyota,Aygo,3,0,0.0
2026-08-05T10:33:23,Toyota,Aygo X,5,0,0.0
2026-08-05T10:33:23,Toyota,C-HR,11,0,0.0
2026-08-05T10:33:23,Toyota,Corolla,1,0,0.0
2026-08-05T10:33:23,Toyota,Corolla Cross,1,0,0.0
2026-08-05T10:33:23,Toyota,Corolla Sw,1,0,0.0
2026-08-05T10:33:23,Toyota,Corolla Touring Sports,16,0,0.0
2026-08-05T10:33:23,Toyota,RAV 4,3,0,0.0
2026-08-05T10:33:23,Toyota,YARIS CROSS,11,0,0.0
2026-08-05T10:33:23,Toyota,YARIS HYBRIDE,2,0,0.0
2026-08-05T10:33:23,Toyota,Yaris,6,0,0.0
2026-08-05T10:33:23,Toyota,Yaris 4,7,0,0.0
2026-08-05T10:33:23,Volkswagen,Caddy,1,0,0.0
2026-08-05T10:33:23,Volkswagen,Coccinelle,1,0,0.0
2026-08-05T10:33:23,Volkswagen,Golf,6,0,0.0
2026-08-05T10:33:23,Volkswagen,Golf 7,5,1,0.2
2026-08-05T10:33:23,Volkswagen,Golf 8,29,0,0.0
2026-08-05T10:33:23,Volkswagen,Golf 8 SW,6,0,0.0
2026-08-05T10:33:23,Volkswagen,Golf SW,1,0,0.0
2026-08-05T10:33:23,Volkswagen,Golf Sportsvan,3,0,0.0
2026-08-05T10:33:23,Volkswagen,ID.3,1,1,1.0
2026-08-05T10:33:23,Volkswagen,ID.5,1,1,1.0
2026-08-05T10:33:23,Volkswagen,Passat,2,0,0.0
2026-08-05T10:33:23,Volkswagen,Passat SW,3,0,0.0
2026-08-05T10:33:23,Volkswagen,Polo,15,0,0.0
2026-08-05T10:33:23,Volkswagen,Sharan,1,0,0.0
2026-08-05T10:33:23,Volkswagen,T-CROSS,16,0,0.0
2026-08-05T10:33:23,Volkswagen,T-Cross,0,0,0.0
2026-08-05T10:33:23,Volkswagen,T-Roc,44,0,0.0
2026-08-05T10:33:23,Volkswagen,T-Roc Cabriolet,3,0,0.0
2026-08-05T10:33:23,Volkswagen,TAIGO,14,0,0.0
2026-08-05T10:33:23,Volkswagen,TIGUAN,0,0,0.0
2026-08-05T10:33:23,Volkswagen,Taigo,0,0,0.0
2026-08-05T10:33:23,Volkswagen,Tayron,5,0,0.0
2026-08-05T10:33:23,Volkswagen,Tiguan,20,0,0.0
2026-08-05T10:33:23,Volkswagen,Tiguan Allspace,3,0,0.0
2026-08-05T10:33:23,Volkswagen,Touran,3,0,0.0
2026-08-05T10:33:23,Volkswagen,Up,1,1,1.0
2026-08-05T10:33:23,Volvo,C40,1,1,1.0
2026-08-05T10:33:23,Volvo,EX30,2,2,1.0
2026-08-05T10:33:23,Volvo,XC40,12,3,0.25
2026-08-05T10:33:23,Volvo,XC60,1,0,0.0
2026-08-05T10:33:23,Volvo,XC90,3,0,0.0
2026-08-06T10:37:24,Alfa Romeo,Giulia,1,0,0.0
2026-08-06T10:37:24,Alfa Romeo,Giulietta,1,0,0.0
2026-08-06T10:37:24,Alfa Romeo,Junior,10,7,0.7
2026-08-06T10:37:24,Alfa Romeo,Stelvio,1,0,0.0
2026-08-06T10:37:24,Alfa Romeo,Tonale,14,0,0.0
2026-08-06T10:37:24,Audi,A1 Sportback,6,0,0.0
2026-08-06T10:37:24,Audi,A3 Sportback,20,0,0.0
2026-08-06T10:37:24,Audi,A4 Avant,4,0,0.0
2026-08-06T10:37:24,Audi,A5 Sportback,1,0,0.0
2026-08-06T10:37:24,Audi,A6 Avant,1,0,0.0
2026-08-06T10:37:24,Audi,Q2,14,0,0.0
2026-08-06T10:37:24,Audi,Q3,6,0,0.0
2026-08-06T10:37:24,Audi,Q3 Sportback,4,0,0.0
2026-08-06T10:37:24,Audi,Q4 e-tron Sportback,1,1,1.0
2026-08-06T10:37:24,Audi,Q5,4,0,0.0
2026-08-06T10:37:24,Audi,Q5 SPORTBACK,1,0,0.0
2026-08-06T10:37:24,Audi,e-tron sportback,1,1,1.0
2026-08-06T10:37:24,BMW,I3,1,1,1.0
2026-08-06T10:37:24,BMW,IX,1,1,1.0
2026-08-06T10:37:24,BMW,Série 1,11,0,0.0
2026-08-06T10:37:24,BMW,Série 2 Active Tourer,3,0,0.0
2026-08-06T10:37:24,BMW,Série 2 Gran Coupé,1,0,0.0
2026-08-06T10:37:24,BMW,Série 2 Gran Tourer,1,0,0.0
2026-08-06T10:37:24,BMW,Série 3,2,0,0.0
2026-08-06T10:37:24,BMW,Série 4 Coupé,1,0,0.0
2026-08-06T10:37:24,BMW,Série 5 Touring,1,0,0.0
2026-08-06T10:37:24,BMW,X1,20,0,0.0
2026-08-06T10:37:24,BMW,X2,5,0,0.0
2026-08-06T10:37:24,BMW,X3,4,0,0.0
2026-08-06T10:37:24,BMW,X5,1,0,0.0
2026-08-06T10:37:24,BMW,i4,3,3,1.0
2026-08-06T10:37:24,BMW,iX1,1,1,1.0
2026-08-06T10:37:24,BYD,Atto 2,3,1,0.3333
2026-08-06T10:37:24,BYD,Dolphin,1,1,1.0
2026-08-06T10:37:24,BYD,SEAL 6 TOURING,3,0,0.0
2026-08-06T10:37:24,BYD,Seal,1,1,1.0
2026-08-06T10:37:24,BYD,Seal 6,3,0,0.0
2026-08-06T10:37:24,BYD,Seal U,7,0,0.0
2026-08-06T10:37:24,BYD,Sealion 7,1,1,1.0
2026-08-06T10:37:24,Citroën,AMI,3,3,1.0
2026-08-06T10:37:24,Citroën,Berlingo,4,2,0.5
2026-08-06T10:37:24,Citroën,Berlingo Fourgon,1,0,0.0
2026-08-06T10:37:24,Citroën,Berlingo Van,2,0,0.0
2026-08-06T10:37:24,Citroën,C1,1,0,0.0
2026-08-06T10:37:24,Citroën,C3,72,12,0.1667
2026-08-06T10:37:24,Citroën,C3 Aircross,52,4,0.0769
2026-08-06T10:37:24,Citroën,C3 Picasso,1,0,0.0
2026-08-06T10:37:24,Citroën,C3 Societe,1,0,0.0
2026-08-06T10:37:24,Citroën,C4,56,2,0.0357
2026-08-06T10:37:24,Citroën,C4 Cactus,4,0,0.0
2026-08-06T10:37:24,Citroën,C4 Picasso,4,0,0.0
2026-08-06T10:37:24,Citroën,C4 Société,1,0,0.0
2026-08-06T10:37:24,Citroën,C4 X,1,0,0.0
2026-08-06T10:37:24,Citroën,C5 Aircross,77,0,0.0
2026-08-06T10:37:24,Citroën,C5 X,4,0,0.0
2026-08-06T10:37:24,Citroën,DS 3,1,0,0.0
2026-08-06T10:37:24,Citroën,E-C4,1,1,1.0
2026-08-06T10:37:24,Citroën,E-C4 X,1,1,1.0
2026-08-06T10:37:24,Citroën,GRAND C4 SPACETOURER,3,0,0.0
2026-08-06T10:37:24,Citroën,JUMPY CABINE APPROFONDIE,1,0,0.0
2026-08-06T10:37:24,Citroën,JUMPY FOURGON,2,0,0.0
2026-08-06T10:37:24,Citroën,Jumpy,1,0,0.0
2026-08-06T10:37:24,Cupra,FORMENTOR,28,0,0.0
2026-08-06T10:37:24,Cupra,Leon,3,0,0.0
2026-08-06T10:37:24,Cupra,Leon Sportstourer,1,0,0.0
2026-08-06T10:37:24,Cupra,Terramar,1,0,0.0
2026-08-06T10:37:24,DS,DS 3,1,0,0.0
2026-08-06T10:37:24,DS,DS 3 CROSSBACK,1,1,1.0
2026-08-06T10:37:24,DS,DS3,4,0,0.0
2026-08-06T10:37:24,DS,DS3 CROSSBACK,11,0,0.0
2026-08-06T10:37:24,DS,DS3 Cabriolet,1,0,0.0
2026-08-06T10:37:24,DS,DS3 Crossback,0,1,0.0
2026-08-06T10:37:24,DS,DS4,18,0,0.0
2026-08-06T10:37:24,DS,DS7,29,0,0.0
2026-08-06T10:37:24,DS,DS7 CROSSBACK,15,0,0.0
2026-08-06T10:37:24,DS,DS7 Crossback,0,0,0.0
2026-08-06T10:37:24,DS,N 4,8,0,0.0
2026-08-06T10:37:24,Dacia,Bigster,40,0,0.0
2026-08-06T10:37:24,Dacia,Dokker,1,0,0.0
2026-08-06T10:37:24,Dacia,Duster,46,0,0.0
2026-08-06T10:37:24,Dacia,JOGGER,15,0,0.0
2026-08-06T10:37:24,Dacia,Jogger,0,0,0.0
2026-08-06T10:37:24,Dacia,Logan,1,0,0.0
2026-08-06T10:37:24,Dacia,SPRING,13,13,1.0
2026-08-06T10:37:24,Dacia,Sandero,24,0,0.0
2026-08-06T10:37:24,Fiat,500,20,5,0.25
2026-08-06T10:37:24,Fiat,500 L,2,0,0.0
2026-08-06T10:37:24,Fiat,500C,7,7,1.0
2026-08-06T10:37:24,Fiat,500X,8,0,0.0
2026-08-06T10:37:24,Fiat,500e,1,1,1.0
2026-08-06T10:37:24,Fiat,600,14,1,0.0714
2026-08-06T10:37:24,Fiat,DUCATO FOURGON,1,0,0.0
2026-08-06T10:37:24,Fiat,PANDINA,2,0,0.0
2026-08-06T10:37:24,Fiat,Panda,8,0,0.0
2026-08-06T10:37:24,Fiat,TIPO Station Wagon,3,0,0.0
2026-08-06T10:37:24,Fiat,Tipo,3,0,0.0
2026-08-06T10:37:24,Fiat,Tipo Cross,1,0,0.0
2026-08-06T10:37:24,Fiat,Tipo Sw,1,0,0.0
2026-08-06T10:37:24,Ford,C-Max,1,0,0.0
2026-08-06T10:37:24,Ford,Ecosport,3,0,0.0
2026-08-06T10:37:24,Ford,Fiesta,11,0,0.0
2026-08-06T10:37:24,Ford,Focus,8,0,0.0
2026-08-06T10:37:24,Ford,Focus SW,2,0,0.0
2026-08-06T10:37:24,Ford,Kuga,3,0,0.0
2026-08-06T10:37:24,Ford,Mustang MACH-E,1,1,1.0
2026-08-06T10:37:24,Ford,PUMA,25,0,0.0
2026-08-06T10:37:24,Ford,Puma,0,0,0.0
2026-08-06T10:37:24,Ford,TOURNEO COURIER,1,0,0.0
2026-08-06T10:37:24,Ford,TRANSIT CONNECT FGN,1,0,0.0
2026-08-06T10:37:24,Honda,Civic,2,0,0.0
2026-08-06T10:37:24,Honda,HR-V,1,0,0.0
2026-08-06T10:37:24,Honda,Jazz,1,0,0.0
2026-08-06T10:37:24,Hyundai,BAYON,1,0,0.0
2026-08-06T10:37:24,Hyundai,Ioniq,3,3,1.0
2026-08-06T10:37:24,Hyundai,Kona,14,1,0.0714
2026-08-06T10:37:24,Hyundai,Tucson,31,0,0.0
2026-08-06T10:37:24,Hyundai,i10,2,0,0.0
2026-08-06T10:37:24,Hyundai,i20,2,0,0.0
2026-08-06T10:37:24,Hyundai,i30,1,0,0.0
2026-08-06T10:37:24,Hyundai,i30 SW,3,0,0.0
2026-08-06T10:37:24,Jaecoo,Jaecoo 7,3,0,0.0
2026-08-06T10:37:24,Jaguar,I-Pace,1,1,1.0
2026-08-06T10:37:24,Jeep,Avenger,17,3,0.1765
2026-08-06T10:37:24,Jeep,Compass,13,0,0.0
2026-08-06T10:37:24,Jeep,Renegade,15,0,0.0
2026-08-06T10:37:24,Kia,Ceed,2,0,0.0
2026-08-06T10:37:24,Kia,Ceed SW,1,0,0.0
2026-08-06T10:37:24,Kia,EV6,4,4,1.0
2026-08-06T10:37:24,Kia,Niro,6,2,0.3333
2026-08-06T10:37:24,Kia,Picanto,1,0,0.0
2026-08-06T10:37:24,Kia,ProCeed,5,0,0.0
2026-08-06T10:37:24,Kia,Rio,5,0,0.0
2026-08-06T10:37:24,Kia,Soul,1,1,1.0
2026-08-06T10:37:24,Kia,Sportage,14,0,0.0
2026-08-06T10:37:24,Kia,Stonic,4,0,0.0
2026-08-06T10:37:24,Kia,XCEED,2,0,0.0
2026-08-06T10:37:24,Kia,Xceed,0,0,0.0
2026-08-06T10:37:24,Lexus,UX,2,0,0.0
2026-08-06T10:37:24,Lynk&Co,01,2,0,0.0
2026-08-06T10:37:24,MG,EHS,17,0,0.0
2026-08-06T10:37:24,MG,MARVEL R,1,1,1.0
2026-08-06T10:37:24,MG,MG3,12,0,0.0
2026-08-06T10:37:24,MG,MG4,5,5,1.0
2026-08-06T10:37:24,MG,MG5,1,1,1.0
2026-08-06T10:37:24,MG,MGS5,1,1,1.0
2026-08-06T10:37:24,MG,ZS,17,1,0.0588
2026-08-06T10:37:24,Mazda,CX-30,1,0,0.0
2026-08-06T10:37:24,Mazda,CX-5,2,0,0.0
2026-08-06T10:37:24,Mazda,CX-60,1,0,0.0
2026-08-06T10:37:24,Mazda,MX-30,2,2,1.0
2026-08-06T10:37:24,Mazda,MX-30 2020,1,1,1.0
2026-08-06T10:37:24,Mazda,MX-5,1,0,0.0
2026-08-06T10:37:24,Mazda,Mazda 3,3,0,0.0
2026-08-06T10:37:24,Mercedes,CLA,1,0,0.0
2026-08-06T10:37:24,Mercedes,CLA Shooting Brake,1,0,0.0
2026-08-06T10:37:24,Mercedes,CLASSE C BREAK,2,0,0.0
2026-08-06T10:37:24,Mercedes,Classe A,5,0,0.0
2026-08-06T10:37:24,Mercedes,Classe B,4,0,0.0
2026-08-06T10:37:24,Mercedes,Classe C,3,0,0.0
2026-08-06T10:37:24,Mercedes,Classe E,1,0,0.0
2026-08-06T10:37:24,Mercedes,Classe E Coupé,1,0,0.0
2026-08-06T10:37:24,Mercedes,GLA,6,0,0.0
2026-08-06T10:37:24,Mini,Clubman,5,0,0.0
2026-08-06T10:37:24,Mini,Countryman,9,0,0.0
2026-08-06T10:37:24,Mini,Mini,6,2,0.3333
2026-08-06T10:37:24,Mitsubishi,ASX,1,0,0.0
2026-08-06T10:37:24,Mitsubishi,Outlander,1,0,0.0
2026-08-06T10:37:24,Mitsubishi,Space Star,2,0,0.0
2026-08-06T10:37:24,Nissan,Juke,27,0,0.0
2026-08-06T10:37:24,Nissan,Leaf,3,3,1.0
2026-08-06T10:37:24,Nissan,Micra,4,0,0.0
2026-08-06T10:37:24,Nissan,Primastar,1,0,0.0
2026-08-06T10:37:24,Nissan,Qashqai,24,0,0.0
2026-08-06T10:37:24,Nissan,X-Trail,2,0,0.0
2026-08-06T10:37:24,Opel,Astra,11,0,0.0
2026-08-06T10:37:24,Opel,Astra Sports Tourer,3,0,0.0
2026-08-06T10:37:24,Opel,Corsa,40,4,0.1
2026-08-06T10:37:24,Opel,Crossland,6,0,0.0
2026-08-06T10:37:24,Opel,Crossland X,0,0,0.0
2026-08-06T10:37:24,Opel,FRONTERA,4,3,0.75
2026-08-06T10:37:24,Opel,GRANDLAND,6,0,0.0
2026-08-06T10:37:24,Opel,Grandland,0,0,0.0
2026-08-06T10:37:24,Opel,Grandland X,3,0,0.0
2026-08-06T10:37:24,Opel,INSIGNIA GRAND SPORT,1,0,0.0
2026-08-06T10:37:24,Opel,MOVANO FOURGON,1,0,0.0
2026-08-06T10:37:24,Opel,Mokka,40,20,0.5
2026-08-06T10:37:24,Opel,Mokka X,1,0,0.0
2026-08-06T10:37:24,Opel,VIVARO CABINE APPROFONDIE,1,0,0.0
2026-08-06T10:37:24,Peugeot,108,5,0,0.0
2026-08-06T10:37:24,Peugeot,2008,197,39,0.198
2026-08-06T10:37:24,Peugeot,208,113,27,0.2389
2026-08-06T10:37:24,Peugeot,208 AFFAIRE,4,1,0.25
2026-08-06T10:37:24,Peugeot,3008,114,4,0.0351
2026-08-06T10:37:24,Peugeot,308,74,6,0.0811
2026-08-06T10:37:24,Peugeot,308 AFFAIRE,2,0,0.0
2026-08-06T10:37:24,Peugeot,308 SW,40,1,0.025
2026-08-06T10:37:24,Peugeot,408,13,1,0.0769
2026-08-06T10:37:24,Peugeot,5008,48,0,0.0
2026-08-06T10:37:24,Peugeot,508,4,0,0.0
2026-08-06T10:37:24,Peugeot,508 SW,7,0,0.0
2026-08-06T10:37:24,Peugeot,Boxer,1,0,0.0
2026-08-06T10:37:24,Peugeot,Expert Fourgon,3,0,0.0
2026-08-06T10:37:24,Peugeot,Partner Fourgon,2,0,0.0
2026-08-06T10:37:24,Peugeot,RIFTER,2,0,0.0
2026-08-06T10:37:24,Peugeot,Rifter,0,0,0.0
2026-08-06T10:37:24,Polestar,2,1,1,1.0
2026-08-06T10:37:24,Renault,Arkana,21,0,0.0
2026-08-06T10:37:24,Renault,Austral,34,0,0.0
2026-08-06T10:37:24,Renault,Captur,70,0,0.0
2026-08-06T10:37:24,Renault,Clio 4,9,0,0.0
2026-08-06T10:37:24,Renault,Clio 5,86,0,0.0
2026-08-06T10:37:24,Renault,Clio 6,11,0,0.0
2026-08-06T10:37:24,Renault,Espace 5,4,0,0.0
2026-08-06T10:37:24,Renault,Espace 6,8,0,0.0
2026-08-06T10:37:24,Renault,Express,1,0,0.0
2026-08-06T10:37:24,Renault,Grand Scenic 3,1,0,0.0
2026-08-06T10:37:24,Renault,Grand Scénic 4,7,0,0.0
2026-08-06T10:37:24,Renault,Kadjar,18,0,0.0
2026-08-06T10:37:24,Renault,Kangoo Express,1,0,0.0
2026-08-06T10:37:24,Renault,Koleos,2,0,0.0
2026-08-06T10:37:24,Renault,MASTER FOURGON,4,0,0.0
2026-08-06T10:37:24,Renault,Master Fourgon,0,0,0.0
2026-08-06T10:37:24,Renault,Mégane 4,12,0,0.0
2026-08-06T10:37:24,Renault,Mégane 4 Estate,4,0,0.0
2026-08-06T10:37:24,Renault,Mégane E-TECH,7,7,1.0
2026-08-06T10:37:24,Renault,R4,9,9,1.0
2026-08-06T10:37:24,Renault,R5,28,28,1.0
2026-08-06T10:37:24,Renault,Rafale,14,0,0.0
2026-08-06T10:37:24,Renault,Scenic 3,0,0,0.0
2026-08-06T10:37:24,Renault,Scénic 4,10,0,0.0
2026-08-06T10:37:24,Renault,Scénic E-Tech,9,9,1.0
2026-08-06T10:37:24,Renault,Symbioz,38,0,0.0
2026-08-06T10:37:24,Renault,Talisman,1,0,0.0
2026-08-06T10:37:24,Renault,Talisman Estate,1,0,0.0
2026-08-06T10:37:24,Renault,Trafic,2,0,0.0
2026-08-06T10:37:24,Renault,Twingo 3,13,2,0.1538
2026-08-06T10:37:24,Renault,Twizy,1,1,1.0
2026-08-06T10:37:24,Renault,Zoé,12,12,1.0
2026-08-06T10:37:24,Seat,Arona,11,0,0.0
2026-08-06T10:37:24,Seat,Ateca,8,0,0.0
2026-08-06T10:37:24,Seat,Ibiza,3,0,0.0
2026-08-06T10:37:24,Seat,Leon,2,0,0.0
2026-08-06T10:37:24,Seat,Leon ST,2,0,0.0
2026-08-06T10:37:24,Seat,Leon Sportstourer,1,0,0.0
2026-08-06T10:37:24,Skoda,ENYAQ,3,3,1.0
2026-08-06T10:37:24,Skoda,FABIA COMBI,1,0,0.0
2026-08-06T10:37:24,Skoda,Fabia,4,0,0.0
2026-08-06T10:37:24,Skoda,KAMIQ,1,0,0.0
2026-08-06T10:37:24,Skoda,Karoq,2,0,0.0
2026-08-06T10:37:24,Skoda,Kodiaq,1,0,0.0
2026-08-06T10:37:24,Skoda,Octavia Combi,5,0,0.0
2026-08-06T10:37:24,Skoda,SCALA,1,0,0.0
2026-08-06T10:37:24,Skoda,Superb Combi,4,0,0.0
2026-08-06T10:37:24,Smart,FORFOUR,3,3,1.0
2026-08-06T10:37:24,Smart,FORTWO,1,0,0.0
2026-08-06T10:37:24,Smart,Fortwo EQ,2,2,1.0
2026-08-06T10:37:24,Suzuki,Celerio,1,0,0.0
2026-08-06T10:37:24,Suzuki,S-CROSS,1,0,0.0
2026-08-06T10:37:24,Suzuki,SX4 S-Cross,1,0,0.0
2026-08-06T10:37:24,Suzuki,Swift,3,0,0.0
2026-08-06T10:37:24,Suzuki,Vitara,1,0,0.0
2026-08-06T10:37:24,Tesla,MODEL 3,8,8,1.0
2026-08-06T10:37:24,Tesla,MODEL S,1,1,1.0
2026-08-06T10:37:24,Tesla,MODEL X,2,2,1.0
2026-08-06T10:37:24,Tesla,MODEL Y,9,9,1.0
2026-08-06T10:37:24,Toyota,Aygo,3,0,0.0
2026-08-06T10:37:24,Toyota,Aygo X,5,0,0.0
2026-08-06T10:37:24,Toyota,C-HR,9,0,0.0
2026-08-06T10:37:24,Toyota,Corolla,1,0,0.0
2026-08-06T10:37:24,Toyota,Corolla Cross,1,0,0.0
2026-08-06T10:37:24,Toyota,Corolla Sw,1,0,0.0
2026-08-06T10:37:24,Toyota,Corolla Touring Sports,15,0,0.0
2026-08-06T10:37:24,Toyota,RAV 4,3,0,0.0
2026-08-06T10:37:24,Toyota,YARIS CROSS,11,0,0.0
2026-08-06T10:37:24,Toyota,YARIS HYBRIDE,2,0,0.0
2026-08-06T10:37:24,Toyota,Yaris,7,0,0.0
2026-08-06T10:37:24,Toyota,Yaris 4,7,0,0.0
2026-08-06T10:37:24,Volkswagen,Caddy,1,0,0.0
2026-08-06T10:37:24,Volkswagen,Coccinelle,1,0,0.0
2026-08-06T10:37:24,Volkswagen,Golf,2,0,0.0
2026-08-06T10:37:24,Volkswagen,Golf 7,6,1,0.1667
2026-08-06T10:37:24,Volkswagen,Golf 8,34,0,0.0
2026-08-06T10:37:24,Volkswagen,Golf 8 SW,7,0,0.0
2026-08-06T10:37:24,Volkswagen,Golf SW,1,0,0.0
2026-08-06T10:37:24,Volkswagen,Golf Sportsvan,3,0,0.0
2026-08-06T10:37:24,Volkswagen,ID.3,1,1,1.0
2026-08-06T10:37:24,Volkswagen,ID.4,1,1,1.0
2026-08-06T10:37:24,Volkswagen,ID.5,1,1,1.0
2026-08-06T10:37:24,Volkswagen,Passat,3,0,0.0
2026-08-06T10:37:24,Volkswagen,Passat SW,3,0,0.0
2026-08-06T10:37:24,Volkswagen,Polo,15,0,0.0
2026-08-06T10:37:24,Volkswagen,Sharan,1,0,0.0
2026-08-06T10:37:24,Volkswagen,T-CROSS,16,0,0.0
2026-08-06T10:37:24,Volkswagen,T-Cross,0,0,0.0
2026-08-06T10:37:24,Volkswagen,T-Roc,45,0,0.0
2026-08-06T10:37:24,Volkswagen,T-Roc Cabriolet,3,0,0.0
2026-08-06T10:37:24,Volkswagen,TAIGO,16,0,0.0
2026-08-06T10:37:24,Volkswagen,TIGUAN,0,0,0.0
2026-08-06T10:37:24,Volkswagen,Taigo,0,0,0.0
2026-08-06T10:37:24,Volkswagen,Tayron,5,0,0.0
2026-08-06T10:37:24,Volkswagen,Tiguan,22,0,0.0
2026-08-06T10:37:24,Volkswagen,Tiguan Allspace,3,0,0.0
2026-08-06T10:37:24,Volkswagen,Touran,4,0,0.0
2026-08-06T10:37:24,Volkswagen,Up,1,1,1.0
2026-08-06T10:37:24,Volvo,C40,1,1,1.0
2026-08-06T10:37:24,Volvo,EX30,2,2,1.0
2026-08-06T10:37:24,Volvo,XC40,12,2,0.1667
2026-08-06T10:37:24,Volvo,XC60,2,0,0.0
2026-08-06T10:37:24,Volvo,XC90,3,0,0.0
2026-08-07T08:57:52,Alfa Romeo,Giulia,2,0,0.0
2026-08-07T08:57:52,Alfa Romeo,Giulietta,1,0,0.0
2026-08-07T08:57:52,Alfa Romeo,Junior,11,8,0.7273
2026-08-07T08:57:52,Alfa Romeo,Stelvio,1,0,0.0
2026-08-07T08:57:52,Alfa Romeo,Tonale,14,0,0.0
2026-08-07T08:57:52,Audi,A1 Sportback,4,0,0.0
2026-08-07T08:57:52,Audi,A3 Sportback,17,0,0.0
2026-08-07T08:57:52,Audi,A4 Avant,4,0,0.0
2026-08-07T08:57:52,Audi,A5 Sportback,1,0,0.0
2026-08-07T08:57:52,Audi,A6 Avant,1,0,0.0
2026-08-07T08:57:52,Audi,Q2,15,0,0.0
2026-08-07T08:57:52,Audi,Q3,6,0,0.0
2026-08-07T08:57:52,Audi,Q3 Sportback,4,0,0.0
2026-08-07T08:57:52,Audi,Q4 e-tron Sportback,1,1,1.0
2026-08-07T08:57:52,Audi,Q5,3,0,0.0
2026-08-07T08:57:52,Audi,Q5 SPORTBACK,1,0,0.0
2026-08-07T08:57:52,Audi,e-tron sportback,1,1,1.0
2026-08-07T08:57:52,BMW,IX,1,1,1.0
2026-08-07T08:57:52,BMW,Série 1,13,0,0.0
2026-08-07T08:57:52,BMW,Série 2 Active Tourer,3,0,0.0
2026-08-07T08:57:52,BMW,Série 2 Gran Coupé,1,0,0.0
2026-08-07T08:57:52,BMW,Série 2 Gran Tourer,1,0,0.0
2026-08-07T08:57:52,BMW,Série 3,1,0,0.0
2026-08-07T08:57:52,BMW,Série 3 Touring,1,0,0.0
2026-08-07T08:57:52,BMW,Série 4 Coupé,1,0,0.0
2026-08-07T08:57:52,BMW,Série 5 Touring,1,0,0.0
2026-08-07T08:57:52,BMW,X1,17,0,0.0
2026-08-07T08:57:52,BMW,X2,5,0,0.0
2026-08-07T08:57:52,BMW,X3,4,0,0.0
2026-08-07T08:57:52,BMW,X5,1,0,0.0
2026-08-07T08:57:52,BMW,i4,3,3,1.0
2026-08-07T08:57:52,BMW,iX1,1,1,1.0
2026-08-07T08:57:52,BYD,Atto 2,3,1,0.3333
2026-08-07T08:57:52,BYD,Dolphin,1,1,1.0
2026-08-07T08:57:52,BYD,SEAL 6 TOURING,5,0,0.0
2026-08-07T08:57:52,BYD,Seal,1,1,1.0
2026-08-07T08:57:52,BYD,Seal 6,3,0,0.0
2026-08-07T08:57:52,BYD,Seal 6 Touring,0,0,0.0
2026-08-07T08:57:52,BYD,Seal U,8,0,0.0
2026-08-07T08:57:52,BYD,Sealion 7,1,1,1.0
2026-08-07T08:57:52,Citroën,AMI,3,3,1.0
2026-08-07T08:57:52,Citroën,Berlingo,6,2,0.3333
2026-08-07T08:57:52,Citroën,Berlingo Fourgon,1,0,0.0
2026-08-07T08:57:52,Citroën,Berlingo VAN,0,0,0.0
2026-08-07T08:57:52,Citroën,Berlingo Van,3,0,0.0
2026-08-07T08:57:52,Citroën,C1,1,0,0.0
2026-08-07T08:57:52,Citroën,C3,76,13,0.1711
2026-08-07T08:57:52,Citroën,C3 Aircross,50,4,0.08
2026-08-07T08:57:52,Citroën,C3 Picasso,1,0,0.0
2026-08-07T08:57:52,Citroën,C3 Societe,1,0,0.0
2026-08-07T08:57:52,Citroën,C4,53,2,0.0377
2026-08-07T08:57:52,Citroën,C4 Cactus,3,0,0.0
2026-08-07T08:57:52,Citroën,C4 Picasso,4,0,0.0
2026-08-07T08:57:52,Citroën,C4 SPACETOURER,1,0,0.0
2026-08-07T08:57:52,Citroën,C4 X,1,0,0.0
2026-08-07T08:57:52,Citroën,C5 Aircross,80,0,0.0
2026-08-07T08:57:52,Citroën,C5 X,4,0,0.0
2026-08-07T08:57:52,Citroën,DS 3,1,0,0.0
2026-08-07T08:57:52,Citroën,E-C4,1,1,1.0
2026-08-07T08:57:52,Citroën,E-C4 X,1,1,1.0
2026-08-07T08:57:52,Citroën,GRAND C4 SPACETOURER,1,0,0.0
2026-08-07T08:57:52,Citroën,Grand C4 Picasso,0,0,0.0
2026-08-07T08:57:52,Citroën,JUMPY CABINE APPROFONDIE,1,0,0.0
2026-08-07T08:57:52,Citroën,JUMPY FOURGON,2,0,0.0
2026-08-07T08:57:52,Citroën,Jumper Fourgon,1,0,0.0
2026-08-07T08:57:52,Citroën,Jumpy,1,0,0.0
2026-08-07T08:57:52,Citroën,SpaceTourer,1,0,0.0
2026-08-07T08:57:52,Cupra,FORMENTOR,28,0,0.0
2026-08-07T08:57:52,Cupra,Leon,4,0,0.0
2026-08-07T08:57:52,Cupra,Leon Sportstourer,1,0,0.0
2026-08-07T08:57:52,Cupra,Terramar,1,0,0.0
2026-08-07T08:57:52,DS,DS 3 CROSSBACK,1,1,1.0
2026-08-07T08:57:52,DS,DS3,3,0,0.0
2026-08-07T08:57:52,DS,DS3 CROSSBACK,11,0,0.0
2026-08-07T08:57:52,DS,DS3 Cabriolet,1,0,0.0
2026-08-07T08:57:52,DS,DS3 Crossback,0,1,0.0
2026-08-07T08:57:52,DS,DS4,16,0,0.0
2026-08-07T08:57:52,DS,DS7,28,0,0.0
2026-08-07T08:57:52,DS,DS7 CROSSBACK,15,0,0.0
2026-08-07T08:57:52,DS,DS7 Crossback,0,0,0.0
2026-08-07T08:57:52,DS,N 4,7,0,0.0
2026-08-07T08:57:52,Dacia,Bigster,49,0,0.0
2026-08-07T08:57:52,Dacia,Dokker,1,0,0.0
2026-08-07T08:57:52,Dacia,Duster,44,0,0.0
2026-08-07T08:57:52,Dacia,JOGGER,15,0,0.0
2026-08-07T08:57:52,Dacia,Jogger,0,0,0.0
2026-08-07T08:57:52,Dacia,Logan,1,0,0.0
2026-08-07T08:57:52,Dacia,SPRING,12,12,1.0
2026-08-07T08:57:52,Dacia,Sandero,23,0,0.0
2026-08-07T08:57:52,Fiat,500,18,4,0.2222
2026-08-07T08:57:52,Fiat,500 L,2,0,0.0
2026-08-07T08:57:52,Fiat,500C,8,8,1.0
2026-08-07T08:57:52,Fiat,500X,9,0,0.0
2026-08-07T08:57:52,Fiat,500e,1,1,1.0
2026-08-07T08:57:52,Fiat,600,14,1,0.0714
2026-08-07T08:57:52,Fiat,Bravo,1,0,0.0
2026-08-07T08:57:52,Fiat,DUCATO FOURGON,1,0,0.0
2026-08-07T08:57:52,Fiat,PANDINA,2,0,0.0
2026-08-07T08:57:52,Fiat,Panda,8,0,0.0
2026-08-07T08:57:52,Fiat,TIPO Station Wagon,3,0,0.0
2026-08-07T08:57:52,Fiat,Tipo,3,0,0.0
2026-08-07T08:57:52,Fiat,Tipo 5P,1,0,0.0
2026-08-07T08:57:52,Fiat,Tipo Cross,1,0,0.0
2026-08-07T08:57:52,Fiat,Tipo Sw,1,0,0.0
2026-08-07T08:57:52,Ford,C-Max,1,0,0.0
2026-08-07T08:57:52,Ford,Ecosport,3,0,0.0
2026-08-07T08:57:52,Ford,Fiesta,11,0,0.0
2026-08-07T08:57:52,Ford,Focus,7,0,0.0
2026-08-07T08:57:52,Ford,Focus SW,2,0,0.0
2026-08-07T08:57:52,Ford,Kuga,3,0,0.0
2026-08-07T08:57:52,Ford,Mustang MACH-E,1,1,1.0
2026-08-07T08:57:52,Ford,PUMA,26,0,0.0
2026-08-07T08:57:52,Ford,Puma,0,0,0.0
2026-08-07T08:57:52,Ford,TOURNEO COURIER,1,0,0.0
2026-08-07T08:57:52,Ford,TRANSIT CONNECT FGN,1,0,0.0
2026-08-07T08:57:52,Honda,Civic,2,0,0.0
2026-08-07T08:57:52,Honda,HR-V,1,0,0.0
2026-08-07T08:57:52,Honda,Jazz,1,0,0.0
2026-08-07T08:57:52,Hyundai,BAYON,1,0,0.0
2026-08-07T08:57:52,Hyundai,Ioniq,3,3,1.0
2026-08-07T08:57:52,Hyundai,Kona,14,1,0.0714
2026-08-07T08:57:52,Hyundai,Tucson,28,0,0.0
2026-08-07T08:57:52,Hyundai,i10,2,0,0.0
2026-08-07T08:57:52,Hyundai,i20,4,0,0.0
2026-08-07T08:57:52,Hyundai,i30,1,0,0.0
2026-08-07T08:57:52,Hyundai,i30 SW,3,0,0.0
2026-08-07T08:57:52,Jaecoo,Jaecoo 7,3,0,0.0
2026-08-07T08:57:52,Jeep,Avenger,17,3,0.1765
2026-08-07T08:57:52,Jeep,Compass,14,0,0.0
2026-08-07T08:57:52,Jeep,Renegade,15,0,0.0
2026-08-07T08:57:52,Kia,Ceed,1,0,0.0
2026-08-07T08:57:52,Kia,Ceed SW,1,0,0.0
2026-08-07T08:57:52,Kia,EV6,4,4,1.0
2026-08-07T08:57:52,Kia,Niro,6,3,0.5
2026-08-07T08:57:52,Kia,Picanto,1,0,0.0
2026-08-07T08:57:52,Kia,ProCeed,5,0,0.0
2026-08-07T08:57:52,Kia,Rio,5,0,0.0
2026-08-07T08:57:52,Kia,Soul,1,1,1.0
2026-08-07T08:57:52,Kia,Sportage,14,0,0.0
2026-08-07T08:57:52,Kia,Stonic,6,0,0.0
2026-08-07T08:57:52,Kia,XCEED,1,0,0.0
2026-08-07T08:57:52,Lexus,UX,2,0,0.0
2026-08-07T08:57:52,Lynk&Co,01,2,0,0.0
2026-08-07T08:57:52,MG,EHS,13,0,0.0
2026-08-07T08:57:52,MG,MARVEL R,2,2,1.0
2026-08-07T08:57:52,MG,MG3,11,0,0.0
2026-08-07T08:57:52,MG,MG4,5,5,1.0
2026-08-07T08:57:52,MG,MG5,1,1,1.0
2026-08-07T08:57:52,MG,MGS5,1,1,1.0
2026-08-07T08:57:52,MG,ZS,16,1,0.0625
2026-08-07T08:57:52,Mazda,CX-30,1,0,0.0
2026-08-07T08:57:52,Mazda,CX-5,2,0,0.0
2026-08-07T08:57:52,Mazda,CX-60,1,0,0.0
2026-08-07T08:57:52,Mazda,MX-30,1,1,1.0
2026-08-07T08:57:52,Mazda,MX-30 2020,1,1,1.0
2026-08-07T08:57:52,Mazda,MX-5,1,0,0.0
2026-08-07T08:57:52,Mazda,Mazda 3,2,0,0.0
2026-08-07T08:57:52,Mercedes,CLA,1,0,0.0
2026-08-07T08:57:52,Mercedes,CLA Shooting Brake,2,0,0.0
2026-08-07T08:57:52,Mercedes,CLASSE C BREAK,2,0,0.0
2026-08-07T08:57:52,Mercedes,Classe A,4,0,0.0
2026-08-07T08:57:52,Mercedes,Classe B,4,0,0.0
2026-08-07T08:57:52,Mercedes,Classe C,3,0,0.0
2026-08-07T08:57:52,Mercedes,Classe E,1,0,0.0
2026-08-07T08:57:52,Mercedes,Classe E Coupé,1,0,0.0
2026-08-07T08:57:52,Mercedes,GLA,7,0,0.0
2026-08-07T08:57:52,Mini,Clubman,5,0,0.0
2026-08-07T08:57:52,Mini,Countryman,10,0,0.0
2026-08-07T08:57:52,Mini,Mini,6,2,0.3333
2026-08-07T08:57:52,Mitsubishi,ASX,1,0,0.0
2026-08-07T08:57:52,Mitsubishi,Outlander,1,0,0.0
2026-08-07T08:57:52,Mitsubishi,Space Star,3,0,0.0
2026-08-07T08:57:52,Nissan,Juke,27,0,0.0
2026-08-07T08:57:52,Nissan,Leaf,3,3,1.0
2026-08-07T08:57:52,Nissan,Micra,4,0,0.0
2026-08-07T08:57:52,Nissan,Primastar,1,0,0.0
2026-08-07T08:57:52,Nissan,Qashqai,24,0,0.0
2026-08-07T08:57:52,Nissan,X-Trail,3,0,0.0
2026-08-07T08:57:52,Opel,Astra,11,0,0.0
2026-08-07T08:57:52,Opel,Astra Sports Tourer,3,0,0.0
2026-08-07T08:57:52,Opel,Corsa,41,5,0.122
2026-08-07T08:57:52,Opel,Crossland,7,0,0.0
2026-08-07T08:57:52,Opel,Crossland X,1,0,0.0
2026-08-07T08:57:52,Opel,FRONTERA,4,3,0.75
2026-08-07T08:57:52,Opel,GRANDLAND,7,0,0.0
2026-08-07T08:57:52,Opel,Grandland,0,0,0.0
2026-08-07T08:57:52,Opel,Grandland X,3,0,0.0
2026-08-07T08:57:52,Opel,INSIGNIA GRAND SPORT,2,0,0.0
2026-08-07T08:57:52,Opel,MOVANO FOURGON,1,0,0.0
2026-08-07T08:57:52,Opel,Mokka,38,19,0.5
2026-08-07T08:57:52,Opel,Mokka X,1,0,0.0
2026-08-07T08:57:52,Opel,VIVARO CABINE APPROFONDIE,1,0,0.0
2026-08-07T08:57:52,Peugeot,108,6,0,0.0
2026-08-07T08:57:52,Peugeot,2008,203,36,0.1773
2026-08-07T08:57:52,Peugeot,208,133,27,0.203
2026-08-07T08:57:52,Peugeot,208 AFFAIRE,4,1,0.25
2026-08-07T08:57:52,Peugeot,3008,108,4,0.037
2026-08-07T08:57:52,Peugeot,308,72,6,0.0833
2026-08-07T08:57:52,Peugeot,308 AFFAIRE,2,0,0.0
2026-08-07T08:57:52,Peugeot,308 SW,43,1,0.0233
2026-08-07T08:57:52,Peugeot,408,13,1,0.0769
2026-08-07T08:57:52,Peugeot,5008,47,0,0.0
2026-08-07T08:57:52,Peugeot,508,4,0,0.0
2026-08-07T08:57:52,Peugeot,508 SW,7,0,0.0
2026-08-07T08:57:52,Peugeot,Boxer,1,0,0.0
2026-08-07T08:57:52,Peugeot,Expert Fourgon,3,0,0.0
2026-08-07T08:57:52,Peugeot,Partner Fourgon,2,0,0.0
2026-08-07T08:57:52,Peugeot,RIFTER,2,0,0.0
2026-08-07T08:57:52,Peugeot,Rifter,0,0,0.0
2026-08-07T08:57:52,Polestar,2,1,1,1.0
2026-08-07T08:57:52,Renault,Arkana,22,0,0.0
2026-08-07T08:57:52,Renault,Austral,34,0,0.0
2026-08-07T08:57:52,Renault,Captur,73,0,0.0
2026-08-07T08:57:52,Renault,Clio 4,10,0,0.0
2026-08-07T08:57:52,Renault,Clio 4 Société,1,0,0.0
2026-08-07T08:57:52,Renault,Clio 5,86,0,0.0
2026-08-07T08:57:52,Renault,Clio 6,13,0,0.0
2026-08-07T08:57:52,Renault,Espace 5,4,0,0.0
2026-08-07T08:57:52,Renault,Espace 6,9,0,0.0
2026-08-07T08:57:52,Renault,Express,1,0,0.0
2026-08-07T08:57:52,Renault,Grand Scenic 3,1,0,0.0
2026-08-07T08:57:52,Renault,Grand Scenic 4,0,0,0.0
2026-08-07T08:57:52,Renault,Grand Scénic 4,9,0,0.0
2026-08-07T08:57:52,Renault,KANGOO VAN,1,0,0.0
2026-08-07T08:57:52,Renault,Kadjar,22,0,0.0
2026-08-07T08:57:52,Renault,Kangoo Express,1,0,0.0
2026-08-07T08:57:52,Renault,Koleos,2,0,0.0
2026-08-07T08:57:52,Renault,MASTER FOURGON,4,0,0.0
2026-08-07T08:57:52,Renault,Master Fourgon,0,0,0.0
2026-08-07T08:57:52,Renault,Mégane 4,12,0,0.0
2026-08-07T08:57:52,Renault,Mégane 4 Estate,4,0,0.0
2026-08-07T08:57:52,Renault,Mégane E-TECH,8,8,1.0
2026-08-07T08:57:52,Renault,R4,9,9,1.0
2026-08-07T08:57:52,Renault,R5,27,27,1.0
2026-08-07T08:57:52,Renault,Rafale,13,0,0.0
2026-08-07T08:57:52,Renault,Scénic 4,9,0,0.0
2026-08-07T08:57:52,Renault,Scénic E-Tech,8,8,1.0
2026-08-07T08:57:52,Renault,Symbioz,40,0,0.0
2026-08-07T08:57:52,Renault,TWINGO,1,1,1.0
2026-08-07T08:57:52,Renault,Talisman,1,0,0.0
2026-08-07T08:57:52,Renault,Talisman Estate,1,0,0.0
2026-08-07T08:57:52,Renault,Trafic,2,0,0.0
2026-08-07T08:57:52,Renault,Twingo 3,12,2,0.1667
2026-08-07T08:57:52,Renault,Twizy,1,1,1.0
2026-08-07T08:57:52,Renault,ZOE E-tech Electrique,1,1,1.0
2026-08-07T08:57:52,Renault,Zoé,12,12,1.0
2026-08-07T08:57:52,Seat,Arona,12,0,0.0
2026-08-07T08:57:52,Seat,Ateca,8,0,0.0
2026-08-07T08:57:52,Seat,Ibiza,4,0,0.0
2026-08-07T08:57:52,Seat,Leon,2,0,0.0
2026-08-07T08:57:52,Seat,Leon ST,2,0,0.0
2026-08-07T08:57:52,Seat,Leon Sportstourer,1,0,0.0
2026-08-07T08:57:52,Skoda,ENYAQ,3,3,1.0
2026-08-07T08:57:52,Skoda,FABIA COMBI,1,0,0.0
2026-08-07T08:57:52,Skoda,Fabia,3,0,0.0
2026-08-07T08:57:52,Skoda,KAMIQ,1,0,0.0
2026-08-07T08:57:52,Skoda,Karoq,3,0,0.0
2026-08-07T08:57:52,Skoda,Kodiaq,1,0,0.0
2026-08-07T08:57:52,Skoda,Octavia Combi,5,0,0.0
2026-08-07T08:57:52,Skoda,SCALA,1,0,0.0
2026-08-07T08:57:52,Skoda,Superb Combi,3,0,0.0
2026-08-07T08:57:52,Smart,FORFOUR,4,4,1.0
2026-08-07T08:57:52,Smart,FORTWO,1,0,0.0
2026-08-07T08:57:52,Smart,Fortwo EQ,2,2,1.0
2026-08-07T08:57:52,Suzuki,Celerio,1,0,0.0
2026-08-07T08:57:52,Suzuki,S-CROSS,1,0,0.0
2026-08-07T08:57:52,Suzuki,SX4 S-Cross,2,0,0.0
2026-08-07T08:57:52,Suzuki,Swift,3,0,0.0
2026-08-07T08:57:52,Suzuki,Vitara,1,0,0.0
2026-08-07T08:57:52,Tesla,MODEL 3,11,11,1.0
2026-08-07T08:57:52,Tesla,MODEL S,1,1,1.0
2026-08-07T08:57:52,Tesla,MODEL X,2,2,1.0
2026-08-07T08:57:52,Tesla,MODEL Y,9,9,1.0
2026-08-07T08:57:52,Toyota,Aygo,3,0,0.0
2026-08-07T08:57:52,Toyota,Aygo X,8,0,0.0
2026-08-07T08:57:52,Toyota,C-HR,9,0,0.0
2026-08-07T08:57:52,Toyota,Corolla,1,0,0.0
2026-08-07T08:57:52,Toyota,Corolla Cross,1,0,0.0
2026-08-07T08:57:52,Toyota,Corolla Sw,1,0,0.0
2026-08-07T08:57:52,Toyota,Corolla Touring Sports,16,0,0.0
2026-08-07T08:57:52,Toyota,PROACE CITY FOURGON RC21,1,0,0.0
2026-08-07T08:57:52,Toyota,RAV 4,3,0,0.0
2026-08-07T08:57:52,Toyota,YARIS CROSS,12,0,0.0
2026-08-07T08:57:52,Toyota,YARIS HYBRIDE,2,0,0.0
2026-08-07T08:57:52,Toyota,Yaris,7,0,0.0
2026-08-07T08:57:52,Toyota,Yaris 4,7,0,0.0
2026-08-07T08:57:52,Volkswagen,Caddy,1,0,0.0
2026-08-07T08:57:52,Volkswagen,Coccinelle,1,0,0.0
2026-08-07T08:57:52,Volkswagen,Golf,1,0,0.0
2026-08-07T08:57:52,Volkswagen,Golf 7,6,1,0.1667
2026-08-07T08:57:52,Volkswagen,Golf 8,37,0,0.0
2026-08-07T08:57:52,Volkswagen,Golf 8 SW,7,0,0.0
2026-08-07T08:57:52,Volkswagen,Golf SW,1,0,0.0
2026-08-07T08:57:52,Volkswagen,Golf Sportsvan,3,0,0.0
2026-08-07T08:57:52,Volkswagen,ID.3,1,1,1.0
2026-08-07T08:57:52,Volkswagen,ID.4,1,1,1.0
2026-08-07T08:57:52,Volkswagen,ID.5,1,1,1.0
2026-08-07T08:57:52,Volkswagen,Passat,3,0,0.0
2026-08-07T08:57:52,Volkswagen,Passat SW,3,0,0.0
2026-08-07T08:57:52,Volkswagen,Polo,17,0,0.0
2026-08-07T08:57:52,Volkswagen,Sharan,1,0,0.0
2026-08-07T08:57:52,Volkswagen,T-CROSS,17,0,0.0
2026-08-07T08:57:52,Volkswagen,T-Cross,0,0,0.0
2026-08-07T08:57:52,Volkswagen,T-Roc,43,0,0.0
2026-08-07T08:57:52,Volkswagen,T-Roc Cabriolet,3,0,0.0
2026-08-07T08:57:52,Volkswagen,TAIGO,14,0,0.0
2026-08-07T08:57:52,Volkswagen,TIGUAN,0,0,0.0
2026-08-07T08:57:52,Volkswagen,Taigo,0,0,0.0
2026-08-07T08:57:52,Volkswagen,Tayron,5,0,0.0
2026-08-07T08:57:52,Volkswagen,Tiguan,27,0,0.0
2026-08-07T08:57:52,Volkswagen,Tiguan Allspace,3,0,0.0
2026-08-07T08:57:52,Volkswagen,Touran,6,0,0.0
2026-08-07T08:57:52,Volkswagen,Up,1,1,1.0
2026-08-07T08:57:52,Volvo,C40,1,1,1.0
2026-08-07T08:57:52,Volvo,EX30,2,2,1.0
2026-08-07T08:57:52,Volvo,XC40,11,2,0.1818
2026-08-07T08:57:52,Volvo,XC60,2,0,0.0
2026-08-07T08:57:52,Volvo,XC90,3,0,0.0
2026-08-08T08:39:27,Abarth,595,1,0,0.0
2026-08-08T08:39:27,Alfa Romeo,Giulia,2,0,0.0
2026-08-08T08:39:27,Alfa Romeo,Giulietta,2,0,0.0
2026-08-08T08:39:27,Alfa Romeo,Junior,9,8,0.8889
2026-08-08T08:39:27,Alfa Romeo,Stelvio,1,0,0.0
2026-08-08T08:39:27,Alfa Romeo,Tonale,14,0,0.0
2026-08-08T08:39:27,Audi,A1 Sportback,5,0,0.0
2026-08-08T08:39:27,Audi,A3 Berline,1,0,0.0
2026-08-08T08:39:27,Audi,A3 Sportback,19,0,0.0
2026-08-08T08:39:27,Audi,A4 Avant,5,0,0.0
2026-08-08T08:39:27,Audi,A5 Sportback,1,0,0.0
2026-08-08T08:39:27,Audi,A6 Avant,1,0,0.0
2026-08-08T08:39:27,Audi,Q2,13,0,0.0
2026-08-08T08:39:27,Audi,Q3,7,0,0.0
2026-08-08T08:39:27,Audi,Q3 Sportback,4,0,0.0
2026-08-08T08:39:27,Audi,Q4 e-tron Sportback,1,1,1.0
2026-08-08T08:39:27,Audi,Q5,4,0,0.0
2026-08-08T08:39:27,Audi,Q5 SPORTBACK,1,0,0.0
2026-08-08T08:39:27,Audi,e-tron sportback,1,1,1.0
2026-08-08T08:39:27,BMW,IX,1,1,1.0
2026-08-08T08:39:27,BMW,Série 1,15,0,0.0
2026-08-08T08:39:27,BMW,Série 2 Active Tourer,4,0,0.0
2026-08-08T08:39:27,BMW,Série 2 Gran Coupé,1,0,0.0
2026-08-08T08:39:27,BMW,Série 2 Gran Tourer,2,0,0.0
2026-08-08T08:39:27,BMW,Série 3 Touring,1,0,0.0
2026-08-08T08:39:27,BMW,Série 4 Coupé,1,0,0.0
2026-08-08T08:39:27,BMW,Série 5 Touring,1,0,0.0
2026-08-08T08:39:27,BMW,X1,17,0,0.0
2026-08-08T08:39:27,BMW,X2,5,0,0.0
2026-08-08T08:39:27,BMW,X3,4,0,0.0
2026-08-08T08:39:27,BMW,X5,1,0,0.0
2026-08-08T08:39:27,BMW,i4,3,3,1.0
2026-08-08T08:39:27,BMW,iX1,1,1,1.0
2026-08-08T08:39:27,BYD,Atto 2,3,1,0.3333
2026-08-08T08:39:27,BYD,Dolphin,1,1,1.0
2026-08-08T08:39:27,BYD,SEAL 6 TOURING,5,0,0.0
2026-08-08T08:39:27,BYD,Seal 6,3,0,0.0
2026-08-08T08:39:27,BYD,Seal 6 Touring,0,0,0.0
2026-08-08T08:39:27,BYD,Seal U,6,0,0.0
2026-08-08T08:39:27,BYD,Sealion 7,1,1,1.0
2026-08-08T08:39:27,Citroën,AMI,2,2,1.0
2026-08-08T08:39:27,Citroën,Berlingo,5,2,0.4
2026-08-08T08:39:27,Citroën,Berlingo Fourgon,1,0,0.0
2026-08-08T08:39:27,Citroën,Berlingo VAN,0,0,0.0
2026-08-08T08:39:27,Citroën,Berlingo Van,3,0,0.0
2026-08-08T08:39:27,Citroën,C1,1,0,0.0
2026-08-08T08:39:27,Citroën,C3,79,11,0.1392
2026-08-08T08:39:27,Citroën,C3 Aircross,52,3,0.0577
2026-08-08T08:39:27,Citroën,C3 Picasso,1,0,0.0
2026-08-08T08:39:27,Citroën,C3 Societe,1,0,0.0
2026-08-08T08:39:27,Citroën,C4,65,2,0.0308
2026-08-08T08:39:27,Citroën,C4 Cactus,2,0,0.0
2026-08-08T08:39:27,Citroën,C4 Picasso,4,0,0.0
2026-08-08T08:39:27,Citroën,C4 SPACETOURER,1,0,0.0
2026-08-08T08:39:27,Citroën,C4 X,1,0,0.0
2026-08-08T08:39:27,Citroën,C5 Aircross,81,0,0.0
2026-08-08T08:39:27,Citroën,C5 X,4,0,0.0
2026-08-08T08:39:27,Citroën,DS 3,1,0,0.0
2026-08-08T08:39:27,Citroën,E-C4,2,2,1.0
2026-08-08T08:39:27,Citroën,E-C4 X,1,1,1.0
2026-08-08T08:39:27,Citroën,GRAND C4 SPACETOURER,1,0,0.0
2026-08-08T08:39:27,Citroën,JUMPY CABINE APPROFONDIE,1,0,0.0
2026-08-08T08:39:27,Citroën,JUMPY FOURGON,2,0,0.0
2026-08-08T08:39:27,Citroën,Jumper Fourgon,1,0,0.0
2026-08-08T08:39:27,Citroën,Jumpy,1,0,0.0
2026-08-08T08:39:27,Citroën,SpaceTourer,1,0,0.0
2026-08-08T08:39:27,Cupra,FORMENTOR,27,0,0.0
2026-08-08T08:39:27,Cupra,Leon,4,0,0.0
2026-08-08T08:39:27,Cupra,Leon Sportstourer,1,0,0.0
2026-08-08T08:39:27,Cupra,Terramar,2,0,0.0
2026-08-08T08:39:27,DS,DS 3 CROSSBACK,1,1,1.0
2026-08-08T08:39:27,DS,DS3,4,0,0.0
2026-08-08T08:39:27,DS,DS3 CROSSBACK,10,0,0.0
2026-08-08T08:39:27,DS,DS3 Crossback,0,1,0.0
2026-08-08T08:39:27,DS,DS4,16,0,0.0
2026-08-08T08:39:27,DS,DS7,29,0,0.0
2026-08-08T08:39:27,DS,DS7 CROSSBACK,15,0,0.0
2026-08-08T08:39:27,DS,DS7 Crossback,0,0,0.0
2026-08-08T08:39:27,DS,N 4,8,0,0.0
2026-08-08T08:39:27,Dacia,Bigster,48,0,0.0
2026-08-08T08:39:27,Dacia,Dokker,2,0,0.0
2026-08-08T08:39:27,Dacia,Duster,42,0,0.0
2026-08-08T08:39:27,Dacia,JOGGER,15,0,0.0
2026-08-08T08:39:27,Dacia,Jogger,0,0,0.0
2026-08-08T08:39:27,Dacia,Logan,1,0,0.0
2026-08-08T08:39:27,Dacia,SPRING,11,11,1.0
2026-08-08T08:39:27,Dacia,Sandero,25,0,0.0
2026-08-08T08:39:27,Fiat,500,18,4,0.2222
2026-08-08T08:39:27,Fiat,500 L,2,0,0.0
2026-08-08T08:39:27,Fiat,500C,8,8,1.0
2026-08-08T08:39:27,Fiat,500X,9,0,0.0
2026-08-08T08:39:27,Fiat,600,14,1,0.0714
2026-08-08T08:39:27,Fiat,Bravo,1,0,0.0
2026-08-08T08:39:27,Fiat,DUCATO FOURGON,1,0,0.0
2026-08-08T08:39:27,Fiat,PANDINA,2,0,0.0
2026-08-08T08:39:27,Fiat,Panda,10,0,0.0
2026-08-08T08:39:27,Fiat,TIPO Station Wagon,3,0,0.0
2026-08-08T08:39:27,Fiat,Tipo,4,0,0.0
2026-08-08T08:39:27,Fiat,Tipo 5P,1,0,0.0
2026-08-08T08:39:27,Fiat,Tipo Sw,1,0,0.0
2026-08-08T08:39:27,Ford,Ecosport,3,0,0.0
2026-08-08T08:39:27,Ford,Fiesta,11,0,0.0
2026-08-08T08:39:27,Ford,Focus,5,0,0.0
2026-08-08T08:39:27,Ford,Focus SW,2,0,0.0
2026-08-08T08:39:27,Ford,Kuga,5,0,0.0
2026-08-08T08:39:27,Ford,Mustang MACH-E,2,2,1.0
2026-08-08T08:39:27,Ford,PUMA,25,0,0.0
2026-08-08T08:39:27,Ford,Puma,0,0,0.0
2026-08-08T08:39:27,Ford,TOURNEO COURIER,1,0,0.0
2026-08-08T08:39:27,Ford,TRANSIT CONNECT FGN,1,0,0.0
2026-08-08T08:39:27,Honda,Civic,2,0,0.0
2026-08-08T08:39:27,Honda,HR-V,2,0,0.0
2026-08-08T08:39:27,Honda,Jazz,1,0,0.0
2026-08-08T08:39:27,Hyundai,BAYON,1,0,0.0
2026-08-08T08:39:27,Hyundai,Ioniq,3,3,1.0
2026-08-08T08:39:27,Hyundai,Kona,14,1,0.0714
2026-08-08T08:39:27,Hyundai,Tucson,26,0,0.0
2026-08-08T08:39:27,Hyundai,i10,2,0,0.0
2026-08-08T08:39:27,Hyundai,i20,4,0,0.0
2026-08-08T08:39:27,Hyundai,i30,1,0,0.0
2026-08-08T08:39:27,Hyundai,i30 SW,3,0,0.0
2026-08-08T08:39:27,Jaecoo,Jaecoo 7,4,0,0.0
2026-08-08T08:39:27,Jeep,Avenger,15,2,0.1333
2026-08-08T08:39:27,Jeep,Compass,15,0,0.0
2026-08-08T08:39:27,Jeep,Renegade,15,0,0.0
2026-08-08T08:39:27,Kia,Ceed,1,0,0.0
2026-08-08T08:39:27,Kia,Ceed SW,1,0,0.0
2026-08-08T08:39:27,Kia,EV6,4,4,1.0
2026-08-08T08:39:27,Kia,Niro,5,2,0.4
2026-08-08T08:39:27,Kia,Picanto,1,0,0.0
2026-08-08T08:39:27,Kia,ProCeed,5,0,0.0
2026-08-08T08:39:27,Kia,Rio,4,0,0.0
2026-08-08T08:39:27,Kia,Soul,1,1,1.0
2026-08-08T08:39:27,Kia,Sportage,14,0,0.0
2026-08-08T08:39:27,Kia,Stonic,6,0,0.0
2026-08-08T08:39:27,Kia,XCEED,1,0,0.0
2026-08-08T08:39:27,Lexus,LBX,1,0,0.0
2026-08-08T08:39:27,Lexus,UX,2,0,0.0
2026-08-08T08:39:27,Lynk&Co,01,2,0,0.0
2026-08-08T08:39:27,MG,EHS,13,0,0.0
2026-08-08T08:39:27,MG,MARVEL R,2,2,1.0
2026-08-08T08:39:27,MG,MG3,11,0,0.0
2026-08-08T08:39:27,MG,MG4,2,2,1.0
2026-08-08T08:39:27,MG,MGS5,1,1,1.0
2026-08-08T08:39:27,MG,ZS,17,1,0.0588
2026-08-08T08:39:27,Mazda,CX-30,1,0,0.0
2026-08-08T08:39:27,Mazda,CX-5,2,0,0.0
2026-08-08T08:39:27,Mazda,CX-60,1,0,0.0
2026-08-08T08:39:27,Mazda,MX-30,2,2,1.0
2026-08-08T08:39:27,Mazda,MX-30 2020,1,1,1.0
2026-08-08T08:39:27,Mazda,MX-5,1,0,0.0
2026-08-08T08:39:27,Mazda,Mazda 3,2,0,0.0
2026-08-08T08:39:27,Mercedes,CLA,1,0,0.0
2026-08-08T08:39:27,Mercedes,CLA Shooting Brake,2,0,0.0
2026-08-08T08:39:27,Mercedes,CLASSE C BREAK,2,0,0.0
2026-08-08T08:39:27,Mercedes,Classe A,4,0,0.0
2026-08-08T08:39:27,Mercedes,Classe B,3,0,0.0
2026-08-08T08:39:27,Mercedes,Classe C,3,0,0.0
2026-08-08T08:39:27,Mercedes,Classe E,1,0,0.0
2026-08-08T08:39:27,Mercedes,Classe E Coupé,1,0,0.0
2026-08-08T08:39:27,Mercedes,GLA,8,0,0.0
2026-08-08T08:39:27,Mini,Clubman,5,0,0.0
2026-08-08T08:39:27,Mini,Countryman,12,0,0.0
2026-08-08T08:39:27,Mini,Mini,6,2,0.3333
2026-08-08T08:39:27,Mitsubishi,ASX,1,0,0.0
2026-08-08T08:39:27,Mitsubishi,Outlander,1,0,0.0
2026-08-08T08:39:27,Mitsubishi,Space Star,3,0,0.0
2026-08-08T08:39:27,Nissan,Juke,28,0,0.0
2026-08-08T08:39:27,Nissan,Leaf,3,3,1.0
2026-08-08T08:39:27,Nissan,Micra,3,0,0.0
2026-08-08T08:39:27,Nissan,Primastar,1,0,0.0
2026-08-08T08:39:27,Nissan,Qashqai,23,0,0.0
2026-08-08T08:39:27,Nissan,TOWNSTAR FOURGON,1,0,0.0
2026-08-08T08:39:27,Nissan,X-Trail,2,0,0.0
2026-08-08T08:39:27,Opel,Astra,11,0,0.0
2026-08-08T08:39:27,Opel,Astra Sports Tourer,3,0,0.0
2026-08-08T08:39:27,Opel,Corsa,37,5,0.1351
2026-08-08T08:39:27,Opel,Crossland,6,0,0.0
2026-08-08T08:39:27,Opel,Crossland X,1,0,0.0
2026-08-08T08:39:27,Opel,FRONTERA,4,3,0.75
2026-08-08T08:39:27,Opel,GRANDLAND,7,0,0.0
2026-08-08T08:39:27,Opel,Grandland,0,0,0.0
2026-08-08T08:39:27,Opel,Grandland X,3,0,0.0
2026-08-08T08:39:27,Opel,INSIGNIA GRAND SPORT,1,0,0.0
2026-08-08T08:39:27,Opel,MOKKA ELECTRIQUE,1,1,1.0
2026-08-08T08:39:27,Opel,MOVANO FOURGON,1,0,0.0
2026-08-08T08:39:27,Opel,Mokka,40,23,0.575
2026-08-08T08:39:27,Opel,Mokka X,1,0,0.0
2026-08-08T08:39:27,Opel,VIVARO CABINE APPROFONDIE,1,0,0.0
2026-08-08T08:39:27,Peugeot,108,6,0,0.0
2026-08-08T08:39:27,Peugeot,2008,205,42,0.2049
2026-08-08T08:39:27,Peugeot,208,141,24,0.1702
2026-08-08T08:39:27,Peugeot,208 AFFAIRE,4,1,0.25
2026-08-08T08:39:27,Peugeot,3008,111,4,0.036
2026-08-08T08:39:27,Peugeot,308,83,6,0.0723
2026-08-08T08:39:27,Peugeot,308 AFFAIRE,2,0,0.0
2026-08-08T08:39:27,Peugeot,308 SW,42,1,0.0238
2026-08-08T08:39:27,Peugeot,408,13,0,0.0
2026-08-08T08:39:27,Peugeot,5008,42,0,0.0
2026-08-08T08:39:27,Peugeot,508,4,0,0.0
2026-08-08T08:39:27,Peugeot,508 SW,8,0,0.0
2026-08-08T08:39:27,Peugeot,Boxer,1,0,0.0
2026-08-08T08:39:27,Peugeot,Expert Fourgon,3,0,0.0
2026-08-08T08:39:27,Peugeot,Partner Fourgon,2,0,0.0
2026-08-08T08:39:27,Peugeot,RIFTER,2,0,0.0
2026-08-08T08:39:27,Peugeot,Rifter,0,0,0.0
2026-08-08T08:39:27,Peugeot,e-2008,1,1,1.0
2026-08-08T08:39:27,Polestar,2,1,1,1.0
2026-08-08T08:39:27,Renault,Arkana,20,0,0.0
2026-08-08T08:39:27,Renault,Austral,32,0,0.0
2026-08-08T08:39:27,Renault,Captur,71,0,0.0
2026-08-08T08:39:27,Renault,Clio 4,12,0,0.0
2026-08-08T08:39:27,Renault,Clio 4 Société,1,0,0.0
2026-08-08T08:39:27,Renault,Clio 5,82,0,0.0
2026-08-08T08:39:27,Renault,Clio 6,13,0,0.0
2026-08-08T08:39:27,Renault,Espace 4,1,0,0.0
2026-08-08T08:39:27,Renault,Espace 5,3,0,0.0
2026-08-08T08:39:27,Renault,Espace 6,9,0,0.0
2026-08-08T08:39:27,Renault,Express,1,0,0.0
2026-08-08T08:39:27,Renault,Grand Scenic 3,1,0,0.0
2026-08-08T08:39:27,Renault,Grand Scenic 4,0,0,0.0
2026-08-08T08:39:27,Renault,Grand Scénic 4,10,0,0.0
2026-08-08T08:39:27,Renault,KANGOO VAN,1,0,0.0
2026-08-08T08:39:27,Renault,KANGOO VAN E-TECH ELECTRIQUE,1,1,1.0
2026-08-08T08:39:27,Renault,Kadjar,22,0,0.0
2026-08-08T08:39:27,Renault,Kangoo Express,2,0,0.0
2026-08-08T08:39:27,Renault,Koleos,2,0,0.0
2026-08-08T08:39:27,Renault,MASTER FOURGON,4,0,0.0
2026-08-08T08:39:27,Renault,Master Fourgon,0,0,0.0
2026-08-08T08:39:27,Renault,Mégane 4,14,0,0.0
2026-08-08T08:39:27,Renault,Mégane 4 Estate,4,0,0.0
2026-08-08T08:39:27,Renault,Mégane E-TECH,6,6,1.0
2026-08-08T08:39:27,Renault,R4,9,9,1.0
2026-08-08T08:39:27,Renault,R5,24,24,1.0
2026-08-08T08:39:27,Renault,Rafale,15,0,0.0
2026-08-08T08:39:27,Renault,Scénic 4,10,0,0.0
2026-08-08T08:39:27,Renault,Scénic E-Tech,8,8,1.0
2026-08-08T08:39:27,Renault,Symbioz,40,0,0.0
2026-08-08T08:39:27,Renault,TRAFIC FOURGON,1,0,0.0
2026-08-08T08:39:27,Renault,TWINGO,1,1,1.0
2026-08-08T08:39:27,Renault,Talisman,1,0,0.0
2026-08-08T08:39:27,Renault,Talisman Estate,1,0,0.0
2026-08-08T08:39:27,Renault,Trafic,2,0,0.0
2026-08-08T08:39:27,Renault,Twingo 3,10,2,0.2
2026-08-08T08:39:27,Renault,Twizy,1,1,1.0
2026-08-08T08:39:27,Renault,ZOE E-tech Electrique,1,1,1.0
2026-08-08T08:39:27,Renault,Zoé,11,11,1.0
2026-08-08T08:39:27,Seat,Arona,12,0,0.0
2026-08-08T08:39:27,Seat,Ateca,8,0,0.0
2026-08-08T08:39:27,Seat,Ibiza,4,0,0.0
2026-08-08T08:39:27,Seat,Ibiza SC,1,0,0.0
2026-08-08T08:39:27,Seat,Leon,2,0,0.0
2026-08-08T08:39:27,Seat,Leon ST,4,0,0.0
2026-08-08T08:39:27,Seat,Leon Sportstourer,1,0,0.0
2026-08-08T08:39:27,Skoda,ENYAQ,2,2,1.0
2026-08-08T08:39:27,Skoda,FABIA COMBI,1,0,0.0
2026-08-08T08:39:27,Skoda,Fabia,3,0,0.0
2026-08-08T08:39:27,Skoda,KAMIQ,1,0,0.0
2026-08-08T08:39:27,Skoda,Karoq,3,0,0.0
2026-08-08T08:39:27,Skoda,Kodiaq,1,0,0.0
2026-08-08T08:39:27,Skoda,Octavia Combi,5,0,0.0
2026-08-08T08:39:27,Skoda,SCALA,1,0,0.0
2026-08-08T08:39:27,Skoda,Superb Combi,2,0,0.0
2026-08-08T08:39:27,Smart,FORFOUR,3,3,1.0
2026-08-08T08:39:27,Smart,FORTWO,1,0,0.0
2026-08-08T08:39:27,Smart,Fortwo EQ,2,2,1.0
2026-08-08T08:39:27,Suzuki,Celerio,1,0,0.0
2026-08-08T08:39:27,Suzuki,S-CROSS,1,0,0.0
2026-08-08T08:39:27,Suzuki,SX4 S-Cross,2,0,0.0
2026-08-08T08:39:27,Suzuki,Splash,1,0,0.0
2026-08-08T08:39:27,Suzuki,Swift,3,0,0.0
2026-08-08T08:39:27,Suzuki,Vitara,1,0,0.0
2026-08-08T08:39:27,Tesla,MODEL 3,11,11,1.0
2026-08-08T08:39:27,Tesla,MODEL S,1,1,1.0
2026-08-08T08:39:27,Tesla,MODEL X,2,2,1.0
2026-08-08T08:39:27,Tesla,MODEL Y,10,10,1.0
2026-08-08T08:39:27,Toyota,Aygo,3,0,0.0
2026-08-08T08:39:27,Toyota,Aygo X,7,0,0.0
2026-08-08T08:39:27,Toyota,C-HR,9,0,0.0
2026-08-08T08:39:27,Toyota,Corolla,2,0,0.0
2026-08-08T08:39:27,Toyota,Corolla Cross,1,0,0.0
2026-08-08T08:39:27,Toyota,Corolla Touring Sports,15,0,0.0
2026-08-08T08:39:27,Toyota,PROACE CITY FOURGON RC21,1,0,0.0
2026-08-08T08:39:27,Toyota,RAV 4,3,0,0.0
2026-08-08T08:39:27,Toyota,YARIS CROSS,11,0,0.0
2026-08-08T08:39:27,Toyota,YARIS HYBRIDE,2,0,0.0
2026-08-08T08:39:27,Toyota,Yaris,8,0,0.0
2026-08-08T08:39:27,Toyota,Yaris 4,5,0,0.0
2026-08-08T08:39:27,Volkswagen,Caddy,1,0,0.0
2026-08-08T08:39:27,Volkswagen,Coccinelle,1,0,0.0
2026-08-08T08:39:27,Volkswagen,Golf,1,0,0.0
2026-08-08T08:39:27,Volkswagen,Golf 7,6,1,0.1667
2026-08-08T08:39:27,Volkswagen,Golf 8,36,0,0.0
2026-08-08T08:39:27,Volkswagen,Golf 8 SW,7,0,0.0
2026-08-08T08:39:27,Volkswagen,Golf SW,1,0,0.0
2026-08-08T08:39:27,Volkswagen,Golf Sportsvan,2,0,0.0
2026-08-08T08:39:27,Volkswagen,ID.3,1,1,1.0
2026-08-08T08:39:27,Volkswagen,ID.4,3,3,1.0
2026-08-08T08:39:27,Volkswagen,ID.5,1,1,1.0
2026-08-08T08:39:27,Volkswagen,Passat,2,0,0.0
2026-08-08T08:39:27,Volkswagen,Passat SW,3,0,0.0
2026-08-08T08:39:27,Volkswagen,Polo,13,0,0.0
2026-08-08T08:39:27,Volkswagen,Sharan,1,0,0.0
2026-08-08T08:39:27,Volkswagen,T-CROSS,18,0,0.0
2026-08-08T08:39:27,Volkswagen,T-Cross,0,0,0.0
2026-08-08T08:39:27,Volkswagen,T-Roc,43,0,0.0
2026-08-08T08:39:27,Volkswagen,T-Roc Cabriolet,4,0,0.0
2026-08-08T08:39:27,Volkswagen,TAIGO,0,0,0.0
2026-08-08T08:39:27,Volkswagen,TIGUAN,0,0,0.0
2026-08-08T08:39:27,Volkswagen,Taigo,13,0,0.0
2026-08-08T08:39:27,Volkswagen,Tayron,5,0,0.0
2026-08-08T08:39:27,Volkswagen,Tiguan,30,0,0.0
2026-08-08T08:39:27,Volkswagen,Tiguan Allspace,3,0,0.0
2026-08-08T08:39:27,Volkswagen,Touran,5,0,0.0
2026-08-08T08:39:27,Volkswagen,Up,1,1,1.0
2026-08-08T08:39:27,Volvo,C40,1,1,1.0
2026-08-08T08:39:27,Volvo,EX30,2,2,1.0
2026-08-08T08:39:27,Volvo,V40,1,0,0.0
2026-08-08T08:39:27,Volvo,XC40,12,2,0.1667
2026-08-08T08:39:27,Volvo,XC60,2,0,0.0
2026-08-08T08:39:27,Volvo,XC90,3,0,0.0
2026-08-09T08:40:34,Alfa Romeo,Giulia,1,0,0.0
2026-08-09T08:40:34,Alfa Romeo,Giulietta,1,0,0.0
2026-08-09T08:40:34,Alfa Romeo,Junior,9,8,0.8889
2026-08-09T08:40:34,Alfa Romeo,Stelvio,1,0,0.0
2026-08-09T08:40:34,Alfa Romeo,Tonale,12,0,0.0
2026-08-09T08:40:34,Audi,A1 Sportback,4,0,0.0
2026-08-09T08:40:34,Audi,A3 Berline,1,0,0.0
2026-08-09T08:40:34,Audi,A3 Sportback,19,0,0.0
2026-08-09T08:40:34,Audi,A4 Avant,5,0,0.0
2026-08-09T08:40:34,Audi,A5 Sportback,1,0,0.0
2026-08-09T08:40:34,Audi,A6 Avant,1,0,0.0
2026-08-09T08:40:34,Audi,Q2,12,0,0.0
2026-08-09T08:40:34,Audi,Q3,7,0,0.0
2026-08-09T08:40:34,Audi,Q3 Sportback,4,0,0.0
2026-08-09T08:40:34,Audi,Q4 e-tron Sportback,1,1,1.0
2026-08-09T08:40:34,Audi,Q5,4,0,0.0
2026-08-09T08:40:34,Audi,Q5 SPORTBACK,1,0,0.0
2026-08-09T08:40:34,Audi,e-tron sportback,1,1,1.0
2026-08-09T08:40:34,BMW,IX,1,1,1.0
2026-08-09T08:40:34,BMW,Série 1,14,0,0.0
2026-08-09T08:40:34,BMW,Série 2 Active Tourer,4,0,0.0
2026-08-09T08:40:34,BMW,Série 2 Gran Coupé,1,0,0.0
2026-08-09T08:40:34,BMW,Série 2 Gran Tourer,1,0,0.0
2026-08-09T08:40:34,BMW,Série 3 Touring,1,0,0.0
2026-08-09T08:40:34,BMW,Série 4 Coupé,1,0,0.0
2026-08-09T08:40:34,BMW,Série 5 Touring,1,0,0.0
2026-08-09T08:40:34,BMW,X1,18,0,0.0
2026-08-09T08:40:34,BMW,X2,4,0,0.0
2026-08-09T08:40:34,BMW,X3,4,0,0.0
2026-08-09T08:40:34,BMW,X5,1,0,0.0
2026-08-09T08:40:34,BMW,i4,3,3,1.0
2026-08-09T08:40:34,BMW,iX1,1,1,1.0
2026-08-09T08:40:34,BYD,Atto 2,3,1,0.3333
2026-08-09T08:40:34,BYD,Dolphin,1,1,1.0
2026-08-09T08:40:34,BYD,SEAL 6 TOURING,5,0,0.0
2026-08-09T08:40:34,BYD,Seal 6,3,0,0.0
2026-08-09T08:40:34,BYD,Seal 6 Touring,0,0,0.0
2026-08-09T08:40:34,BYD,Seal U,5,0,0.0
2026-08-09T08:40:34,BYD,Sealion 7,1,1,1.0
2026-08-09T08:40:34,Citroën,AMI,2,2,1.0
2026-08-09T08:40:34,Citroën,Berlingo,5,2,0.4
2026-08-09T08:40:34,Citroën,Berlingo Fourgon,1,0,0.0
2026-08-09T08:40:34,Citroën,Berlingo VAN,0,0,0.0
2026-08-09T08:40:34,Citroën,Berlingo Van,3,0,0.0
2026-08-09T08:40:34,Citroën,C1,1,0,0.0
2026-08-09T08:40:34,Citroën,C3,77,12,0.1558
2026-08-09T08:40:34,Citroën,C3 Aircross,47,3,0.0638
2026-08-09T08:40:34,Citroën,C3 Picasso,1,0,0.0
2026-08-09T08:40:34,Citroën,C3 Societe,1,0,0.0
2026-08-09T08:40:34,Citroën,C4,64,2,0.0312
2026-08-09T08:40:34,Citroën,C4 Cactus,2,0,0.0
2026-08-09T08:40:34,Citroën,C4 Picasso,4,0,0.0
2026-08-09T08:40:34,Citroën,C4 SPACETOURER,1,0,0.0
2026-08-09T08:40:34,Citroën,C4 X,1,0,0.0
2026-08-09T08:40:34,Citroën,C5 Aircross,81,0,0.0
2026-08-09T08:40:34,Citroën,C5 X,4,0,0.0
2026-08-09T08:40:34,Citroën,DS 3,1,0,0.0
2026-08-09T08:40:34,Citroën,E-C4,2,2,1.0
2026-08-09T08:40:34,Citroën,E-C4 X,1,1,1.0
2026-08-09T08:40:34,Citroën,GRAND C4 SPACETOURER,1,0,0.0
2026-08-09T08:40:34,Citroën,JUMPY CABINE APPROFONDIE,1,0,0.0
2026-08-09T08:40:34,Citroën,JUMPY FOURGON,2,0,0.0
2026-08-09T08:40:34,Citroën,Jumper Fourgon,1,0,0.0
2026-08-09T08:40:34,Citroën,Jumpy,1,0,0.0
2026-08-09T08:40:34,Citroën,SpaceTourer,1,0,0.0
2026-08-09T08:40:34,Cupra,FORMENTOR,26,0,0.0
2026-08-09T08:40:34,Cupra,Leon,4,0,0.0
2026-08-09T08:40:34,Cupra,Leon Sportstourer,1,0,0.0
2026-08-09T08:40:34,Cupra,Terramar,2,0,0.0
2026-08-09T08:40:34,DS,DS 3 CROSSBACK,1,1,1.0
2026-08-09T08:40:34,DS,DS3,4,0,0.0
2026-08-09T08:40:34,DS,DS3 CROSSBACK,8,0,0.0
2026-08-09T08:40:34,DS,DS3 Crossback,0,0,0.0
2026-08-09T08:40:34,DS,DS4,16,0,0.0
2026-08-09T08:40:34,DS,DS7,29,0,0.0
2026-08-09T08:40:34,DS,DS7 CROSSBACK,15,0,0.0
2026-08-09T08:40:34,DS,DS7 Crossback,0,0,0.0
2026-08-09T08:40:34,DS,N 4,8,0,0.0
2026-08-09T08:40:34,Dacia,Bigster,46,0,0.0
2026-08-09T08:40:34,Dacia,Dokker,1,0,0.0
2026-08-09T08:40:34,Dacia,Duster,40,0,0.0
2026-08-09T08:40:34,Dacia,JOGGER,12,0,0.0
2026-08-09T08:40:34,Dacia,Jogger,0,0,0.0
2026-08-09T08:40:34,Dacia,Logan,1,0,0.0
2026-08-09T08:40:34,Dacia,SPRING,11,11,1.0
2026-08-09T08:40:34,Dacia,Sandero,22,0,0.0
2026-08-09T08:40:34,Fiat,500,14,3,0.2143
2026-08-09T08:40:34,Fiat,500 L,2,0,0.0
2026-08-09T08:40:34,Fiat,500C,8,8,1.0
2026-08-09T08:40:34,Fiat,500X,9,0,0.0
2026-08-09T08:40:34,Fiat,600,14,1,0.0714
2026-08-09T08:40:34,Fiat,Bravo,1,0,0.0
2026-08-09T08:40:34,Fiat,DUCATO FOURGON,1,0,0.0
2026-08-09T08:40:34,Fiat,PANDINA,2,0,0.0
2026-08-09T08:40:34,Fiat,Panda,9,0,0.0
2026-08-09T08:40:34,Fiat,TIPO Station Wagon,3,0,0.0
2026-08-09T08:40:34,Fiat,Tipo,4,0,0.0
2026-08-09T08:40:34,Fiat,Tipo 5P,1,0,0.0
2026-08-09T08:40:34,Fiat,Tipo Sw,1,0,0.0
2026-08-09T08:40:34,Ford,Ecosport,3,0,0.0
2026-08-09T08:40:34,Ford,Fiesta,9,0,0.0
2026-08-09T08:40:34,Ford,Focus,3,0,0.0
2026-08-09T08:40:34,Ford,Focus SW,2,0,0.0
2026-08-09T08:40:34,Ford,Kuga,5,0,0.0
2026-08-09T08:40:34,Ford,Mustang MACH-E,2,2,1.0
2026-08-09T08:40:34,Ford,PUMA,25,0,0.0
2026-08-09T08:40:34,Ford,Puma,0,0,0.0
2026-08-09T08:40:34,Ford,TOURNEO COURIER,1,0,0.0
2026-08-09T08:40:34,Ford,TRANSIT CONNECT FGN,1,0,0.0
2026-08-09T08:40:34,Honda,Civic,2,0,0.0
2026-08-09T08:40:34,Honda,HR-V,1,0,0.0
2026-08-09T08:40:34,Honda,Jazz,1,0,0.0
2026-08-09T08:40:34,Hyundai,BAYON,1,0,0.0
2026-08-09T08:40:34,Hyundai,Ioniq,3,3,1.0
2026-08-09T08:40:34,Hyundai,Kona,13,1,0.0769
2026-08-09T08:40:34,Hyundai,Tucson,26,0,0.0
2026-08-09T08:40:34,Hyundai,i10,1,0,0.0
2026-08-09T08:40:34,Hyundai,i20,3,0,0.0
2026-08-09T08:40:34,Hyundai,i30,1,0,0.0
2026-08-09T08:40:34,Hyundai,i30 SW,3,0,0.0
2026-08-09T08:40:34,Jaecoo,Jaecoo 7,4,0,0.0
2026-08-09T08:40:34,Jeep,Avenger,14,1,0.0714
2026-08-09T08:40:34,Jeep,Compass,14,0,0.0
2026-08-09T08:40:34,Jeep,Renegade,15,0,0.0
2026-08-09T08:40:34,Kia,Ceed,1,0,0.0
2026-08-09T08:40:34,Kia,Ceed SW,1,0,0.0
2026-08-09T08:40:34,Kia,EV6,3,3,1.0
2026-08-09T08:40:34,Kia,Niro,4,2,0.5
2026-08-09T08:40:34,Kia,Picanto,1,0,0.0
2026-08-09T08:40:34,Kia,ProCeed,5,0,0.0
2026-08-09T08:40:34,Kia,Rio,4,0,0.0
2026-08-09T08:40:34,Kia,Soul,1,1,1.0
2026-08-09T08:40:34,Kia,Sportage,14,0,0.0
2026-08-09T08:40:34,Kia,Stonic,6,0,0.0
2026-08-09T08:40:34,Kia,XCEED,1,0,0.0
2026-08-09T08:40:34,Lexus,UX,2,0,0.0
2026-08-09T08:40:34,Lynk&Co,01,2,0,0.0
2026-08-09T08:40:34,MG,EHS,13,0,0.0
2026-08-09T08:40:34,MG,MARVEL R,1,1,1.0
2026-08-09T08:40:34,MG,MG3,8,0,0.0
2026-08-09T08:40:34,MG,MG4,2,2,1.0
2026-08-09T08:40:34,MG,MGS5,1,1,1.0
2026-08-09T08:40:34,MG,ZS,18,1,0.0556
2026-08-09T08:40:34,Mazda,CX-30,1,0,0.0
2026-08-09T08:40:34,Mazda,CX-5,2,0,0.0
2026-08-09T08:40:34,Mazda,CX-60,1,0,0.0
2026-08-09T08:40:34,Mazda,MX-30,2,2,1.0
2026-08-09T08:40:34,Mazda,MX-30 2020,1,1,1.0
2026-08-09T08:40:34,Mazda,MX-5,1,0,0.0
2026-08-09T08:40:34,Mazda,Mazda 3,2,0,0.0
2026-08-09T08:40:34,Mercedes,CLA Shooting Brake,2,0,0.0
2026-08-09T08:40:34,Mercedes,CLASSE C BREAK,2,0,0.0
2026-08-09T08:40:34,Mercedes,Classe A,3,0,0.0
2026-08-09T08:40:34,Mercedes,Classe B,3,0,0.0
2026-08-09T08:40:34,Mercedes,Classe C,3,0,0.0
2026-08-09T08:40:34,Mercedes,Classe E,1,0,0.0
2026-08-09T08:40:34,Mercedes,Classe E Coupé,1,0,0.0
2026-08-09T08:40:34,Mercedes,GLA,8,0,0.0
2026-08-09T08:40:34,Mini,Clubman,5,0,0.0
2026-08-09T08:40:34,Mini,Countryman,12,0,0.0
2026-08-09T08:40:34,Mini,Mini,6,2,0.3333
2026-08-09T08:40:34,Mitsubishi,ASX,1,0,0.0
2026-08-09T08:40:34,Mitsubishi,Outlander,1,0,0.0
2026-08-09T08:40:34,Mitsubishi,Space Star,3,0,0.0
2026-08-09T08:40:34,Nissan,Juke,25,0,0.0
2026-08-09T08:40:34,Nissan,Leaf,3,3,1.0
2026-08-09T08:40:34,Nissan,Micra,3,0,0.0
2026-08-09T08:40:34,Nissan,Primastar,1,0,0.0
2026-08-09T08:40:34,Nissan,Qashqai,23,0,0.0
2026-08-09T08:40:34,Nissan,TOWNSTAR FOURGON,1,0,0.0
2026-08-09T08:40:34,Nissan,X-Trail,2,0,0.0
2026-08-09T08:40:34,Opel,Astra,9,0,0.0
2026-08-09T08:40:34,Opel,Astra Sports Tourer,3,0,0.0
2026-08-09T08:40:34,Opel,Corsa,36,5,0.1389
2026-08-09T08:40:34,Opel,Crossland,6,0,0.0
2026-08-09T08:40:34,Opel,Crossland X,1,0,0.0
2026-08-09T08:40:34,Opel,FRONTERA,4,3,0.75
2026-08-09T08:40:34,Opel,GRANDLAND,6,0,0.0
2026-08-09T08:40:34,Opel,Grandland,0,0,0.0
2026-08-09T08:40:34,Opel,Grandland X,3,0,0.0
2026-08-09T08:40:34,Opel,INSIGNIA GRAND SPORT,1,0,0.0
2026-08-09T08:40:34,Opel,MOKKA ELECTRIQUE,1,1,1.0
2026-08-09T08:40:34,Opel,MOVANO FOURGON,1,0,0.0
2026-08-09T08:40:34,Opel,Mokka,40,22,0.55
2026-08-09T08:40:34,Opel,Mokka X,1,0,0.0
2026-08-09T08:40:34,Opel,VIVARO CABINE APPROFONDIE,1,0,0.0
2026-08-09T08:40:34,Peugeot,108,5,0,0.0
2026-08-09T08:40:34,Peugeot,2008,200,40,0.2
2026-08-09T08:40:34,Peugeot,208,128,22,0.1719
2026-08-09T08:40:34,Peugeot,208 AFFAIRE,4,1,0.25
2026-08-09T08:40:34,Peugeot,3008,108,4,0.037
2026-08-09T08:40:34,Peugeot,308,81,5,0.0617
2026-08-09T08:40:34,Peugeot,308 AFFAIRE,2,0,0.0
2026-08-09T08:40:34,Peugeot,308 SW,42,1,0.0238
2026-08-09T08:40:34,Peugeot,408,12,0,0.0
2026-08-09T08:40:34,Peugeot,5008,38,0,0.0
2026-08-09T08:40:34,Peugeot,508,4,0,0.0
2026-08-09T08:40:34,Peugeot,508 SW,7,0,0.0
2026-08-09T08:40:34,Peugeot,Boxer,1,0,0.0
2026-08-09T08:40:34,Peugeot,Expert Fourgon,3,0,0.0
2026-08-09T08:40:34,Peugeot,Partner Fourgon,2,0,0.0
2026-08-09T08:40:34,Peugeot,RIFTER,2,0,0.0
2026-08-09T08:40:34,Peugeot,Rifter,0,0,0.0
2026-08-09T08:40:34,Peugeot,e-2008,1,1,1.0
2026-08-09T08:40:34,Polestar,2,1,1,1.0
2026-08-09T08:40:34,Renault,Arkana,20,0,0.0
2026-08-09T08:40:34,Renault,Austral,31,0,0.0
2026-08-09T08:40:34,Renault,Captur,67,0,0.0
2026-08-09T08:40:34,Renault,Clio 4,12,0,0.0
2026-08-09T08:40:34,Renault,Clio 4 Société,1,0,0.0
2026-08-09T08:40:34,Renault,Clio 5,76,0,0.0
2026-08-09T08:40:34,Renault,Clio 6,13,0,0.0
2026-08-09T08:40:34,Renault,Espace 4,1,0,0.0
2026-08-09T08:40:34,Renault,Espace 5,3,0,0.0
2026-08-09T08:40:34,Renault,Espace 6,9,0,0.0
2026-08-09T08:40:34,Renault,Express,1,0,0.0
2026-08-09T08:40:34,Renault,Grand Scenic 3,1,0,0.0
2026-08-09T08:40:34,Renault,Grand Scenic 4,0,0,0.0
2026-08-09T08:40:34,Renault,Grand Scénic 4,11,0,0.0
2026-08-09T08:40:34,Renault,KANGOO VAN,1,0,0.0
2026-08-09T08:40:34,Renault,KANGOO VAN E-TECH ELECTRIQUE,1,1,1.0
2026-08-09T08:40:34,Renault,Kadjar,20,0,0.0
2026-08-09T08:40:34,Renault,Kangoo Express,2,0,0.0
2026-08-09T08:40:34,Renault,Koleos,2,0,0.0
2026-08-09T08:40:34,Renault,MASTER FOURGON,4,0,0.0
2026-08-09T08:40:34,Renault,Master Fourgon,0,0,0.0
2026-08-09T08:40:34,Renault,Mégane 4,12,0,0.0
2026-08-09T08:40:34,Renault,Mégane 4 Estate,3,0,0.0
2026-08-09T08:40:34,Renault,Mégane E-TECH,6,6,1.0
2026-08-09T08:40:34,Renault,R4,8,8,1.0
2026-08-09T08:40:34,Renault,R5,24,24,1.0
2026-08-09T08:40:34,Renault,Rafale,15,0,0.0
2026-08-09T08:40:34,Renault,Scénic 4,9,0,0.0
2026-08-09T08:40:34,Renault,Scénic E-Tech,8,8,1.0
2026-08-09T08:40:34,Renault,Symbioz,38,0,0.0
2026-08-09T08:40:34,Renault,TRAFIC FOURGON,1,0,0.0
2026-08-09T08:40:34,Renault,TWINGO,1,1,1.0
2026-08-09T08:40:34,Renault,Talisman,1,0,0.0
2026-08-09T08:40:34,Renault,Talisman Estate,1,0,0.0
2026-08-09T08:40:34,Renault,Trafic,2,0,0.0
2026-08-09T08:40:34,Renault,Twingo 3,10,2,0.2
2026-08-09T08:40:34,Renault,Twizy,1,1,1.0
2026-08-09T08:40:34,Renault,ZOE E-tech Electrique,1,1,1.0
2026-08-09T08:40:34,Renault,Zoé,9,9,1.0
2026-08-09T08:40:34,Seat,Arona,11,0,0.0
2026-08-09T08:40:34,Seat,Ateca,7,0,0.0
2026-08-09T08:40:34,Seat,Ibiza,4,0,0.0
2026-08-09T08:40:34,Seat,Ibiza SC,1,0,0.0
2026-08-09T08:40:34,Seat,Leon,2,0,0.0
2026-08-09T08:40:34,Seat,Leon ST,4,0,0.0
2026-08-09T08:40:34,Seat,Leon Sportstourer,1,0,0.0
2026-08-09T08:40:34,Skoda,ENYAQ,2,2,1.0
2026-08-09T08:40:34,Skoda,Fabia,3,0,0.0
2026-08-09T08:40:34,Skoda,KAMIQ,1,0,0.0
2026-08-09T08:40:34,Skoda,Karoq,3,0,0.0
2026-08-09T08:40:34,Skoda,Kodiaq,1,0,0.0
2026-08-09T08:40:34,Skoda,Octavia Combi,5,0,0.0
2026-08-09T08:40:34,Skoda,SCALA,1,0,0.0
2026-08-09T08:40:34,Skoda,Superb Combi,1,0,0.0
2026-08-09T08:40:34,Smart,FORFOUR,3,3,1.0
2026-08-09T08:40:34,Smart,FORTWO,1,0,0.0
2026-08-09T08:40:34,Smart,Fortwo EQ,2,2,1.0
2026-08-09T08:40:34,Suzuki,Celerio,1,0,0.0
2026-08-09T08:40:34,Suzuki,S-CROSS,1,0,0.0
2026-08-09T08:40:34,Suzuki,SX4 S-Cross,2,0,0.0
2026-08-09T08:40:34,Suzuki,Splash,1,0,0.0
2026-08-09T08:40:34,Suzuki,Swift,3,0,0.0
2026-08-09T08:40:34,Suzuki,Vitara,1,0,0.0
2026-08-09T08:40:34,Tesla,MODEL 3,10,10,1.0
2026-08-09T08:40:34,Tesla,MODEL S,1,1,1.0
2026-08-09T08:40:34,Tesla,MODEL X,2,2,1.0
2026-08-09T08:40:34,Tesla,MODEL Y,10,10,1.0
2026-08-09T08:40:34,Toyota,Aygo,3,0,0.0
2026-08-09T08:40:34,Toyota,Aygo X,8,0,0.0
2026-08-09T08:40:34,Toyota,C-HR,8,0,0.0
2026-08-09T08:40:34,Toyota,Corolla,2,0,0.0
2026-08-09T08:40:34,Toyota,Corolla Cross,1,0,0.0
2026-08-09T08:40:34,Toyota,Corolla Touring Sports,14,0,0.0
2026-08-09T08:40:34,Toyota,PROACE CITY FOURGON RC21,1,0,0.0
2026-08-09T08:40:34,Toyota,RAV 4,2,0,0.0
2026-08-09T08:40:34,Toyota,YARIS CROSS,11,0,0.0
2026-08-09T08:40:34,Toyota,YARIS HYBRIDE,1,0,0.0
2026-08-09T08:40:34,Toyota,Yaris,7,0,0.0
2026-08-09T08:40:34,Toyota,Yaris 4,3,0,0.0
2026-08-09T08:40:34,Volkswagen,Coccinelle,1,0,0.0
2026-08-09T08:40:34,Volkswagen,Golf,1,0,0.0
2026-08-09T08:40:34,Volkswagen,Golf 7,5,0,0.0
2026-08-09T08:40:34,Volkswagen,Golf 8,36,0,0.0
2026-08-09T08:40:34,Volkswagen,Golf 8 SW,7,0,0.0
2026-08-09T08:40:34,Volkswagen,Golf SW,1,0,0.0
2026-08-09T08:40:34,Volkswagen,Golf Sportsvan,2,0,0.0
2026-08-09T08:40:34,Volkswagen,ID.3,1,1,1.0
2026-08-09T08:40:34,Volkswagen,ID.4,3,3,1.0
2026-08-09T08:40:34,Volkswagen,ID.5,1,1,1.0
2026-08-09T08:40:34,Volkswagen,Passat,2,0,0.0
2026-08-09T08:40:34,Volkswagen,Passat SW,3,0,0.0
2026-08-09T08:40:34,Volkswagen,Polo,12,0,0.0
2026-08-09T08:40:34,Volkswagen,Sharan,1,0,0.0
2026-08-09T08:40:34,Volkswagen,T-CROSS,18,0,0.0
2026-08-09T08:40:34,Volkswagen,T-Cross,0,0,0.0
2026-08-09T08:40:34,Volkswagen,T-Roc,43,0,0.0
2026-08-09T08:40:34,Volkswagen,T-Roc Cabriolet,4,0,0.0
2026-08-09T08:40:34,Volkswagen,TAIGO,12,0,0.0
2026-08-09T08:40:34,Volkswagen,TIGUAN,0,0,0.0
2026-08-09T08:40:34,Volkswagen,Taigo,0,0,0.0
2026-08-09T08:40:34,Volkswagen,Tayron,4,0,0.0
2026-08-09T08:40:34,Volkswagen,Tiguan,29,0,0.0
2026-08-09T08:40:34,Volkswagen,Tiguan Allspace,3,0,0.0
2026-08-09T08:40:34,Volkswagen,Touran,5,0,0.0
2026-08-09T08:40:34,Volkswagen,Up,1,1,1.0
2026-08-09T08:40:34,Volvo,C40,1,1,1.0
2026-08-09T08:40:34,Volvo,EX30,2,2,1.0
2026-08-09T08:40:34,Volvo,V40,1,0,0.0
2026-08-09T08:40:34,Volvo,XC40,12,2,0.1667
2026-08-09T08:40:34,Volvo,XC60,2,0,0.0
2026-08-09T08:40:34,Volvo,XC90,3,0,0.0
2026-08-10T09:19:08,Abarth,595,1,0,0.0
2026-08-10T09:19:08,Alfa Romeo,Giulia,1,0,0.0
2026-08-10T09:19:08,Alfa Romeo,Giulietta,1,0,0.0
2026-08-10T09:19:08,Alfa Romeo,Junior,9,8,0.8889
2026-08-10T09:19:08,Alfa Romeo,Stelvio,1,0,0.0
2026-08-10T09:19:08,Alfa Romeo,Tonale,12,0,0.0
2026-08-10T09:19:08,Audi,A1 Sportback,2,0,0.0
2026-08-10T09:19:08,Audi,A3 Berline,1,0,0.0
2026-08-10T09:19:08,Audi,A3 Sportback,20,0,0.0
2026-08-10T09:19:08,Audi,A4 Avant,5,0,0.0
2026-08-10T09:19:08,Audi,A5 Sportback,1,0,0.0
2026-08-10T09:19:08,Audi,A6 Avant,1,0,0.0
2026-08-10T09:19:08,Audi,Q2,11,0,0.0
2026-08-10T09:19:08,Audi,Q3,7,0,0.0
2026-08-10T09:19:08,Audi,Q3 Sportback,4,0,0.0
2026-08-10T09:19:08,Audi,Q4 e-tron Sportback,1,1,1.0
2026-08-10T09:19:08,Audi,Q5,4,0,0.0
2026-08-10T09:19:08,Audi,Q5 SPORTBACK,1,0,0.0
2026-08-10T09:19:08,Audi,e-tron sportback,1,1,1.0
2026-08-10T09:19:08,BMW,IX,1,1,1.0
2026-08-10T09:19:08,BMW,Série 1,13,0,0.0
2026-08-10T09:19:08,BMW,Série 2 Active Tourer,4,0,0.0
2026-08-10T09:19:08,BMW,Série 2 Gran Coupé,1,0,0.0
2026-08-10T09:19:08,BMW,Série 2 Gran Tourer,1,0,0.0
2026-08-10T09:19:08,BMW,Série 3,1,0,0.0
2026-08-10T09:19:08,BMW,Série 3 Touring,1,0,0.0
2026-08-10T09:19:08,BMW,Série 4 Coupé,1,0,0.0
2026-08-10T09:19:08,BMW,Série 5 Touring,1,0,0.0
2026-08-10T09:19:08,BMW,X1,18,0,0.0
2026-08-10T09:19:08,BMW,X2,4,0,0.0
2026-08-10T09:19:08,BMW,X3,4,0,0.0
2026-08-10T09:19:08,BMW,X5,1,0,0.0
2026-08-10T09:19:08,BMW,i4,3,3,1.0
2026-08-10T09:19:08,BMW,iX1,1,1,1.0
2026-08-10T09:19:08,BYD,Atto 2,4,2,0.5
2026-08-10T09:19:08,BYD,SEAL 6 TOURING,5,0,0.0
2026-08-10T09:19:08,BYD,Seal 6,3,0,0.0
2026-08-10T09:19:08,BYD,Seal 6 Touring,0,0,0.0
2026-08-10T09:19:08,BYD,Seal U,4,0,0.0
2026-08-10T09:19:08,BYD,Sealion 7,1,1,1.0
2026-08-10T09:19:08,Citroën,AMI,2,2,1.0
2026-08-10T09:19:08,Citroën,Berlingo,5,2,0.4
2026-08-10T09:19:08,Citroën,Berlingo Fourgon,1,0,0.0
2026-08-10T09:19:08,Citroën,Berlingo VAN,0,0,0.0
2026-08-10T09:19:08,Citroën,Berlingo Van,3,0,0.0
2026-08-10T09:19:08,Citroën,C1,1,0,0.0
2026-08-10T09:19:08,Citroën,C3,79,12,0.1519
2026-08-10T09:19:08,Citroën,C3 Aircross,48,4,0.0833
2026-08-10T09:19:08,Citroën,C3 Picasso,1,0,0.0
2026-08-10T09:19:08,Citroën,C3 Societe,1,0,0.0
2026-08-10T09:19:08,Citroën,C4,65,4,0.0615
2026-08-10T09:19:08,Citroën,C4 Cactus,2,0,0.0
2026-08-10T09:19:08,Citroën,C4 Picasso,4,0,0.0
2026-08-10T09:19:08,Citroën,C4 SPACETOURER,1,0,0.0
2026-08-10T09:19:08,Citroën,C4 X,1,0,0.0
2026-08-10T09:19:08,Citroën,C5 Aircross,81,0,0.0
2026-08-10T09:19:08,Citroën,C5 X,4,0,0.0
2026-08-10T09:19:08,Citroën,DS 3,1,0,0.0
2026-08-10T09:19:08,Citroën,E-C4 X,1,1,1.0
2026-08-10T09:19:08,Citroën,GRAND C4 SPACETOURER,1,0,0.0
2026-08-10T09:19:08,Citroën,JUMPY CABINE APPROFONDIE,1,0,0.0
2026-08-10T09:19:08,Citroën,JUMPY FOURGON,2,0,0.0
2026-08-10T09:19:08,Citroën,Jumper Fourgon,1,0,0.0
2026-08-10T09:19:08,Citroën,Jumpy,1,0,0.0
2026-08-10T09:19:08,Citroën,SpaceTourer,1,0,0.0
2026-08-10T09:19:08,Cupra,FORMENTOR,26,0,0.0
2026-08-10T09:19:08,Cupra,Leon,4,0,0.0
2026-08-10T09:19:08,Cupra,Leon Sportstourer,1,0,0.0
2026-08-10T09:19:08,Cupra,Terramar,2,0,0.0
2026-08-10T09:19:08,DS,DS 3 CROSSBACK,1,1,1.0
2026-08-10T09:19:08,DS,DS3,5,0,0.0
2026-08-10T09:19:08,DS,DS3 CROSSBACK,8,0,0.0
2026-08-10T09:19:08,DS,DS3 Crossback,0,0,0.0
2026-08-10T09:19:08,DS,DS4,16,0,0.0
2026-08-10T09:19:08,DS,DS7,29,0,0.0
2026-08-10T09:19:08,DS,DS7 CROSSBACK,15,0,0.0
2026-08-10T09:19:08,DS,DS7 Crossback,0,0,0.0
2026-08-10T09:19:08,DS,N 4,7,0,0.0
2026-08-10T09:19:08,Dacia,Bigster,46,0,0.0
2026-08-10T09:19:08,Dacia,Dokker,1,0,0.0
2026-08-10T09:19:08,Dacia,Duster,40,0,0.0
2026-08-10T09:19:08,Dacia,JOGGER,14,0,0.0
2026-08-10T09:19:08,Dacia,Jogger,0,0,0.0
2026-08-10T09:19:08,Dacia,Logan,1,0,0.0
2026-08-10T09:19:08,Dacia,SPRING,12,12,1.0
2026-08-10T09:19:08,Dacia,Sandero,21,0,0.0
2026-08-10T09:19:08,Fiat,500,13,2,0.1538
2026-08-10T09:19:08,Fiat,500 L,2,0,0.0
2026-08-10T09:19:08,Fiat,500C,8,8,1.0
2026-08-10T09:19:08,Fiat,500X,9,0,0.0
2026-08-10T09:19:08,Fiat,600,14,1,0.0714
2026-08-10T09:19:08,Fiat,Bravo,1,0,0.0
2026-08-10T09:19:08,Fiat,DUCATO FOURGON,1,0,0.0
2026-08-10T09:19:08,Fiat,PANDINA,2,0,0.0
2026-08-10T09:19:08,Fiat,Panda,9,0,0.0
2026-08-10T09:19:08,Fiat,TIPO Station Wagon,3,0,0.0
2026-08-10T09:19:08,Fiat,Tipo,4,0,0.0
2026-08-10T09:19:08,Fiat,Tipo Sw,1,0,0.0
2026-08-10T09:19:08,Ford,Ecosport,4,0,0.0
2026-08-10T09:19:08,Ford,Fiesta,9,0,0.0
2026-08-10T09:19:08,Ford,Focus,3,0,0.0
2026-08-10T09:19:08,Ford,Focus SW,2,0,0.0
2026-08-10T09:19:08,Ford,Kuga,5,0,0.0
2026-08-10T09:19:08,Ford,Mustang MACH-E,2,2,1.0
2026-08-10T09:19:08,Ford,PUMA,24,0,0.0
2026-08-10T09:19:08,Ford,Puma,0,0,0.0
2026-08-10T09:19:08,Ford,TOURNEO COURIER,1,0,0.0
2026-08-10T09:19:08,Ford,TRANSIT CONNECT FGN,1,0,0.0
2026-08-10T09:19:08,Honda,Civic,2,0,0.0
2026-08-10T09:19:08,Honda,HR-V,1,0,0.0
2026-08-10T09:19:08,Honda,Jazz,1,0,0.0
2026-08-10T09:19:08,Hyundai,BAYON,1,0,0.0
2026-08-10T09:19:08,Hyundai,Ioniq,3,3,1.0
2026-08-10T09:19:08,Hyundai,Kona,13,1,0.0769
2026-08-10T09:19:08,Hyundai,Tucson,26,0,0.0
2026-08-10T09:19:08,Hyundai,i10,1,0,0.0
2026-08-10T09:19:08,Hyundai,i20,4,0,0.0
2026-08-10T09:19:08,Hyundai,i30,1,0,0.0
2026-08-10T09:19:08,Hyundai,i30 SW,3,0,0.0
2026-08-10T09:19:08,Jaecoo,Jaecoo 7,4,0,0.0
2026-08-10T09:19:08,Jeep,Avenger,15,2,0.1333
2026-08-10T09:19:08,Jeep,Compass,14,0,0.0
2026-08-10T09:19:08,Jeep,Renegade,14,0,0.0
2026-08-10T09:19:08,Kia,Ceed,1,0,0.0
2026-08-10T09:19:08,Kia,Ceed SW,1,0,0.0
2026-08-10T09:19:08,Kia,EV6,2,2,1.0
2026-08-10T09:19:08,Kia,Niro,4,2,0.5
2026-08-10T09:19:08,Kia,Picanto,1,0,0.0
2026-08-10T09:19:08,Kia,ProCeed,4,0,0.0
2026-08-10T09:19:08,Kia,Rio,4,0,0.0
2026-08-10T09:19:08,Kia,Soul,1,1,1.0
2026-08-10T09:19:08,Kia,Sportage,14,0,0.0
2026-08-10T09:19:08,Kia,Stonic,6,0,0.0
2026-08-10T09:19:08,Kia,XCEED,1,0,0.0
2026-08-10T09:19:08,Lexus,NX,1,0,0.0
2026-08-10T09:19:08,Lexus,UX,2,0,0.0
2026-08-10T09:19:08,Lynk&Co,01,2,0,0.0
2026-08-10T09:19:08,MG,EHS,13,0,0.0
2026-08-10T09:19:08,MG,MARVEL R,1,1,1.0
2026-08-10T09:19:08,MG,MG3,9,0,0.0
2026-08-10T09:19:08,MG,MG4,3,3,1.0
2026-08-10T09:19:08,MG,MGS5,1,1,1.0
2026-08-10T09:19:08,MG,ZS,19,1,0.0526
2026-08-10T09:19:08,Mazda,CX-30,1,0,0.0
2026-08-10T09:19:08,Mazda,CX-5,2,0,0.0
2026-08-10T09:19:08,Mazda,CX-60,1,0,0.0
2026-08-10T09:19:08,Mazda,MX-30,2,2,1.0
2026-08-10T09:19:08,Mazda,MX-30 2020,1,1,1.0
2026-08-10T09:19:08,Mazda,MX-5,1,0,0.0
2026-08-10T09:19:08,Mazda,Mazda 3,1,0,0.0
2026-08-10T09:19:08,Mercedes,CLA Shooting Brake,2,0,0.0
2026-08-10T09:19:08,Mercedes,CLASSE C BREAK,2,0,0.0
2026-08-10T09:19:08,Mercedes,Classe A,3,0,0.0
2026-08-10T09:19:08,Mercedes,Classe B,3,0,0.0
2026-08-10T09:19:08,Mercedes,Classe C,3,0,0.0
2026-08-10T09:19:08,Mercedes,Classe E,1,0,0.0
2026-08-10T09:19:08,Mercedes,Classe E Coupé,1,0,0.0
2026-08-10T09:19:08,Mercedes,GLA,7,0,0.0
2026-08-10T09:19:08,Mini,Clubman,5,0,0.0
2026-08-10T09:19:08,Mini,Countryman,12,0,0.0
2026-08-10T09:19:08,Mini,Mini,6,2,0.3333
2026-08-10T09:19:08,Mitsubishi,ASX,1,0,0.0
2026-08-10T09:19:08,Mitsubishi,Outlander,1,0,0.0
2026-08-10T09:19:08,Mitsubishi,Space Star,3,0,0.0
2026-08-10T09:19:08,Nissan,Juke,25,0,0.0
2026-08-10T09:19:08,Nissan,Leaf,3,3,1.0
2026-08-10T09:19:08,Nissan,Micra,3,0,0.0
2026-08-10T09:19:08,Nissan,Primastar,1,0,0.0
2026-08-10T09:19:08,Nissan,Qashqai,23,0,0.0
2026-08-10T09:19:08,Nissan,TOWNSTAR FOURGON,1,0,0.0
2026-08-10T09:19:08,Nissan,X-Trail,1,0,0.0
2026-08-10T09:19:08,Opel,Astra,9,0,0.0
2026-08-10T09:19:08,Opel,Astra Sports Tourer,3,0,0.0
2026-08-10T09:19:08,Opel,Corsa,37,5,0.1351
2026-08-10T09:19:08,Opel,Crossland,8,0,0.0
2026-08-10T09:19:08,Opel,Crossland X,1,0,0.0
2026-08-10T09:19:08,Opel,FRONTERA,4,3,0.75
2026-08-10T09:19:08,Opel,GRANDLAND,6,0,0.0
2026-08-10T09:19:08,Opel,Grandland,0,0,0.0
2026-08-10T09:19:08,Opel,Grandland X,3,0,0.0
2026-08-10T09:19:08,Opel,INSIGNIA GRAND SPORT,1,0,0.0
2026-08-10T09:19:08,Opel,MOKKA ELECTRIQUE,1,1,1.0
2026-08-10T09:19:08,Opel,MOVANO FOURGON,1,0,0.0
2026-08-10T09:19:08,Opel,Mokka,39,22,0.5641
2026-08-10T09:19:08,Opel,Mokka X,1,0,0.0
2026-08-10T09:19:08,Opel,VIVARO CABINE APPROFONDIE,1,0,0.0
2026-08-10T09:19:08,Peugeot,108,5,0,0.0
2026-08-10T09:19:08,Peugeot,2008,193,39,0.2021
2026-08-10T09:19:08,Peugeot,208,123,19,0.1545
2026-08-10T09:19:08,Peugeot,208 AFFAIRE,4,1,0.25
2026-08-10T09:19:08,Peugeot,3008,107,4,0.0374
2026-08-10T09:19:08,Peugeot,308,83,5,0.0602
2026-08-10T09:19:08,Peugeot,308 AFFAIRE,2,0,0.0
2026-08-10T09:19:08,Peugeot,308 SW,45,1,0.0222
2026-08-10T09:19:08,Peugeot,408,13,0,0.0
2026-08-10T09:19:08,Peugeot,5008,38,0,0.0
2026-08-10T09:19:08,Peugeot,508,4,0,0.0
2026-08-10T09:19:08,Peugeot,508 SW,7,0,0.0
2026-08-10T09:19:08,Peugeot,Boxer,1,0,0.0
2026-08-10T09:19:08,Peugeot,Expert Fourgon,3,0,0.0
2026-08-10T09:19:08,Peugeot,Partner Fourgon,2,0,0.0
2026-08-10T09:19:08,Peugeot,RIFTER,2,0,0.0
2026-08-10T09:19:08,Peugeot,Rifter,0,0,0.0
2026-08-10T09:19:08,Peugeot,e-2008,1,1,1.0
2026-08-10T09:19:08,Polestar,2,1,1,1.0
2026-08-10T09:19:08,Renault,Arkana,20,0,0.0
2026-08-10T09:19:08,Renault,Austral,30,0,0.0
2026-08-10T09:19:08,Renault,Captur,68,0,0.0
2026-08-10T09:19:08,Renault,Clio 4,12,0,0.0
2026-08-10T09:19:08,Renault,Clio 4 Société,1,0,0.0
2026-08-10T09:19:08,Renault,Clio 5,75,0,0.0
2026-08-10T09:19:08,Renault,Clio 6,13,0,0.0
2026-08-10T09:19:08,Renault,Espace 4,1,0,0.0
2026-08-10T09:19:08,Renault,Espace 5,3,0,0.0
2026-08-10T09:19:08,Renault,Espace 6,9,0,0.0
2026-08-10T09:19:08,Renault,Express,1,0,0.0
2026-08-10T09:19:08,Renault,Grand Scenic 3,1,0,0.0
2026-08-10T09:19:08,Renault,Grand Scenic 4,0,0,0.0
2026-08-10T09:19:08,Renault,Grand Scénic 4,11,0,0.0
2026-08-10T09:19:08,Renault,KANGOO VAN,1,0,0.0
2026-08-10T09:19:08,Renault,KANGOO VAN E-TECH ELECTRIQUE,1,1,1.0
2026-08-10T09:19:08,Renault,Kadjar,20,0,0.0
2026-08-10T09:19:08,Renault,Kangoo Express,2,0,0.0
2026-08-10T09:19:08,Renault,Koleos,2,0,0.0
2026-08-10T09:19:08,Renault,MASTER FOURGON,4,0,0.0
2026-08-10T09:19:08,Renault,Master Fourgon,0,0,0.0
2026-08-10T09:19:08,Renault,Mégane 4,14,0,0.0
2026-08-10T09:19:08,Renault,Mégane 4 Estate,3,0,0.0
2026-08-10T09:19:08,Renault,Mégane E-TECH,8,8,1.0
2026-08-10T09:19:08,Renault,R4,8,8,1.0
2026-08-10T09:19:08,Renault,R5,24,24,1.0
2026-08-10T09:19:08,Renault,Rafale,15,0,0.0
2026-08-10T09:19:08,Renault,Scénic 4,10,0,0.0
2026-08-10T09:19:08,Renault,Scénic E-Tech,8,8,1.0
2026-08-10T09:19:08,Renault,Symbioz,38,0,0.0
2026-08-10T09:19:08,Renault,TRAFIC FOURGON,1,0,0.0
2026-08-10T09:19:08,Renault,TWINGO,1,1,1.0
2026-08-10T09:19:08,Renault,Talisman,1,0,0.0
2026-08-10T09:19:08,Renault,Talisman Estate,1,0,0.0
2026-08-10T09:19:08,Renault,Trafic,2,0,0.0
2026-08-10T09:19:08,Renault,Twingo 3,10,2,0.2
2026-08-10T09:19:08,Renault,Twizy,1,1,1.0
2026-08-10T09:19:08,Renault,ZOE E-tech Electrique,1,1,1.0
2026-08-10T09:19:08,Renault,Zoé,9,9,1.0
2026-08-10T09:19:08,Seat,Arona,10,0,0.0
2026-08-10T09:19:08,Seat,Ateca,7,0,0.0
2026-08-10T09:19:08,Seat,Ibiza,4,0,0.0
2026-08-10T09:19:08,Seat,Ibiza SC,1,0,0.0
2026-08-10T09:19:08,Seat,Leon,2,0,0.0
2026-08-10T09:19:08,Seat,Leon ST,4,0,0.0
2026-08-10T09:19:08,Seat,Leon Sportstourer,1,0,0.0
2026-08-10T09:19:08,Skoda,ENYAQ,3,3,1.0
2026-08-10T09:19:08,Skoda,Fabia,3,0,0.0
2026-08-10T09:19:08,Skoda,KAMIQ,1,0,0.0
2026-08-10T09:19:08,Skoda,Karoq,3,0,0.0
2026-08-10T09:19:08,Skoda,Kodiaq,1,0,0.0
2026-08-10T09:19:08,Skoda,Octavia Combi,4,0,0.0
2026-08-10T09:19:08,Skoda,SCALA,1,0,0.0
2026-08-10T09:19:08,Skoda,Superb Combi,1,0,0.0
2026-08-10T09:19:08,Smart,FORFOUR,3,3,1.0
2026-08-10T09:19:08,Smart,FORTWO,1,0,0.0
2026-08-10T09:19:08,Smart,Fortwo EQ,2,2,1.0
2026-08-10T09:19:08,Suzuki,Celerio,1,0,0.0
2026-08-10T09:19:08,Suzuki,S-CROSS,1,0,0.0
2026-08-10T09:19:08,Suzuki,SX4 S-Cross,2,0,0.0
2026-08-10T09:19:08,Suzuki,Splash,1,0,0.0
2026-08-10T09:19:08,Suzuki,Swift,3,0,0.0
2026-08-10T09:19:08,Suzuki,Vitara,1,0,0.0
2026-08-10T09:19:08,Tesla,MODEL 3,10,10,1.0
2026-08-10T09:19:08,Tesla,MODEL S,1,1,1.0
2026-08-10T09:19:08,Tesla,MODEL X,2,2,1.0
2026-08-10T09:19:08,Tesla,MODEL Y,10,10,1.0
2026-08-10T09:19:08,Toyota,Aygo,3,0,0.0
2026-08-10T09:19:08,Toyota,Aygo X,9,0,0.0
2026-08-10T09:19:08,Toyota,C-HR,8,0,0.0
2026-08-10T09:19:08,Toyota,Corolla,2,0,0.0
2026-08-10T09:19:08,Toyota,Corolla Cross,1,0,0.0
2026-08-10T09:19:08,Toyota,Corolla Touring Sports,15,0,0.0
2026-08-10T09:19:08,Toyota,PROACE CITY FOURGON RC21,1,0,0.0
2026-08-10T09:19:08,Toyota,RAV 4,3,0,0.0
2026-08-10T09:19:08,Toyota,YARIS CROSS,11,0,0.0
2026-08-10T09:19:08,Toyota,YARIS HYBRIDE,1,0,0.0
2026-08-10T09:19:08,Toyota,Yaris,6,0,0.0
2026-08-10T09:19:08,Toyota,Yaris 4,3,0,0.0
2026-08-10T09:19:08,Volkswagen,Coccinelle,1,0,0.0
2026-08-10T09:19:08,Volkswagen,Golf,1,0,0.0
2026-08-10T09:19:08,Volkswagen,Golf 7,4,0,0.0
2026-08-10T09:19:08,Volkswagen,Golf 8,35,0,0.0
2026-08-10T09:19:08,Volkswagen,Golf 8 SW,7,0,0.0
2026-08-10T09:19:08,Volkswagen,Golf SW,1,0,0.0
2026-08-10T09:19:08,Volkswagen,Golf Sportsvan,2,0,0.0
2026-08-10T09:19:08,Volkswagen,ID.3,1,1,1.0
2026-08-10T09:19:08,Volkswagen,ID.4,3,3,1.0
2026-08-10T09:19:08,Volkswagen,ID.5,1,1,1.0
2026-08-10T09:19:08,Volkswagen,Passat,2,0,0.0
2026-08-10T09:19:08,Volkswagen,Passat SW,3,0,0.0
2026-08-10T09:19:08,Volkswagen,Polo,11,0,0.0
2026-08-10T09:19:08,Volkswagen,Sharan,1,0,0.0
2026-08-10T09:19:08,Volkswagen,T-CROSS,16,0,0.0
2026-08-10T09:19:08,Volkswagen,T-Cross,0,0,0.0
2026-08-10T09:19:08,Volkswagen,T-Roc,45,0,0.0
2026-08-10T09:19:08,Volkswagen,T-Roc Cabriolet,4,0,0.0
2026-08-10T09:19:08,Volkswagen,TAIGO,12,0,0.0
2026-08-10T09:19:08,Volkswagen,TIGUAN,0,0,0.0
2026-08-10T09:19:08,Volkswagen,Taigo,0,0,0.0
2026-08-10T09:19:08,Volkswagen,Tayron,4,0,0.0
2026-08-10T09:19:08,Volkswagen,Tiguan,29,0,0.0
2026-08-10T09:19:08,Volkswagen,Tiguan Allspace,3,0,0.0
2026-08-10T09:19:08,Volkswagen,Touran,5,0,0.0
2026-08-10T09:19:08,Volkswagen,Up,1,1,1.0
2026-08-10T09:19:08,Volvo,C40,1,1,1.0
2026-08-10T09:19:08,Volvo,EX30,2,2,1.0
2026-08-10T09:19:08,Volvo,V40,1,0,0.0
2026-08-10T09:19:08,Volvo,XC40,12,2,0.1667
2026-08-10T09:19:08,Volvo,XC60,1,0,0.0
2026-08-10T09:19:08,Volvo,XC90,3,0,0.0
2026-08-11T08:54:22,Abarth,595,1,0,0.0
2026-08-11T08:54:22,Alfa Romeo,Giulia,1,0,0.0
2026-08-11T08:54:22,Alfa Romeo,Giulietta,1,0,0.0
2026-08-11T08:54:22,Alfa Romeo,Junior,9,8,0.8889
2026-08-11T08:54:22,Alfa Romeo,Stelvio,2,0,0.0
2026-08-11T08:54:22,Alfa Romeo,Tonale,12,0,0.0
2026-08-11T08:54:22,Audi,A1 Sportback,3,0,0.0
2026-08-11T08:54:22,Audi,A3 Berline,1,0,0.0
2026-08-11T08:54:22,Audi,A3 Sportback,19,0,0.0
2026-08-11T08:54:22,Audi,A4 Avant,6,0,0.0
2026-08-11T08:54:22,Audi,A5 Sportback,1,0,0.0
2026-08-11T08:54:22,Audi,A6 Avant,2,0,0.0
2026-08-11T08:54:22,Audi,Q2,10,0,0.0
2026-08-11T08:54:22,Audi,Q3,7,0,0.0
2026-08-11T08:54:22,Audi,Q3 Sportback,5,0,0.0
2026-08-11T08:54:22,Audi,Q4 e-tron Sportback,1,1,1.0
2026-08-11T08:54:22,Audi,Q5,4,0,0.0
2026-08-11T08:54:22,Audi,Q5 SPORTBACK,2,0,0.0
2026-08-11T08:54:22,Audi,e-tron sportback,1,1,1.0
2026-08-11T08:54:22,BMW,IX,1,1,1.0
2026-08-11T08:54:22,BMW,Série 1,13,0,0.0
2026-08-11T08:54:22,BMW,Série 2 Active Tourer,3,0,0.0
2026-08-11T08:54:22,BMW,Série 2 Gran Coupé,1,0,0.0
2026-08-11T08:54:22,BMW,Série 2 Gran Tourer,1,0,0.0
2026-08-11T08:54:22,BMW,Série 3,1,0,0.0
2026-08-11T08:54:22,BMW,Série 3 Touring,1,0,0.0
2026-08-11T08:54:22,BMW,Série 4 Coupé,1,0,0.0
2026-08-11T08:54:22,BMW,Série 5 Touring,1,0,0.0
2026-08-11T08:54:22,BMW,X1,17,0,0.0
2026-08-11T08:54:22,BMW,X2,4,0,0.0
2026-08-11T08:54:22,BMW,X3,4,0,0.0
2026-08-11T08:54:22,BMW,X5,2,0,0.0
2026-08-11T08:54:22,BMW,i4,3,3,1.0
2026-08-11T08:54:22,BMW,iX1,0,0,0.0
2026-08-11T08:54:22,BYD,Atto 2,4,2,0.5
2026-08-11T08:54:22,BYD,DOLPHIN SURF,2,2,1.0
2026-08-11T08:54:22,BYD,SEAL 6 TOURING,5,0,0.0
2026-08-11T08:54:22,BYD,Seal 6,3,0,0.0
2026-08-11T08:54:22,BYD,Seal 6 Touring,0,0,0.0
2026-08-11T08:54:22,BYD,Seal U,4,0,0.0
2026-08-11T08:54:22,BYD,Sealion 7,1,1,1.0
2026-08-11T08:54:22,Citroën,AMI,2,2,1.0
2026-08-11T08:54:22,Citroën,Berlingo,4,2,0.5
2026-08-11T08:54:22,Citroën,Berlingo Fourgon,1,0,0.0
2026-08-11T08:54:22,Citroën,Berlingo VAN,3,0,0.0
2026-08-11T08:54:22,Citroën,Berlingo Van,0,0,0.0
2026-08-11T08:54:22,Citroën,C1,1,0,0.0
2026-08-11T08:54:22,Citroën,C3,84,12,0.1429
2026-08-11T08:54:22,Citroën,C3 Aircross,49,4,0.0816
2026-08-11T08:54:22,Citroën,C3 Picasso,1,0,0.0
2026-08-11T08:54:22,Citroën,C3 Societe,1,0,0.0
2026-08-11T08:54:22,Citroën,C4,63,4,0.0635
2026-08-11T08:54:22,Citroën,C4 Cactus,2,0,0.0
2026-08-11T08:54:22,Citroën,C4 Picasso,2,0,0.0
2026-08-11T08:54:22,Citroën,C4 X,1,0,0.0
2026-08-11T08:54:22,Citroën,C5,1,0,0.0
2026-08-11T08:54:22,Citroën,C5 Aircross,82,0,0.0
2026-08-11T08:54:22,Citroën,C5 X,4,0,0.0
2026-08-11T08:54:22,Citroën,DS 3,1,0,0.0
2026-08-11T08:54:22,Citroën,E-C4 X,1,1,1.0
2026-08-11T08:54:22,Citroën,GRAND C4 SPACETOURER,1,0,0.0
2026-08-11T08:54:22,Citroën,JUMPY CABINE APPROFONDIE,1,0,0.0
2026-08-11T08:54:22,Citroën,JUMPY FOURGON,2,0,0.0
2026-08-11T08:54:22,Citroën,Jumper Fourgon,1,0,0.0
2026-08-11T08:54:22,Citroën,Jumpy,1,0,0.0
2026-08-11T08:54:22,Citroën,SpaceTourer,1,0,0.0
2026-08-11T08:54:22,Cupra,FORMENTOR,27,0,0.0
2026-08-11T08:54:22,Cupra,Leon,3,0,0.0
2026-08-11T08:54:22,Cupra,Leon Sportstourer,2,0,0.0
2026-08-11T08:54:22,Cupra,Terramar,2,0,0.0
2026-08-11T08:54:22,DS,DS 3 CROSSBACK,1,1,1.0
2026-08-11T08:54:22,DS,DS3,5,0,0.0
2026-08-11T08:54:22,DS,DS3 CROSSBACK,8,0,0.0
2026-08-11T08:54:22,DS,DS3 Crossback,0,0,0.0
2026-08-11T08:54:22,DS,DS4,17,0,0.0
2026-08-11T08:54:22,DS,DS7,30,0,0.0
2026-08-11T08:54:22,DS,DS7 CROSSBACK,16,0,0.0
2026-08-11T08:54:22,DS,DS7 Crossback,0,0,0.0
2026-08-11T08:54:22,DS,N 4,8,0,0.0
2026-08-11T08:54:22,Dacia,Bigster,49,0,0.0
2026-08-11T08:54:22,Dacia,Dokker,1,0,0.0
2026-08-11T08:54:22,Dacia,Duster,44,0,0.0
2026-08-11T08:54:22,Dacia,JOGGER,16,0,0.0
2026-08-11T08:54:22,Dacia,Jogger,0,0,0.0
2026-08-11T08:54:22,Dacia,Logan,1,0,0.0
2026-08-11T08:54:22,Dacia,SPRING,13,13,1.0
2026-08-11T08:54:22,Dacia,Sandero,22,0,0.0
2026-08-11T08:54:22,Fiat,500,13,3,0.2308
2026-08-11T08:54:22,Fiat,500 L,2,0,0.0
2026-08-11T08:54:22,Fiat,500C,8,8,1.0
2026-08-11T08:54:22,Fiat,500X,10,0,0.0
2026-08-11T08:54:22,Fiat,600,13,1,0.0769
2026-08-11T08:54:22,Fiat,Bravo,1,0,0.0
2026-08-11T08:54:22,Fiat,DUCATO FOURGON,1,0,0.0
2026-08-11T08:54:22,Fiat,PANDINA,2,0,0.0
2026-08-11T08:54:22,Fiat,Panda,8,0,0.0
2026-08-11T08:54:22,Fiat,TIPO Station Wagon,3,0,0.0
2026-08-11T08:54:22,Fiat,Tipo,4,0,0.0
2026-08-11T08:54:22,Fiat,Tipo Cross,1,0,0.0
2026-08-11T08:54:22,Fiat,Tipo Sw,1,0,0.0
2026-08-11T08:54:22,Ford,Ecosport,4,0,0.0
2026-08-11T08:54:22,Ford,Fiesta,10,0,0.0
2026-08-11T08:54:22,Ford,Focus,2,0,0.0
2026-08-11T08:54:22,Ford,Focus SW,2,0,0.0
2026-08-11T08:54:22,Ford,Kuga,6,0,0.0
2026-08-11T08:54:22,Ford,Mustang MACH-E,2,2,1.0
2026-08-11T08:54:22,Ford,PUMA,25,0,0.0
2026-08-11T08:54:22,Ford,Puma,0,0,0.0
2026-08-11T08:54:22,Ford,S-Max,1,0,0.0
2026-08-11T08:54:22,Ford,TOURNEO COURIER,1,0,0.0
2026-08-11T08:54:22,Honda,Civic,2,0,0.0
2026-08-11T08:54:22,Honda,HR-V,1,0,0.0
2026-08-11T08:54:22,Honda,Jazz,1,0,0.0
2026-08-11T08:54:22,Hyundai,BAYON,1,0,0.0
2026-08-11T08:54:22,Hyundai,Ioniq,3,3,1.0
2026-08-11T08:54:22,Hyundai,Kona,12,1,0.0833
2026-08-11T08:54:22,Hyundai,Tucson,32,0,0.0
2026-08-11T08:54:22,Hyundai,i10,1,0,0.0
2026-08-11T08:54:22,Hyundai,i20,4,0,0.0
2026-08-11T08:54:22,Hyundai,i30,1,0,0.0
2026-08-11T08:54:22,Hyundai,i30 SW,3,0,0.0
2026-08-11T08:54:22,Jaecoo,Jaecoo 7,4,0,0.0
2026-08-11T08:54:22,Jeep,Avenger,16,3,0.1875
2026-08-11T08:54:22,Jeep,Compass,15,0,0.0
2026-08-11T08:54:22,Jeep,Renegade,15,0,0.0
2026-08-11T08:54:22,Kia,Ceed,1,0,0.0
2026-08-11T08:54:22,Kia,EV6,2,2,1.0
2026-08-11T08:54:22,Kia,Niro,5,3,0.6
2026-08-11T08:54:22,Kia,Picanto,1,0,0.0
2026-08-11T08:54:22,Kia,ProCeed,4,0,0.0
2026-08-11T08:54:22,Kia,Rio,4,0,0.0
2026-08-11T08:54:22,Kia,Soul,1,1,1.0
2026-08-11T08:54:22,Kia,Sportage,12,0,0.0
2026-08-11T08:54:22,Kia,Stonic,5,0,0.0
2026-08-11T08:54:22,Kia,XCEED,1,0,0.0
2026-08-11T08:54:22,Lexus,NX,1,0,0.0
2026-08-11T08:54:22,Lexus,UX,3,0,0.0
2026-08-11T08:54:22,Lynk&Co,01,2,0,0.0
2026-08-11T08:54:22,MG,EHS,12,0,0.0
2026-08-11T08:54:22,MG,MARVEL R,1,1,1.0
2026-08-11T08:54:22,MG,MG3,9,0,0.0
2026-08-11T08:54:22,MG,MG4,3,3,1.0
2026-08-11T08:54:22,MG,MGS5,1,1,1.0
2026-08-11T08:54:22,MG,ZS,17,1,0.0588
2026-08-11T08:54:22,Mazda,CX-30,1,0,0.0
2026-08-11T08:54:22,Mazda,CX-5,2,0,0.0
2026-08-11T08:54:22,Mazda,CX-60,1,0,0.0
2026-08-11T08:54:22,Mazda,MX-30,2,2,1.0
2026-08-11T08:54:22,Mazda,MX-30 2020,1,1,1.0
2026-08-11T08:54:22,Mazda,MX-5,1,0,0.0
2026-08-11T08:54:22,Mazda,Mazda 3,1,0,0.0
2026-08-11T08:54:22,Mercedes,CLA Shooting Brake,2,0,0.0
2026-08-11T08:54:22,Mercedes,CLASSE C BREAK,2,0,0.0
2026-08-11T08:54:22,Mercedes,Classe A,3,0,0.0
2026-08-11T08:54:22,Mercedes,Classe B,4,0,0.0
2026-08-11T08:54:22,Mercedes,Classe C,3,0,0.0
2026-08-11T08:54:22,Mercedes,Classe E,1,0,0.0
2026-08-11T08:54:22,Mercedes,Classe E Coupé,1,0,0.0
2026-08-11T08:54:22,Mercedes,GLA,7,0,0.0
2026-08-11T08:54:22,Mercedes,GLC,1,0,0.0
2026-08-11T08:54:22,Mini,Clubman,5,0,0.0
2026-08-11T08:54:22,Mini,Countryman,12,0,0.0
2026-08-11T08:54:22,Mini,Mini,6,2,0.3333
2026-08-11T08:54:22,Mitsubishi,ASX,1,0,0.0
2026-08-11T08:54:22,Mitsubishi,Outlander,1,0,0.0
2026-08-11T08:54:22,Mitsubishi,Space Star,3,0,0.0
2026-08-11T08:54:22,Nissan,Juke,28,0,0.0
2026-08-11T08:54:22,Nissan,Leaf,4,4,1.0
2026-08-11T08:54:22,Nissan,Micra,3,0,0.0
2026-08-11T08:54:22,Nissan,Primastar,1,0,0.0
2026-08-11T08:54:22,Nissan,Qashqai,21,0,0.0
2026-08-11T08:54:22,Nissan,TOWNSTAR FOURGON,1,0,0.0
2026-08-11T08:54:22,Nissan,X-Trail,1,0,0.0
2026-08-11T08:54:22,Opel,Astra,9,0,0.0
2026-08-11T08:54:22,Opel,Astra Sports Tourer,4,0,0.0
2026-08-11T08:54:22,Opel,Corsa,35,4,0.1143
2026-08-11T08:54:22,Opel,Crossland,7,0,0.0
2026-08-11T08:54:22,Opel,Crossland X,1,0,0.0
2026-08-11T08:54:22,Opel,FRONTERA,4,3,0.75
2026-08-11T08:54:22,Opel,GRANDLAND,7,0,0.0
2026-08-11T08:54:22,Opel,Grandland,0,0,0.0
2026-08-11T08:54:22,Opel,Grandland X,3,0,0.0
2026-08-11T08:54:22,Opel,INSIGNIA GRAND SPORT,1,0,0.0
2026-08-11T08:54:22,Opel,MOKKA ELECTRIQUE,1,1,1.0
2026-08-11T08:54:22,Opel,MOVANO FOURGON,1,0,0.0
2026-08-11T08:54:22,Opel,Mokka,37,20,0.5405
2026-08-11T08:54:22,Opel,Mokka X,1,0,0.0
2026-08-11T08:54:22,Opel,VIVARO CABINE APPROFONDIE,1,0,0.0
2026-08-11T08:54:22,Peugeot,108,3,0,0.0
2026-08-11T08:54:22,Peugeot,2008,206,46,0.2233
2026-08-11T08:54:22,Peugeot,208,138,27,0.1957
2026-08-11T08:54:22,Peugeot,208 AFFAIRE,4,1,0.25
2026-08-11T08:54:22,Peugeot,3008,106,4,0.0377
2026-08-11T08:54:22,Peugeot,308,84,5,0.0595
2026-08-11T08:54:22,Peugeot,308 AFFAIRE,2,0,0.0
2026-08-11T08:54:22,Peugeot,308 SW,47,1,0.0213
2026-08-11T08:54:22,Peugeot,408,13,0,0.0
2026-08-11T08:54:22,Peugeot,5008,37,0,0.0
2026-08-11T08:54:22,Peugeot,508,4,0,0.0
2026-08-11T08:54:22,Peugeot,508 SW,6,0,0.0
2026-08-11T08:54:22,Peugeot,Boxer,1,0,0.0
2026-08-11T08:54:22,Peugeot,Expert Fourgon,3,0,0.0
2026-08-11T08:54:22,Peugeot,Partner Fourgon,2,0,0.0
2026-08-11T08:54:22,Peugeot,RIFTER,3,0,0.0
2026-08-11T08:54:22,Peugeot,Rifter,0,0,0.0
2026-08-11T08:54:22,Peugeot,e-2008,1,1,1.0
2026-08-11T08:54:22,Polestar,2,1,1,1.0
2026-08-11T08:54:22,Renault,Arkana,21,0,0.0
2026-08-11T08:54:22,Renault,Austral,30,0,0.0
2026-08-11T08:54:22,Renault,Captur,72,0,0.0
2026-08-11T08:54:22,Renault,Clio 4,10,0,0.0
2026-08-11T08:54:22,Renault,Clio 4 Société,1,0,0.0
2026-08-11T08:54:22,Renault,Clio 5,76,0,0.0
2026-08-11T08:54:22,Renault,Clio 6,13,0,0.0
2026-08-11T08:54:22,Renault,Espace 4,1,0,0.0
2026-08-11T08:54:22,Renault,Espace 5,3,0,0.0
2026-08-11T08:54:22,Renault,Espace 6,10,0,0.0
2026-08-11T08:54:22,Renault,Express,0,0,0.0
2026-08-11T08:54:22,Renault,Grand Scenic 3,1,0,0.0
2026-08-11T08:54:22,Renault,Grand Scenic 4,0,0,0.0
2026-08-11T08:54:22,Renault,Grand Scénic 4,11,0,0.0
2026-08-11T08:54:22,Renault,KANGOO VAN,1,0,0.0
2026-08-11T08:54:22,Renault,Kadjar,20,0,0.0
2026-08-11T08:54:22,Renault,Kangoo Express,2,0,0.0
2026-08-11T08:54:22,Renault,Koleos,2,0,0.0
2026-08-11T08:54:22,Renault,MASTER FOURGON,3,0,0.0
2026-08-11T08:54:22,Renault,Master Fourgon,0,0,0.0
2026-08-11T08:54:22,Renault,Mégane 4,12,0,0.0
2026-08-11T08:54:22,Renault,Mégane 4 Estate,4,0,0.0
2026-08-11T08:54:22,Renault,Mégane E-TECH,7,7,1.0
2026-08-11T08:54:22,Renault,R4,8,8,1.0
2026-08-11T08:54:22,Renault,R5,23,23,1.0
2026-08-11T08:54:22,Renault,Rafale,16,0,0.0
2026-08-11T08:54:22,Renault,Scénic 4,9,0,0.0
2026-08-11T08:54:22,Renault,Scénic E-Tech,7,7,1.0
2026-08-11T08:54:22,Renault,Symbioz,38,0,0.0
2026-08-11T08:54:22,Renault,TRAFIC FOURGON,1,0,0.0
2026-08-11T08:54:22,Renault,TWINGO,1,1,1.0
2026-08-11T08:54:22,Renault,Talisman,1,0,0.0
2026-08-11T08:54:22,Renault,Talisman Estate,1,0,0.0
2026-08-11T08:54:22,Renault,Trafic,1,0,0.0
2026-08-11T08:54:22,Renault,Twingo 3,10,2,0.2
2026-08-11T08:54:22,Renault,Twizy,1,1,1.0
2026-08-11T08:54:22,Renault,Zoé,8,8,1.0
2026-08-11T08:54:22,Seat,Arona,12,0,0.0
2026-08-11T08:54:22,Seat,Ateca,8,0,0.0
2026-08-11T08:54:22,Seat,Ibiza,3,0,0.0
2026-08-11T08:54:22,Seat,Leon,2,0,0.0
2026-08-11T08:54:22,Seat,Leon ST,5,0,0.0
2026-08-11T08:54:22,Seat,Leon Sportstourer,1,0,0.0
2026-08-11T08:54:22,Skoda,ENYAQ,3,3,1.0
2026-08-11T08:54:22,Skoda,Fabia,3,0,0.0
2026-08-11T08:54:22,Skoda,KAMIQ,2,0,0.0
2026-08-11T08:54:22,Skoda,Kamiq,0,0,0.0
2026-08-11T08:54:22,Skoda,Karoq,3,0,0.0
2026-08-11T08:54:22,Skoda,Kodiaq,1,0,0.0
2026-08-11T08:54:22,Skoda,Octavia Combi,4,0,0.0
2026-08-11T08:54:22,Skoda,SCALA,1,0,0.0
2026-08-11T08:54:22,Skoda,Superb Combi,1,0,0.0
2026-08-11T08:54:22,Smart,FORFOUR,3,3,1.0
2026-08-11T08:54:22,Smart,FORTWO,1,0,0.0
2026-08-11T08:54:22,Smart,Fortwo EQ,2,2,1.0
2026-08-11T08:54:22,Suzuki,Celerio,1,0,0.0
2026-08-11T08:54:22,Suzuki,S-CROSS,1,0,0.0
2026-08-11T08:54:22,Suzuki,SX4 S-Cross,2,0,0.0
2026-08-11T08:54:22,Suzuki,Splash,1,0,0.0
2026-08-11T08:54:22,Suzuki,Swift,3,0,0.0
2026-08-11T08:54:22,Suzuki,Vitara,1,0,0.0
2026-08-11T08:54:22,Tesla,MODEL 3,11,11,1.0
2026-08-11T08:54:22,Tesla,MODEL S,2,2,1.0
2026-08-11T08:54:22,Tesla,MODEL X,2,2,1.0
2026-08-11T08:54:22,Tesla,MODEL Y,10,10,1.0
2026-08-11T08:54:22,Toyota,Aygo,2,0,0.0
2026-08-11T08:54:22,Toyota,Aygo X,8,0,0.0
2026-08-11T08:54:22,Toyota,C-HR,9,0,0.0
2026-08-11T08:54:22,Toyota,Corolla,2,0,0.0
2026-08-11T08:54:22,Toyota,Corolla Cross,2,0,0.0
2026-08-11T08:54:22,Toyota,Corolla Touring Sports,13,0,0.0
2026-08-11T08:54:22,Toyota,PROACE CITY FOURGON RC21,1,0,0.0
2026-08-11T08:54:22,Toyota,RAV 4,3,0,0.0
2026-08-11T08:54:22,Toyota,YARIS CROSS,11,0,0.0
2026-08-11T08:54:22,Toyota,YARIS HYBRIDE,1,0,0.0
2026-08-11T08:54:22,Toyota,Yaris,5,0,0.0
2026-08-11T08:54:22,Toyota,Yaris 4,3,0,0.0
2026-08-11T08:54:22,Volkswagen,Coccinelle,1,0,0.0
2026-08-11T08:54:22,Volkswagen,Golf,1,0,0.0
2026-08-11T08:54:22,Volkswagen,Golf 7,5,0,0.0
2026-08-11T08:54:22,Volkswagen,Golf 8,37,0,0.0
2026-08-11T08:54:22,Volkswagen,Golf 8 SW,7,0,0.0
2026-08-11T08:54:22,Volkswagen,Golf SW,1,0,0.0
2026-08-11T08:54:22,Volkswagen,Golf Sportsvan,2,0,0.0
2026-08-11T08:54:22,Volkswagen,ID.3,1,1,1.0
2026-08-11T08:54:22,Volkswagen,ID.4,2,2,1.0
2026-08-11T08:54:22,Volkswagen,ID.5,1,1,1.0
2026-08-11T08:54:22,Volkswagen,Passat,4,0,0.0
2026-08-11T08:54:22,Volkswagen,Passat SW,4,0,0.0
2026-08-11T08:54:22,Volkswagen,Polo,11,0,0.0
2026-08-11T08:54:22,Volkswagen,Sharan,1,0,0.0
2026-08-11T08:54:22,Volkswagen,T-CROSS,13,0,0.0
2026-08-11T08:54:22,Volkswagen,T-Cross,0,0,0.0
2026-08-11T08:54:22,Volkswagen,T-Roc,44,0,0.0
2026-08-11T08:54:22,Volkswagen,T-Roc Cabriolet,4,0,0.0
2026-08-11T08:54:22,Volkswagen,TAIGO,0,0,0.0
2026-08-11T08:54:22,Volkswagen,TIGUAN,0,0,0.0
2026-08-11T08:54:22,Volkswagen,Taigo,14,0,0.0
2026-08-11T08:54:22,Volkswagen,Tayron,5,0,0.0
2026-08-11T08:54:22,Volkswagen,Tiguan,27,0,0.0
2026-08-11T08:54:22,Volkswagen,Tiguan Allspace,2,0,0.0
2026-08-11T08:54:22,Volkswagen,Touran,4,0,0.0
2026-08-11T08:54:22,Volkswagen,Up,2,1,0.5
2026-08-11T08:54:22,Volvo,C40,1,1,1.0
2026-08-11T08:54:22,Volvo,EX30,2,2,1.0
2026-08-11T08:54:22,Volvo,V40,1,0,0.0
2026-08-11T08:54:22,Volvo,XC40,12,2,0.1667
2026-08-11T08:54:22,Volvo,XC60,2,0,0.0
2026-08-11T08:54:22,Volvo,XC90,3,0,0.0
2026-08-12T09:10:09,Abarth,595,1,0,0.0
2026-08-12T09:10:09,Alfa Romeo,Giulia,1,0,0.0
2026-08-12T09:10:09,Alfa Romeo,Giulietta,1,0,0.0
2026-08-12T09:10:09,Alfa Romeo,Junior,9,8,0.8889
2026-08-12T09:10:09,Alfa Romeo,Stelvio,2,0,0.0
2026-08-12T09:10:09,Alfa Romeo,Tonale,11,0,0.0
2026-08-12T09:10:09,Audi,A1 Allstreet,1,0,0.0
2026-08-12T09:10:09,Audi,A1 Sportback,4,0,0.0
2026-08-12T09:10:09,Audi,A3 Berline,1,0,0.0
2026-08-12T09:10:09,Audi,A3 Sportback,21,0,0.0
2026-08-12T09:10:09,Audi,A4 Avant,5,0,0.0
2026-08-12T09:10:09,Audi,A5 Sportback,1,0,0.0
2026-08-12T09:10:09,Audi,A6 Avant,2,0,0.0
2026-08-12T09:10:09,Audi,Q2,10,0,0.0
2026-08-12T09:10:09,Audi,Q3,7,0,0.0
2026-08-12T09:10:09,Audi,Q3 Sportback,5,0,0.0
2026-08-12T09:10:09,Audi,Q4 e-tron Sportback,1,1,1.0
2026-08-12T09:10:09,Audi,Q5,4,0,0.0
2026-08-12T09:10:09,Audi,Q5 SPORTBACK,3,0,0.0
2026-08-12T09:10:09,Audi,Q5 Sportback,0,0,0.0
2026-08-12T09:10:09,Audi,e-tron sportback,1,1,1.0
2026-08-12T09:10:09,BMW,IX,1,1,1.0
2026-08-12T09:10:09,BMW,Série 1,16,0,0.0
2026-08-12T09:10:09,BMW,Série 2 Active Tourer,2,0,0.0
2026-08-12T09:10:09,BMW,Série 2 Gran Coupé,1,0,0.0
2026-08-12T09:10:09,BMW,Série 2 Gran Tourer,1,0,0.0
2026-08-12T09:10:09,BMW,Série 3,1,0,0.0
2026-08-12T09:10:09,BMW,Série 3 Touring,1,0,0.0
2026-08-12T09:10:09,BMW,Série 4 Coupé,1,0,0.0
2026-08-12T09:10:09,BMW,Série 5,1,0,0.0
2026-08-12T09:10:09,BMW,Série 5 Touring,1,0,0.0
2026-08-12T09:10:09,BMW,X1,17,0,0.0
2026-08-12T09:10:09,BMW,X2,4,0,0.0
2026-08-12T09:10:09,BMW,X3,4,0,0.0
2026-08-12T09:10:09,BMW,X5,2,0,0.0
2026-08-12T09:10:09,BMW,i4,3,3,1.0
2026-08-12T09:10:09,BYD,Atto 2,4,2,0.5
2026-08-12T09:10:09,BYD,DOLPHIN SURF,2,2,1.0
2026-08-12T09:10:09,BYD,SEAL 6 TOURING,5,0,0.0
2026-08-12T09:10:09,BYD,Seal 6,3,0,0.0
2026-08-12T09:10:09,BYD,Seal 6 Touring,0,0,0.0
2026-08-12T09:10:09,BYD,Seal U,4,0,0.0
2026-08-12T09:10:09,BYD,Sealion 7,1,1,1.0
2026-08-12T09:10:09,Citroën,AMI,2,2,1.0
2026-08-12T09:10:09,Citroën,Berlingo,3,1,0.3333
2026-08-12T09:10:09,Citroën,Berlingo Fourgon,1,0,0.0
2026-08-12T09:10:09,Citroën,Berlingo VAN,3,0,0.0
2026-08-12T09:10:09,Citroën,Berlingo Van,0,0,0.0
2026-08-12T09:10:09,Citroën,C1,1,0,0.0
2026-08-12T09:10:09,Citroën,C3,88,13,0.1477
2026-08-12T09:10:09,Citroën,C3 Aircross,46,3,0.0652
2026-08-12T09:10:09,Citroën,C3 Picasso,2,0,0.0
2026-08-12T09:10:09,Citroën,C3 Societe,1,0,0.0
2026-08-12T09:10:09,Citroën,C4,61,5,0.082
2026-08-12T09:10:09,Citroën,C4 Cactus,2,0,0.0
2026-08-12T09:10:09,Citroën,C4 Picasso,2,0,0.0
2026-08-12T09:10:09,Citroën,C4 X,1,0,0.0
2026-08-12T09:10:09,Citroën,C5,1,0,0.0
2026-08-12T09:10:09,Citroën,C5 Aircross,81,0,0.0
2026-08-12T09:10:09,Citroën,C5 X,5,0,0.0
2026-08-12T09:10:09,Citroën,DS 3,1,0,0.0
2026-08-12T09:10:09,Citroën,E-C4 X,1,1,1.0
2026-08-12T09:10:09,Citroën,GRAND C4 SPACETOURER,1,0,0.0
2026-08-12T09:10:09,Citroën,JUMPY CABINE APPROFONDIE,1,0,0.0
2026-08-12T09:10:09,Citroën,JUMPY FOURGON,3,0,0.0
2026-08-12T09:10:09,Citroën,Jumper Fourgon,1,0,0.0
2026-08-12T09:10:09,Citroën,Jumpy,1,0,0.0
2026-08-12T09:10:09,Citroën,SpaceTourer,1,0,0.0
2026-08-12T09:10:09,Citroën,Xsara Picasso,1,0,0.0
2026-08-12T09:10:09,Cupra,FORMENTOR,24,0,0.0
2026-08-12T09:10:09,Cupra,Leon,3,0,0.0
2026-08-12T09:10:09,Cupra,Leon Sportstourer,2,0,0.0
2026-08-12T09:10:09,Cupra,Terramar,2,0,0.0
2026-08-12T09:10:09,DS,DS 3 CROSSBACK,1,1,1.0
2026-08-12T09:10:09,DS,DS3,6,0,0.0
2026-08-12T09:10:09,DS,DS3 CROSSBACK,7,0,0.0
2026-08-12T09:10:09,DS,DS3 Cabriolet,1,0,0.0
2026-08-12T09:10:09,DS,DS3 Crossback,0,0,0.0
2026-08-12T09:10:09,DS,DS4,18,0,0.0
2026-08-12T09:10:09,DS,DS7,28,0,0.0
2026-08-12T09:10:09,DS,DS7 CROSSBACK,19,0,0.0
2026-08-12T09:10:09,DS,DS7 Crossback,0,0,0.0
2026-08-12T09:10:09,DS,N 4,8,0,0.0
2026-08-12T09:10:09,Dacia,Bigster,46,0,0.0
2026-08-12T09:10:09,Dacia,Dokker,1,0,0.0
2026-08-12T09:10:09,Dacia,Duster,41,0,0.0
2026-08-12T09:10:09,Dacia,JOGGER,14,0,0.0
2026-08-12T09:10:09,Dacia,Jogger,0,0,0.0
2026-08-12T09:10:09,Dacia,SPRING,12,12,1.0
2026-08-12T09:10:09,Dacia,Sandero,20,0,0.0
2026-08-12T09:10:09,Fiat,500,15,3,0.2
2026-08-12T09:10:09,Fiat,500 L,3,0,0.0
2026-08-12T09:10:09,Fiat,500C,9,9,1.0
2026-08-12T09:10:09,Fiat,500X,9,0,0.0
2026-08-12T09:10:09,Fiat,600,13,1,0.0769
2026-08-12T09:10:09,Fiat,Bravo,1,0,0.0
2026-08-12T09:10:09,Fiat,DUCATO FOURGON,1,0,0.0
2026-08-12T09:10:09,Fiat,PANDINA,2,0,0.0
2026-08-12T09:10:09,Fiat,Panda,7,0,0.0
2026-08-12T09:10:09,Fiat,TIPO Station Wagon,3,0,0.0
2026-08-12T09:10:09,Fiat,Tipo,4,0,0.0
2026-08-12T09:10:09,Fiat,Tipo Sw,1,0,0.0
2026-08-12T09:10:09,Ford,C-Max,1,0,0.0
2026-08-12T09:10:09,Ford,Ecosport,3,0,0.0
2026-08-12T09:10:09,Ford,Fiesta,10,0,0.0
2026-08-12T09:10:09,Ford,Focus,3,0,0.0
2026-08-12T09:10:09,Ford,Focus SW,1,0,0.0
2026-08-12T09:10:09,Ford,Kuga,7,0,0.0
2026-08-12T09:10:09,Ford,Mustang MACH-E,2,2,1.0
2026-08-12T09:10:09,Ford,PUMA,25,0,0.0
2026-08-12T09:10:09,Ford,Puma,0,0,0.0
2026-08-12T09:10:09,Ford,S-Max,1,0,0.0
2026-08-12T09:10:09,Ford,TOURNEO COURIER,1,0,0.0
2026-08-12T09:10:09,Honda,Civic,2,0,0.0
2026-08-12T09:10:09,Honda,HR-V,1,0,0.0
2026-08-12T09:10:09,Honda,Jazz,1,0,0.0
2026-08-12T09:10:09,Hyundai,BAYON,2,0,0.0
2026-08-12T09:10:09,Hyundai,Ioniq,3,3,1.0
2026-08-12T09:10:09,Hyundai,Kona,12,1,0.0833
2026-08-12T09:10:09,Hyundai,Tucson,30,0,0.0
2026-08-12T09:10:09,Hyundai,i10,1,0,0.0
2026-08-12T09:10:09,Hyundai,i20,3,0,0.0
2026-08-12T09:10:09,Hyundai,i30 SW,3,0,0.0
2026-08-12T09:10:09,Jaecoo,Jaecoo 7,2,0,0.0
2026-08-12T09:10:09,Jeep,Avenger,18,3,0.1667
2026-08-12T09:10:09,Jeep,Compass,14,0,0.0
2026-08-12T09:10:09,Jeep,Renegade,14,0,0.0
2026-08-12T09:10:09,Kia,Ceed,1,0,0.0
2026-08-12T09:10:09,Kia,EV6,2,2,1.0
2026-08-12T09:10:09,Kia,Niro,4,2,0.5
2026-08-12T09:10:09,Kia,Picanto,1,0,0.0
2026-08-12T09:10:09,Kia,ProCeed,4,0,0.0
2026-08-12T09:10:09,Kia,Rio,5,0,0.0
2026-08-12T09:10:09,Kia,Sportage,14,0,0.0
2026-08-12T09:10:09,Kia,Stonic,5,0,0.0
2026-08-12T09:10:09,Kia,XCEED,1,0,0.0
2026-08-12T09:10:09,Lexus,NX,1,0,0.0
2026-08-12T09:10:09,Lexus,UX,3,0,0.0
2026-08-12T09:10:09,Lynk&Co,01,2,0,0.0
2026-08-12T09:10:09,MG,EHS,14,0,0.0
2026-08-12T09:10:09,MG,MARVEL R,1,1,1.0
2026-08-12T09:10:09,MG,MG3,7,0,0.0
2026-08-12T09:10:09,MG,MG4,2,2,1.0
2026-08-12T09:10:09,MG,MG5,1,1,1.0
2026-08-12T09:10:09,MG,MGS5,1,1,1.0
2026-08-12T09:10:09,MG,ZS,22,2,0.0909
2026-08-12T09:10:09,MG,ZS EV,2,2,1.0
2026-08-12T09:10:09,Mazda,CX-5,3,0,0.0
2026-08-12T09:10:09,Mazda,CX-60,1,0,0.0
2026-08-12T09:10:09,Mazda,MX-30,2,2,1.0
2026-08-12T09:10:09,Mazda,MX-30 2020,1,1,1.0
2026-08-12T09:10:09,Mazda,MX-5,1,0,0.0
2026-08-12T09:10:09,Mazda,Mazda 3,1,0,0.0
2026-08-12T09:10:09,Mercedes,CLA Shooting Brake,1,0,0.0
2026-08-12T09:10:09,Mercedes,CLASSE C BREAK,3,0,0.0
2026-08-12T09:10:09,Mercedes,Classe A,3,0,0.0
2026-08-12T09:10:09,Mercedes,Classe B,4,0,0.0
2026-08-12T09:10:09,Mercedes,Classe C,3,0,0.0
2026-08-12T09:10:09,Mercedes,Classe E,1,0,0.0
2026-08-12T09:10:09,Mercedes,Classe E Coupé,1,0,0.0
2026-08-12T09:10:09,Mercedes,GLA,7,0,0.0
2026-08-12T09:10:09,Mercedes,GLC,2,0,0.0
2026-08-12T09:10:09,Mini,Clubman,5,0,0.0
2026-08-12T09:10:09,Mini,Countryman,11,0,0.0
2026-08-12T09:10:09,Mini,Mini,4,1,0.25
2026-08-12T09:10:09,Mitsubishi,ASX,1,0,0.0
2026-08-12T09:10:09,Mitsubishi,Outlander,1,0,0.0
2026-08-12T09:10:09,Mitsubishi,Space Star,3,0,0.0
2026-08-12T09:10:09,Nissan,Juke,31,0,0.0
2026-08-12T09:10:09,Nissan,Leaf,5,5,1.0
2026-08-12T09:10:09,Nissan,Micra,2,0,0.0
2026-08-12T09:10:09,Nissan,Primastar,1,0,0.0
2026-08-12T09:10:09,Nissan,Qashqai,18,0,0.0
2026-08-12T09:10:09,Nissan,TOWNSTAR FOURGON,1,0,0.0
2026-08-12T09:10:09,Nissan,X-Trail,2,0,0.0
2026-08-12T09:10:09,Opel,Astra,9,0,0.0
2026-08-12T09:10:09,Opel,Astra Sports Tourer,4,0,0.0
2026-08-12T09:10:09,Opel,Corsa,31,3,0.0968
2026-08-12T09:10:09,Opel,Crossland,7,0,0.0
2026-08-12T09:10:09,Opel,FRONTERA,5,3,0.6
2026-08-12T09:10:09,Opel,GRANDLAND,7,0,0.0
2026-08-12T09:10:09,Opel,Grandland,0,0,0.0
2026-08-12T09:10:09,Opel,Grandland X,2,0,0.0
2026-08-12T09:10:09,Opel,INSIGNIA GRAND SPORT,1,0,0.0
2026-08-12T09:10:09,Opel,MOKKA ELECTRIQUE,1,1,1.0
2026-08-12T09:10:09,Opel,MOVANO FOURGON,1,0,0.0
2026-08-12T09:10:09,Opel,Mokka,35,19,0.5429
2026-08-12T09:10:09,Opel,Mokka X,2,0,0.0
2026-08-12T09:10:09,Opel,VIVARO CABINE APPROFONDIE,1,0,0.0
2026-08-12T09:10:09,Peugeot,108,5,0,0.0
2026-08-12T09:10:09,Peugeot,2008,195,47,0.241
2026-08-12T09:10:09,Peugeot,208,152,27,0.1776
2026-08-12T09:10:09,Peugeot,208 AFFAIRE,3,0,0.0
2026-08-12T09:10:09,Peugeot,3008,100,4,0.04
2026-08-12T09:10:09,Peugeot,308,85,5,0.0588
2026-08-12T09:10:09,Peugeot,308 AFFAIRE,2,0,0.0
2026-08-12T09:10:09,Peugeot,308 SW,50,1,0.02
2026-08-12T09:10:09,Peugeot,408,16,0,0.0
2026-08-12T09:10:09,Peugeot,5008,39,0,0.0
2026-08-12T09:10:09,Peugeot,508,4,0,0.0
2026-08-12T09:10:09,Peugeot,508 SW,7,0,0.0
2026-08-12T09:10:09,Peugeot,Boxer,1,0,0.0
2026-08-12T09:10:09,Peugeot,Expert Fourgon,3,0,0.0
2026-08-12T09:10:09,Peugeot,Partner Fourgon,2,0,0.0
2026-08-12T09:10:09,Peugeot,RIFTER,3,0,0.0
2026-08-12T09:10:09,Peugeot,Rifter,0,0,0.0
2026-08-12T09:10:09,Polestar,2,1,1,1.0
2026-08-12T09:10:09,Renault,Arkana,21,0,0.0
2026-08-12T09:10:09,Renault,Austral,30,0,0.0
2026-08-12T09:10:09,Renault,CLIO IV,1,0,0.0
2026-08-12T09:10:09,Renault,Captur,70,0,0.0
2026-08-12T09:10:09,Renault,Clio,1,0,0.0
2026-08-12T09:10:09,Renault,Clio 3,1,0,0.0
2026-08-12T09:10:09,Renault,Clio 4,10,0,0.0
2026-08-12T09:10:09,Renault,Clio 4 Société,1,0,0.0
2026-08-12T09:10:09,Renault,Clio 5,74,0,0.0
2026-08-12T09:10:09,Renault,Clio 6,12,0,0.0
2026-08-12T09:10:09,Renault,EXPRESS VAN,1,0,0.0
2026-08-12T09:10:09,Renault,Espace 4,1,0,0.0
2026-08-12T09:10:09,Renault,Espace 5,3,0,0.0
2026-08-12T09:10:09,Renault,Espace 6,14,0,0.0
2026-08-12T09:10:09,Renault,Grand Scenic 3,1,0,0.0
2026-08-12T09:10:09,Renault,Grand Scenic 4,0,0,0.0
2026-08-12T09:10:09,Renault,Grand Scénic 4,11,0,0.0
2026-08-12T09:10:09,Renault,KANGOO VAN,1,0,0.0
2026-08-12T09:10:09,Renault,Kadjar,20,0,0.0
2026-08-12T09:10:09,Renault,Kangoo Express,1,0,0.0
2026-08-12T09:10:09,Renault,Koleos,2,0,0.0
2026-08-12T09:10:09,Renault,MASTER FOURGON,6,0,0.0
2026-08-12T09:10:09,Renault,Master Fourgon,0,0,0.0
2026-08-12T09:10:09,Renault,Mégane 4,10,0,0.0
2026-08-12T09:10:09,Renault,Mégane 4 Estate,5,0,0.0
2026-08-12T09:10:09,Renault,Mégane E-TECH,7,7,1.0
2026-08-12T09:10:09,Renault,R4,8,8,1.0
2026-08-12T09:10:09,Renault,R5,21,21,1.0
2026-08-12T09:10:09,Renault,Rafale,13,0,0.0
2026-08-12T09:10:09,Renault,Scénic 4,8,0,0.0
2026-08-12T09:10:09,Renault,Scénic E-Tech,7,7,1.0
2026-08-12T09:10:09,Renault,Symbioz,37,0,0.0
2026-08-12T09:10:09,Renault,TRAFIC FOURGON,1,0,0.0
2026-08-12T09:10:09,Renault,TWINGO,1,1,1.0
2026-08-12T09:10:09,Renault,Talisman,1,0,0.0
2026-08-12T09:10:09,Renault,Talisman Estate,1,0,0.0
2026-08-12T09:10:09,Renault,Twingo 3,9,2,0.2222
2026-08-12T09:10:09,Renault,Twizy,2,2,1.0
2026-08-12T09:10:09,Renault,Zoé,11,11,1.0
2026-08-12T09:10:09,Seat,Arona,13,0,0.0
2026-08-12T09:10:09,Seat,Ateca,7,0,0.0
2026-08-12T09:10:09,Seat,Ibiza,3,0,0.0
2026-08-12T09:10:09,Seat,Leon,1,0,0.0
2026-08-12T09:10:09,Seat,Leon ST,5,0,0.0
2026-08-12T09:10:09,Seat,Leon Sportstourer,1,0,0.0
2026-08-12T09:10:09,Skoda,ENYAQ,3,3,1.0
2026-08-12T09:10:09,Skoda,Fabia,3,0,0.0
2026-08-12T09:10:09,Skoda,KAMIQ,2,0,0.0
2026-08-12T09:10:09,Skoda,Kamiq,0,0,0.0
2026-08-12T09:10:09,Skoda,Karoq,4,0,0.0
2026-08-12T09:10:09,Skoda,Kodiaq,2,0,0.0
2026-08-12T09:10:09,Skoda,Octavia Combi,4,0,0.0
2026-08-12T09:10:09,Skoda,SCALA,1,0,0.0
2026-08-12T09:10:09,Skoda,Superb Combi,1,0,0.0
2026-08-12T09:10:09,Smart,FORFOUR,4,3,0.75
2026-08-12T09:10:09,Smart,FORTWO,1,0,0.0
2026-08-12T09:10:09,Smart,Fortwo EQ,2,2,1.0
2026-08-12T09:10:09,Suzuki,Celerio,1,0,0.0
2026-08-12T09:10:09,Suzuki,S-CROSS,1,0,0.0
2026-08-12T09:10:09,Suzuki,SX4 S-Cross,1,0,0.0
2026-08-12T09:10:09,Suzuki,Swift,4,0,0.0
2026-08-12T09:10:09,Suzuki,Vitara,1,0,0.0
2026-08-12T09:10:09,Tesla,MODEL 3,13,13,1.0
2026-08-12T09:10:09,Tesla,MODEL S,1,1,1.0
2026-08-12T09:10:09,Tesla,MODEL X,2,2,1.0
2026-08-12T09:10:09,Tesla,MODEL Y,10,10,1.0
2026-08-12T09:10:09,Toyota,Aygo,1,0,0.0
2026-08-12T09:10:09,Toyota,Aygo X,6,0,0.0
2026-08-12T09:10:09,Toyota,C-HR,10,0,0.0
2026-08-12T09:10:09,Toyota,Corolla,2,0,0.0
2026-08-12T09:10:09,Toyota,Corolla Cross,2,0,0.0
2026-08-12T09:10:09,Toyota,Corolla Touring Sports,13,0,0.0
2026-08-12T09:10:09,Toyota,PROACE CITY FOURGON RC21,1,0,0.0
2026-08-12T09:10:09,Toyota,RAV 4,4,0,0.0
2026-08-12T09:10:09,Toyota,YARIS CROSS,14,0,0.0
2026-08-12T09:10:09,Toyota,YARIS HYBRIDE,1,0,0.0
2026-08-12T09:10:09,Toyota,Yaris,7,0,0.0
2026-08-12T09:10:09,Toyota,Yaris 4,2,0,0.0
2026-08-12T09:10:09,Volkswagen,Coccinelle,1,0,0.0
2026-08-12T09:10:09,Volkswagen,Golf,2,0,0.0
2026-08-12T09:10:09,Volkswagen,Golf 7,5,0,0.0
2026-08-12T09:10:09,Volkswagen,Golf 8,36,0,0.0
2026-08-12T09:10:09,Volkswagen,Golf 8 SW,7,0,0.0
2026-08-12T09:10:09,Volkswagen,Golf SW,1,0,0.0
2026-08-12T09:10:09,Volkswagen,Golf Sportsvan,2,0,0.0
2026-08-12T09:10:09,Volkswagen,ID.3,1,1,1.0
2026-08-12T09:10:09,Volkswagen,ID.4,2,2,1.0
2026-08-12T09:10:09,Volkswagen,Passat,4,0,0.0
2026-08-12T09:10:09,Volkswagen,Passat SW,4,0,0.0
2026-08-12T09:10:09,Volkswagen,Polo,14,0,0.0
2026-08-12T09:10:09,Volkswagen,Sharan,1,0,0.0
2026-08-12T09:10:09,Volkswagen,T-CROSS,14,0,0.0
2026-08-12T09:10:09,Volkswagen,T-Cross,0,0,0.0
2026-08-12T09:10:09,Volkswagen,T-Roc,46,0,0.0
2026-08-12T09:10:09,Volkswagen,T-Roc Cabriolet,4,0,0.0
2026-08-12T09:10:09,Volkswagen,TAIGO,0,0,0.0
2026-08-12T09:10:09,Volkswagen,TIGUAN,0,0,0.0
2026-08-12T09:10:09,Volkswagen,Taigo,15,0,0.0
2026-08-12T09:10:09,Volkswagen,Tayron,6,0,0.0
2026-08-12T09:10:09,Volkswagen,Tiguan,33,0,0.0
2026-08-12T09:10:09,Volkswagen,Tiguan Allspace,2,0,0.0
2026-08-12T09:10:09,Volkswagen,Touran,3,0,0.0
2026-08-12T09:10:09,Volkswagen,Up,2,1,0.5
2026-08-12T09:10:09,Volvo,C40,1,1,1.0
2026-08-12T09:10:09,Volvo,EX30,2,2,1.0
2026-08-12T09:10:09,Volvo,V40,1,0,0.0
2026-08-12T09:10:09,Volvo,XC40,11,2,0.1818
2026-08-12T09:10:09,Volvo,XC60,2,0,0.0
2026-08-12T09:10:09,Volvo,XC90,3,0,0.0
2026-08-14T09:06:22,Abarth,595,1,0,0.0
2026-08-14T09:06:22,Abarth,695,1,0,0.0
2026-08-14T09:06:22,Alfa Romeo,Giulia,1,0,0.0
2026-08-14T09:06:22,Alfa Romeo,Giulietta,1,0,0.0
2026-08-14T09:06:22,Alfa Romeo,Junior,9,8,0.8889
2026-08-14T09:06:22,Alfa Romeo,Stelvio,2,0,0.0
2026-08-14T09:06:22,Alfa Romeo,Tonale,13,0,0.0
2026-08-14T09:06:22,Audi,A1 Allstreet,1,0,0.0
2026-08-14T09:06:22,Audi,A1 Sportback,5,0,0.0
2026-08-14T09:06:22,Audi,A3 Berline,2,0,0.0
2026-08-14T09:06:22,Audi,A3 Sportback,23,0,0.0
2026-08-14T09:06:22,Audi,A4 Avant,6,0,0.0
2026-08-14T09:06:22,Audi,A5 Sportback,1,0,0.0
2026-08-14T09:06:22,Audi,A6,1,0,0.0
2026-08-14T09:06:22,Audi,A6 Avant,2,0,0.0
2026-08-14T09:06:22,Audi,Q2,8,0,0.0
2026-08-14T09:06:22,Audi,Q3,9,0,0.0
2026-08-14T09:06:22,Audi,Q3 Sportback,6,0,0.0
2026-08-14T09:06:22,Audi,Q4 e-tron Sportback,1,1,1.0
2026-08-14T09:06:22,Audi,Q5,5,0,0.0
2026-08-14T09:06:22,Audi,Q5 SPORTBACK,3,0,0.0
2026-08-14T09:06:22,Audi,Q5 Sportback,0,0,0.0
2026-08-14T09:06:22,Audi,e-tron sportback,1,1,1.0
2026-08-14T09:06:22,BMW,IX,1,1,1.0
2026-08-14T09:06:22,BMW,Série 1,17,0,0.0
2026-08-14T09:06:22,BMW,Série 2 Active Tourer,2,0,0.0
2026-08-14T09:06:22,BMW,Série 2 Gran Coupé,1,0,0.0
2026-08-14T09:06:22,BMW,Série 2 Gran Tourer,1,0,0.0
2026-08-14T09:06:22,BMW,Série 3,1,0,0.0
2026-08-14T09:06:22,BMW,Série 3 Touring,1,0,0.0
2026-08-14T09:06:22,BMW,Série 4 Coupé,1,0,0.0
2026-08-14T09:06:22,BMW,Série 5 Touring,1,0,0.0
2026-08-14T09:06:22,BMW,X1,21,0,0.0
2026-08-14T09:06:22,BMW,X2,5,0,0.0
2026-08-14T09:06:22,BMW,X3,4,0,0.0
2026-08-14T09:06:22,BMW,X5,2,0,0.0
2026-08-14T09:06:22,BMW,i4,3,3,1.0
2026-08-14T09:06:22,BYD,Atto 2,4,2,0.5
2026-08-14T09:06:22,BYD,Atto 3,2,2,1.0
2026-08-14T09:06:22,BYD,DOLPHIN SURF,3,3,1.0
2026-08-14T09:06:22,BYD,SEAL 6 TOURING,5,0,0.0
2026-08-14T09:06:22,BYD,Seal 6,2,0,0.0
2026-08-14T09:06:22,BYD,Seal 6 Touring,0,0,0.0
2026-08-14T09:06:22,BYD,Seal U,5,0,0.0
2026-08-14T09:06:22,BYD,Sealion 7,1,1,1.0
2026-08-14T09:06:22,Citroën,AMI,2,2,1.0
2026-08-14T09:06:22,Citroën,Berlingo,4,2,0.5
2026-08-14T09:06:22,Citroën,Berlingo Fourgon,1,0,0.0
2026-08-14T09:06:22,Citroën,Berlingo VAN,2,0,0.0
2026-08-14T09:06:22,Citroën,Berlingo Van,0,0,0.0
2026-08-14T09:06:22,Citroën,C1,2,0,0.0
2026-08-14T09:06:22,Citroën,C3,104,14,0.1346
2026-08-14T09:06:22,Citroën,C3 Aircross,47,2,0.0426
2026-08-14T09:06:22,Citroën,C3 Picasso,1,0,0.0
2026-08-14T09:06:22,Citroën,C3 Societe,1,0,0.0
2026-08-14T09:06:22,Citroën,C4,60,3,0.05
2026-08-14T09:06:22,Citroën,C4 Cactus,2,0,0.0
2026-08-14T09:06:22,Citroën,C4 Picasso,2,0,0.0
2026-08-14T09:06:22,Citroën,C4 Spacetourer,1,0,0.0
2026-08-14T09:06:22,Citroën,C4 X,2,0,0.0
2026-08-14T09:06:22,Citroën,C5 Aircross,86,0,0.0
2026-08-14T09:06:22,Citroën,C5 X,4,0,0.0
2026-08-14T09:06:22,Citroën,DS 3,1,0,0.0
2026-08-14T09:06:22,Citroën,E-C4,1,1,1.0
2026-08-14T09:06:22,Citroën,E-C4 X,1,1,1.0
2026-08-14T09:06:22,Citroën,GRAND C4 SPACETOURER,1,0,0.0
2026-08-14T09:06:22,Citroën,JUMPY CABINE APPROFONDIE,1,0,0.0
2026-08-14T09:06:22,Citroën,JUMPY FOURGON,4,0,0.0
2026-08-14T09:06:22,Citroën,Jumper Fourgon,1,0,0.0
2026-08-14T09:06:22,Citroën,Jumpy,1,0,0.0
2026-08-14T09:06:22,Citroën,SpaceTourer,1,0,0.0
2026-08-14T09:06:22,Citroën,Xsara Picasso,1,0,0.0
2026-08-14T09:06:22,Cupra,FORMENTOR,24,0,0.0
2026-08-14T09:06:22,Cupra,Leon,3,0,0.0
2026-08-14T09:06:22,Cupra,Leon Sportstourer,2,0,0.0
2026-08-14T09:06:22,Cupra,Terramar,2,0,0.0
2026-08-14T09:06:22,DS,DS 3 CROSSBACK,1,1,1.0
2026-08-14T09:06:22,DS,DS3,5,0,0.0
2026-08-14T09:06:22,DS,DS3 CROSSBACK,9,0,0.0
2026-08-14T09:06:22,DS,DS3 Crossback,0,0,0.0
2026-08-14T09:06:22,DS,DS4,18,0,0.0
2026-08-14T09:06:22,DS,DS7,28,0,0.0
2026-08-14T09:06:22,DS,DS7 CROSSBACK,16,0,0.0
2026-08-14T09:06:22,DS,DS7 Crossback,0,0,0.0
2026-08-14T09:06:22,DS,N 4,8,0,0.0
2026-08-14T09:06:22,Dacia,Bigster,44,0,0.0
2026-08-14T09:06:22,Dacia,Duster,40,0,0.0
2026-08-14T09:06:22,Dacia,JOGGER,14,0,0.0
2026-08-14T09:06:22,Dacia,Jogger,0,0,0.0
2026-08-14T09:06:22,Dacia,SPRING,8,8,1.0
2026-08-14T09:06:22,Dacia,Sandero,21,0,0.0
2026-08-14T09:06:22,Fiat,500,10,2,0.2
2026-08-14T09:06:22,Fiat,500 L,3,0,0.0
2026-08-14T09:06:22,Fiat,500C,9,9,1.0
2026-08-14T09:06:22,Fiat,500X,7,0,0.0
2026-08-14T09:06:22,Fiat,600,13,1,0.0769
2026-08-14T09:06:22,Fiat,Bravo,1,0,0.0
2026-08-14T09:06:22,Fiat,DUCATO FOURGON,1,0,0.0
2026-08-14T09:06:22,Fiat,Grande Panda,1,1,1.0
2026-08-14T09:06:22,Fiat,PANDINA,2,0,0.0
2026-08-14T09:06:22,Fiat,Panda,6,0,0.0
2026-08-14T09:06:22,Fiat,TIPO Station Wagon,3,0,0.0
2026-08-14T09:06:22,Fiat,Tipo,3,0,0.0
2026-08-14T09:06:22,Fiat,Tipo Sw,1,0,0.0
2026-08-14T09:06:22,Ford,C-Max,1,0,0.0
2026-08-14T09:06:22,Ford,Ecosport,2,0,0.0
2026-08-14T09:06:22,Ford,Fiesta,10,0,0.0
2026-08-14T09:06:22,Ford,Focus,3,0,0.0
2026-08-14T09:06:22,Ford,Focus SW,2,0,0.0
2026-08-14T09:06:22,Ford,Kuga,8,0,0.0
2026-08-14T09:06:22,Ford,Mustang MACH-E,1,1,1.0
2026-08-14T09:06:22,Ford,PUMA,23,0,0.0
2026-08-14T09:06:22,Ford,Puma,0,0,0.0
2026-08-14T09:06:22,Ford,S-Max,2,0,0.0
2026-08-14T09:06:22,Ford,TOURNEO COURIER,1,0,0.0
2026-08-14T09:06:22,Ford,TRANSIT COURIER FOURGON,1,0,0.0
2026-08-14T09:06:22,Ford,Transit Chassis Cabine,1,0,0.0
2026-08-14T09:06:22,Honda,Civic,2,0,0.0
2026-08-14T09:06:22,Honda,HR-V,1,0,0.0
2026-08-14T09:06:22,Honda,Jazz,1,0,0.0
2026-08-14T09:06:22,Hyundai,BAYON,1,0,0.0
2026-08-14T09:06:22,Hyundai,Ioniq,3,3,1.0
2026-08-14T09:06:22,Hyundai,Kona,14,1,0.0714
2026-08-14T09:06:22,Hyundai,Tucson,32,0,0.0
2026-08-14T09:06:22,Hyundai,i10,1,0,0.0
2026-08-14T09:06:22,Hyundai,i20,3,0,0.0
2026-08-14T09:06:22,Hyundai,i30,1,0,0.0
2026-08-14T09:06:22,Hyundai,i30 SW,3,0,0.0
2026-08-14T09:06:22,Jaecoo,Jaecoo 7,2,0,0.0
2026-08-14T09:06:22,Jeep,Avenger,18,3,0.1667
2026-08-14T09:06:22,Jeep,Compass,15,0,0.0
2026-08-14T09:06:22,Jeep,Renegade,13,0,0.0
2026-08-14T09:06:22,Kia,Ceed,1,0,0.0
2026-08-14T09:06:22,Kia,Ceed SW,1,0,0.0
2026-08-14T09:06:22,Kia,EV6,1,1,1.0
2026-08-14T09:06:22,Kia,Niro,4,3,0.75
2026-08-14T09:06:22,Kia,Picanto,2,0,0.0
2026-08-14T09:06:22,Kia,ProCeed,4,0,0.0
2026-08-14T09:06:22,Kia,Rio,5,0,0.0
2026-08-14T09:06:22,Kia,Sportage,10,0,0.0
2026-08-14T09:06:22,Kia,Stonic,5,0,0.0
2026-08-14T09:06:22,Kia,XCEED,1,0,0.0
2026-08-14T09:06:22,Lexus,NX,1,0,0.0
2026-08-14T09:06:22,Lexus,UX,2,0,0.0
2026-08-14T09:06:22,Lynk&Co,01,2,0,0.0
2026-08-14T09:06:22,MG,EHS,12,0,0.0
2026-08-14T09:06:22,MG,MARVEL R,1,1,1.0
2026-08-14T09:06:22,MG,MG3,4,0,0.0
2026-08-14T09:06:22,MG,MG4,3,3,1.0
2026-08-14T09:06:22,MG,MG5,2,2,1.0
2026-08-14T09:06:22,MG,MGS5,1,1,1.0
2026-08-14T09:06:22,MG,ZS,21,3,0.1429
2026-08-14T09:06:22,Mazda,CX-5,3,0,0.0
2026-08-14T09:06:22,Mazda,CX-60,1,0,0.0
2026-08-14T09:06:22,Mazda,MX-30,1,1,1.0
2026-08-14T09:06:22,Mazda,MX-30 2020,1,1,1.0
2026-08-14T09:06:22,Mazda,MX-5,1,0,0.0
2026-08-14T09:06:22,Mazda,Mazda 3,1,0,0.0
2026-08-14T09:06:22,Mercedes,CLA Shooting Brake,2,0,0.0
2026-08-14T09:06:22,Mercedes,CLASSE C BREAK,4,0,0.0
2026-08-14T09:06:22,Mercedes,Classe A,3,0,0.0
2026-08-14T09:06:22,Mercedes,Classe B,5,0,0.0
2026-08-14T09:06:22,Mercedes,Classe C,3,0,0.0
2026-08-14T09:06:22,Mercedes,Classe E,1,0,0.0
2026-08-14T09:06:22,Mercedes,Classe E Coupé,1,0,0.0
2026-08-14T09:06:22,Mercedes,GLA,6,0,0.0
2026-08-14T09:06:22,Mercedes,GLC,2,0,0.0
2026-08-14T09:06:22,Mercedes,Sprinter,1,0,0.0
2026-08-14T09:06:22,Mini,Clubman,4,0,0.0
2026-08-14T09:06:22,Mini,Countryman,11,0,0.0
2026-08-14T09:06:22,Mini,Mini,3,1,0.3333
2026-08-14T09:06:22,Mitsubishi,ASX,1,0,0.0
2026-08-14T09:06:22,Mitsubishi,Outlander,1,0,0.0
2026-08-14T09:06:22,Mitsubishi,Space Star,3,0,0.0
2026-08-14T09:06:22,Nissan,Juke,31,0,0.0
2026-08-14T09:06:22,Nissan,Leaf,5,5,1.0
2026-08-14T09:06:22,Nissan,Micra,2,0,0.0
2026-08-14T09:06:22,Nissan,Primastar,1,0,0.0
2026-08-14T09:06:22,Nissan,Qashqai,18,0,0.0
2026-08-14T09:06:22,Nissan,TOWNSTAR FOURGON,1,0,0.0
2026-08-14T09:06:22,Nissan,X-Trail,3,0,0.0
2026-08-14T09:06:22,Opel,Astra,12,0,0.0
2026-08-14T09:06:22,Opel,Astra Sports Tourer,4,0,0.0
2026-08-14T09:06:22,Opel,Corsa,36,3,0.0833
2026-08-14T09:06:22,Opel,Crossland,7,0,0.0
2026-08-14T09:06:22,Opel,Crossland X,1,0,0.0
2026-08-14T09:06:22,Opel,FRONTERA,4,3,0.75
2026-08-14T09:06:22,Opel,GRANDLAND,7,0,0.0
2026-08-14T09:06:22,Opel,Grandland,0,0,0.0
2026-08-14T09:06:22,Opel,Grandland X,3,0,0.0
2026-08-14T09:06:22,Opel,INSIGNIA GRAND SPORT,1,0,0.0
2026-08-14T09:06:22,Opel,MOKKA ELECTRIQUE,1,1,1.0
2026-08-14T09:06:22,Opel,MOVANO FOURGON,1,0,0.0
2026-08-14T09:06:22,Opel,Mokka,34,18,0.5294
2026-08-14T09:06:22,Opel,Mokka X,1,0,0.0
2026-08-14T09:06:22,Opel,VIVARO CABINE APPROFONDIE,1,0,0.0
2026-08-14T09:06:22,Peugeot,108,4,0,0.0
2026-08-14T09:06:22,Peugeot,2008,189,46,0.2434
2026-08-14T09:06:22,Peugeot,208,171,27,0.1579
2026-08-14T09:06:22,Peugeot,208 AFFAIRE,3,0,0.0
2026-08-14T09:06:22,Peugeot,3008,98,4,0.0408
2026-08-14T09:06:22,Peugeot,308,79,5,0.0633
2026-08-14T09:06:22,Peugeot,308 AFFAIRE,2,0,0.0
2026-08-14T09:06:22,Peugeot,308 SW,47,1,0.0213
2026-08-14T09:06:22,Peugeot,408,16,0,0.0
2026-08-14T09:06:22,Peugeot,5008,43,0,0.0
2026-08-14T09:06:22,Peugeot,508,6,0,0.0
2026-08-14T09:06:22,Peugeot,508 SW,8,0,0.0
2026-08-14T09:06:22,Peugeot,Boxer,1,0,0.0
2026-08-14T09:06:22,Peugeot,Expert Fourgon,3,0,0.0
2026-08-14T09:06:22,Peugeot,Partner Fourgon,2,0,0.0
2026-08-14T09:06:22,Peugeot,RIFTER,3,0,0.0
2026-08-14T09:06:22,Peugeot,Rifter,0,0,0.0
2026-08-14T09:06:22,Polestar,2,1,1,1.0
2026-08-14T09:06:22,Renault,Arkana,24,0,0.0
2026-08-14T09:06:22,Renault,Austral,28,0,0.0
2026-08-14T09:06:22,Renault,CLIO IV,1,0,0.0
2026-08-14T09:06:22,Renault,Captur,72,0,0.0
2026-08-14T09:06:22,Renault,Clio,1,0,0.0
2026-08-14T09:06:22,Renault,Clio 3,2,0,0.0
2026-08-14T09:06:22,Renault,Clio 4,13,0,0.0
2026-08-14T09:06:22,Renault,Clio 4 Société,1,0,0.0
2026-08-14T09:06:22,Renault,Clio 5,81,0,0.0
2026-08-14T09:06:22,Renault,Clio 6,17,0,0.0
2026-08-14T09:06:22,Renault,EXPRESS VAN,1,0,0.0
2026-08-14T09:06:22,Renault,Espace 4,1,0,0.0
2026-08-14T09:06:22,Renault,Espace 5,2,0,0.0
2026-08-14T09:06:22,Renault,Espace 6,14,0,0.0
2026-08-14T09:06:22,Renault,Grand Scenic 3,1,0,0.0
2026-08-14T09:06:22,Renault,Grand Scenic 4,0,0,0.0
2026-08-14T09:06:22,Renault,Grand Scénic 4,8,0,0.0
2026-08-14T09:06:22,Renault,KANGOO VAN,1,0,0.0
2026-08-14T09:06:22,Renault,Kadjar,20,0,0.0
2026-08-14T09:06:22,Renault,Koleos,2,0,0.0
2026-08-14T09:06:22,Renault,MASTER FOURGON,3,0,0.0
2026-08-14T09:06:22,Renault,Master Fourgon,0,0,0.0
2026-08-14T09:06:22,Renault,Mégane 4,9,0,0.0
2026-08-14T09:06:22,Renault,Mégane 4 Estate,5,0,0.0
2026-08-14T09:06:22,Renault,Mégane E-TECH,7,7,1.0
2026-08-14T09:06:22,Renault,R4,8,8,1.0
2026-08-14T09:06:22,Renault,R5,21,21,1.0
2026-08-14T09:06:22,Renault,Rafale,15,0,0.0
2026-08-14T09:06:22,Renault,Scénic 4,7,0,0.0
2026-08-14T09:06:22,Renault,Scénic E-Tech,7,7,1.0
2026-08-14T09:06:22,Renault,Symbioz,39,0,0.0
2026-08-14T09:06:22,Renault,TRAFIC FOURGON,1,0,0.0
2026-08-14T09:06:22,Renault,TWINGO,1,1,1.0
2026-08-14T09:06:22,Renault,Talisman,1,0,0.0
2026-08-14T09:06:22,Renault,Talisman Estate,1,0,0.0
2026-08-14T09:06:22,Renault,Twingo 3,8,1,0.125
2026-08-14T09:06:22,Renault,Twizy,2,2,1.0
2026-08-14T09:06:22,Renault,Zoé,13,13,1.0
2026-08-14T09:06:22,Seat,Arona,12,0,0.0
2026-08-14T09:06:22,Seat,Ateca,6,0,0.0
2026-08-14T09:06:22,Seat,Ibiza,3,0,0.0
2026-08-14T09:06:22,Seat,Ibiza SC,1,0,0.0
2026-08-14T09:06:22,Seat,Leon,3,0,0.0
2026-08-14T09:06:22,Seat,Leon ST,5,0,0.0
2026-08-14T09:06:22,Skoda,ENYAQ,2,2,1.0
2026-08-14T09:06:22,Skoda,FABIA COMBI,1,0,0.0
2026-08-14T09:06:22,Skoda,Fabia,3,0,0.0
2026-08-14T09:06:22,Skoda,KAMIQ,2,0,0.0
2026-08-14T09:06:22,Skoda,Kamiq,0,0,0.0
2026-08-14T09:06:22,Skoda,Karoq,5,0,0.0
2026-08-14T09:06:22,Skoda,Kodiaq,2,0,0.0
2026-08-14T09:06:22,Skoda,OCTAVIA COMBI,0,0,0.0
2026-08-14T09:06:22,Skoda,Octavia,1,0,0.0
2026-08-14T09:06:22,Skoda,Octavia Combi,6,0,0.0
2026-08-14T09:06:22,Skoda,SCALA,1,0,0.0
2026-08-14T09:06:22,Skoda,Superb Combi,2,0,0.0
2026-08-14T09:06:22,Smart,FORFOUR,4,3,0.75
2026-08-14T09:06:22,Smart,FORTWO,1,0,0.0
2026-08-14T09:06:22,Smart,Fortwo EQ,2,2,1.0
2026-08-14T09:06:22,Ssangyong,Korando,1,1,1.0
2026-08-14T09:06:22,Suzuki,Celerio,1,0,0.0
2026-08-14T09:06:22,Suzuki,S-CROSS,1,0,0.0
2026-08-14T09:06:22,Suzuki,SX4 S-Cross,1,0,0.0
2026-08-14T09:06:22,Suzuki,Swift,5,0,0.0
2026-08-14T09:06:22,Suzuki,Vitara,1,0,0.0
2026-08-14T09:06:22,Tesla,MODEL 3,14,14,1.0
2026-08-14T09:06:22,Tesla,MODEL S,1,1,1.0
2026-08-14T09:06:22,Tesla,MODEL X,2,2,1.0
2026-08-14T09:06:22,Tesla,MODEL Y,10,10,1.0
2026-08-14T09:06:22,Toyota,Aygo X,19,0,0.0
2026-08-14T09:06:22,Toyota,C-HR,12,0,0.0
2026-08-14T09:06:22,Toyota,Corolla,2,0,0.0
2026-08-14T09:06:22,Toyota,Corolla Cross,1,0,0.0
2026-08-14T09:06:22,Toyota,Corolla Touring Sports,10,0,0.0
2026-08-14T09:06:22,Toyota,PROACE CITY FOURGON RC21,1,0,0.0
2026-08-14T09:06:22,Toyota,RAV 4,2,0,0.0
2026-08-14T09:06:22,Toyota,YARIS CROSS,13,0,0.0
2026-08-14T09:06:22,Toyota,YARIS HYBRIDE,1,0,0.0
2026-08-14T09:06:22,Toyota,Yaris,10,0,0.0
2026-08-14T09:06:22,Toyota,Yaris 4,2,0,0.0
2026-08-14T09:06:22,Volkswagen,Coccinelle,1,0,0.0
2026-08-14T09:06:22,Volkswagen,Golf,3,0,0.0
2026-08-14T09:06:22,Volkswagen,Golf 7,7,0,0.0
2026-08-14T09:06:22,Volkswagen,Golf 8,37,0,0.0
2026-08-14T09:06:22,Volkswagen,Golf 8 SW,7,0,0.0
2026-08-14T09:06:22,Volkswagen,Golf SW,1,0,0.0
2026-08-14T09:06:22,Volkswagen,Golf Sportsvan,2,0,0.0
2026-08-14T09:06:22,Volkswagen,ID.3,1,1,1.0
2026-08-14T09:06:22,Volkswagen,ID.4,2,2,1.0
2026-08-14T09:06:22,Volkswagen,Passat,4,0,0.0
2026-08-14T09:06:22,Volkswagen,Passat SW,4,0,0.0
2026-08-14T09:06:22,Volkswagen,Polo,16,0,0.0
2026-08-14T09:06:22,Volkswagen,Sharan,1,0,0.0
2026-08-14T09:06:22,Volkswagen,T-CROSS,16,0,0.0
2026-08-14T09:06:22,Volkswagen,T-Cross,0,0,0.0
2026-08-14T09:06:22,Volkswagen,T-Roc,46,0,0.0
2026-08-14T09:06:22,Volkswagen,T-Roc Cabriolet,4,0,0.0
2026-08-14T09:06:22,Volkswagen,TAIGO,0,0,0.0
2026-08-14T09:06:22,Volkswagen,TIGUAN,0,0,0.0
2026-08-14T09:06:22,Volkswagen,Taigo,17,0,0.0
2026-08-14T09:06:22,Volkswagen,Tayron,7,0,0.0
2026-08-14T09:06:22,Volkswagen,Tiguan,33,0,0.0
2026-08-14T09:06:22,Volkswagen,Tiguan Allspace,2,0,0.0
2026-08-14T09:06:22,Volkswagen,Touran,4,0,0.0
2026-08-14T09:06:22,Volkswagen,Up,1,1,1.0
2026-08-14T09:06:22,Volvo,C40,1,1,1.0
2026-08-14T09:06:22,Volvo,EX30,2,2,1.0
2026-08-14T09:06:22,Volvo,V40,1,0,0.0
2026-08-14T09:06:22,Volvo,XC40,12,2,0.1667
2026-08-14T09:06:22,Volvo,XC60,2,0,0.0
2026-08-14T09:06:22,Volvo,XC90,3,0,0.0
2026-08-15T08:26:45,Abarth,595,1,0,0.0
2026-08-15T08:26:45,Abarth,695,1,0,0.0
2026-08-15T08:26:45,Alfa Romeo,Giulia,1,0,0.0
2026-08-15T08:26:45,Alfa Romeo,Giulietta,1,0,0.0
2026-08-15T08:26:45,Alfa Romeo,Junior,9,8,0.8889
2026-08-15T08:26:45,Alfa Romeo,Stelvio,2,0,0.0
2026-08-15T08:26:45,Alfa Romeo,Tonale,13,0,0.0
2026-08-15T08:26:45,Audi,A1 Allstreet,1,0,0.0
2026-08-15T08:26:45,Audi,A1 Sportback,5,0,0.0
2026-08-15T08:26:45,Audi,A3 Berline,2,0,0.0
2026-08-15T08:26:45,Audi,A3 Sportback,26,0,0.0
2026-08-15T08:26:45,Audi,A4 Avant,5,0,0.0
2026-08-15T08:26:45,Audi,A5 Sportback,1,0,0.0
2026-08-15T08:26:45,Audi,A6,1,0,0.0
2026-08-15T08:26:45,Audi,A6 Avant,2,0,0.0
2026-08-15T08:26:45,Audi,Q2,9,0,0.0
2026-08-15T08:26:45,Audi,Q3,10,0,0.0
2026-08-15T08:26:45,Audi,Q3 Sportback,8,0,0.0
2026-08-15T08:26:45,Audi,Q4 e-tron Sportback,1,1,1.0
2026-08-15T08:26:45,Audi,Q5,4,0,0.0
2026-08-15T08:26:45,Audi,Q5 SPORTBACK,3,0,0.0
2026-08-15T08:26:45,Audi,Q5 Sportback,0,0,0.0
2026-08-15T08:26:45,Audi,e-tron sportback,1,1,1.0
2026-08-15T08:26:45,BMW,IX,1,1,1.0
2026-08-15T08:26:45,BMW,Série 1,19,0,0.0
2026-08-15T08:26:45,BMW,Série 2 Active Tourer,2,0,0.0
2026-08-15T08:26:45,BMW,Série 2 Gran Coupé,1,0,0.0
2026-08-15T08:26:45,BMW,Série 2 Gran Tourer,2,0,0.0
2026-08-15T08:26:45,BMW,Série 3,1,0,0.0
2026-08-15T08:26:45,BMW,Série 3 Touring,1,0,0.0
2026-08-15T08:26:45,BMW,Série 4 Coupé,1,0,0.0
2026-08-15T08:26:45,BMW,Série 5 Touring,1,0,0.0
2026-08-15T08:26:45,BMW,X1,23,0,0.0
2026-08-15T08:26:45,BMW,X2,6,0,0.0
2026-08-15T08:26:45,BMW,X3,3,0,0.0
2026-08-15T08:26:45,BMW,X5,2,0,0.0
2026-08-15T08:26:45,BMW,i4,3,3,1.0
2026-08-15T08:26:45,BYD,Atto 2,3,1,0.3333
2026-08-15T08:26:45,BYD,Atto 3,2,2,1.0
2026-08-15T08:26:45,BYD,DOLPHIN SURF,3,3,1.0
2026-08-15T08:26:45,BYD,SEAL 6 TOURING,5,0,0.0
2026-08-15T08:26:45,BYD,Seal 6,2,0,0.0
2026-08-15T08:26:45,BYD,Seal 6 Touring,0,0,0.0
2026-08-15T08:26:45,BYD,Seal U,7,0,0.0
2026-08-15T08:26:45,BYD,Sealion 7,1,1,1.0
2026-08-15T08:26:45,Citroën,AMI,1,1,1.0
2026-08-15T08:26:45,Citroën,Berlingo,5,2,0.4
2026-08-15T08:26:45,Citroën,Berlingo Fourgon,1,0,0.0
2026-08-15T08:26:45,Citroën,Berlingo VAN,2,0,0.0
2026-08-15T08:26:45,Citroën,Berlingo Van,0,0,0.0
2026-08-15T08:26:45,Citroën,C1,2,0,0.0
2026-08-15T08:26:45,Citroën,C3,108,16,0.1481
2026-08-15T08:26:45,Citroën,C3 Aircross,40,2,0.05
2026-08-15T08:26:45,Citroën,C3 Picasso,1,0,0.0
2026-08-15T08:26:45,Citroën,C3 Societe,1,0,0.0
2026-08-15T08:26:45,Citroën,C4,57,3,0.0526
2026-08-15T08:26:45,Citroën,C4 Cactus,3,0,0.0
2026-08-15T08:26:45,Citroën,C4 Picasso,2,0,0.0
2026-08-15T08:26:45,Citroën,C4 Spacetourer,1,0,0.0
2026-08-15T08:26:45,Citroën,C4 X,2,0,0.0
2026-08-15T08:26:45,Citroën,C5 Aircross,90,0,0.0
2026-08-15T08:26:45,Citroën,C5 X,5,0,0.0
2026-08-15T08:26:45,Citroën,DS 3,1,0,0.0
2026-08-15T08:26:45,Citroën,E-C4,1,1,1.0
2026-08-15T08:26:45,Citroën,E-C4 X,1,1,1.0
2026-08-15T08:26:45,Citroën,GRAND C4 SPACETOURER,1,0,0.0
2026-08-15T08:26:45,Citroën,JUMPY CABINE APPROFONDIE,1,0,0.0
2026-08-15T08:26:45,Citroën,JUMPY FOURGON,4,0,0.0
2026-08-15T08:26:45,Citroën,Jumper Fourgon,1,0,0.0
2026-08-15T08:26:45,Citroën,Jumpy,1,0,0.0
2026-08-15T08:26:45,Citroën,SpaceTourer,1,0,0.0
2026-08-15T08:26:45,Citroën,Xsara Picasso,1,0,0.0
2026-08-15T08:26:45,Cupra,FORMENTOR,26,0,0.0
2026-08-15T08:26:45,Cupra,Leon,3,0,0.0
2026-08-15T08:26:45,Cupra,Leon Sportstourer,2,0,0.0
2026-08-15T08:26:45,Cupra,Terramar,2,0,0.0
2026-08-15T08:26:45,DS,DS 3 CROSSBACK,1,1,1.0
2026-08-15T08:26:45,DS,DS3,5,0,0.0
2026-08-15T08:26:45,DS,DS3 CROSSBACK,9,0,0.0
2026-08-15T08:26:45,DS,DS3 Crossback,0,0,0.0
2026-08-15T08:26:45,DS,DS4,18,0,0.0
2026-08-15T08:26:45,DS,DS7,29,0,0.0
2026-08-15T08:26:45,DS,DS7 CROSSBACK,16,0,0.0
2026-08-15T08:26:45,DS,DS7 Crossback,0,0,0.0
2026-08-15T08:26:45,DS,N 4,8,0,0.0
2026-08-15T08:26:45,Dacia,Bigster,43,0,0.0
2026-08-15T08:26:45,Dacia,Duster,40,0,0.0
2026-08-15T08:26:45,Dacia,JOGGER,14,0,0.0
2026-08-15T08:26:45,Dacia,Jogger,0,0,0.0
2026-08-15T08:26:45,Dacia,SPRING,7,7,1.0
2026-08-15T08:26:45,Dacia,Sandero,20,0,0.0
2026-08-15T08:26:45,Fiat,500,10,2,0.2
2026-08-15T08:26:45,Fiat,500 L,3,0,0.0
2026-08-15T08:26:45,Fiat,500C,9,8,0.8889
2026-08-15T08:26:45,Fiat,500X,7,0,0.0
2026-08-15T08:26:45,Fiat,600,12,1,0.0833
2026-08-15T08:26:45,Fiat,Bravo,1,0,0.0
2026-08-15T08:26:45,Fiat,DUCATO FOURGON,1,0,0.0
2026-08-15T08:26:45,Fiat,Grande Panda,1,1,1.0
2026-08-15T08:26:45,Fiat,PANDINA,2,0,0.0
2026-08-15T08:26:45,Fiat,Panda,6,0,0.0
2026-08-15T08:26:45,Fiat,TIPO Station Wagon,3,0,0.0
2026-08-15T08:26:45,Fiat,Tipo,3,0,0.0
2026-08-15T08:26:45,Fiat,Tipo Sw,1,0,0.0
2026-08-15T08:26:45,Ford,C-Max,2,0,0.0
2026-08-15T08:26:45,Ford,Ecosport,3,0,0.0
2026-08-15T08:26:45,Ford,Fiesta,12,0,0.0
2026-08-15T08:26:45,Ford,Focus,3,0,0.0
2026-08-15T08:26:45,Ford,Focus SW,2,0,0.0
2026-08-15T08:26:45,Ford,Kuga,7,0,0.0
2026-08-15T08:26:45,Ford,Mustang MACH-E,1,1,1.0
2026-08-15T08:26:45,Ford,PUMA,26,0,0.0
2026-08-15T08:26:45,Ford,Puma,0,0,0.0
2026-08-15T08:26:45,Ford,S-Max,2,0,0.0
2026-08-15T08:26:45,Ford,TOURNEO COURIER,1,0,0.0
2026-08-15T08:26:45,Ford,TRANSIT COURIER FOURGON,1,0,0.0
2026-08-15T08:26:45,Ford,Tourneo Custom,2,0,0.0
2026-08-15T08:26:45,Ford,Transit Chassis Cabine,1,0,0.0
2026-08-15T08:26:45,Honda,Civic,2,0,0.0
2026-08-15T08:26:45,Honda,HR-V,1,0,0.0
2026-08-15T08:26:45,Honda,Jazz,1,0,0.0
2026-08-15T08:26:45,Hyundai,BAYON,1,0,0.0
2026-08-15T08:26:45,Hyundai,Ioniq,3,3,1.0
2026-08-15T08:26:45,Hyundai,Kona,13,1,0.0769
2026-08-15T08:26:45,Hyundai,Tucson,32,0,0.0
2026-08-15T08:26:45,Hyundai,i10,1,0,0.0
2026-08-15T08:26:45,Hyundai,i20,3,0,0.0
2026-08-15T08:26:45,Hyundai,i30,0,0,0.0
2026-08-15T08:26:45,Hyundai,i30 SW,3,0,0.0
2026-08-15T08:26:45,Jaecoo,Jaecoo 7,2,0,0.0
2026-08-15T08:26:45,Jeep,Avenger,20,3,0.15
2026-08-15T08:26:45,Jeep,Compass,16,0,0.0
2026-08-15T08:26:45,Jeep,Renegade,13,0,0.0
2026-08-15T08:26:45,Kia,Ceed,2,0,0.0
2026-08-15T08:26:45,Kia,Ceed SW,1,0,0.0
2026-08-15T08:26:45,Kia,EV6,1,1,1.0
2026-08-15T08:26:45,Kia,Niro,3,2,0.6667
2026-08-15T08:26:45,Kia,Picanto,2,0,0.0
2026-08-15T08:26:45,Kia,ProCeed,4,0,0.0
2026-08-15T08:26:45,Kia,Rio,5,0,0.0
2026-08-15T08:26:45,Kia,Sportage,11,0,0.0
2026-08-15T08:26:45,Kia,Stonic,5,0,0.0
2026-08-15T08:26:45,Kia,XCEED,1,0,0.0
2026-08-15T08:26:45,Lexus,NX,1,0,0.0
2026-08-15T08:26:45,Lexus,UX,2,0,0.0
2026-08-15T08:26:45,Lynk&Co,01,2,0,0.0
2026-08-15T08:26:45,MG,EHS,12,0,0.0
2026-08-15T08:26:45,MG,MG3,4,0,0.0
2026-08-15T08:26:45,MG,MG4,4,4,1.0
2026-08-15T08:26:45,MG,MG5,1,1,1.0
2026-08-15T08:26:45,MG,MGS5,1,1,1.0
2026-08-15T08:26:45,MG,ZS,22,3,0.1364
2026-08-15T08:26:45,Mazda,CX-5,3,0,0.0
2026-08-15T08:26:45,Mazda,CX-60,1,0,0.0
2026-08-15T08:26:45,Mazda,MX-30,1,1,1.0
2026-08-15T08:26:45,Mazda,MX-30 2020,1,1,1.0
2026-08-15T08:26:45,Mazda,MX-5,1,0,0.0
2026-08-15T08:26:45,Mazda,Mazda 3,1,0,0.0
2026-08-15T08:26:45,Mercedes,CLA Shooting Brake,2,0,0.0
2026-08-15T08:26:45,Mercedes,CLASSE C BREAK,3,0,0.0
2026-08-15T08:26:45,Mercedes,Classe A,3,0,0.0
2026-08-15T08:26:45,Mercedes,Classe B,5,0,0.0
2026-08-15T08:26:45,Mercedes,Classe C,2,0,0.0
2026-08-15T08:26:45,Mercedes,Classe E,1,0,0.0
2026-08-15T08:26:45,Mercedes,Classe E Coupé,1,0,0.0
2026-08-15T08:26:45,Mercedes,GLA,7,0,0.0
2026-08-15T08:26:45,Mercedes,GLC,2,0,0.0
2026-08-15T08:26:45,Mercedes,Sprinter,1,0,0.0
2026-08-15T08:26:45,Mini,Clubman,4,0,0.0
2026-08-15T08:26:45,Mini,Countryman,11,0,0.0
2026-08-15T08:26:45,Mini,Mini,4,1,0.25
2026-08-15T08:26:45,Mitsubishi,ASX,1,0,0.0
2026-08-15T08:26:45,Mitsubishi,Outlander,1,0,0.0
2026-08-15T08:26:45,Mitsubishi,Space Star,3,0,0.0
2026-08-15T08:26:45,Nissan,Juke,32,0,0.0
2026-08-15T08:26:45,Nissan,Leaf,5,5,1.0
2026-08-15T08:26:45,Nissan,Micra,3,0,0.0
2026-08-15T08:26:45,Nissan,Primastar,1,0,0.0
2026-08-15T08:26:45,Nissan,Qashqai,18,0,0.0
2026-08-15T08:26:45,Nissan,TOWNSTAR FOURGON,1,0,0.0
2026-08-15T08:26:45,Nissan,X-Trail,2,0,0.0
2026-08-15T08:26:45,Opel,Astra,12,0,0.0
2026-08-15T08:26:45,Opel,Astra Sports Tourer,4,0,0.0
2026-08-15T08:26:45,Opel,Corsa,40,3,0.075
2026-08-15T08:26:45,Opel,Crossland,6,0,0.0
2026-08-15T08:26:45,Opel,Crossland X,2,0,0.0
2026-08-15T08:26:45,Opel,FRONTERA,4,3,0.75
2026-08-15T08:26:45,Opel,GRANDLAND,6,0,0.0
2026-08-15T08:26:45,Opel,Grandland,0,0,0.0
2026-08-15T08:26:45,Opel,Grandland X,3,0,0.0
2026-08-15T08:26:45,Opel,INSIGNIA GRAND SPORT,1,0,0.0
2026-08-15T08:26:45,Opel,MOKKA ELECTRIQUE,1,1,1.0
2026-08-15T08:26:45,Opel,MOVANO FOURGON,1,0,0.0
2026-08-15T08:26:45,Opel,Mokka,35,18,0.5143
2026-08-15T08:26:45,Opel,Mokka X,1,0,0.0
2026-08-15T08:26:45,Opel,VIVARO CABINE APPROFONDIE,1,0,0.0
2026-08-15T08:26:45,Peugeot,108,5,0,0.0
2026-08-15T08:26:45,Peugeot,2008,182,43,0.2363
2026-08-15T08:26:45,Peugeot,208,172,25,0.1453
2026-08-15T08:26:45,Peugeot,208 AFFAIRE,3,0,0.0
2026-08-15T08:26:45,Peugeot,3008,96,4,0.0417
2026-08-15T08:26:45,Peugeot,308,78,5,0.0641
2026-08-15T08:26:45,Peugeot,308 AFFAIRE,2,0,0.0
2026-08-15T08:26:45,Peugeot,308 SW,47,1,0.0213
2026-08-15T08:26:45,Peugeot,408,15,0,0.0
2026-08-15T08:26:45,Peugeot,5008,42,0,0.0
2026-08-15T08:26:45,Peugeot,508,6,0,0.0
2026-08-15T08:26:45,Peugeot,508 SW,8,0,0.0
2026-08-15T08:26:45,Peugeot,Boxer,1,0,0.0
2026-08-15T08:26:45,Peugeot,Expert Fourgon,3,0,0.0
2026-08-15T08:26:45,Peugeot,Partner Fourgon,2,0,0.0
2026-08-15T08:26:45,Peugeot,RIFTER,3,0,0.0
2026-08-15T08:26:45,Peugeot,Rifter,0,0,0.0
2026-08-15T08:26:45,Polestar,2,1,1,1.0
2026-08-15T08:26:45,Renault,Arkana,22,0,0.0
2026-08-15T08:26:45,Renault,Austral,27,0,0.0
2026-08-15T08:26:45,Renault,Captur,76,0,0.0
2026-08-15T08:26:45,Renault,Clio,1,0,0.0
2026-08-15T08:26:45,Renault,Clio 3,1,0,0.0
2026-08-15T08:26:45,Renault,Clio 4,10,0,0.0
2026-08-15T08:26:45,Renault,Clio 4 Estate,3,0,0.0
2026-08-15T08:26:45,Renault,Clio 4 Société,1,0,0.0
2026-08-15T08:26:45,Renault,Clio 5,87,0,0.0
2026-08-15T08:26:45,Renault,Clio 6,17,0,0.0
2026-08-15T08:26:45,Renault,EXPRESS VAN,1,0,0.0
2026-08-15T08:26:45,Renault,Espace 4,1,0,0.0
2026-08-15T08:26:45,Renault,Espace 5,2,0,0.0
2026-08-15T08:26:45,Renault,Espace 6,14,0,0.0
2026-08-15T08:26:45,Renault,Grand Scenic 3,1,0,0.0
2026-08-15T08:26:45,Renault,Grand Scenic 4,0,0,0.0
2026-08-15T08:26:45,Renault,Grand Scénic 4,8,0,0.0
2026-08-15T08:26:45,Renault,KANGOO VAN,1,0,0.0
2026-08-15T08:26:45,Renault,KANGOO VAN E-TECH ELECTRIQUE,1,1,1.0
2026-08-15T08:26:45,Renault,Kadjar,20,0,0.0
2026-08-15T08:26:45,Renault,Koleos,2,0,0.0
2026-08-15T08:26:45,Renault,MASTER FOURGON,4,0,0.0
2026-08-15T08:26:45,Renault,Master Fourgon,0,0,0.0
2026-08-15T08:26:45,Renault,Mégane 4,8,0,0.0
2026-08-15T08:26:45,Renault,Mégane 4 Estate,8,0,0.0
2026-08-15T08:26:45,Renault,Mégane E-TECH,11,11,1.0
2026-08-15T08:26:45,Renault,R4,6,6,1.0
2026-08-15T08:26:45,Renault,R5,19,19,1.0
2026-08-15T08:26:45,Renault,Rafale,14,0,0.0
2026-08-15T08:26:45,Renault,Scénic 4,7,0,0.0
2026-08-15T08:26:45,Renault,Scénic E-Tech,8,8,1.0
2026-08-15T08:26:45,Renault,Symbioz,39,0,0.0
2026-08-15T08:26:45,Renault,TRAFIC FOURGON,2,0,0.0
2026-08-15T08:26:45,Renault,TWINGO,1,1,1.0
2026-08-15T08:26:45,Renault,Talisman,1,0,0.0
2026-08-15T08:26:45,Renault,Talisman Estate,1,0,0.0
2026-08-15T08:26:45,Renault,Twingo 3,9,2,0.2222
2026-08-15T08:26:45,Renault,Twizy,2,2,1.0
2026-08-15T08:26:45,Renault,Zoé,13,13,1.0
2026-08-15T08:26:45,Seat,Arona,19,0,0.0
2026-08-15T08:26:45,Seat,Ateca,7,0,0.0
2026-08-15T08:26:45,Seat,Ibiza,3,0,0.0
2026-08-15T08:26:45,Seat,Leon,3,0,0.0
2026-08-15T08:26:45,Seat,Leon ST,5,0,0.0
2026-08-15T08:26:45,Skoda,ENYAQ,2,2,1.0
2026-08-15T08:26:45,Skoda,FABIA COMBI,1,0,0.0
2026-08-15T08:26:45,Skoda,Fabia,3,0,0.0
2026-08-15T08:26:45,Skoda,KAMIQ,0,0,0.0
2026-08-15T08:26:45,Skoda,Kamiq,3,0,0.0
2026-08-15T08:26:45,Skoda,Karoq,4,0,0.0
2026-08-15T08:26:45,Skoda,Kodiaq,2,0,0.0
2026-08-15T08:26:45,Skoda,OCTAVIA COMBI,0,0,0.0
2026-08-15T08:26:45,Skoda,Octavia,1,0,0.0
2026-08-15T08:26:45,Skoda,Octavia Combi,7,0,0.0
2026-08-15T08:26:45,Skoda,SCALA,1,0,0.0
2026-08-15T08:26:45,Skoda,Superb Combi,2,0,0.0
2026-08-15T08:26:45,Smart,FORFOUR,4,3,0.75
2026-08-15T08:26:45,Smart,FORTWO,2,1,0.5
2026-08-15T08:26:45,Smart,Fortwo EQ,2,2,1.0
2026-08-15T08:26:45,Ssangyong,Korando,1,1,1.0
2026-08-15T08:26:45,Suzuki,Celerio,1,0,0.0
2026-08-15T08:26:45,Suzuki,S-CROSS,1,0,0.0
2026-08-15T08:26:45,Suzuki,SX4 S-Cross,1,0,0.0
2026-08-15T08:26:45,Suzuki,Swift,5,0,0.0
2026-08-15T08:26:45,Suzuki,VITARA,2,0,0.0
2026-08-15T08:26:45,Tesla,MODEL 3,17,17,1.0
2026-08-15T08:26:45,Tesla,MODEL S,1,1,1.0
2026-08-15T08:26:45,Tesla,MODEL X,3,3,1.0
2026-08-15T08:26:45,Tesla,MODEL Y,8,8,1.0
2026-08-15T08:26:45,Toyota,Aygo X,19,0,0.0
2026-08-15T08:26:45,Toyota,C-HR,15,0,0.0
2026-08-15T08:26:45,Toyota,Corolla,1,0,0.0
2026-08-15T08:26:45,Toyota,Corolla Cross,1,0,0.0
2026-08-15T08:26:45,Toyota,Corolla Touring Sports,13,0,0.0
2026-08-15T08:26:45,Toyota,PROACE CITY FOURGON RC21,1,0,0.0
2026-08-15T08:26:45,Toyota,RAV 4,4,0,0.0
2026-08-15T08:26:45,Toyota,YARIS CROSS,13,0,0.0
2026-08-15T08:26:45,Toyota,YARIS HYBRIDE,1,0,0.0
2026-08-15T08:26:45,Toyota,Yaris,9,0,0.0
2026-08-15T08:26:45,Toyota,Yaris 4,4,0,0.0
2026-08-15T08:26:45,Volkswagen,Coccinelle,1,0,0.0
2026-08-15T08:26:45,Volkswagen,Golf,3,0,0.0
2026-08-15T08:26:45,Volkswagen,Golf 7,7,0,0.0
2026-08-15T08:26:45,Volkswagen,Golf 8,34,0,0.0
2026-08-15T08:26:45,Volkswagen,Golf 8 SW,7,0,0.0
2026-08-15T08:26:45,Volkswagen,Golf SW,1,0,0.0
2026-08-15T08:26:45,Volkswagen,Golf Sportsvan,2,0,0.0
2026-08-15T08:26:45,Volkswagen,ID.3,1,1,1.0
2026-08-15T08:26:45,Volkswagen,ID.4,2,2,1.0
2026-08-15T08:26:45,Volkswagen,Passat,3,0,0.0
2026-08-15T08:26:45,Volkswagen,Passat SW,3,0,0.0
2026-08-15T08:26:45,Volkswagen,Polo,16,0,0.0
2026-08-15T08:26:45,Volkswagen,Sharan,1,0,0.0
2026-08-15T08:26:45,Volkswagen,T-CROSS,17,0,0.0
2026-08-15T08:26:45,Volkswagen,T-Cross,0,0,0.0
2026-08-15T08:26:45,Volkswagen,T-Roc,47,0,0.0
2026-08-15T08:26:45,Volkswagen,T-Roc Cabriolet,4,0,0.0
2026-08-15T08:26:45,Volkswagen,TAIGO,0,0,0.0
2026-08-15T08:26:45,Volkswagen,TIGUAN,0,0,0.0
2026-08-15T08:26:45,Volkswagen,Taigo,15,0,0.0
2026-08-15T08:26:45,Volkswagen,Tayron,7,0,0.0
2026-08-15T08:26:45,Volkswagen,Tiguan,35,0,0.0
2026-08-15T08:26:45,Volkswagen,Tiguan Allspace,2,0,0.0
2026-08-15T08:26:45,Volkswagen,Touran,5,0,0.0
2026-08-15T08:26:45,Volkswagen,Up,1,1,1.0
2026-08-15T08:26:45,Volvo,C40,1,1,1.0
2026-08-15T08:26:45,Volvo,EX30,2,2,1.0
2026-08-15T08:26:45,Volvo,V40,1,0,0.0
2026-08-15T08:26:45,Volvo,XC40,12,2,0.1667
2026-08-15T08:26:45,Volvo,XC60,1,0,0.0
2026-08-15T08:26:45,Volvo,XC90,2,0,0.0
2026-08-16T08:27:26,Abarth,595,1,0,0.0
2026-08-16T08:27:26,Abarth,695,1,0,0.0
2026-08-16T08:27:26,Alfa Romeo,Giulia,1,0,0.0
2026-08-16T08:27:26,Alfa Romeo,Giulietta,1,0,0.0
2026-08-16T08:27:26,Alfa Romeo,Junior,8,7,0.875
2026-08-16T08:27:26,Alfa Romeo,Stelvio,2,0,0.0
2026-08-16T08:27:26,Alfa Romeo,Tonale,13,0,0.0
2026-08-16T08:27:26,Audi,A1 Allstreet,1,0,0.0
2026-08-16T08:27:26,Audi,A1 Sportback,5,0,0.0
2026-08-16T08:27:26,Audi,A3 Berline,2,0,0.0
2026-08-16T08:27:26,Audi,A3 Sportback,26,0,0.0
2026-08-16T08:27:26,Audi,A4 Avant,6,0,0.0
2026-08-16T08:27:26,Audi,A5 Sportback,1,0,0.0
2026-08-16T08:27:26,Audi,A6 Avant,1,0,0.0
2026-08-16T08:27:26,Audi,Q2,10,0,0.0
2026-08-16T08:27:26,Audi,Q3,9,0,0.0
2026-08-16T08:27:26,Audi,Q3 Sportback,8,0,0.0
2026-08-16T08:27:26,Audi,Q4 e-tron Sportback,1,1,1.0
2026-08-16T08:27:26,Audi,Q5,3,0,0.0
2026-08-16T08:27:26,Audi,Q5 SPORTBACK,3,0,0.0
2026-08-16T08:27:26,Audi,Q5 Sportback,0,0,0.0
2026-08-16T08:27:26,Audi,e-tron sportback,1,1,1.0
2026-08-16T08:27:26,BMW,IX,1,1,1.0
2026-08-16T08:27:26,BMW,Série 1,19,0,0.0
2026-08-16T08:27:26,BMW,Série 2 Active Tourer,2,0,0.0
2026-08-16T08:27:26,BMW,Série 2 Gran Coupé,1,0,0.0
2026-08-16T08:27:26,BMW,Série 2 Gran Tourer,2,0,0.0
2026-08-16T08:27:26,BMW,Série 3,1,0,0.0
2026-08-16T08:27:26,BMW,Série 3 Touring,1,0,0.0
2026-08-16T08:27:26,BMW,Série 4 Coupé,1,0,0.0
2026-08-16T08:27:26,BMW,Série 5 Touring,1,0,0.0
2026-08-16T08:27:26,BMW,X1,23,0,0.0
2026-08-16T08:27:26,BMW,X2,6,0,0.0
2026-08-16T08:27:26,BMW,X3,3,0,0.0
2026-08-16T08:27:26,BMW,X5,2,0,0.0
2026-08-16T08:27:26,BMW,i4,3,3,1.0
2026-08-16T08:27:26,BYD,Atto 2,3,1,0.3333
2026-08-16T08:27:26,BYD,Atto 3,2,2,1.0
2026-08-16T08:27:26,BYD,DOLPHIN SURF,3,3,1.0
2026-08-16T08:27:26,BYD,SEAL 6 TOURING,5,0,0.0
2026-08-16T08:27:26,BYD,Seal 6,2,0,0.0
2026-08-16T08:27:26,BYD,Seal 6 Touring,0,0,0.0
2026-08-16T08:27:26,BYD,Seal U,7,0,0.0
2026-08-16T08:27:26,BYD,Sealion 7,1,1,1.0
2026-08-16T08:27:26,Citroën,AMI,1,1,1.0
2026-08-16T08:27:26,Citroën,Berlingo,4,2,0.5
2026-08-16T08:27:26,Citroën,Berlingo Fourgon,1,0,0.0
2026-08-16T08:27:26,Citroën,Berlingo VAN,2,0,0.0
2026-08-16T08:27:26,Citroën,Berlingo Van,0,0,0.0
2026-08-16T08:27:26,Citroën,C1,2,0,0.0
2026-08-16T08:27:26,Citroën,C3,102,15,0.1471
2026-08-16T08:27:26,Citroën,C3 Aircross,40,2,0.05
2026-08-16T08:27:26,Citroën,C3 Picasso,1,0,0.0
2026-08-16T08:27:26,Citroën,C3 Societe,1,0,0.0
2026-08-16T08:27:26,Citroën,C4,52,3,0.0577
2026-08-16T08:27:26,Citroën,C4 Cactus,2,0,0.0
2026-08-16T08:27:26,Citroën,C4 Picasso,2,0,0.0
2026-08-16T08:27:26,Citroën,C4 Spacetourer,1,0,0.0
2026-08-16T08:27:26,Citroën,C4 X,2,0,0.0
2026-08-16T08:27:26,Citroën,C5 Aircross,88,0,0.0
2026-08-16T08:27:26,Citroën,C5 X,5,0,0.0
2026-08-16T08:27:26,Citroën,DS 3,1,0,0.0
2026-08-16T08:27:26,Citroën,E-C4,1,1,1.0
2026-08-16T08:27:26,Citroën,E-C4 X,1,1,1.0
2026-08-16T08:27:26,Citroën,GRAND C4 SPACETOURER,1,0,0.0
2026-08-16T08:27:26,Citroën,JUMPY CABINE APPROFONDIE,1,0,0.0
2026-08-16T08:27:26,Citroën,JUMPY FOURGON,4,0,0.0
2026-08-16T08:27:26,Citroën,Jumper Fourgon,1,0,0.0
2026-08-16T08:27:26,Citroën,Jumpy,1,0,0.0
2026-08-16T08:27:26,Citroën,SpaceTourer,1,0,0.0
2026-08-16T08:27:26,Cupra,FORMENTOR,27,0,0.0
2026-08-16T08:27:26,Cupra,Leon,3,0,0.0
2026-08-16T08:27:26,Cupra,Leon Sportstourer,1,0,0.0
2026-08-16T08:27:26,Cupra,Terramar,2,0,0.0
2026-08-16T08:27:26,DS,DS 3 CROSSBACK,1,1,1.0
2026-08-16T08:27:26,DS,DS3,5,0,0.0
2026-08-16T08:27:26,DS,DS3 CROSSBACK,8,0,0.0
2026-08-16T08:27:26,DS,DS3 Crossback,0,0,0.0
2026-08-16T08:27:26,DS,DS4,18,0,0.0
2026-08-16T08:27:26,DS,DS7,29,0,0.0
2026-08-16T08:27:26,DS,DS7 CROSSBACK,15,0,0.0
2026-08-16T08:27:26,DS,DS7 Crossback,0,0,0.0
2026-08-16T08:27:26,DS,N 4,8,0,0.0
2026-08-16T08:27:26,Dacia,Bigster,43,0,0.0
2026-08-16T08:27:26,Dacia,Duster,39,0,0.0
2026-08-16T08:27:26,Dacia,JOGGER,13,0,0.0
2026-08-16T08:27:26,Dacia,Jogger,0,0,0.0
2026-08-16T08:27:26,Dacia,SPRING,7,7,1.0
2026-08-16T08:27:26,Dacia,Sandero,20,0,0.0
2026-08-16T08:27:26,Fiat,500,8,1,0.125
2026-08-16T08:27:26,Fiat,500 L,3,0,0.0
2026-08-16T08:27:26,Fiat,500C,9,8,0.8889
2026-08-16T08:27:26,Fiat,500X,7,0,0.0
2026-08-16T08:27:26,Fiat,600,11,1,0.0909
2026-08-16T08:27:26,Fiat,Bravo,1,0,0.0
2026-08-16T08:27:26,Fiat,DUCATO FOURGON,1,0,0.0
2026-08-16T08:27:26,Fiat,Grande Panda,1,1,1.0
2026-08-16T08:27:26,Fiat,PANDINA,2,0,0.0
2026-08-16T08:27:26,Fiat,Panda,6,0,0.0
2026-08-16T08:27:26,Fiat,TIPO Station Wagon,3,0,0.0
2026-08-16T08:27:26,Fiat,Tipo,3,0,0.0
2026-08-16T08:27:26,Fiat,Tipo Sw,1,0,0.0
2026-08-16T08:27:26,Ford,C-Max,1,0,0.0
2026-08-16T08:27:26,Ford,Ecosport,3,0,0.0
2026-08-16T08:27:26,Ford,Fiesta,12,0,0.0
2026-08-16T08:27:26,Ford,Focus,3,0,0.0
2026-08-16T08:27:26,Ford,Focus SW,1,0,0.0
2026-08-16T08:27:26,Ford,Kuga,7,0,0.0
2026-08-16T08:27:26,Ford,Mustang MACH-E,1,1,1.0
2026-08-16T08:27:26,Ford,PUMA,25,0,0.0
2026-08-16T08:27:26,Ford,Puma,0,0,0.0
2026-08-16T08:27:26,Ford,S-Max,2,0,0.0
2026-08-16T08:27:26,Ford,TOURNEO COURIER,1,0,0.0
2026-08-16T08:27:26,Ford,TRANSIT COURIER FOURGON,1,0,0.0
2026-08-16T08:27:26,Ford,Tourneo Custom,1,0,0.0
2026-08-16T08:27:26,Ford,Transit Chassis Cabine,1,0,0.0
2026-08-16T08:27:26,Honda,Civic,2,0,0.0
2026-08-16T08:27:26,Honda,HR-V,1,0,0.0
2026-08-16T08:27:26,Honda,Jazz,1,0,0.0
2026-08-16T08:27:26,Hyundai,BAYON,1,0,0.0
2026-08-16T08:27:26,Hyundai,Ioniq,3,3,1.0
2026-08-16T08:27:26,Hyundai,Kona,13,1,0.0769
2026-08-16T08:27:26,Hyundai,Tucson,31,0,0.0
2026-08-16T08:27:26,Hyundai,i10,1,0,0.0
2026-08-16T08:27:26,Hyundai,i20,3,0,0.0
2026-08-16T08:27:26,Hyundai,i30 SW,3,0,0.0
2026-08-16T08:27:26,Jaecoo,Jaecoo 7,2,0,0.0
2026-08-16T08:27:26,Jeep,Avenger,22,3,0.1364
2026-08-16T08:27:26,Jeep,Compass,16,0,0.0
2026-08-16T08:27:26,Jeep,Renegade,12,0,0.0
2026-08-16T08:27:26,Kia,Ceed,2,0,0.0
2026-08-16T08:27:26,Kia,Ceed SW,1,0,0.0
2026-08-16T08:27:26,Kia,EV6,1,1,1.0
2026-08-16T08:27:26,Kia,Niro,2,1,0.5
2026-08-16T08:27:26,Kia,Picanto,1,0,0.0
2026-08-16T08:27:26,Kia,ProCeed,4,0,0.0
2026-08-16T08:27:26,Kia,Rio,5,0,0.0
2026-08-16T08:27:26,Kia,Sportage,11,0,0.0
2026-08-16T08:27:26,Kia,Stonic,5,0,0.0
2026-08-16T08:27:26,Kia,XCEED,1,0,0.0
2026-08-16T08:27:26,Lexus,NX,1,0,0.0
2026-08-16T08:27:26,Lexus,UX,2,0,0.0
2026-08-16T08:27:26,Lynk&Co,01,2,0,0.0
2026-08-16T08:27:26,MG,EHS,13,0,0.0
2026-08-16T08:27:26,MG,MG3,4,0,0.0
2026-08-16T08:27:26,MG,MG4,4,4,1.0
2026-08-16T08:27:26,MG,MG5,1,1,1.0
2026-08-16T08:27:26,MG,MGS5,1,1,1.0
2026-08-16T08:27:26,MG,ZS,22,3,0.1364
2026-08-16T08:27:26,Mazda,CX-5,3,0,0.0
2026-08-16T08:27:26,Mazda,CX-60,1,0,0.0
2026-08-16T08:27:26,Mazda,MX-30,1,1,1.0
2026-08-16T08:27:26,Mazda,MX-30 2020,1,1,1.0
2026-08-16T08:27:26,Mazda,MX-5,1,0,0.0
2026-08-16T08:27:26,Mazda,Mazda 3,1,0,0.0
2026-08-16T08:27:26,Mercedes,CLA Shooting Brake,2,0,0.0
2026-08-16T08:27:26,Mercedes,CLASSE C BREAK,3,0,0.0
2026-08-16T08:27:26,Mercedes,Classe A,3,0,0.0
2026-08-16T08:27:26,Mercedes,Classe B,5,0,0.0
2026-08-16T08:27:26,Mercedes,Classe C,2,0,0.0
2026-08-16T08:27:26,Mercedes,Classe E,1,0,0.0
2026-08-16T08:27:26,Mercedes,Classe E Coupé,1,0,0.0
2026-08-16T08:27:26,Mercedes,GLA,6,0,0.0
2026-08-16T08:27:26,Mercedes,GLC,2,0,0.0
2026-08-16T08:27:26,Mercedes,Sprinter,1,0,0.0
2026-08-16T08:27:26,Mini,Clubman,4,0,0.0
2026-08-16T08:27:26,Mini,Countryman,10,0,0.0
2026-08-16T08:27:26,Mini,Mini,4,1,0.25
2026-08-16T08:27:26,Mitsubishi,ASX,1,0,0.0
2026-08-16T08:27:26,Mitsubishi,Outlander,1,0,0.0
2026-08-16T08:27:26,Mitsubishi,Space Star,3,0,0.0
2026-08-16T08:27:26,Nissan,Juke,32,0,0.0
2026-08-16T08:27:26,Nissan,Leaf,5,5,1.0
2026-08-16T08:27:26,Nissan,Micra,3,0,0.0
2026-08-16T08:27:26,Nissan,Primastar,1,0,0.0
2026-08-16T08:27:26,Nissan,Qashqai,17,0,0.0
2026-08-16T08:27:26,Nissan,TOWNSTAR FOURGON,1,0,0.0
2026-08-16T08:27:26,Nissan,X-Trail,2,0,0.0
2026-08-16T08:27:26,Opel,Astra,12,0,0.0
2026-08-16T08:27:26,Opel,Astra Sports Tourer,4,0,0.0
2026-08-16T08:27:26,Opel,Corsa,39,3,0.0769
2026-08-16T08:27:26,Opel,Crossland,6,0,0.0
2026-08-16T08:27:26,Opel,Crossland X,2,0,0.0
2026-08-16T08:27:26,Opel,FRONTERA,4,3,0.75
2026-08-16T08:27:26,Opel,GRANDLAND,6,0,0.0
2026-08-16T08:27:26,Opel,Grandland,0,0,0.0
2026-08-16T08:27:26,Opel,Grandland X,3,0,0.0
2026-08-16T08:27:26,Opel,INSIGNIA GRAND SPORT,1,0,0.0
2026-08-16T08:27:26,Opel,MOKKA ELECTRIQUE,1,1,1.0
2026-08-16T08:27:26,Opel,MOVANO FOURGON,1,0,0.0
2026-08-16T08:27:26,Opel,Mokka,33,17,0.5152
2026-08-16T08:27:26,Opel,Mokka X,1,0,0.0
2026-08-16T08:27:26,Opel,VIVARO CABINE APPROFONDIE,1,0,0.0
2026-08-16T08:27:26,Peugeot,108,4,0,0.0
2026-08-16T08:27:26,Peugeot,2008,178,43,0.2416
2026-08-16T08:27:26,Peugeot,208,165,25,0.1515
2026-08-16T08:27:26,Peugeot,208 AFFAIRE,3,0,0.0
2026-08-16T08:27:26,Peugeot,3008,95,4,0.0421
2026-08-16T08:27:26,Peugeot,308,77,5,0.0649
2026-08-16T08:27:26,Peugeot,308 AFFAIRE,2,0,0.0
2026-08-16T08:27:26,Peugeot,308 SW,47,1,0.0213
2026-08-16T08:27:26,Peugeot,408,15,0,0.0
2026-08-16T08:27:26,Peugeot,5008,38,0,0.0
2026-08-16T08:27:26,Peugeot,508,5,0,0.0
2026-08-16T08:27:26,Peugeot,508 SW,8,0,0.0
2026-08-16T08:27:26,Peugeot,Boxer,1,0,0.0
2026-08-16T08:27:26,Peugeot,Expert Fourgon,3,0,0.0
2026-08-16T08:27:26,Peugeot,Partner Fourgon,2,0,0.0
2026-08-16T08:27:26,Peugeot,RIFTER,3,0,0.0
2026-08-16T08:27:26,Peugeot,Rifter,0,0,0.0
2026-08-16T08:27:26,Polestar,2,1,1,1.0
2026-08-16T08:27:26,Renault,Arkana,22,0,0.0
2026-08-16T08:27:26,Renault,Austral,26,0,0.0
2026-08-16T08:27:26,Renault,Captur,76,0,0.0
2026-08-16T08:27:26,Renault,Clio,1,0,0.0
2026-08-16T08:27:26,Renault,Clio 3,1,0,0.0
2026-08-16T08:27:26,Renault,Clio 4,9,0,0.0
2026-08-16T08:27:26,Renault,Clio 4 Estate,3,0,0.0
2026-08-16T08:27:26,Renault,Clio 4 Société,1,0,0.0
2026-08-16T08:27:26,Renault,Clio 5,82,0,0.0
2026-08-16T08:27:26,Renault,Clio 6,17,0,0.0
2026-08-16T08:27:26,Renault,EXPRESS VAN,1,0,0.0
2026-08-16T08:27:26,Renault,Espace 4,1,0,0.0
2026-08-16T08:27:26,Renault,Espace 5,2,0,0.0
2026-08-16T08:27:26,Renault,Espace 6,14,0,0.0
2026-08-16T08:27:26,Renault,Grand Scenic 3,1,0,0.0
2026-08-16T08:27:26,Renault,Grand Scenic 4,0,0,0.0
2026-08-16T08:27:26,Renault,Grand Scénic 4,8,0,0.0
2026-08-16T08:27:26,Renault,KANGOO VAN,1,0,0.0
2026-08-16T08:27:26,Renault,KANGOO VAN E-TECH ELECTRIQUE,1,1,1.0
2026-08-16T08:27:26,Renault,Kadjar,19,0,0.0
2026-08-16T08:27:26,Renault,Koleos,2,0,0.0
2026-08-16T08:27:26,Renault,MASTER FOURGON,4,0,0.0
2026-08-16T08:27:26,Renault,Master Fourgon,0,0,0.0
2026-08-16T08:27:26,Renault,Mégane 4,8,0,0.0
2026-08-16T08:27:26,Renault,Mégane 4 Estate,8,0,0.0
2026-08-16T08:27:26,Renault,Mégane E-TECH,9,9,1.0
2026-08-16T08:27:26,Renault,R4,6,6,1.0
2026-08-16T08:27:26,Renault,R5,20,20,1.0
2026-08-16T08:27:26,Renault,Rafale,15,0,0.0
2026-08-16T08:27:26,Renault,Scénic 4,7,0,0.0
2026-08-16T08:27:26,Renault,Scénic E-Tech,8,8,1.0
2026-08-16T08:27:26,Renault,Symbioz,38,0,0.0
2026-08-16T08:27:26,Renault,TRAFIC FOURGON,2,0,0.0
2026-08-16T08:27:26,Renault,TWINGO,1,1,1.0
2026-08-16T08:27:26,Renault,Talisman,1,0,0.0
2026-08-16T08:27:26,Renault,Talisman Estate,1,0,0.0
2026-08-16T08:27:26,Renault,Twingo 3,9,2,0.2222
2026-08-16T08:27:26,Renault,Twizy,2,2,1.0
2026-08-16T08:27:26,Renault,Zoé,13,13,1.0
2026-08-16T08:27:26,Seat,Arona,19,0,0.0
2026-08-16T08:27:26,Seat,Ateca,7,0,0.0
2026-08-16T08:27:26,Seat,Ibiza,3,0,0.0
2026-08-16T08:27:26,Seat,Leon,3,0,0.0
2026-08-16T08:27:26,Seat,Leon ST,6,0,0.0
2026-08-16T08:27:26,Skoda,ENYAQ,2,2,1.0
2026-08-16T08:27:26,Skoda,FABIA COMBI,1,0,0.0
2026-08-16T08:27:26,Skoda,Fabia,3,0,0.0
2026-08-16T08:27:26,Skoda,KAMIQ,0,0,0.0
2026-08-16T08:27:26,Skoda,Kamiq,3,0,0.0
2026-08-16T08:27:26,Skoda,Karoq,4,0,0.0
2026-08-16T08:27:26,Skoda,Kodiaq,2,0,0.0
2026-08-16T08:27:26,Skoda,OCTAVIA COMBI,0,0,0.0
2026-08-16T08:27:26,Skoda,Octavia,1,0,0.0
2026-08-16T08:27:26,Skoda,Octavia Combi,7,0,0.0
2026-08-16T08:27:26,Skoda,SCALA,1,0,0.0
2026-08-16T08:27:26,Skoda,Superb Combi,2,0,0.0
2026-08-16T08:27:26,Smart,FORFOUR,4,3,0.75
2026-08-16T08:27:26,Smart,FORTWO,2,1,0.5
2026-08-16T08:27:26,Smart,Fortwo EQ,2,2,1.0
2026-08-16T08:27:26,Ssangyong,Korando,1,1,1.0
2026-08-16T08:27:26,Suzuki,Celerio,1,0,0.0
2026-08-16T08:27:26,Suzuki,S-CROSS,1,0,0.0
2026-08-16T08:27:26,Suzuki,SX4 S-Cross,1,0,0.0
2026-08-16T08:27:26,Suzuki,Swift,5,0,0.0
2026-08-16T08:27:26,Suzuki,VITARA,2,0,0.0
2026-08-16T08:27:26,Tesla,MODEL 3,17,17,1.0
2026-08-16T08:27:26,Tesla,MODEL S,1,1,1.0
2026-08-16T08:27:26,Tesla,MODEL X,3,3,1.0
2026-08-16T08:27:26,Tesla,MODEL Y,7,7,1.0
2026-08-16T08:27:26,Toyota,Aygo X,14,0,0.0
2026-08-16T08:27:26,Toyota,C-HR,15,0,0.0
2026-08-16T08:27:26,Toyota,Corolla,1,0,0.0
2026-08-16T08:27:26,Toyota,Corolla Cross,1,0,0.0
2026-08-16T08:27:26,Toyota,Corolla Touring Sports,12,0,0.0
2026-08-16T08:27:26,Toyota,PROACE CITY FOURGON RC21,1,0,0.0
2026-08-16T08:27:26,Toyota,RAV 4,4,0,0.0
2026-08-16T08:27:26,Toyota,YARIS CROSS,13,0,0.0
2026-08-16T08:27:26,Toyota,YARIS HYBRIDE,1,0,0.0
2026-08-16T08:27:26,Toyota,Yaris,9,0,0.0
2026-08-16T08:27:26,Toyota,Yaris 4,4,0,0.0
2026-08-16T08:27:26,Volkswagen,Coccinelle,1,0,0.0
2026-08-16T08:27:26,Volkswagen,Golf,3,0,0.0
2026-08-16T08:27:26,Volkswagen,Golf 7,7,0,0.0
2026-08-16T08:27:26,Volkswagen,Golf 8,34,0,0.0
2026-08-16T08:27:26,Volkswagen,Golf 8 SW,7,0,0.0
2026-08-16T08:27:26,Volkswagen,Golf SW,1,0,0.0
2026-08-16T08:27:26,Volkswagen,Golf Sportsvan,2,0,0.0
2026-08-16T08:27:26,Volkswagen,ID.3,1,1,1.0
2026-08-16T08:27:26,Volkswagen,ID.4,2,2,1.0
2026-08-16T08:27:26,Volkswagen,Passat,3,0,0.0
2026-08-16T08:27:26,Volkswagen,Passat SW,3,0,0.0
2026-08-16T08:27:26,Volkswagen,Polo,16,0,0.0
2026-08-16T08:27:26,Volkswagen,Sharan,1,0,0.0
2026-08-16T08:27:26,Volkswagen,T-CROSS,15,0,0.0
2026-08-16T08:27:26,Volkswagen,T-Cross,0,0,0.0
2026-08-16T08:27:26,Volkswagen,T-Roc,47,0,0.0
2026-08-16T08:27:26,Volkswagen,T-Roc Cabriolet,4,0,0.0
2026-08-16T08:27:26,Volkswagen,TAIGO,0,0,0.0
2026-08-16T08:27:26,Volkswagen,TIGUAN,0,0,0.0
2026-08-16T08:27:26,Volkswagen,Taigo,14,0,0.0
2026-08-16T08:27:26,Volkswagen,Tayron,7,0,0.0
2026-08-16T08:27:26,Volkswagen,Tiguan,34,0,0.0
2026-08-16T08:27:26,Volkswagen,Tiguan Allspace,2,0,0.0
2026-08-16T08:27:26,Volkswagen,Touran,5,0,0.0
2026-08-16T08:27:26,Volkswagen,Up,1,1,1.0
2026-08-16T08:27:26,Volvo,C40,1,1,1.0
2026-08-16T08:27:26,Volvo,EX30,2,2,1.0
2026-08-16T08:27:26,Volvo,V40,1,0,0.0
2026-08-16T08:27:26,Volvo,XC40,12,2,0.1667
2026-08-16T08:27:26,Volvo,XC60,1,0,0.0
2026-08-16T08:27:26,Volvo,XC90,2,0,0.0
